<root msg="Assurance Results">
  <result msg="Concurrency (6 issues)" baseImage="tallyho.gif" flags="12" reddots="1">
    <result msg="lock java.lang.Object.MUTEX is this protects WaitQueue  on  Object  at  java.lang.Object.promises.xml" baseImage="promise.gif" flags="26" reddots="1">
      <result msg="5 lock precondition(s)" baseImage="folder.gif" flags="2">
        <result msg="requiresLock java.lang.Object.MUTEX  on  Object.notify()  at  java.lang.Object" baseImage="promise.gif" flags="2" />
        <result msg="requiresLock java.lang.Object.MUTEX  on  Object.notifyAll()  at  java.lang.Object" baseImage="promise.gif" flags="2" />
        <result msg="requiresLock java.lang.Object.MUTEX  on  Object.wait()  at  java.lang.Object" baseImage="promise.gif" flags="2" />
        <result msg="requiresLock java.lang.Object.MUTEX  on  Object.wait(long)  at  java.lang.Object" baseImage="promise.gif" flags="2" />
        <result msg="requiresLock java.lang.Object.MUTEX  on  Object.wait(long,int)  at  java.lang.Object" baseImage="promise.gif" flags="2" />
      </result>
      <result msg="region  public  WaitQueue on Object  at  java.lang.Object.promises.xml" baseImage="promise.gif" flags="0">
        <result msg="supporting information: parent region: Instance" baseImage="info.gif" flags="0" />
      </result>
    </result>
    <result msg="lock test_final_exprs.TestInstanceFieldRefs.InstanceLock is this protects InstanceRegion  on  TestInstanceFieldRefs  at  TestInstanceFieldRefs.java line 8" source="/TestFinalExpressions/test_final_exprs/TestInstanceFieldRefs.java.html" line="8" baseImage="promise.gif" flags="4">
      <result msg="8 unprotected field access(es); possible race condition detected" baseImage="folder.gif" flags="4">
        <result msg="test_final_exprs (8 issues)" baseImage="package.gif" flags="4">
          <result msg="test_final_exprs.TestInstanceFieldRefs (8 issues)" baseImage="class.gif" flags="4">
            <result msg="Lock &quot;&lt;p&gt;.test_final_exprs.TestInstanceFieldRefs.InstanceLock&quot; not held when accessing p.protectedField  at  TestInstanceFieldRefs.java line 129" source="/TestFinalExpressions/test_final_exprs/TestInstanceFieldRefs.java.html" line="129" baseImage="redx.gif" flags="0">
              <result msg="supporting information: Lock &quot;&lt;p.protectedField&gt;.java.lang.Object.MUTEX&quot; is held  at  TestInstanceFieldRefs.java line 129" source="/TestFinalExpressions/test_final_exprs/TestInstanceFieldRefs.java.html" line="129" baseImage="info.gif" flags="0" />
            </result>
            <result msg="Lock &quot;&lt;p&gt;.test_final_exprs.TestInstanceFieldRefs.InstanceLock&quot; not held when accessing p.protectedField  at  TestInstanceFieldRefs.java line 142" source="/TestFinalExpressions/test_final_exprs/TestInstanceFieldRefs.java.html" line="142" baseImage="redx.gif" flags="0">
              <result msg="supporting information: Lock &quot;&lt;p.protectedField&gt;.java.lang.Object.MUTEX&quot; is held  at  TestInstanceFieldRefs.java line 142" source="/TestFinalExpressions/test_final_exprs/TestInstanceFieldRefs.java.html" line="142" baseImage="info.gif" flags="0" />
            </result>
            <result msg="Lock &quot;&lt;p&gt;.test_final_exprs.TestInstanceFieldRefs.InstanceLock&quot; not held when accessing p.protectedField  at  TestInstanceFieldRefs.java line 229" source="/TestFinalExpressions/test_final_exprs/TestInstanceFieldRefs.java.html" line="229" baseImage="redx.gif" flags="0" />
            <result msg="Lock &quot;&lt;p&gt;.test_final_exprs.TestInstanceFieldRefs.InstanceLock&quot; not held when accessing p.protectedField  at  TestInstanceFieldRefs.java line 242" source="/TestFinalExpressions/test_final_exprs/TestInstanceFieldRefs.java.html" line="242" baseImage="redx.gif" flags="0" />
            <result msg="Lock &quot;&lt;this;&gt;.test_final_exprs.TestInstanceFieldRefs.InstanceLock&quot; not held when accessing this.protectedField  at  TestInstanceFieldRefs.java line 107" source="/TestFinalExpressions/test_final_exprs/TestInstanceFieldRefs.java.html" line="107" baseImage="redx.gif" flags="0">
              <result msg="supporting information: Lock &quot;&lt;this.protectedField&gt;.java.lang.Object.MUTEX&quot; is held  at  TestInstanceFieldRefs.java line 107" source="/TestFinalExpressions/test_final_exprs/TestInstanceFieldRefs.java.html" line="107" baseImage="info.gif" flags="0" />
            </result>
            <result msg="Lock &quot;&lt;this;&gt;.test_final_exprs.TestInstanceFieldRefs.InstanceLock&quot; not held when accessing this.protectedField  at  TestInstanceFieldRefs.java line 118" source="/TestFinalExpressions/test_final_exprs/TestInstanceFieldRefs.java.html" line="118" baseImage="redx.gif" flags="0">
              <result msg="supporting information: Lock &quot;&lt;this.protectedField&gt;.java.lang.Object.MUTEX&quot; is held  at  TestInstanceFieldRefs.java line 118" source="/TestFinalExpressions/test_final_exprs/TestInstanceFieldRefs.java.html" line="118" baseImage="info.gif" flags="0" />
            </result>
            <result msg="Lock &quot;&lt;this;&gt;.test_final_exprs.TestInstanceFieldRefs.InstanceLock&quot; not held when accessing this.protectedField  at  TestInstanceFieldRefs.java line 207" source="/TestFinalExpressions/test_final_exprs/TestInstanceFieldRefs.java.html" line="207" baseImage="redx.gif" flags="0" />
            <result msg="Lock &quot;&lt;this;&gt;.test_final_exprs.TestInstanceFieldRefs.InstanceLock&quot; not held when accessing this.protectedField  at  TestInstanceFieldRefs.java line 218" source="/TestFinalExpressions/test_final_exprs/TestInstanceFieldRefs.java.html" line="218" baseImage="redx.gif" flags="0" />
          </result>
        </result>
      </result>
      <result msg="9 protected field access(es)" baseImage="folder.gif" flags="2">
        <result msg="test_final_exprs (9 issues)" baseImage="package.gif" flags="2">
          <result msg="test_final_exprs.TestInstanceFieldRefs (9 issues)" baseImage="class.gif" flags="2">
            <result msg="Lock &quot;&lt;  @borrowed  this;&gt;.test_final_exprs.TestInstanceFieldRefs.InstanceLock&quot; held when accessing   @mapInto InstanceRegion  protectedField = new Object  at  TestInstanceFieldRefs.java line 15" source="/TestFinalExpressions/test_final_exprs/TestInstanceFieldRefs.java.html" line="15" baseImage="plus.gif" flags="2">
              <result msg="1 precondition:" baseImage="choice_item.gif" flags="2">
                <result msg="singleThreaded  on  TestInstanceFieldRefs.TestInstanceFieldRefs()  at  TestInstanceFieldRefs.java line 19" source="/TestFinalExpressions/test_final_exprs/TestInstanceFieldRefs.java.html" line="19" baseImage="promise.gif" flags="2">
                  <result msg="singleThreaded constructor supported  at  TestInstanceFieldRefs.java line 19" source="/TestFinalExpressions/test_final_exprs/TestInstanceFieldRefs.java.html" line="19" baseImage="plus.gif" flags="2">
                    <result msg="1 precondition choice(s):" baseImage="choice.gif" flags="2">
                      <result msg="by borrowed receiver:" baseImage="choice_item.gif" flags="2">
                        <result msg="borrowed this on TestInstanceFieldRefs.TestInstanceFieldRefs()" baseImage="promise.gif" flags="2">
                          <result msg="Borrowed parameters of call &quot;super&quot;  at  TestInstanceFieldRefs.java" source="/TestFinalExpressions/test_final_exprs/TestInstanceFieldRefs.java.html" line="0" baseImage="plus.gif" flags="2">
                            <result msg="1 precondition:" baseImage="choice_item.gif" flags="2">
                              <result msg="borrowed this on Object.Object()" baseImage="promise.gif" flags="2" />
                            </result>
                          </result>
                          <result msg="Conservative dependency  at  TestInstanceFieldRefs.java line 19" source="/TestFinalExpressions/test_final_exprs/TestInstanceFieldRefs.java.html" line="19" baseImage="plus.gif" flags="2">
                            <result msg="1 precondition:" baseImage="choice_item.gif" flags="2">
                              <result msg="Other control flow for TestInstanceFieldRefs.TestInstanceFieldRefs()  at  TestInstanceFieldRefs.java line 19" source="/TestFinalExpressions/test_final_exprs/TestInstanceFieldRefs.java.html" line="19" baseImage="promise.gif" flags="2">
                                <result msg="Method body respects uniqueness constraints  at  TestInstanceFieldRefs.java line 23" source="/TestFinalExpressions/test_final_exprs/TestInstanceFieldRefs.java.html" line="23" baseImage="plus.gif" flags="0" />
                              </result>
                            </result>
                          </result>
                        </result>
                      </result>
                    </result>
                  </result>
                </result>
              </result>
              <result msg="supporting information:" baseImage="folder.gif" flags="0">
                <result msg="Analyzed on behalf of constructor &quot;TestInstanceFieldRefs.TestInstanceFieldRefs()&quot;  at  TestInstanceFieldRefs.java line 19" source="/TestFinalExpressions/test_final_exprs/TestInstanceFieldRefs.java.html" line="19" baseImage="info.gif" flags="0" />
                <result msg="Lock &quot;&lt;  @borrowed  this;&gt;.test_final_exprs.TestInstanceFieldRefs.InstanceLock&quot; is held  at  TestInstanceFieldRefs.java line 19" source="/TestFinalExpressions/test_final_exprs/TestInstanceFieldRefs.java.html" line="19" baseImage="info.gif" flags="0" />
              </result>
            </result>
            <result msg="Lock &quot;&lt;p&gt;.test_final_exprs.TestInstanceFieldRefs.InstanceLock&quot; held when accessing p.protectedField  at  TestInstanceFieldRefs.java line 178" source="/TestFinalExpressions/test_final_exprs/TestInstanceFieldRefs.java.html" line="178" baseImage="plus.gif" flags="0">
              <result msg="supporting information:" baseImage="folder.gif" flags="0">
                <result msg="Lock &quot;&lt;p.protectedField&gt;.java.lang.Object.MUTEX&quot; is held  at  TestInstanceFieldRefs.java line 178" source="/TestFinalExpressions/test_final_exprs/TestInstanceFieldRefs.java.html" line="178" baseImage="info.gif" flags="0" />
                <result msg="Lock &quot;&lt;p&gt;.java.lang.Object.MUTEX&quot; is held  at  TestInstanceFieldRefs.java line 173" source="/TestFinalExpressions/test_final_exprs/TestInstanceFieldRefs.java.html" line="173" baseImage="info.gif" flags="0" />
                <result msg="Lock &quot;&lt;p&gt;.test_final_exprs.TestInstanceFieldRefs.InstanceLock&quot; is held  at  TestInstanceFieldRefs.java line 173" source="/TestFinalExpressions/test_final_exprs/TestInstanceFieldRefs.java.html" line="173" baseImage="info.gif" flags="0" />
              </result>
            </result>
            <result msg="Lock &quot;&lt;p&gt;.test_final_exprs.TestInstanceFieldRefs.InstanceLock&quot; held when accessing p.protectedField  at  TestInstanceFieldRefs.java line 193" source="/TestFinalExpressions/test_final_exprs/TestInstanceFieldRefs.java.html" line="193" baseImage="plus.gif" flags="0">
              <result msg="supporting information:" baseImage="folder.gif" flags="0">
                <result msg="Lock &quot;&lt;p.protectedField&gt;.java.lang.Object.MUTEX&quot; is held  at  TestInstanceFieldRefs.java line 193" source="/TestFinalExpressions/test_final_exprs/TestInstanceFieldRefs.java.html" line="193" baseImage="info.gif" flags="0" />
                <result msg="Lock &quot;&lt;p&gt;.java.lang.Object.MUTEX&quot; is held  at  TestInstanceFieldRefs.java line 186" source="/TestFinalExpressions/test_final_exprs/TestInstanceFieldRefs.java.html" line="186" baseImage="info.gif" flags="0" />
                <result msg="Lock &quot;&lt;p&gt;.test_final_exprs.TestInstanceFieldRefs.InstanceLock&quot; is held  at  TestInstanceFieldRefs.java line 186" source="/TestFinalExpressions/test_final_exprs/TestInstanceFieldRefs.java.html" line="186" baseImage="info.gif" flags="0" />
              </result>
            </result>
            <result msg="Lock &quot;&lt;p&gt;.test_final_exprs.TestInstanceFieldRefs.InstanceLock&quot; held when accessing p.protectedField  at  TestInstanceFieldRefs.java line 278" source="/TestFinalExpressions/test_final_exprs/TestInstanceFieldRefs.java.html" line="278" baseImage="plus.gif" flags="0">
              <result msg="supporting information:" baseImage="folder.gif" flags="0">
                <result msg="Lock &quot;&lt;p&gt;.java.lang.Object.MUTEX&quot; is held  at  TestInstanceFieldRefs.java line 273" source="/TestFinalExpressions/test_final_exprs/TestInstanceFieldRefs.java.html" line="273" baseImage="info.gif" flags="0" />
                <result msg="Lock &quot;&lt;p&gt;.test_final_exprs.TestInstanceFieldRefs.InstanceLock&quot; is held  at  TestInstanceFieldRefs.java line 273" source="/TestFinalExpressions/test_final_exprs/TestInstanceFieldRefs.java.html" line="273" baseImage="info.gif" flags="0" />
              </result>
            </result>
            <result msg="Lock &quot;&lt;p&gt;.test_final_exprs.TestInstanceFieldRefs.InstanceLock&quot; held when accessing p.protectedField  at  TestInstanceFieldRefs.java line 293" source="/TestFinalExpressions/test_final_exprs/TestInstanceFieldRefs.java.html" line="293" baseImage="plus.gif" flags="0">
              <result msg="supporting information:" baseImage="folder.gif" flags="0">
                <result msg="Lock &quot;&lt;p&gt;.java.lang.Object.MUTEX&quot; is held  at  TestInstanceFieldRefs.java line 286" source="/TestFinalExpressions/test_final_exprs/TestInstanceFieldRefs.java.html" line="286" baseImage="info.gif" flags="0" />
                <result msg="Lock &quot;&lt;p&gt;.test_final_exprs.TestInstanceFieldRefs.InstanceLock&quot; is held  at  TestInstanceFieldRefs.java line 286" source="/TestFinalExpressions/test_final_exprs/TestInstanceFieldRefs.java.html" line="286" baseImage="info.gif" flags="0" />
              </result>
            </result>
            <result msg="Lock &quot;&lt;this;&gt;.test_final_exprs.TestInstanceFieldRefs.InstanceLock&quot; held when accessing this.protectedField  at  TestInstanceFieldRefs.java line 155" source="/TestFinalExpressions/test_final_exprs/TestInstanceFieldRefs.java.html" line="155" baseImage="plus.gif" flags="0">
              <result msg="supporting information:" baseImage="folder.gif" flags="0">
                <result msg="Lock &quot;&lt;this.protectedField&gt;.java.lang.Object.MUTEX&quot; is held  at  TestInstanceFieldRefs.java line 155" source="/TestFinalExpressions/test_final_exprs/TestInstanceFieldRefs.java.html" line="155" baseImage="info.gif" flags="0" />
                <result msg="Lock &quot;&lt;this;&gt;.java.lang.Object.MUTEX&quot; is held  at  TestInstanceFieldRefs.java line 150" source="/TestFinalExpressions/test_final_exprs/TestInstanceFieldRefs.java.html" line="150" baseImage="info.gif" flags="0" />
                <result msg="Lock &quot;&lt;this;&gt;.test_final_exprs.TestInstanceFieldRefs.InstanceLock&quot; is held  at  TestInstanceFieldRefs.java line 150" source="/TestFinalExpressions/test_final_exprs/TestInstanceFieldRefs.java.html" line="150" baseImage="info.gif" flags="0" />
              </result>
            </result>
            <result msg="Lock &quot;&lt;this;&gt;.test_final_exprs.TestInstanceFieldRefs.InstanceLock&quot; held when accessing this.protectedField  at  TestInstanceFieldRefs.java line 166" source="/TestFinalExpressions/test_final_exprs/TestInstanceFieldRefs.java.html" line="166" baseImage="plus.gif" flags="0">
              <result msg="supporting information:" baseImage="folder.gif" flags="0">
                <result msg="Lock &quot;&lt;this.protectedField&gt;.java.lang.Object.MUTEX&quot; is held  at  TestInstanceFieldRefs.java line 166" source="/TestFinalExpressions/test_final_exprs/TestInstanceFieldRefs.java.html" line="166" baseImage="info.gif" flags="0" />
                <result msg="Lock &quot;&lt;this;&gt;.java.lang.Object.MUTEX&quot; is held  at  TestInstanceFieldRefs.java line 161" source="/TestFinalExpressions/test_final_exprs/TestInstanceFieldRefs.java.html" line="161" baseImage="info.gif" flags="0" />
                <result msg="Lock &quot;&lt;this;&gt;.test_final_exprs.TestInstanceFieldRefs.InstanceLock&quot; is held  at  TestInstanceFieldRefs.java line 161" source="/TestFinalExpressions/test_final_exprs/TestInstanceFieldRefs.java.html" line="161" baseImage="info.gif" flags="0" />
              </result>
            </result>
            <result msg="Lock &quot;&lt;this;&gt;.test_final_exprs.TestInstanceFieldRefs.InstanceLock&quot; held when accessing this.protectedField  at  TestInstanceFieldRefs.java line 255" source="/TestFinalExpressions/test_final_exprs/TestInstanceFieldRefs.java.html" line="255" baseImage="plus.gif" flags="0">
              <result msg="supporting information:" baseImage="folder.gif" flags="0">
                <result msg="Lock &quot;&lt;this;&gt;.java.lang.Object.MUTEX&quot; is held  at  TestInstanceFieldRefs.java line 250" source="/TestFinalExpressions/test_final_exprs/TestInstanceFieldRefs.java.html" line="250" baseImage="info.gif" flags="0" />
                <result msg="Lock &quot;&lt;this;&gt;.test_final_exprs.TestInstanceFieldRefs.InstanceLock&quot; is held  at  TestInstanceFieldRefs.java line 250" source="/TestFinalExpressions/test_final_exprs/TestInstanceFieldRefs.java.html" line="250" baseImage="info.gif" flags="0" />
              </result>
            </result>
            <result msg="Lock &quot;&lt;this;&gt;.test_final_exprs.TestInstanceFieldRefs.InstanceLock&quot; held when accessing this.protectedField  at  TestInstanceFieldRefs.java line 266" source="/TestFinalExpressions/test_final_exprs/TestInstanceFieldRefs.java.html" line="266" baseImage="plus.gif" flags="0">
              <result msg="supporting information:" baseImage="folder.gif" flags="0">
                <result msg="Lock &quot;&lt;this;&gt;.java.lang.Object.MUTEX&quot; is held  at  TestInstanceFieldRefs.java line 261" source="/TestFinalExpressions/test_final_exprs/TestInstanceFieldRefs.java.html" line="261" baseImage="info.gif" flags="0" />
                <result msg="Lock &quot;&lt;this;&gt;.test_final_exprs.TestInstanceFieldRefs.InstanceLock&quot; is held  at  TestInstanceFieldRefs.java line 261" source="/TestFinalExpressions/test_final_exprs/TestInstanceFieldRefs.java.html" line="261" baseImage="info.gif" flags="0" />
              </result>
            </result>
          </result>
        </result>
      </result>
      <result msg="region   InstanceRegion on TestInstanceFieldRefs  at  TestInstanceFieldRefs.java line 7" source="/TestFinalExpressions/test_final_exprs/TestInstanceFieldRefs.java.html" line="7" baseImage="promise.gif" flags="0">
        <result msg="supporting information: parent region: Instance" baseImage="info.gif" flags="0" />
        <result msg="mapInto InstanceRegion on protectedField" baseImage="promise.gif" flags="0" />
      </result>
    </result>
    <result msg="lock test_final_exprs.TestStaticFieldRefs.StaticLock is this . class protects StaticRegion  on  TestStaticFieldRefs  at  TestStaticFieldRefs.java line 8" source="/TestFinalExpressions/test_final_exprs/TestStaticFieldRefs.java.html" line="8" baseImage="promise.gif" flags="4">
      <result msg="3 protected field access(es)" baseImage="folder.gif" flags="2">
        <result msg="test_final_exprs (3 issues)" baseImage="package.gif" flags="2">
          <result msg="test_final_exprs.TestStaticFieldRefs (3 issues)" baseImage="class.gif" flags="2">
            <result msg="Lock &quot;test_final_exprs.TestStaticFieldRefs.StaticLock&quot; held when accessing test_final_exprs.TestStaticFieldRefs.staticProtectedField  at  TestStaticFieldRefs.java line 43" source="/TestFinalExpressions/test_final_exprs/TestStaticFieldRefs.java.html" line="43" baseImage="plus.gif" flags="0">
              <result msg="supporting information:" baseImage="folder.gif" flags="0">
                <result msg="Lock &quot;&lt;TestStaticFieldRefs . class&gt;.java.lang.Object.MUTEX&quot; is held  at  TestStaticFieldRefs.java line 40" source="/TestFinalExpressions/test_final_exprs/TestStaticFieldRefs.java.html" line="40" baseImage="info.gif" flags="0" />
                <result msg="Lock &quot;&lt;test_final_exprs.TestStaticFieldRefs.staticProtectedField&gt;.java.lang.Object.MUTEX&quot; is held  at  TestStaticFieldRefs.java line 43" source="/TestFinalExpressions/test_final_exprs/TestStaticFieldRefs.java.html" line="43" baseImage="info.gif" flags="0" />
                <result msg="Lock &quot;test_final_exprs.TestStaticFieldRefs.StaticLock&quot; is held  at  TestStaticFieldRefs.java line 40" source="/TestFinalExpressions/test_final_exprs/TestStaticFieldRefs.java.html" line="40" baseImage="info.gif" flags="0" />
              </result>
            </result>
            <result msg="Lock &quot;test_final_exprs.TestStaticFieldRefs.StaticLock&quot; held when accessing test_final_exprs.TestStaticFieldRefs.staticProtectedField  at  TestStaticFieldRefs.java line 62" source="/TestFinalExpressions/test_final_exprs/TestStaticFieldRefs.java.html" line="62" baseImage="plus.gif" flags="0">
              <result msg="supporting information:" baseImage="folder.gif" flags="0">
                <result msg="Lock &quot;&lt;TestStaticFieldRefs . class&gt;.java.lang.Object.MUTEX&quot; is held  at  TestStaticFieldRefs.java line 59" source="/TestFinalExpressions/test_final_exprs/TestStaticFieldRefs.java.html" line="59" baseImage="info.gif" flags="0" />
                <result msg="Lock &quot;test_final_exprs.TestStaticFieldRefs.StaticLock&quot; is held  at  TestStaticFieldRefs.java line 59" source="/TestFinalExpressions/test_final_exprs/TestStaticFieldRefs.java.html" line="59" baseImage="info.gif" flags="0" />
              </result>
            </result>
            <result msg="Lock &quot;test_final_exprs.TestStaticFieldRefs.StaticLock&quot; held when accessing test_final_exprs.TestStaticFieldRefs.staticProtectedField  at  TestStaticFieldRefs.java line 64" source="/TestFinalExpressions/test_final_exprs/TestStaticFieldRefs.java.html" line="64" baseImage="plus.gif" flags="0">
              <result msg="supporting information:" baseImage="folder.gif" flags="0">
                <result msg="Lock &quot;&lt;TestStaticFieldRefs . class&gt;.java.lang.Object.MUTEX&quot; is held  at  TestStaticFieldRefs.java line 59" source="/TestFinalExpressions/test_final_exprs/TestStaticFieldRefs.java.html" line="59" baseImage="info.gif" flags="0" />
                <result msg="Lock &quot;test_final_exprs.TestStaticFieldRefs.StaticLock&quot; is held  at  TestStaticFieldRefs.java line 59" source="/TestFinalExpressions/test_final_exprs/TestStaticFieldRefs.java.html" line="59" baseImage="info.gif" flags="0" />
              </result>
            </result>
          </result>
        </result>
      </result>
      <result msg="3 unprotected field access(es); possible race condition detected" baseImage="folder.gif" flags="4">
        <result msg="test_final_exprs (3 issues)" baseImage="package.gif" flags="4">
          <result msg="test_final_exprs.TestStaticFieldRefs (3 issues)" baseImage="class.gif" flags="4">
            <result msg="Lock &quot;test_final_exprs.TestStaticFieldRefs.StaticLock&quot; not held when accessing test_final_exprs.TestStaticFieldRefs.staticProtectedField  at  TestStaticFieldRefs.java line 34" source="/TestFinalExpressions/test_final_exprs/TestStaticFieldRefs.java.html" line="34" baseImage="redx.gif" flags="0">
              <result msg="supporting information: Lock &quot;&lt;test_final_exprs.TestStaticFieldRefs.staticProtectedField&gt;.java.lang.Object.MUTEX&quot; is held  at  TestStaticFieldRefs.java line 34" source="/TestFinalExpressions/test_final_exprs/TestStaticFieldRefs.java.html" line="34" baseImage="info.gif" flags="0" />
            </result>
            <result msg="Lock &quot;test_final_exprs.TestStaticFieldRefs.StaticLock&quot; not held when accessing test_final_exprs.TestStaticFieldRefs.staticProtectedField  at  TestStaticFieldRefs.java line 52" source="/TestFinalExpressions/test_final_exprs/TestStaticFieldRefs.java.html" line="52" baseImage="redx.gif" flags="0" />
            <result msg="Lock &quot;test_final_exprs.TestStaticFieldRefs.StaticLock&quot; not held when accessing test_final_exprs.TestStaticFieldRefs.staticProtectedField  at  TestStaticFieldRefs.java line 54" source="/TestFinalExpressions/test_final_exprs/TestStaticFieldRefs.java.html" line="54" baseImage="redx.gif" flags="0" />
          </result>
        </result>
      </result>
      <result msg="region   StaticRegion on TestStaticFieldRefs  at  TestStaticFieldRefs.java line 7" source="/TestFinalExpressions/test_final_exprs/TestStaticFieldRefs.java.html" line="7" baseImage="promise.gif" flags="0">
        <result msg="supporting information: parent region: All" baseImage="info.gif" flags="0" />
        <result msg="mapInto StaticRegion on staticProtectedField" baseImage="promise.gif" flags="0" />
      </result>
    </result>
    <result msg="policy lock test_final_exprs.TestMethodCall.LL is this  on TestMethodCall  at  TestMethodCall.java line 9" source="/TestFinalExpressions/test_final_exprs/TestMethodCall.java.html" line="9" baseImage="promise.gif" flags="2">
      <result msg="returnsLock &lt;this&gt;.test_final_exprs.TestMethodCall.LL  on  TestMethodCall.instanceMethod_returnsLock()" baseImage="promise.gif" flags="2">
        <result msg="1 return statement(s) returning the correct lock" baseImage="folder.gif" flags="2">
          <result msg="test_final_exprs (1 issue)" baseImage="package.gif" flags="2">
            <result msg="test_final_exprs.TestMethodCall (1 issue)" baseImage="class.gif" flags="2">
              <result msg="Return statement correctly returns lock &quot;&lt;this;&gt;.test_final_exprs.TestMethodCall.LL&quot;  at  TestMethodCall.java line 35" source="/TestFinalExpressions/test_final_exprs/TestMethodCall.java.html" line="35" baseImage="plus.gif" flags="0" />
            </result>
          </result>
        </result>
      </result>
    </result>
    <result msg="policy lock test_final_exprs.TestMethodCall.PL is this . class  on TestMethodCall  at  TestMethodCall.java line 8" source="/TestFinalExpressions/test_final_exprs/TestMethodCall.java.html" line="8" baseImage="promise.gif" flags="2">
      <result msg="returnsLock test_final_exprs.TestMethodCall.PL  on  TestMethodCall.staticMethod_returnsLock()" baseImage="promise.gif" flags="2">
        <result msg="1 return statement(s) returning the correct lock" baseImage="folder.gif" flags="2">
          <result msg="test_final_exprs (1 issue)" baseImage="package.gif" flags="2">
            <result msg="test_final_exprs.TestMethodCall (1 issue)" baseImage="class.gif" flags="2">
              <result msg="Return statement correctly returns lock &quot;test_final_exprs.TestMethodCall.PL&quot;  at  TestMethodCall.java line 20" source="/TestFinalExpressions/test_final_exprs/TestMethodCall.java.html" line="20" baseImage="plus.gif" flags="0" />
            </result>
          </result>
        </result>
      </result>
    </result>
    <result msg="singleThreaded  on  TestInstanceFieldRefs.TestInstanceFieldRefs()  at  TestInstanceFieldRefs.java line 19" source="/TestFinalExpressions/test_final_exprs/TestInstanceFieldRefs.java.html" line="19" baseImage="promise.gif" flags="2">
      <result msg="singleThreaded constructor supported  at  TestInstanceFieldRefs.java line 19" source="/TestFinalExpressions/test_final_exprs/TestInstanceFieldRefs.java.html" line="19" baseImage="plus.gif" flags="2">
        <result msg="1 precondition choice(s):" baseImage="choice.gif" flags="2">
          <result msg="by borrowed receiver:" baseImage="choice_item.gif" flags="2">
            <result msg="borrowed this on TestInstanceFieldRefs.TestInstanceFieldRefs()" baseImage="promise.gif" flags="2">
              <result msg="Borrowed parameters of call &quot;super&quot;  at  TestInstanceFieldRefs.java" source="/TestFinalExpressions/test_final_exprs/TestInstanceFieldRefs.java.html" line="0" baseImage="plus.gif" flags="2">
                <result msg="1 precondition:" baseImage="choice_item.gif" flags="2">
                  <result msg="borrowed this on Object.Object()" baseImage="promise.gif" flags="2" />
                </result>
              </result>
              <result msg="Conservative dependency  at  TestInstanceFieldRefs.java line 19" source="/TestFinalExpressions/test_final_exprs/TestInstanceFieldRefs.java.html" line="19" baseImage="plus.gif" flags="2">
                <result msg="1 precondition:" baseImage="choice_item.gif" flags="2">
                  <result msg="Other control flow for TestInstanceFieldRefs.TestInstanceFieldRefs()  at  TestInstanceFieldRefs.java line 19" source="/TestFinalExpressions/test_final_exprs/TestInstanceFieldRefs.java.html" line="19" baseImage="promise.gif" flags="2">
                    <result msg="Method body respects uniqueness constraints  at  TestInstanceFieldRefs.java line 23" source="/TestFinalExpressions/test_final_exprs/TestInstanceFieldRefs.java.html" line="23" baseImage="plus.gif" flags="0" />
                  </result>
                </result>
              </result>
            </result>
          </result>
        </result>
      </result>
    </result>
  </result>
  <result msg="Effects (3 issues)" baseImage="tallyho.gif" flags="2">
    <result msg="reads &lt;this;&gt;.&lt;Object.Instance&gt; writes nothing  on  TestInstanceFieldRefs.readInstance()  at  TestInstanceFieldRefs.java line 302" source="/TestFinalExpressions/test_final_exprs/TestInstanceFieldRefs.java.html" line="302" baseImage="promise.gif" flags="2">
      <result msg="Empty effects trivially satisfy declared effects  at  TestInstanceFieldRefs.java line 302" source="/TestFinalExpressions/test_final_exprs/TestInstanceFieldRefs.java.html" line="302" baseImage="plus.gif" flags="0" />
    </result>
    <result msg="reads &lt;this;&gt;.&lt;TestStaticFieldRefs.staticProtectedField&gt; writes nothing  on  TestStaticFieldRefs.readField_staticProtectedField()  at  TestStaticFieldRefs.java line 71" source="/TestFinalExpressions/test_final_exprs/TestStaticFieldRefs.java.html" line="71" baseImage="promise.gif" flags="2">
      <result msg="Empty effects trivially satisfy declared effects  at  TestStaticFieldRefs.java line 71" source="/TestFinalExpressions/test_final_exprs/TestStaticFieldRefs.java.html" line="71" baseImage="plus.gif" flags="0" />
    </result>
    <result msg="reads nothing  writes &lt;this;&gt;.&lt;Object.Instance&gt;  on  TestInstanceFieldRefs.writeInstance()  at  TestInstanceFieldRefs.java line 309" source="/TestFinalExpressions/test_final_exprs/TestInstanceFieldRefs.java.html" line="309" baseImage="promise.gif" flags="2">
      <result msg="Empty effects trivially satisfy declared effects  at  TestInstanceFieldRefs.java line 309" source="/TestFinalExpressions/test_final_exprs/TestInstanceFieldRefs.java.html" line="309" baseImage="plus.gif" flags="0" />
    </result>
  </result>
  <result msg="Uniqueness (2 issues)" baseImage="tallyho.gif" flags="2">
    <result msg="Other control flow for TestInstanceFieldRefs.TestInstanceFieldRefs()  at  TestInstanceFieldRefs.java line 19" source="/TestFinalExpressions/test_final_exprs/TestInstanceFieldRefs.java.html" line="19" baseImage="promise.gif" flags="2">
      <result msg="Method body respects uniqueness constraints  at  TestInstanceFieldRefs.java line 23" source="/TestFinalExpressions/test_final_exprs/TestInstanceFieldRefs.java.html" line="23" baseImage="plus.gif" flags="0" />
    </result>
    <result msg="borrowed this on TestInstanceFieldRefs.TestInstanceFieldRefs()" baseImage="promise.gif" flags="2">
      <result msg="Borrowed parameters of call &quot;super&quot;  at  TestInstanceFieldRefs.java" source="/TestFinalExpressions/test_final_exprs/TestInstanceFieldRefs.java.html" line="0" baseImage="plus.gif" flags="2">
        <result msg="1 precondition:" baseImage="choice_item.gif" flags="2">
          <result msg="borrowed this on Object.Object()" baseImage="promise.gif" flags="2" />
        </result>
      </result>
      <result msg="Conservative dependency  at  TestInstanceFieldRefs.java line 19" source="/TestFinalExpressions/test_final_exprs/TestInstanceFieldRefs.java.html" line="19" baseImage="plus.gif" flags="2">
        <result msg="1 precondition:" baseImage="choice_item.gif" flags="2">
          <result msg="Other control flow for TestInstanceFieldRefs.TestInstanceFieldRefs()  at  TestInstanceFieldRefs.java line 19" source="/TestFinalExpressions/test_final_exprs/TestInstanceFieldRefs.java.html" line="19" baseImage="promise.gif" flags="2">
            <result msg="Method body respects uniqueness constraints  at  TestInstanceFieldRefs.java line 23" source="/TestFinalExpressions/test_final_exprs/TestInstanceFieldRefs.java.html" line="23" baseImage="plus.gif" flags="0" />
          </result>
        </result>
      </result>
    </result>
  </result>
  <result msg="Unreferenced Regions (1 issue)" baseImage="tallyho.gif" flags="2">
    <result msg="region   [] on &lt;array superclass&gt;" baseImage="promise.gif" flags="0" />
  </result>
  <result msg="Suggestions and warnings (54 issues)" baseImage="warning.gif" flags="128">
    <result msg="2 synchronized block(s) not protecting any state; what state is being protected?" baseImage="warning.gif" flags="128">
      <result msg="test_final_exprs (2 issues)" baseImage="package.gif" flags="128">
        <result msg="test_final_exprs.TestMethodCall (2 issues)" baseImage="class.gif" flags="128">
          <result msg="Locks [&lt;t&gt;.test_final_exprs.TestMethodCall.LL] not needed by body of synchronized block  at  TestMethodCall.java line 100" source="/TestFinalExpressions/test_final_exprs/TestMethodCall.java.html" line="100" baseImage="warning.gif" flags="128" />
          <result msg="Locks [test_final_exprs.TestMethodCall.PL] not needed by body of synchronized block  at  TestMethodCall.java line 54" source="/TestFinalExpressions/test_final_exprs/TestMethodCall.java.html" line="54" baseImage="warning.gif" flags="128" />
        </result>
      </result>
    </result>
    <result msg="24 non-final lock expression(s); analysis cannot determine which lock is being acquired" baseImage="warning.gif" flags="128">
      <result msg="test_final_exprs (24 issues)" baseImage="package.gif" flags="128">
        <result msg="test_final_exprs.TestArrayRefs (3 issues)" baseImage="class.gif" flags="128">
          <result msg="Lock expression &quot;array [ idx ]&quot; is not final  at  TestArrayRefs.java line 106" source="/TestFinalExpressions/test_final_exprs/TestArrayRefs.java.html" line="106" baseImage="warning.gif" flags="128" />
          <result msg="Lock expression &quot;array [ idx ]&quot; is not final  at  TestArrayRefs.java line 76" source="/TestFinalExpressions/test_final_exprs/TestArrayRefs.java.html" line="76" baseImage="warning.gif" flags="128" />
          <result msg="Lock expression &quot;array [ idx ]&quot; is not final  at  TestArrayRefs.java line 91" source="/TestFinalExpressions/test_final_exprs/TestArrayRefs.java.html" line="91" baseImage="warning.gif" flags="128" />
        </result>
        <result msg="test_final_exprs.TestInstanceFieldRefs (12 issues)" baseImage="class.gif" flags="128">
          <result msg="Lock expression &quot;p.protectedField&quot; is not final  at  TestInstanceFieldRefs.java line 229" source="/TestFinalExpressions/test_final_exprs/TestInstanceFieldRefs.java.html" line="229" baseImage="warning.gif" flags="128" />
          <result msg="Lock expression &quot;p.protectedField&quot; is not final  at  TestInstanceFieldRefs.java line 242" source="/TestFinalExpressions/test_final_exprs/TestInstanceFieldRefs.java.html" line="242" baseImage="warning.gif" flags="128" />
          <result msg="Lock expression &quot;p.protectedField&quot; is not final  at  TestInstanceFieldRefs.java line 278" source="/TestFinalExpressions/test_final_exprs/TestInstanceFieldRefs.java.html" line="278" baseImage="warning.gif" flags="128" />
          <result msg="Lock expression &quot;p.protectedField&quot; is not final  at  TestInstanceFieldRefs.java line 293" source="/TestFinalExpressions/test_final_exprs/TestInstanceFieldRefs.java.html" line="293" baseImage="warning.gif" flags="128" />
          <result msg="Lock expression &quot;p.unprotectedField&quot; is not final  at  TestInstanceFieldRefs.java line 84" source="/TestFinalExpressions/test_final_exprs/TestInstanceFieldRefs.java.html" line="84" baseImage="warning.gif" flags="128" />
          <result msg="Lock expression &quot;p.unprotectedField&quot; is not final  at  TestInstanceFieldRefs.java line 95" source="/TestFinalExpressions/test_final_exprs/TestInstanceFieldRefs.java.html" line="95" baseImage="warning.gif" flags="128" />
          <result msg="Lock expression &quot;this.protectedField&quot; is not final  at  TestInstanceFieldRefs.java line 207" source="/TestFinalExpressions/test_final_exprs/TestInstanceFieldRefs.java.html" line="207" baseImage="warning.gif" flags="128" />
          <result msg="Lock expression &quot;this.protectedField&quot; is not final  at  TestInstanceFieldRefs.java line 218" source="/TestFinalExpressions/test_final_exprs/TestInstanceFieldRefs.java.html" line="218" baseImage="warning.gif" flags="128" />
          <result msg="Lock expression &quot;this.protectedField&quot; is not final  at  TestInstanceFieldRefs.java line 255" source="/TestFinalExpressions/test_final_exprs/TestInstanceFieldRefs.java.html" line="255" baseImage="warning.gif" flags="128" />
          <result msg="Lock expression &quot;this.protectedField&quot; is not final  at  TestInstanceFieldRefs.java line 266" source="/TestFinalExpressions/test_final_exprs/TestInstanceFieldRefs.java.html" line="266" baseImage="warning.gif" flags="128" />
          <result msg="Lock expression &quot;this.unprotectedField&quot; is not final  at  TestInstanceFieldRefs.java line 66" source="/TestFinalExpressions/test_final_exprs/TestInstanceFieldRefs.java.html" line="66" baseImage="warning.gif" flags="128" />
          <result msg="Lock expression &quot;this.unprotectedField&quot; is not final  at  TestInstanceFieldRefs.java line 75" source="/TestFinalExpressions/test_final_exprs/TestInstanceFieldRefs.java.html" line="75" baseImage="warning.gif" flags="128" />
        </result>
        <result msg="test_final_exprs.TestLocalVars (2 issues)" baseImage="class.gif" flags="128">
          <result msg="Lock expression &quot;o&quot; is not final  at  TestLocalVars.java line 59" source="/TestFinalExpressions/test_final_exprs/TestLocalVars.java.html" line="59" baseImage="warning.gif" flags="128" />
          <result msg="Lock expression &quot;p&quot; is not final  at  TestLocalVars.java line 49" source="/TestFinalExpressions/test_final_exprs/TestLocalVars.java.html" line="49" baseImage="warning.gif" flags="128" />
        </result>
        <result msg="test_final_exprs.TestMethodCall (4 issues)" baseImage="class.gif" flags="128">
          <result msg="Lock expression &quot;t.instanceMethod_noReturnsLock&quot; is not final  at  TestMethodCall.java line 66" source="/TestFinalExpressions/test_final_exprs/TestMethodCall.java.html" line="66" baseImage="warning.gif" flags="128" />
          <result msg="Lock expression &quot;t.instanceMethod_noReturnsLock&quot; is not final  at  TestMethodCall.java line 90" source="/TestFinalExpressions/test_final_exprs/TestMethodCall.java.html" line="90" baseImage="warning.gif" flags="128" />
          <result msg="Lock expression &quot;t.instanceMethod_returnsLock&quot; is not final  at  TestMethodCall.java line 77" source="/TestFinalExpressions/test_final_exprs/TestMethodCall.java.html" line="77" baseImage="warning.gif" flags="128" />
          <result msg="Lock expression &quot;this.staticMethod_noReturnsLock&quot; is not final  at  TestMethodCall.java line 47" source="/TestFinalExpressions/test_final_exprs/TestMethodCall.java.html" line="47" baseImage="warning.gif" flags="128" />
        </result>
        <result msg="test_final_exprs.TestStaticFieldRefs (3 issues)" baseImage="class.gif" flags="128">
          <result msg="Lock expression &quot;test_final_exprs.TestStaticFieldRefs.staticProtectedField&quot; is not final  at  TestStaticFieldRefs.java line 52" source="/TestFinalExpressions/test_final_exprs/TestStaticFieldRefs.java.html" line="52" baseImage="warning.gif" flags="128" />
          <result msg="Lock expression &quot;test_final_exprs.TestStaticFieldRefs.staticProtectedField&quot; is not final  at  TestStaticFieldRefs.java line 62" source="/TestFinalExpressions/test_final_exprs/TestStaticFieldRefs.java.html" line="62" baseImage="warning.gif" flags="128" />
          <result msg="Lock expression &quot;test_final_exprs.TestStaticFieldRefs.staticUnprotectedField&quot; is not final  at  TestStaticFieldRefs.java line 26" source="/TestFinalExpressions/test_final_exprs/TestStaticFieldRefs.java.html" line="26" baseImage="warning.gif" flags="128" />
        </result>
      </result>
    </result>
    <result msg="28 unidentifiable lock(s); what is the name of the lock? what state is being protected?" baseImage="warning.gif" flags="128">
      <result msg="test_final_exprs (28 issues)" baseImage="package.gif" flags="128">
        <result msg="test_final_exprs.TestArrayRefs (6 issues)" baseImage="class.gif" flags="128">
          <result msg="Synchronized block: Lock expression &quot;array [ 0 ]&quot; is not identifiable as a programmer-declared lock  at  TestArrayRefs.java line 13" source="/TestFinalExpressions/test_final_exprs/TestArrayRefs.java.html" line="13" baseImage="warning.gif" flags="128" />
          <result msg="Synchronized block: Lock expression &quot;array [ 0 ]&quot; is not identifiable as a programmer-declared lock  at  TestArrayRefs.java line 20" source="/TestFinalExpressions/test_final_exprs/TestArrayRefs.java.html" line="20" baseImage="warning.gif" flags="128" />
          <result msg="Synchronized block: Lock expression &quot;array [ idx ]&quot; is not identifiable as a programmer-declared lock  at  TestArrayRefs.java line 32" source="/TestFinalExpressions/test_final_exprs/TestArrayRefs.java.html" line="32" baseImage="warning.gif" flags="128" />
          <result msg="Synchronized block: Lock expression &quot;array [ idx ]&quot; is not identifiable as a programmer-declared lock  at  TestArrayRefs.java line 39" source="/TestFinalExpressions/test_final_exprs/TestArrayRefs.java.html" line="39" baseImage="warning.gif" flags="128" />
          <result msg="Synchronized block: Lock expression &quot;array [ idx ]&quot; is not identifiable as a programmer-declared lock  at  TestArrayRefs.java line 53" source="/TestFinalExpressions/test_final_exprs/TestArrayRefs.java.html" line="53" baseImage="warning.gif" flags="128" />
          <result msg="Synchronized block: Lock expression &quot;array [ idx ]&quot; is not identifiable as a programmer-declared lock  at  TestArrayRefs.java line 62" source="/TestFinalExpressions/test_final_exprs/TestArrayRefs.java.html" line="62" baseImage="warning.gif" flags="128" />
        </result>
        <result msg="test_final_exprs.TestClassExprs (1 issue)" baseImage="class.gif" flags="128">
          <result msg="Synchronized block: Lock expression &quot;Object . class&quot; is not identifiable as a programmer-declared lock  at  TestClassExprs.java line 10" source="/TestFinalExpressions/test_final_exprs/TestClassExprs.java.html" line="10" baseImage="warning.gif" flags="128" />
        </result>
        <result msg="test_final_exprs.TestInstanceFieldRefs (12 issues)" baseImage="class.gif" flags="128">
          <result msg="Synchronized block: Lock expression &quot;p.finalField&quot; is not identifiable as a programmer-declared lock  at  TestInstanceFieldRefs.java line 45" source="/TestFinalExpressions/test_final_exprs/TestInstanceFieldRefs.java.html" line="45" baseImage="warning.gif" flags="128" />
          <result msg="Synchronized block: Lock expression &quot;p.finalField&quot; is not identifiable as a programmer-declared lock  at  TestInstanceFieldRefs.java line 55" source="/TestFinalExpressions/test_final_exprs/TestInstanceFieldRefs.java.html" line="55" baseImage="warning.gif" flags="128" />
          <result msg="Synchronized block: Lock expression &quot;p.protectedField&quot; is not identifiable as a programmer-declared lock  at  TestInstanceFieldRefs.java line 129" source="/TestFinalExpressions/test_final_exprs/TestInstanceFieldRefs.java.html" line="129" baseImage="warning.gif" flags="128" />
          <result msg="Synchronized block: Lock expression &quot;p.protectedField&quot; is not identifiable as a programmer-declared lock  at  TestInstanceFieldRefs.java line 142" source="/TestFinalExpressions/test_final_exprs/TestInstanceFieldRefs.java.html" line="142" baseImage="warning.gif" flags="128" />
          <result msg="Synchronized block: Lock expression &quot;p.protectedField&quot; is not identifiable as a programmer-declared lock  at  TestInstanceFieldRefs.java line 178" source="/TestFinalExpressions/test_final_exprs/TestInstanceFieldRefs.java.html" line="178" baseImage="warning.gif" flags="128" />
          <result msg="Synchronized block: Lock expression &quot;p.protectedField&quot; is not identifiable as a programmer-declared lock  at  TestInstanceFieldRefs.java line 193" source="/TestFinalExpressions/test_final_exprs/TestInstanceFieldRefs.java.html" line="193" baseImage="warning.gif" flags="128" />
          <result msg="Synchronized block: Lock expression &quot;this.finalField&quot; is not identifiable as a programmer-declared lock  at  TestInstanceFieldRefs.java line 31" source="/TestFinalExpressions/test_final_exprs/TestInstanceFieldRefs.java.html" line="31" baseImage="warning.gif" flags="128" />
          <result msg="Synchronized block: Lock expression &quot;this.finalField&quot; is not identifiable as a programmer-declared lock  at  TestInstanceFieldRefs.java line 38" source="/TestFinalExpressions/test_final_exprs/TestInstanceFieldRefs.java.html" line="38" baseImage="warning.gif" flags="128" />
          <result msg="Synchronized block: Lock expression &quot;this.protectedField&quot; is not identifiable as a programmer-declared lock  at  TestInstanceFieldRefs.java line 107" source="/TestFinalExpressions/test_final_exprs/TestInstanceFieldRefs.java.html" line="107" baseImage="warning.gif" flags="128" />
          <result msg="Synchronized block: Lock expression &quot;this.protectedField&quot; is not identifiable as a programmer-declared lock  at  TestInstanceFieldRefs.java line 118" source="/TestFinalExpressions/test_final_exprs/TestInstanceFieldRefs.java.html" line="118" baseImage="warning.gif" flags="128" />
          <result msg="Synchronized block: Lock expression &quot;this.protectedField&quot; is not identifiable as a programmer-declared lock  at  TestInstanceFieldRefs.java line 155" source="/TestFinalExpressions/test_final_exprs/TestInstanceFieldRefs.java.html" line="155" baseImage="warning.gif" flags="128" />
          <result msg="Synchronized block: Lock expression &quot;this.protectedField&quot; is not identifiable as a programmer-declared lock  at  TestInstanceFieldRefs.java line 166" source="/TestFinalExpressions/test_final_exprs/TestInstanceFieldRefs.java.html" line="166" baseImage="warning.gif" flags="128" />
        </result>
        <result msg="test_final_exprs.TestLocalVars (4 issues)" baseImage="class.gif" flags="128">
          <result msg="Synchronized block: Lock expression &quot;o&quot; is not identifiable as a programmer-declared lock  at  TestLocalVars.java line 17" source="/TestFinalExpressions/test_final_exprs/TestLocalVars.java.html" line="17" baseImage="warning.gif" flags="128" />
          <result msg="Synchronized block: Lock expression &quot;o&quot; is not identifiable as a programmer-declared lock  at  TestLocalVars.java line 37" source="/TestFinalExpressions/test_final_exprs/TestLocalVars.java.html" line="37" baseImage="warning.gif" flags="128" />
          <result msg="Synchronized block: Lock expression &quot;p&quot; is not identifiable as a programmer-declared lock  at  TestLocalVars.java line 26" source="/TestFinalExpressions/test_final_exprs/TestLocalVars.java.html" line="26" baseImage="warning.gif" flags="128" />
          <result msg="Synchronized block: Lock expression &quot;p&quot; is not identifiable as a programmer-declared lock  at  TestLocalVars.java line 9" source="/TestFinalExpressions/test_final_exprs/TestLocalVars.java.html" line="9" baseImage="warning.gif" flags="128" />
        </result>
        <result msg="test_final_exprs.TestReceiver (1 issue)" baseImage="class.gif" flags="128">
          <result msg="Synchronized block: Lock expression &quot;this&quot; is not identifiable as a programmer-declared lock  at  TestReceiver.java line 10" source="/TestFinalExpressions/test_final_exprs/TestReceiver.java.html" line="10" baseImage="warning.gif" flags="128" />
        </result>
        <result msg="test_final_exprs.TestReceiver.C (1 issue)" baseImage="class.gif" flags="128">
          <result msg="Synchronized block: Lock expression &quot;C.this&quot; is not identifiable as a programmer-declared lock  at  TestReceiver.java line 19" source="/TestFinalExpressions/test_final_exprs/TestReceiver.java.html" line="19" baseImage="warning.gif" flags="128" />
        </result>
        <result msg="test_final_exprs.TestStaticFieldRefs (3 issues)" baseImage="class.gif" flags="128">
          <result msg="Synchronized block: Lock expression &quot;test_final_exprs.TestStaticFieldRefs.staticFinalField&quot; is not identifiable as a programmer-declared lock  at  TestStaticFieldRefs.java line 19" source="/TestFinalExpressions/test_final_exprs/TestStaticFieldRefs.java.html" line="19" baseImage="warning.gif" flags="128" />
          <result msg="Synchronized block: Lock expression &quot;test_final_exprs.TestStaticFieldRefs.staticProtectedField&quot; is not identifiable as a programmer-declared lock  at  TestStaticFieldRefs.java line 34" source="/TestFinalExpressions/test_final_exprs/TestStaticFieldRefs.java.html" line="34" baseImage="warning.gif" flags="128" />
          <result msg="Synchronized block: Lock expression &quot;test_final_exprs.TestStaticFieldRefs.staticProtectedField&quot; is not identifiable as a programmer-declared lock  at  TestStaticFieldRefs.java line 43" source="/TestFinalExpressions/test_final_exprs/TestStaticFieldRefs.java.html" line="43" baseImage="warning.gif" flags="128" />
        </result>
      </result>
    </result>
  </result>
</root>