<sourceFiles>
	<package name="test_final_exprs">
		<class name="TestArrayRefs.java" source="/TestFinalExpressions/test_final_exprs/TestArrayRefs.java.html"/>
		<class name="TestClassExprs.java" source="/TestFinalExpressions/test_final_exprs/TestClassExprs.java.html"/>
		<class name="TestInstanceFieldRefs.java" source="/TestFinalExpressions/test_final_exprs/TestInstanceFieldRefs.java.html"/>
		<class name="TestLocalVars.java" source="/TestFinalExpressions/test_final_exprs/TestLocalVars.java.html"/>
		<class name="TestMethodCall.java" source="/TestFinalExpressions/test_final_exprs/TestMethodCall.java.html"/>
		<class name="TestReceiver.java" source="/TestFinalExpressions/test_final_exprs/TestReceiver.java.html"/>
		<class name="TestStaticFieldRefs.java" source="/TestFinalExpressions/test_final_exprs/TestStaticFieldRefs.java.html"/>
	</package>
</sourceFiles>
