<sourceFiles>
	<package name="test_aggregated_arrays">
		<class name="Test.java" source="/TestIntrinsicLockAnalysis/test_aggregated_arrays/Test.java.html"/>
	</package>
	<package name="test_array_length">
		<class name="Test.java" source="/TestIntrinsicLockAnalysis/test_array_length/Test.java.html"/>
	</package>
	<package name="test_lockingPlusAggregationPlusEffects.nestedRegions">
		<class name="C.java" source="/TestIntrinsicLockAnalysis/test_lockingPlusAggregationPlusEffects/nestedRegions/C.java.html"/>
		<class name="D.java" source="/TestIntrinsicLockAnalysis/test_lockingPlusAggregationPlusEffects/nestedRegions/D.java.html"/>
	</package>
	<package name="test_lockingPlusAggregationPlusEffects.siblingRegions">
		<class name="C2.java" source="/TestIntrinsicLockAnalysis/test_lockingPlusAggregationPlusEffects/siblingRegions/C2.java.html"/>
		<class name="D2.java" source="/TestIntrinsicLockAnalysis/test_lockingPlusAggregationPlusEffects/siblingRegions/D2.java.html"/>
	</package>
	<package name="test_policyLock_requiresLock">
		<class name="Test.java" source="/TestIntrinsicLockAnalysis/test_policyLock_requiresLock/Test.java.html"/>
	</package>
	<package name="test_requiresLock_for_parameters">
		<class name="C.java" source="/TestIntrinsicLockAnalysis/test_requiresLock_for_parameters/C.java.html"/>
		<class name="Test.java" source="/TestIntrinsicLockAnalysis/test_requiresLock_for_parameters/Test.java.html"/>
	</package>
	<package name="test_selfProtected">
		<class name="C.java" source="/TestIntrinsicLockAnalysis/test_selfProtected/C.java.html"/>
		<class name="D.java" source="/TestIntrinsicLockAnalysis/test_selfProtected/D.java.html"/>
		<class name="E.java" source="/TestIntrinsicLockAnalysis/test_selfProtected/E.java.html"/>
		<class name="F.java" source="/TestIntrinsicLockAnalysis/test_selfProtected/F.java.html"/>
		<class name="G.java" source="/TestIntrinsicLockAnalysis/test_selfProtected/G.java.html"/>
		<class name="I.java" source="/TestIntrinsicLockAnalysis/test_selfProtected/I.java.html"/>
		<class name="Main.java" source="/TestIntrinsicLockAnalysis/test_selfProtected/Main.java.html"/>
	</package>
	<package name="test_singleThreaded_constructor">
		<class name="TestBorrowed.java" source="/TestIntrinsicLockAnalysis/test_singleThreaded_constructor/TestBorrowed.java.html"/>
		<class name="TestEffects.java" source="/TestIntrinsicLockAnalysis/test_singleThreaded_constructor/TestEffects.java.html"/>
	</package>
	<package name="test_static_lock_semantics.parent_child">
		<class name="A.java" source="/TestIntrinsicLockAnalysis/test_static_lock_semantics/parent_child/A.java.html"/>
		<class name="B.java" source="/TestIntrinsicLockAnalysis/test_static_lock_semantics/parent_child/B.java.html"/>
	</package>
	<package name="test_static_lock_semantics.sibling">
		<class name="X.java" source="/TestIntrinsicLockAnalysis/test_static_lock_semantics/sibling/X.java.html"/>
		<class name="Y.java" source="/TestIntrinsicLockAnalysis/test_static_lock_semantics/sibling/Y.java.html"/>
		<class name="Z.java" source="/TestIntrinsicLockAnalysis/test_static_lock_semantics/sibling/Z.java.html"/>
	</package>
	<package name="test_static_lock_semantics.unrelated">
		<class name="C.java" source="/TestIntrinsicLockAnalysis/test_static_lock_semantics/unrelated/C.java.html"/>
		<class name="D.java" source="/TestIntrinsicLockAnalysis/test_static_lock_semantics/unrelated/D.java.html"/>
	</package>
	<package name="test_synchronization_around_inner_classes">
		<class name="Outer.java" source="/TestIntrinsicLockAnalysis/test_synchronization_around_inner_classes/Outer.java.html"/>
	</package>
</sourceFiles>
