<?xml version='1.0' encoding='UTF-8' standalone='yes'?>
<sea-summary time='Oct 25, 2010 4:22:10 PM'
	 project='workspace'>

<count ResultDrop='4'/>
<count RequiresLockPromiseDrop='2'/>
<count RegionModel='6'/>
<count InRegionPromiseDrop='2'/>
<count ProposedPromiseDrop='2'/>
<count LockModel='2'/>
<promise-drop type='RequiresLockPromiseDrop'
	 line='12'
	 file='/TestMoreDependencies/src/testMethodRefs/HasRequiresLock.java'
	 offset='291'
	 hash='293892272'
	 context='-810981007'
	 message='RequiresLock L on testMethodRefs.HasRequiresLock.foo()'
	 message-id='(102,RequiresLock L,testMethodRefs.HasRequiresLock.foo())'
	 category='lock precondition(s)'
	 proved-consistent='true'
	 checked-by-analysis='true'
	 from-src='true'/>

<promise-drop type='RegionModel'
	 line='7'
	 file='/TestMoreDependencies/src/testFieldRefs/HasARegionDecl.java'
	 offset='123'
	 hash='1434242842'
	 context='-531924245'
	 message='Region public testFieldRefs.HasARegionDecl.Field'
	 message-id='(117,public,,testFieldRefs.HasARegionDecl.Field)'
	 category='Regions'
	 proved-consistent='true'
	 checked-by-analysis='true'
	 from-src='true'/>

<promise-drop type='LockModel'
	 line='5'
	 file='/TestMoreDependencies/src/testTypeRefs/HasALockDecl.java'
	 offset='135'
	 hash='-1312998157'
	 context='575965694'
	 message='RegionLock testTypeRefs.HasALockDecl.L is this protects Root on HasALockDecl'
	 message-id='(100,testTypeRefs.HasALockDecl.L,this,Root,HasALockDecl)'
	 category='Concurrency'
	 checked-by-analysis='true'
	 from-src='true'/>

<promise-drop type='InRegionPromiseDrop'
	 line='9'
	 file='/TestMoreDependencies/src/testTypeRefs/HasALockDecl.java'
	 offset='203'
	 hash='3506402'
	 context='-1371160878'
	 message='InRegion(Root) on root'
	 message-id='(107,Root,root)'
	 proved-consistent='true'
	 checked-by-analysis='true'
	 from-src='true'/>

<promise-drop type='RequiresLockPromiseDrop'
	 line='13'
	 file='/TestMoreDependencies/src/testTypeRefs/HasALockDecl.java'
	 offset='280'
	 hash='-393316777'
	 context='1334582760'
	 message='RequiresLock L on testTypeRefs.HasALockDecl.nullifyRoot()'
	 message-id='(102,RequiresLock L,testTypeRefs.HasALockDecl.nullifyRoot())'
	 category='lock precondition(s)'
	 checked-by-analysis='true'
	 from-src='true'/>

<result-drop type='ResultDrop'
	 line='15'
	 file='/TestMoreDependencies/src/testTypeRefs/HasALockDecl.java'
	 offset='318'
	 hash='-605692366'
	 context='-2145057966'
	 message='Lock &quot;&lt;this&gt;:L&quot; held when accessing this.root'
	 message-id='(203,&lt;this&gt;:L,this.root,null)'
	 category='protected field access(es)'
	 consistent='true'
	 result-type='203'/>

<promise-drop type='RegionModel'
	 line='0'
	 file='java.lang.[]'
	 offset='-1'
	 hash='-1305411288'
	 context='156839830'
	 message='Region public length'
	 message-id='(117,public,,length)'
	 category='Regions'
	 proved-consistent='true'
	 checked-by-analysis='true'
	 from-src='true'/>

<promise-drop type='LockModel'
	 line='0'
	 file='java.lang.Object'
	 offset='2147483647'
	 hash='1709211273'
	 context='1063877011'
	 message='RegionLock java.lang.Object.MUTEX is this protects WaitQueue on Object'
	 message-id='(100,java.lang.Object.MUTEX,this,WaitQueue,Object)'
	 category='Concurrency'
	 proved-consistent='true'
	 checked-by-analysis='true'
	 from-src='true'/>

<promise-drop type='InRegionPromiseDrop'
	 line='10'
	 file='/TestMoreDependencies/src/testFieldRefs/HasARegionDecl.java'
	 offset='255'
	 hash='97427706'
	 context='-672273353'
	 message='InRegion(Field) on field'
	 message-id='(107,Field,field)'
	 proved-consistent='true'
	 checked-by-analysis='true'
	 from-src='true'/>

<ir-drop type='ProposedPromiseDrop'
	 line='8'
	 file='/TestMoreDependencies/src/anotherPackage/UseType.java'
	 offset='113'
	 hash='-650750876'
	 context='683776636'
	 message='ProposedPromiseDrop (EMPTY)'/>

<result-drop type='ResultDrop'
	 line='7'
	 file='/TestMoreDependencies/src/anotherPackage/UseField.java'
	 offset='132'
	 hash='-1607864918'
	 context='1826827986'
	 message='Lock &quot;&lt;this&gt;:L&quot; not held when accessing this.field'
	 message-id='(205,&lt;this&gt;:L,this.field,null)'
	 category='unprotected field access(es); possible race condition detected'
	 result-type='205'/>

<result-drop type='ResultDrop'
	 line='9'
	 file='/TestMoreDependencies/src/anotherPackage/UseType.java'
	 offset='129'
	 hash='-485519958'
	 context='835074631'
	 message='Lock &quot;&lt;this.hald&gt;:L&quot; not held when invoking this.hald.nullifyRoot; precondition unsatisfied'
	 message-id='(209,&lt;this.hald&gt;:L,this.hald.nullifyRoot,null)'
	 category='lock precondition(s) not satisfied; possible race conditions enabled'
	 result-type='209'/>

<ir-drop type='ProposedPromiseDrop'
	 line='6'
	 file='/TestMoreDependencies/src/anotherPackage/UseField.java'
	 offset='116'
	 hash='669455113'
	 context='-905291164'
	 message='ProposedPromiseDrop (EMPTY)'/>

<promise-drop type='RegionModel'
	 line='9'
	 file='/TestMoreDependencies/src/testTypeRefs/HasALockDecl.java'
	 offset='193'
	 hash='3506402'
	 context='-1371160878'
	 message='Region   testTypeRefs.HasALockDecl.root'
	 message-id='(117, ,,testTypeRefs.HasALockDecl.root)'
	 category='Regions'
	 proved-consistent='true'
	 checked-by-analysis='true'
	 from-src='true'/>

<promise-drop type='RegionModel'
	 line='10'
	 file='/TestMoreDependencies/src/testFieldRefs/HasARegionDecl.java'
	 offset='245'
	 hash='97427706'
	 context='-672273353'
	 message='Region protected testFieldRefs.HasARegionDecl.field'
	 message-id='(117,protected,,testFieldRefs.HasARegionDecl.field)'
	 category='Regions'
	 proved-consistent='true'
	 checked-by-analysis='true'
	 from-src='true'/>

<result-drop type='ResultDrop'
	 line='9'
	 file='/TestMoreDependencies/src/anotherPackage/UseMethod.java'
	 offset='193'
	 hash='1204666905'
	 context='-505549103'
	 message='Lock &quot;&lt;hsl&gt;:L&quot; held when invoking hsl.foo; precondition satisfied'
	 message-id='(207,&lt;hsl&gt;:L,hsl.foo,null)'
	 category='lock precondition(s) satisfied'
	 proved-consistent='true'
	 consistent='true'
	 result-type='207'/>

<promise-drop type='RegionModel'
	 line='5'
	 file='/TestMoreDependencies/src/testTypeRefs/HasALockDecl.java'
	 offset='60'
	 hash='-1312998157'
	 context='575965694'
	 message='Region public testTypeRefs.HasALockDecl.Root'
	 message-id='(117,public,,testTypeRefs.HasALockDecl.Root)'
	 category='Regions'
	 proved-consistent='true'
	 checked-by-analysis='true'
	 from-src='true'/>

<promise-drop type='RegionModel'
	 line='0'
	 file='java.lang.[]'
	 offset='-1'
	 hash='-1305411288'
	 context='156839830'
	 message='Region public []'
	 message-id='(117,public,,[])'
	 category='Regions'
	 proved-consistent='true'
	 checked-by-analysis='true'
	 from-src='true'/>

</sea-summary>

