<?xml version='1.0' encoding='UTF-8' standalone='yes'?>
<sea-summary time='Dec 17, 2010 11:36:46 AM'
	 project='TestMoreDependencies'>

<count WarningDrop='1'/>
<count InRegionPromiseDrop='1'/>
<count ResultDrop='1'/>
<count LockModel='2'/>
<count RegionModel='4'/>
<count ProposedPromiseDrop='11'/>
<ir-drop type='ProposedPromiseDrop'
	 offset='289'
	 line='14'
	 path='TestMoreDependencies/src/testTypeRefs/HasALockDecl.java'
	 uri='file:/C:/work/jsure-test-update-script-workspace/.jsure-data/TestMoreDependencies%202010-12-17%2011-36-45/srcs/TestMoreDependencies/TestMoreDependencies/src/testTypeRefs/HasALockDecl.java'
	 file='file:/C:/work/jsure-test-update-script-workspace/.jsure-data/TestMoreDependencies%202010-12-17%2011-36-45/srcs/TestMoreDependencies/TestMoreDependencies/src/testTypeRefs/HasALockDecl.java'
	 hash='-393316777'
	 context='1334582760'
	 message='ProposedPromiseDrop @RegionEffects(writes this:Root)'
	 java-annotation='@RegionEffects(&quot;writes this:Root&quot;)'
	 annotation-type='RegionEffects'
	 contents='writes this:Root'
	 target-project='TestMoreDependencies'
	 from-project='TestMoreDependencies'/>

<ir-drop type='ProposedPromiseDrop'
	 offset='289'
	 line='14'
	 path='TestMoreDependencies/src/testTypeRefs/HasALockDecl.java'
	 uri='file:/C:/work/jsure-test-update-script-workspace/.jsure-data/TestMoreDependencies%202010-12-17%2011-36-45/srcs/TestMoreDependencies/TestMoreDependencies/src/testTypeRefs/HasALockDecl.java'
	 file='file:/C:/work/jsure-test-update-script-workspace/.jsure-data/TestMoreDependencies%202010-12-17%2011-36-45/srcs/TestMoreDependencies/TestMoreDependencies/src/testTypeRefs/HasALockDecl.java'
	 hash='-393316777'
	 context='1334582760'
	 message='ProposedPromiseDrop @RequiresLock(L)'
	 java-annotation='@RequiresLock(&quot;L&quot;)'
	 annotation-type='RequiresLock'
	 contents='L'
	 target-project='TestMoreDependencies'
	 from-project='TestMoreDependencies'/>

<promise-drop type='RegionModel'
	 line='0'
	 file='java.lang.[]'
	 hash='-1305411288'
	 context='156839830'
	 message='Region public []'
	 message-id='(117,public,,[])'
	 category='Regions'
	 proved-consistent='true'
	 checked-by-analysis='true'
	 from-src='true'/>

<ir-drop type='ProposedPromiseDrop'
	 offset='193'
	 line='9'
	 path='TestMoreDependencies/src/testTypeRefs/HasALockDecl.java'
	 uri='file:/C:/work/jsure-test-update-script-workspace/.jsure-data/TestMoreDependencies%202010-12-17%2011-36-45/srcs/TestMoreDependencies/TestMoreDependencies/src/testTypeRefs/HasALockDecl.java'
	 file='file:/C:/work/jsure-test-update-script-workspace/.jsure-data/TestMoreDependencies%202010-12-17%2011-36-45/srcs/TestMoreDependencies/TestMoreDependencies/src/testTypeRefs/HasALockDecl.java'
	 hash='-885768741'
	 context='696560269'
	 message='ProposedPromiseDrop @RegionEffects(none)'
	 java-annotation='@RegionEffects(&quot;none&quot;)'
	 annotation-type='RegionEffects'
	 contents='none'
	 target-project='TestMoreDependencies'
	 from-project='TestMoreDependencies'/>

<ir-drop type='ProposedPromiseDrop'
	 offset='96'
	 line='6'
	 path='TestMoreDependencies/src/anotherPackage/UseMethod.java'
	 uri='file:/C:/work/jsure-test-update-script-workspace/.jsure-data/TestMoreDependencies%202010-12-17%2011-36-37/srcs/TestMoreDependencies/TestMoreDependencies/src/anotherPackage/UseMethod.java'
	 file='file:/C:/work/jsure-test-update-script-workspace/.jsure-data/TestMoreDependencies%202010-12-17%2011-36-37/srcs/TestMoreDependencies/TestMoreDependencies/src/anotherPackage/UseMethod.java'
	 hash='322331693'
	 context='-791675189'
	 message='ProposedPromiseDrop @RegionEffects(writes java.lang.Object:All)'
	 java-annotation='@RegionEffects(&quot;writes java.lang.Object:All&quot;)'
	 annotation-type='RegionEffects'
	 contents='writes java.lang.Object:All'
	 target-project='TestMoreDependencies'
	 from-project='TestMoreDependencies'/>

<ir-drop type='WarningDrop'
	 offset='168'
	 line='8'
	 path='TestMoreDependencies/src/anotherPackage/UseMethod.java'
	 uri='file:/C:/work/jsure-test-update-script-workspace/.jsure-data/TestMoreDependencies%202010-12-17%2011-36-37/srcs/TestMoreDependencies/TestMoreDependencies/src/anotherPackage/UseMethod.java'
	 file='file:/C:/work/jsure-test-update-script-workspace/.jsure-data/TestMoreDependencies%202010-12-17%2011-36-37/srcs/TestMoreDependencies/TestMoreDependencies/src/anotherPackage/UseMethod.java'
	 hash='-442074400'
	 context='-791675189'
	 message='Locks [&lt;hsl&gt;:L, &lt;hsl&gt;:MUTEX] not needed by body of synchronized block'
	 message-id='(218,[&lt;hsl&gt;:L, &lt;hsl&gt;:MUTEX])'
	 category='synchronized block(s) not protecting any state; what state is being protected?'
	 result-type='LockAnalysis_ds_SynchronizationUnused'/>

<promise-drop type='InRegionPromiseDrop'
	 offset='203'
	 line='9'
	 path='TestMoreDependencies/src/testTypeRefs/HasALockDecl.java'
	 uri='file:/C:/work/jsure-test-update-script-workspace/.jsure-data/TestMoreDependencies%202010-12-17%2011-36-45/srcs/TestMoreDependencies/TestMoreDependencies/src/testTypeRefs/HasALockDecl.java'
	 file='file:/C:/work/jsure-test-update-script-workspace/.jsure-data/TestMoreDependencies%202010-12-17%2011-36-45/srcs/TestMoreDependencies/TestMoreDependencies/src/testTypeRefs/HasALockDecl.java'
	 hash='3506402'
	 context='-1371160878'
	 message='InRegion(Root) on root'
	 message-id='(107,Root,root)'
	 proved-consistent='true'
	 checked-by-analysis='true'
	 from-src='true'/>

<ir-drop type='ProposedPromiseDrop'
	 offset='96'
	 line='6'
	 path='TestMoreDependencies/src/anotherPackage/UseMethod.java'
	 uri='file:/C:/work/jsure-test-update-script-workspace/.jsure-data/TestMoreDependencies%202010-12-17%2011-36-37/srcs/TestMoreDependencies/TestMoreDependencies/src/anotherPackage/UseMethod.java'
	 file='file:/C:/work/jsure-test-update-script-workspace/.jsure-data/TestMoreDependencies%202010-12-17%2011-36-37/srcs/TestMoreDependencies/TestMoreDependencies/src/anotherPackage/UseMethod.java'
	 hash='1769910453'
	 context='-984856456'
	 message='ProposedPromiseDrop @RegionEffects(none)'
	 java-annotation='@RegionEffects(&quot;none&quot;)'
	 annotation-type='RegionEffects'
	 contents='none'
	 target-project='TestMoreDependencies'
	 from-project='TestMoreDependencies'/>

<ir-drop type='ProposedPromiseDrop'
	 offset='113'
	 line='8'
	 path='TestMoreDependencies/src/anotherPackage/UseType.java'
	 uri='file:/C:/work/jsure-test-update-script-workspace/.jsure-data/TestMoreDependencies%202010-12-17%2011-36-37/srcs/TestMoreDependencies/TestMoreDependencies/src/anotherPackage/UseType.java'
	 file='file:/C:/work/jsure-test-update-script-workspace/.jsure-data/TestMoreDependencies%202010-12-17%2011-36-37/srcs/TestMoreDependencies/TestMoreDependencies/src/anotherPackage/UseType.java'
	 hash='-650750876'
	 context='683776636'
	 message='ProposedPromiseDrop @RegionEffects(writes java.lang.Object:All)'
	 java-annotation='@RegionEffects(&quot;writes java.lang.Object:All&quot;)'
	 annotation-type='RegionEffects'
	 contents='writes java.lang.Object:All'
	 target-project='TestMoreDependencies'
	 from-project='TestMoreDependencies'/>

<ir-drop type='ProposedPromiseDrop'
	 offset='116'
	 line='6'
	 path='TestMoreDependencies/src/anotherPackage/UseField.java'
	 uri='file:/C:/work/jsure-test-update-script-workspace/.jsure-data/TestMoreDependencies%202010-12-17%2011-36-37/srcs/TestMoreDependencies/TestMoreDependencies/src/anotherPackage/UseField.java'
	 file='file:/C:/work/jsure-test-update-script-workspace/.jsure-data/TestMoreDependencies%202010-12-17%2011-36-37/srcs/TestMoreDependencies/TestMoreDependencies/src/anotherPackage/UseField.java'
	 hash='669455113'
	 context='-905291164'
	 message='ProposedPromiseDrop @RegionEffects(writes java.lang.Object:All)'
	 java-annotation='@RegionEffects(&quot;writes java.lang.Object:All&quot;)'
	 annotation-type='RegionEffects'
	 contents='writes java.lang.Object:All'
	 target-project='TestMoreDependencies'
	 from-project='TestMoreDependencies'/>

<promise-drop type='LockModel'
	 offset='135'
	 line='5'
	 path='TestMoreDependencies/src/testTypeRefs/HasALockDecl.java'
	 uri='file:/C:/work/jsure-test-update-script-workspace/.jsure-data/TestMoreDependencies%202010-12-17%2011-36-45/srcs/TestMoreDependencies/TestMoreDependencies/src/testTypeRefs/HasALockDecl.java'
	 file='file:/C:/work/jsure-test-update-script-workspace/.jsure-data/TestMoreDependencies%202010-12-17%2011-36-45/srcs/TestMoreDependencies/TestMoreDependencies/src/testTypeRefs/HasALockDecl.java'
	 hash='-1312998157'
	 context='575965694'
	 message='RegionLock testTypeRefs.HasALockDecl.L is this protects Root on HasALockDecl'
	 message-id='(100,testTypeRefs.HasALockDecl.L,this,Root,HasALockDecl)'
	 category='Concurrency'
	 checked-by-analysis='true'
	 from-src='true'
	 to-be-checked-by-analysis='true'/>

<result-drop type='ResultDrop'
	 offset='320'
	 line='15'
	 path='TestMoreDependencies/src/testTypeRefs/HasALockDecl.java'
	 uri='file:/C:/work/jsure-test-update-script-workspace/.jsure-data/TestMoreDependencies%202010-12-17%2011-36-45/srcs/TestMoreDependencies/TestMoreDependencies/src/testTypeRefs/HasALockDecl.java'
	 file='file:/C:/work/jsure-test-update-script-workspace/.jsure-data/TestMoreDependencies%202010-12-17%2011-36-45/srcs/TestMoreDependencies/TestMoreDependencies/src/testTypeRefs/HasALockDecl.java'
	 hash='-605692366'
	 context='-2145057966'
	 message='Lock &quot;&lt;this&gt;:L&quot; not held when accessing this.root'
	 message-id='(205,&lt;this&gt;:L,this.root,null)'
	 category='unprotected field access(es); possible race condition detected'
	 result-type='LockAnalysis_ds_FieldAccessNotAssured'/>

<promise-drop type='RegionModel'
	 offset='193'
	 line='9'
	 path='TestMoreDependencies/src/testTypeRefs/HasALockDecl.java'
	 uri='file:/C:/work/jsure-test-update-script-workspace/.jsure-data/TestMoreDependencies%202010-12-17%2011-36-45/srcs/TestMoreDependencies/TestMoreDependencies/src/testTypeRefs/HasALockDecl.java'
	 file='file:/C:/work/jsure-test-update-script-workspace/.jsure-data/TestMoreDependencies%202010-12-17%2011-36-45/srcs/TestMoreDependencies/TestMoreDependencies/src/testTypeRefs/HasALockDecl.java'
	 hash='3506402'
	 context='-1371160878'
	 message='Region   testTypeRefs.HasALockDecl.root'
	 message-id='(117, ,,testTypeRefs.HasALockDecl.root)'
	 category='Regions'
	 proved-consistent='true'
	 checked-by-analysis='true'
	 from-src='true'/>

<ir-drop type='ProposedPromiseDrop'
	 offset='300'
	 line='13'
	 path='TestMoreDependencies/src/testMethodRefs/HasRequiresLock.java'
	 uri='file:/C:/work/jsure-test-update-script-workspace/.jsure-data/TestMoreDependencies%202010-12-17%2011-36-37/srcs/TestMoreDependencies/TestMoreDependencies/src/testMethodRefs/HasRequiresLock.java'
	 file='file:/C:/work/jsure-test-update-script-workspace/.jsure-data/TestMoreDependencies%202010-12-17%2011-36-37/srcs/TestMoreDependencies/TestMoreDependencies/src/testMethodRefs/HasRequiresLock.java'
	 hash='-60950688'
	 context='605344766'
	 message='ProposedPromiseDrop @RegionEffects(writes java.lang.Object:All)'
	 java-annotation='@RegionEffects(&quot;writes java.lang.Object:All&quot;)'
	 annotation-type='RegionEffects'
	 contents='writes java.lang.Object:All'
	 target-project='TestMoreDependencies'
	 from-project='TestMoreDependencies'/>

<promise-drop type='LockModel'
	 offset='2147483647'
	 line='0'
	 file='java.lang.Object'
	 hash='1709211273'
	 context='1063877011'
	 message='RegionLock java.lang.Object.MUTEX is this protects WaitQueue on Object'
	 message-id='(100,java.lang.Object.MUTEX,this,WaitQueue,Object)'
	 category='Concurrency'
	 proved-consistent='true'
	 checked-by-analysis='true'
	 from-src='true'
	 to-be-checked-by-analysis='true'/>

<ir-drop type='ProposedPromiseDrop'
	 offset='270'
	 line='11'
	 path='TestMoreDependencies/src/testFieldRefs/HasARegionDecl.java'
	 uri='file:/C:/work/jsure-test-update-script-workspace/.jsure-data/TestMoreDependencies%202010-12-17%2011-36-37/srcs/TestMoreDependencies/TestMoreDependencies/src/testFieldRefs/HasARegionDecl.java'
	 file='file:/C:/work/jsure-test-update-script-workspace/.jsure-data/TestMoreDependencies%202010-12-17%2011-36-37/srcs/TestMoreDependencies/TestMoreDependencies/src/testFieldRefs/HasARegionDecl.java'
	 hash='-563283548'
	 context='-428933495'
	 message='ProposedPromiseDrop @RegionEffects(writes java.lang.Object:All)'
	 java-annotation='@RegionEffects(&quot;writes java.lang.Object:All&quot;)'
	 annotation-type='RegionEffects'
	 contents='writes java.lang.Object:All'
	 target-project='TestMoreDependencies'
	 from-project='TestMoreDependencies'/>

<promise-drop type='RegionModel'
	 offset='60'
	 line='5'
	 path='TestMoreDependencies/src/testTypeRefs/HasALockDecl.java'
	 uri='file:/C:/work/jsure-test-update-script-workspace/.jsure-data/TestMoreDependencies%202010-12-17%2011-36-45/srcs/TestMoreDependencies/TestMoreDependencies/src/testTypeRefs/HasALockDecl.java'
	 file='file:/C:/work/jsure-test-update-script-workspace/.jsure-data/TestMoreDependencies%202010-12-17%2011-36-45/srcs/TestMoreDependencies/TestMoreDependencies/src/testTypeRefs/HasALockDecl.java'
	 hash='-1312998157'
	 context='575965694'
	 message='Region public testTypeRefs.HasALockDecl.Root'
	 message-id='(117,public,,testTypeRefs.HasALockDecl.Root)'
	 category='Regions'
	 proved-consistent='true'
	 checked-by-analysis='true'
	 from-src='true'/>

<ir-drop type='ProposedPromiseDrop'
	 offset='300'
	 line='13'
	 path='TestMoreDependencies/src/testMethodRefs/HasRequiresLock.java'
	 uri='file:/C:/work/jsure-test-update-script-workspace/.jsure-data/TestMoreDependencies%202010-12-17%2011-36-37/srcs/TestMoreDependencies/TestMoreDependencies/src/testMethodRefs/HasRequiresLock.java'
	 file='file:/C:/work/jsure-test-update-script-workspace/.jsure-data/TestMoreDependencies%202010-12-17%2011-36-37/srcs/TestMoreDependencies/TestMoreDependencies/src/testMethodRefs/HasRequiresLock.java'
	 hash='293892272'
	 context='-810981007'
	 message='ProposedPromiseDrop @RegionEffects(none)'
	 java-annotation='@RegionEffects(&quot;none&quot;)'
	 annotation-type='RegionEffects'
	 contents='none'
	 target-project='TestMoreDependencies'
	 from-project='TestMoreDependencies'/>

<promise-drop type='RegionModel'
	 line='0'
	 file='java.lang.[]'
	 hash='-1305411288'
	 context='156839830'
	 message='Region public length'
	 message-id='(117,public,,length)'
	 category='Regions'
	 proved-consistent='true'
	 checked-by-analysis='true'
	 from-src='true'/>

<ir-drop type='ProposedPromiseDrop'
	 offset='89'
	 line='6'
	 path='TestMoreDependencies/src/anotherPackage/UseType.java'
	 uri='file:/C:/work/jsure-test-update-script-workspace/.jsure-data/TestMoreDependencies%202010-12-17%2011-36-37/srcs/TestMoreDependencies/TestMoreDependencies/src/anotherPackage/UseType.java'
	 file='file:/C:/work/jsure-test-update-script-workspace/.jsure-data/TestMoreDependencies%202010-12-17%2011-36-37/srcs/TestMoreDependencies/TestMoreDependencies/src/anotherPackage/UseType.java'
	 hash='1233840398'
	 context='-946635734'
	 message='ProposedPromiseDrop @RegionEffects(none)'
	 java-annotation='@RegionEffects(&quot;none&quot;)'
	 annotation-type='RegionEffects'
	 contents='none'
	 target-project='TestMoreDependencies'
	 from-project='TestMoreDependencies'/>

</sea-summary>

