<?xml version='1.0' encoding='UTF-8' standalone='yes'?>
<sea-summary time='Oct 25, 2010 4:21:50 PM'
	 project='workspace'>

<count ResultDrop='2'/>
<count RequiresLockPromiseDrop='1'/>
<count RegionModel='5'/>
<count InRegionPromiseDrop='1'/>
<count ProposedPromiseDrop='1'/>
<count LockModel='2'/>
<count WarningDrop='1'/>
<ir-drop type='WarningDrop'
	 line='8'
	 file='/TestMoreDependencies/src/anotherPackage/UseMethod.java'
	 offset='168'
	 hash='-442074400'
	 context='-791675189'
	 message='Locks [&lt;hsl&gt;:L, &lt;hsl&gt;:MUTEX] not needed by body of synchronized block'
	 message-id='(218,[&lt;hsl&gt;:L, &lt;hsl&gt;:MUTEX])'
	 category='synchronized block(s) not protecting any state; what state is being protected?'
	 result-type='218'/>

<promise-drop type='LockModel'
	 line='5'
	 file='/TestMoreDependencies/src/testTypeRefs/HasALockDecl.java'
	 offset='135'
	 hash='-1312998157'
	 context='575965694'
	 message='RegionLock testTypeRefs.HasALockDecl.L is this protects Root on HasALockDecl'
	 message-id='(100,testTypeRefs.HasALockDecl.L,this,Root,HasALockDecl)'
	 category='Concurrency'
	 checked-by-analysis='true'
	 from-src='true'/>

<promise-drop type='InRegionPromiseDrop'
	 line='9'
	 file='/TestMoreDependencies/src/testTypeRefs/HasALockDecl.java'
	 offset='203'
	 hash='3506402'
	 context='-1371160878'
	 message='InRegion(Root) on root'
	 message-id='(107,Root,root)'
	 proved-consistent='true'
	 checked-by-analysis='true'
	 from-src='true'/>

<promise-drop type='RequiresLockPromiseDrop'
	 line='13'
	 file='/TestMoreDependencies/src/testTypeRefs/HasALockDecl.java'
	 offset='280'
	 hash='-393316777'
	 context='1334582760'
	 message='RequiresLock L on testTypeRefs.HasALockDecl.nullifyRoot()'
	 message-id='(102,RequiresLock L,testTypeRefs.HasALockDecl.nullifyRoot())'
	 category='lock precondition(s)'
	 checked-by-analysis='true'
	 from-src='true'/>

<result-drop type='ResultDrop'
	 line='15'
	 file='/TestMoreDependencies/src/testTypeRefs/HasALockDecl.java'
	 offset='318'
	 hash='-605692366'
	 context='-2145057966'
	 message='Lock &quot;&lt;this&gt;:L&quot; held when accessing this.root'
	 message-id='(203,&lt;this&gt;:L,this.root,null)'
	 category='protected field access(es)'
	 consistent='true'
	 result-type='203'/>

<promise-drop type='RegionModel'
	 line='0'
	 file='java.lang.[]'
	 offset='-1'
	 hash='-1305411288'
	 context='156839830'
	 message='Region public length'
	 message-id='(117,public,,length)'
	 category='Regions'
	 proved-consistent='true'
	 checked-by-analysis='true'
	 from-src='true'/>

<promise-drop type='LockModel'
	 line='0'
	 file='java.lang.Object'
	 offset='2147483647'
	 hash='1709211273'
	 context='1063877011'
	 message='RegionLock java.lang.Object.MUTEX is this protects WaitQueue on Object'
	 message-id='(100,java.lang.Object.MUTEX,this,WaitQueue,Object)'
	 category='Concurrency'
	 proved-consistent='true'
	 checked-by-analysis='true'
	 from-src='true'/>

<promise-drop type='RegionModel'
	 line='7'
	 file='/TestMoreDependencies/src/testFieldRefs/HasARegionDecl.java'
	 offset='123'
	 hash='1434242842'
	 context='-531924245'
	 message='Region public testFieldRefs.HasARegionDecl.Field'
	 message-id='(117,public,,testFieldRefs.HasARegionDecl.Field)'
	 category='Regions'
	 proved-consistent='true'
	 checked-by-analysis='true'
	 from-src='true'/>

<ir-drop type='ProposedPromiseDrop'
	 line='8'
	 file='/TestMoreDependencies/src/anotherPackage/UseType.java'
	 offset='113'
	 hash='-650750876'
	 context='683776636'
	 message='ProposedPromiseDrop (EMPTY)'/>

<result-drop type='ResultDrop'
	 line='9'
	 file='/TestMoreDependencies/src/anotherPackage/UseType.java'
	 offset='129'
	 hash='-485519958'
	 context='835074631'
	 message='Lock &quot;&lt;this.hald&gt;:L&quot; not held when invoking this.hald.nullifyRoot; precondition unsatisfied'
	 message-id='(209,&lt;this.hald&gt;:L,this.hald.nullifyRoot,null)'
	 category='lock precondition(s) not satisfied; possible race conditions enabled'
	 result-type='209'/>

<promise-drop type='RegionModel'
	 line='9'
	 file='/TestMoreDependencies/src/testTypeRefs/HasALockDecl.java'
	 offset='193'
	 hash='3506402'
	 context='-1371160878'
	 message='Region   testTypeRefs.HasALockDecl.root'
	 message-id='(117, ,,testTypeRefs.HasALockDecl.root)'
	 category='Regions'
	 proved-consistent='true'
	 checked-by-analysis='true'
	 from-src='true'/>

<promise-drop type='RegionModel'
	 line='5'
	 file='/TestMoreDependencies/src/testTypeRefs/HasALockDecl.java'
	 offset='60'
	 hash='-1312998157'
	 context='575965694'
	 message='Region public testTypeRefs.HasALockDecl.Root'
	 message-id='(117,public,,testTypeRefs.HasALockDecl.Root)'
	 category='Regions'
	 proved-consistent='true'
	 checked-by-analysis='true'
	 from-src='true'/>

<promise-drop type='RegionModel'
	 line='0'
	 file='java.lang.[]'
	 offset='-1'
	 hash='-1305411288'
	 context='156839830'
	 message='Region public []'
	 message-id='(117,public,,[])'
	 category='Regions'
	 proved-consistent='true'
	 checked-by-analysis='true'
	 from-src='true'/>

</sea-summary>

