<?xml version='1.0' encoding='UTF-8' standalone='yes'?>
<sea-summary time='Oct 25, 2010 4:19:02 PM'
	 project='workspace'>

<count RegionModel='4'/>
<count InRegionPromiseDrop='1'/>
<count LockModel='1'/>
<count WarningDrop='1'/>
<promise-drop type='RegionModel'
	 line='5'
	 file='/TestMoreDependencies/src/testTypeRefs/HasALockDecl.java'
	 offset='60'
	 hash='-1312998157'
	 context='575965694'
	 message='Region public testTypeRefs.HasALockDecl.Root'
	 message-id='(117,public,,testTypeRefs.HasALockDecl.Root)'
	 category='Regions'
	 proved-consistent='true'
	 checked-by-analysis='true'
	 from-src='true'/>

<ir-drop type='WarningDrop'
	 line='8'
	 file='/TestMoreDependencies/src/anotherPackage/UseMethod.java'
	 offset='182'
	 hash='103617'
	 context='-1369435594'
	 message='Lock expression &quot;hsl&quot; does not name a programmer-declared lock; consider declaring what state is protected by the referenced lock'
	 message-id='(220,hsl)'
	 category='unidentifiable lock(s); what is the name of the lock? what state is being protected?'
	 result-type='220'/>

<promise-drop type='RegionModel'
	 line='9'
	 file='/TestMoreDependencies/src/testTypeRefs/HasALockDecl.java'
	 offset='195'
	 hash='3506402'
	 context='-1371160878'
	 message='Region   testTypeRefs.HasALockDecl.root'
	 message-id='(117, ,,testTypeRefs.HasALockDecl.root)'
	 category='Regions'
	 proved-consistent='true'
	 checked-by-analysis='true'
	 from-src='true'/>

<promise-drop type='RegionModel'
	 line='0'
	 file='java.lang.[]'
	 offset='-1'
	 hash='-1305411288'
	 context='156839830'
	 message='Region public length'
	 message-id='(117,public,,length)'
	 category='Regions'
	 proved-consistent='true'
	 checked-by-analysis='true'
	 from-src='true'/>

<promise-drop type='InRegionPromiseDrop'
	 line='9'
	 file='/TestMoreDependencies/src/testTypeRefs/HasALockDecl.java'
	 offset='205'
	 hash='3506402'
	 context='-1371160878'
	 message='InRegion(Root) on root'
	 message-id='(107,Root,root)'
	 proved-consistent='true'
	 checked-by-analysis='true'
	 from-src='true'/>

<promise-drop type='LockModel'
	 line='0'
	 file='java.lang.Object'
	 offset='2147483647'
	 hash='1709211273'
	 context='1063877011'
	 message='RegionLock java.lang.Object.MUTEX is this protects WaitQueue on Object'
	 message-id='(100,java.lang.Object.MUTEX,this,WaitQueue,Object)'
	 category='Concurrency'
	 proved-consistent='true'
	 checked-by-analysis='true'
	 from-src='true'/>

<promise-drop type='RegionModel'
	 line='0'
	 file='java.lang.[]'
	 offset='-1'
	 hash='-1305411288'
	 context='156839830'
	 message='Region public []'
	 message-id='(117,public,,[])'
	 category='Regions'
	 proved-consistent='true'
	 checked-by-analysis='true'
	 from-src='true'/>

</sea-summary>

