<?xml version='1.0' encoding='UTF-8' standalone='yes'?>
<sea-summary time='Apr 20, 2011 10:54:14 AM'
	 project='TestMoreDependencies'>

<count WarningDrop='1'/>
<count LockModel='1'/>
<count InRegionPromiseDrop='1'/>
<count ProposedPromiseDrop='10'/>
<count RegionModel='2'/>
<promise-drop type='LockModel'
	 offset='2147483647'
	 line='0'
	 path='Object'
	 file='java.lang.Object'
	 hash='1709211273'
	 context='1063877011'
	 id='11'
	 message='RegionLock java.lang.Object.MUTEX is this protects WaitQueue on Object'
	 category='Concurrency'
	 to-be-checked-by-analysis='true'
	 from-src='true'
	 message-id='(100,java.lang.Object.MUTEX,this,WaitQueue,Object)'
	 checked-by-analysis='true'
	 proved-consistent='true'
	 full-type='edu.cmu.cs.fluid.sea.drops.promises.LockModel'/>

<ir-drop type='ProposedPromiseDrop'
	 offset='300'
	 line='13'
	 path='TestMoreDependencies/src/testMethodRefs/HasRequiresLock.java'
	 uri='file:/D:/work/update-script-workspace/TestMoreDependencies/src/testMethodRefs/HasRequiresLock.java'
	 file='file:/D:/work/update-script-workspace/TestMoreDependencies/src/testMethodRefs/HasRequiresLock.java'
	 hash='293892272'
	 context='-810981007'
	 id='306'
	 message='ProposedPromiseDrop @RegionEffects(none)'
	 target-project='TestMoreDependencies'
	 java-annotation='@RegionEffects(&quot;none&quot;)'
	 annotation-type='RegionEffects'
	 contents='none'
	 from-project='TestMoreDependencies'
	 full-type='edu.cmu.cs.fluid.sea.ProposedPromiseDrop'/>

<ir-drop type='ProposedPromiseDrop'
	 offset='96'
	 line='6'
	 path='TestMoreDependencies/src/anotherPackage/UseMethod.java'
	 uri='file:/D:/work/update-script-workspace/TestMoreDependencies/src/anotherPackage/UseMethod.java'
	 file='file:/D:/work/update-script-workspace/TestMoreDependencies/src/anotherPackage/UseMethod.java'
	 hash='322331693'
	 context='-791675189'
	 id='361'
	 message='ProposedPromiseDrop @RegionEffects(writes java.lang.Object:All)'
	 target-project='TestMoreDependencies'
	 java-annotation='@RegionEffects(&quot;writes java.lang.Object:All&quot;)'
	 annotation-type='RegionEffects'
	 contents='writes java.lang.Object:All'
	 from-project='TestMoreDependencies'
	 full-type='edu.cmu.cs.fluid.sea.ProposedPromiseDrop'/>

<ir-drop type='ProposedPromiseDrop'
	 offset='291'
	 line='14'
	 path='TestMoreDependencies/src/testTypeRefs/HasALockDecl.java'
	 uri='file:/D:/work/update-script-workspace/TestMoreDependencies/src/testTypeRefs/HasALockDecl.java'
	 file='file:/D:/work/update-script-workspace/TestMoreDependencies/src/testTypeRefs/HasALockDecl.java'
	 hash='-393316777'
	 context='1334582760'
	 id='364'
	 message='ProposedPromiseDrop @RegionEffects(writes this:Root)'
	 target-project='TestMoreDependencies'
	 java-annotation='@RegionEffects(&quot;writes this:Root&quot;)'
	 annotation-type='RegionEffects'
	 contents='writes this:Root'
	 from-project='TestMoreDependencies'
	 full-type='edu.cmu.cs.fluid.sea.ProposedPromiseDrop'/>

<ir-drop type='ProposedPromiseDrop'
	 offset='195'
	 line='9'
	 path='TestMoreDependencies/src/testTypeRefs/HasALockDecl.java'
	 uri='file:/D:/work/update-script-workspace/TestMoreDependencies/src/testTypeRefs/HasALockDecl.java'
	 file='file:/D:/work/update-script-workspace/TestMoreDependencies/src/testTypeRefs/HasALockDecl.java'
	 hash='-885768741'
	 context='696560269'
	 id='392'
	 message='ProposedPromiseDrop @RegionEffects(none)'
	 target-project='TestMoreDependencies'
	 java-annotation='@RegionEffects(&quot;none&quot;)'
	 annotation-type='RegionEffects'
	 contents='none'
	 from-project='TestMoreDependencies'
	 full-type='edu.cmu.cs.fluid.sea.ProposedPromiseDrop'/>

<promise-drop type='RegionModel'
	 offset='60'
	 line='5'
	 path='TestMoreDependencies/src/testTypeRefs/HasALockDecl.java'
	 uri='file:/D:/work/update-script-workspace/TestMoreDependencies/src/testTypeRefs/HasALockDecl.java'
	 file='file:/D:/work/update-script-workspace/TestMoreDependencies/src/testTypeRefs/HasALockDecl.java'
	 hash='-1312998157'
	 context='575965694'
	 id='576'
	 message='Region public testTypeRefs.HasALockDecl.Root'
	 category='Regions'
	 from-src='true'
	 message-id='(117,public,,testTypeRefs.HasALockDecl.Root)'
	 checked-by-analysis='true'
	 proved-consistent='true'
	 full-type='edu.cmu.cs.fluid.sea.drops.promises.RegionModel'/>

<ir-drop type='ProposedPromiseDrop'
	 offset='89'
	 line='6'
	 path='TestMoreDependencies/src/anotherPackage/UseType.java'
	 uri='file:/D:/work/update-script-workspace/TestMoreDependencies/src/anotherPackage/UseType.java'
	 file='file:/D:/work/update-script-workspace/TestMoreDependencies/src/anotherPackage/UseType.java'
	 hash='1233840398'
	 context='-946635734'
	 id='662'
	 message='ProposedPromiseDrop @RegionEffects(none)'
	 target-project='TestMoreDependencies'
	 java-annotation='@RegionEffects(&quot;none&quot;)'
	 annotation-type='RegionEffects'
	 contents='none'
	 from-project='TestMoreDependencies'
	 full-type='edu.cmu.cs.fluid.sea.ProposedPromiseDrop'/>

<promise-drop type='RegionModel'
	 offset='195'
	 line='9'
	 path='TestMoreDependencies/src/testTypeRefs/HasALockDecl.java'
	 uri='file:/D:/work/update-script-workspace/TestMoreDependencies/src/testTypeRefs/HasALockDecl.java'
	 file='file:/D:/work/update-script-workspace/TestMoreDependencies/src/testTypeRefs/HasALockDecl.java'
	 hash='3506402'
	 context='-1371160878'
	 id='955'
	 message='Region   testTypeRefs.HasALockDecl.root'
	 category='Regions'
	 from-src='true'
	 message-id='(117, ,,testTypeRefs.HasALockDecl.root)'
	 checked-by-analysis='true'
	 proved-consistent='true'
	 full-type='edu.cmu.cs.fluid.sea.drops.promises.RegionModel'/>

<promise-drop type='InRegionPromiseDrop'
	 offset='205'
	 line='9'
	 path='TestMoreDependencies/src/testTypeRefs/HasALockDecl.java'
	 uri='file:/D:/work/update-script-workspace/TestMoreDependencies/src/testTypeRefs/HasALockDecl.java'
	 file='file:/D:/work/update-script-workspace/TestMoreDependencies/src/testTypeRefs/HasALockDecl.java'
	 hash='3506402'
	 context='-1371160878'
	 id='1090'
	 message='InRegion(Root) on root'
	 from-src='true'
	 message-id='(107,Root,root)'
	 checked-by-analysis='true'
	 proved-consistent='true'
	 full-type='edu.cmu.cs.fluid.sea.drops.promises.InRegionPromiseDrop'/>

<ir-drop type='WarningDrop'
	 offset='182'
	 line='8'
	 path='TestMoreDependencies/src/anotherPackage/UseMethod.java'
	 uri='file:/D:/work/update-script-workspace/TestMoreDependencies/src/anotherPackage/UseMethod.java'
	 file='file:/D:/work/update-script-workspace/TestMoreDependencies/src/anotherPackage/UseMethod.java'
	 hash='103617'
	 context='-1369435594'
	 id='1105'
	 message='Lock expression &quot;hsl&quot; does not name a programmer-declared lock; consider declaring what state is protected by the referenced lock'
	 category='unidentifiable lock(s); what is the name of the lock? what state is being protected?'
	 message-id='(220,hsl)'
	 result-type='LockAnalysis_ds_UnidentifiableLock'
	 full-type='edu.cmu.cs.fluid.sea.WarningDrop'/>

<ir-drop type='ProposedPromiseDrop'
	 offset='270'
	 line='11'
	 path='TestMoreDependencies/src/testFieldRefs/HasARegionDecl.java'
	 uri='file:/D:/work/update-script-workspace/TestMoreDependencies/src/testFieldRefs/HasARegionDecl.java'
	 file='file:/D:/work/update-script-workspace/TestMoreDependencies/src/testFieldRefs/HasARegionDecl.java'
	 hash='-563283548'
	 context='-428933495'
	 id='1261'
	 message='ProposedPromiseDrop @RegionEffects(writes java.lang.Object:All)'
	 target-project='TestMoreDependencies'
	 java-annotation='@RegionEffects(&quot;writes java.lang.Object:All&quot;)'
	 annotation-type='RegionEffects'
	 contents='writes java.lang.Object:All'
	 from-project='TestMoreDependencies'
	 full-type='edu.cmu.cs.fluid.sea.ProposedPromiseDrop'/>

<ir-drop type='ProposedPromiseDrop'
	 offset='113'
	 line='8'
	 path='TestMoreDependencies/src/anotherPackage/UseType.java'
	 uri='file:/D:/work/update-script-workspace/TestMoreDependencies/src/anotherPackage/UseType.java'
	 file='file:/D:/work/update-script-workspace/TestMoreDependencies/src/anotherPackage/UseType.java'
	 hash='-650750876'
	 context='683776636'
	 id='1267'
	 message='ProposedPromiseDrop @RegionEffects(writes java.lang.Object:All)'
	 target-project='TestMoreDependencies'
	 java-annotation='@RegionEffects(&quot;writes java.lang.Object:All&quot;)'
	 annotation-type='RegionEffects'
	 contents='writes java.lang.Object:All'
	 from-project='TestMoreDependencies'
	 full-type='edu.cmu.cs.fluid.sea.ProposedPromiseDrop'/>

<ir-drop type='ProposedPromiseDrop'
	 offset='300'
	 line='13'
	 path='TestMoreDependencies/src/testMethodRefs/HasRequiresLock.java'
	 uri='file:/D:/work/update-script-workspace/TestMoreDependencies/src/testMethodRefs/HasRequiresLock.java'
	 file='file:/D:/work/update-script-workspace/TestMoreDependencies/src/testMethodRefs/HasRequiresLock.java'
	 hash='-60950688'
	 context='605344766'
	 id='1413'
	 message='ProposedPromiseDrop @RegionEffects(writes java.lang.Object:All)'
	 target-project='TestMoreDependencies'
	 java-annotation='@RegionEffects(&quot;writes java.lang.Object:All&quot;)'
	 annotation-type='RegionEffects'
	 contents='writes java.lang.Object:All'
	 from-project='TestMoreDependencies'
	 full-type='edu.cmu.cs.fluid.sea.ProposedPromiseDrop'/>

<ir-drop type='ProposedPromiseDrop'
	 offset='96'
	 line='6'
	 path='TestMoreDependencies/src/anotherPackage/UseMethod.java'
	 uri='file:/D:/work/update-script-workspace/TestMoreDependencies/src/anotherPackage/UseMethod.java'
	 file='file:/D:/work/update-script-workspace/TestMoreDependencies/src/anotherPackage/UseMethod.java'
	 hash='1769910453'
	 context='-984856456'
	 id='1458'
	 message='ProposedPromiseDrop @RegionEffects(none)'
	 target-project='TestMoreDependencies'
	 java-annotation='@RegionEffects(&quot;none&quot;)'
	 annotation-type='RegionEffects'
	 contents='none'
	 from-project='TestMoreDependencies'
	 full-type='edu.cmu.cs.fluid.sea.ProposedPromiseDrop'/>

<ir-drop type='ProposedPromiseDrop'
	 offset='116'
	 line='6'
	 path='TestMoreDependencies/src/anotherPackage/UseField.java'
	 uri='file:/D:/work/update-script-workspace/TestMoreDependencies/src/anotherPackage/UseField.java'
	 file='file:/D:/work/update-script-workspace/TestMoreDependencies/src/anotherPackage/UseField.java'
	 hash='669455113'
	 context='-905291164'
	 id='1467'
	 message='ProposedPromiseDrop @RegionEffects(writes java.lang.Object:All)'
	 target-project='TestMoreDependencies'
	 java-annotation='@RegionEffects(&quot;writes java.lang.Object:All&quot;)'
	 annotation-type='RegionEffects'
	 contents='writes java.lang.Object:All'
	 from-project='TestMoreDependencies'
	 full-type='edu.cmu.cs.fluid.sea.ProposedPromiseDrop'/>

</sea-summary>

