<sourceFiles>
	<package name="EDU.oswego.cs.dl.util.concurrent">
		<class name="Barrier.java" source="/util.concurrent/src/EDU/oswego/cs/dl/util/concurrent/Barrier.java.html"/>
		<class name="BoundedBuffer.java" source="/util.concurrent/src/EDU/oswego/cs/dl/util/concurrent/BoundedBuffer.java.html"/>
		<class name="BoundedChannel.java" source="/util.concurrent/src/EDU/oswego/cs/dl/util/concurrent/BoundedChannel.java.html"/>
		<class name="BoundedLinkedQueue.java" source="/util.concurrent/src/EDU/oswego/cs/dl/util/concurrent/BoundedLinkedQueue.java.html"/>
		<class name="BoundedPriorityQueue.java" source="/util.concurrent/src/EDU/oswego/cs/dl/util/concurrent/BoundedPriorityQueue.java.html"/>
		<class name="BrokenBarrierException.java" source="/util.concurrent/src/EDU/oswego/cs/dl/util/concurrent/BrokenBarrierException.java.html"/>
		<class name="Callable.java" source="/util.concurrent/src/EDU/oswego/cs/dl/util/concurrent/Callable.java.html"/>
		<class name="Channel.java" source="/util.concurrent/src/EDU/oswego/cs/dl/util/concurrent/Channel.java.html"/>
		<class name="ClockDaemon.java" source="/util.concurrent/src/EDU/oswego/cs/dl/util/concurrent/ClockDaemon.java.html"/>
		<class name="ConcurrentHashMap.java" source="/util.concurrent/src/EDU/oswego/cs/dl/util/concurrent/ConcurrentHashMap.java.html"/>
		<class name="ConcurrentReaderHashMap.java" source="/util.concurrent/src/EDU/oswego/cs/dl/util/concurrent/ConcurrentReaderHashMap.java.html"/>
		<class name="CondVar.java" source="/util.concurrent/src/EDU/oswego/cs/dl/util/concurrent/CondVar.java.html"/>
		<class name="CopyOnWriteArrayList.java" source="/util.concurrent/src/EDU/oswego/cs/dl/util/concurrent/CopyOnWriteArrayList.java.html"/>
		<class name="CopyOnWriteArraySet.java" source="/util.concurrent/src/EDU/oswego/cs/dl/util/concurrent/CopyOnWriteArraySet.java.html"/>
		<class name="CountDown.java" source="/util.concurrent/src/EDU/oswego/cs/dl/util/concurrent/CountDown.java.html"/>
		<class name="CyclicBarrier.java" source="/util.concurrent/src/EDU/oswego/cs/dl/util/concurrent/CyclicBarrier.java.html"/>
		<class name="DefaultChannelCapacity.java" source="/util.concurrent/src/EDU/oswego/cs/dl/util/concurrent/DefaultChannelCapacity.java.html"/>
		<class name="DirectExecutor.java" source="/util.concurrent/src/EDU/oswego/cs/dl/util/concurrent/DirectExecutor.java.html"/>
		<class name="Executor.java" source="/util.concurrent/src/EDU/oswego/cs/dl/util/concurrent/Executor.java.html"/>
		<class name="FIFOReadWriteLock.java" source="/util.concurrent/src/EDU/oswego/cs/dl/util/concurrent/FIFOReadWriteLock.java.html"/>
		<class name="FIFOSemaphore.java" source="/util.concurrent/src/EDU/oswego/cs/dl/util/concurrent/FIFOSemaphore.java.html"/>
		<class name="FJTask.java" source="/util.concurrent/src/EDU/oswego/cs/dl/util/concurrent/FJTask.java.html"/>
		<class name="FJTaskRunner.java" source="/util.concurrent/src/EDU/oswego/cs/dl/util/concurrent/FJTaskRunner.java.html"/>
		<class name="FJTaskRunnerGroup.java" source="/util.concurrent/src/EDU/oswego/cs/dl/util/concurrent/FJTaskRunnerGroup.java.html"/>
		<class name="FutureResult.java" source="/util.concurrent/src/EDU/oswego/cs/dl/util/concurrent/FutureResult.java.html"/>
		<class name="Heap.java" source="/util.concurrent/src/EDU/oswego/cs/dl/util/concurrent/Heap.java.html"/>
		<class name="Latch.java" source="/util.concurrent/src/EDU/oswego/cs/dl/util/concurrent/Latch.java.html"/>
		<class name="LayeredSync.java" source="/util.concurrent/src/EDU/oswego/cs/dl/util/concurrent/LayeredSync.java.html"/>
		<class name="LinkedNode.java" source="/util.concurrent/src/EDU/oswego/cs/dl/util/concurrent/LinkedNode.java.html"/>
		<class name="LinkedQueue.java" source="/util.concurrent/src/EDU/oswego/cs/dl/util/concurrent/LinkedQueue.java.html"/>
		<class name="LockedExecutor.java" source="/util.concurrent/src/EDU/oswego/cs/dl/util/concurrent/LockedExecutor.java.html"/>
		<class name="Mutex.java" source="/util.concurrent/src/EDU/oswego/cs/dl/util/concurrent/Mutex.java.html"/>
		<class name="NullSync.java" source="/util.concurrent/src/EDU/oswego/cs/dl/util/concurrent/NullSync.java.html"/>
		<class name="ObservableSync.java" source="/util.concurrent/src/EDU/oswego/cs/dl/util/concurrent/ObservableSync.java.html"/>
		<class name="PooledExecutor.java" source="/util.concurrent/src/EDU/oswego/cs/dl/util/concurrent/PooledExecutor.java.html"/>
		<class name="PrioritySemaphore.java" source="/util.concurrent/src/EDU/oswego/cs/dl/util/concurrent/PrioritySemaphore.java.html"/>
		<class name="PropertyChangeMulticaster.java" source="/util.concurrent/src/EDU/oswego/cs/dl/util/concurrent/PropertyChangeMulticaster.java.html"/>
		<class name="Puttable.java" source="/util.concurrent/src/EDU/oswego/cs/dl/util/concurrent/Puttable.java.html"/>
		<class name="QueuedExecutor.java" source="/util.concurrent/src/EDU/oswego/cs/dl/util/concurrent/QueuedExecutor.java.html"/>
		<class name="QueuedSemaphore.java" source="/util.concurrent/src/EDU/oswego/cs/dl/util/concurrent/QueuedSemaphore.java.html"/>
		<class name="ReadWriteLock.java" source="/util.concurrent/src/EDU/oswego/cs/dl/util/concurrent/ReadWriteLock.java.html"/>
		<class name="ReaderPreferenceReadWriteLock.java" source="/util.concurrent/src/EDU/oswego/cs/dl/util/concurrent/ReaderPreferenceReadWriteLock.java.html"/>
		<class name="ReentrantLock.java" source="/util.concurrent/src/EDU/oswego/cs/dl/util/concurrent/ReentrantLock.java.html"/>
		<class name="ReentrantWriterPreferenceReadWriteLock.java" source="/util.concurrent/src/EDU/oswego/cs/dl/util/concurrent/ReentrantWriterPreferenceReadWriteLock.java.html"/>
		<class name="Rendezvous.java" source="/util.concurrent/src/EDU/oswego/cs/dl/util/concurrent/Rendezvous.java.html"/>
		<class name="Semaphore.java" source="/util.concurrent/src/EDU/oswego/cs/dl/util/concurrent/Semaphore.java.html"/>
		<class name="SemaphoreControlledChannel.java" source="/util.concurrent/src/EDU/oswego/cs/dl/util/concurrent/SemaphoreControlledChannel.java.html"/>
		<class name="Slot.java" source="/util.concurrent/src/EDU/oswego/cs/dl/util/concurrent/Slot.java.html"/>
		<class name="Sync.java" source="/util.concurrent/src/EDU/oswego/cs/dl/util/concurrent/Sync.java.html"/>
		<class name="SyncCollection.java" source="/util.concurrent/src/EDU/oswego/cs/dl/util/concurrent/SyncCollection.java.html"/>
		<class name="SyncList.java" source="/util.concurrent/src/EDU/oswego/cs/dl/util/concurrent/SyncList.java.html"/>
		<class name="SyncMap.java" source="/util.concurrent/src/EDU/oswego/cs/dl/util/concurrent/SyncMap.java.html"/>
		<class name="SyncSet.java" source="/util.concurrent/src/EDU/oswego/cs/dl/util/concurrent/SyncSet.java.html"/>
		<class name="SyncSortedMap.java" source="/util.concurrent/src/EDU/oswego/cs/dl/util/concurrent/SyncSortedMap.java.html"/>
		<class name="SyncSortedSet.java" source="/util.concurrent/src/EDU/oswego/cs/dl/util/concurrent/SyncSortedSet.java.html"/>
		<class name="SynchronizedBoolean.java" source="/util.concurrent/src/EDU/oswego/cs/dl/util/concurrent/SynchronizedBoolean.java.html"/>
		<class name="SynchronizedByte.java" source="/util.concurrent/src/EDU/oswego/cs/dl/util/concurrent/SynchronizedByte.java.html"/>
		<class name="SynchronizedChar.java" source="/util.concurrent/src/EDU/oswego/cs/dl/util/concurrent/SynchronizedChar.java.html"/>
		<class name="SynchronizedDouble.java" source="/util.concurrent/src/EDU/oswego/cs/dl/util/concurrent/SynchronizedDouble.java.html"/>
		<class name="SynchronizedFloat.java" source="/util.concurrent/src/EDU/oswego/cs/dl/util/concurrent/SynchronizedFloat.java.html"/>
		<class name="SynchronizedInt.java" source="/util.concurrent/src/EDU/oswego/cs/dl/util/concurrent/SynchronizedInt.java.html"/>
		<class name="SynchronizedLong.java" source="/util.concurrent/src/EDU/oswego/cs/dl/util/concurrent/SynchronizedLong.java.html"/>
		<class name="SynchronizedRef.java" source="/util.concurrent/src/EDU/oswego/cs/dl/util/concurrent/SynchronizedRef.java.html"/>
		<class name="SynchronizedShort.java" source="/util.concurrent/src/EDU/oswego/cs/dl/util/concurrent/SynchronizedShort.java.html"/>
		<class name="SynchronizedVariable.java" source="/util.concurrent/src/EDU/oswego/cs/dl/util/concurrent/SynchronizedVariable.java.html"/>
		<class name="SynchronousChannel.java" source="/util.concurrent/src/EDU/oswego/cs/dl/util/concurrent/SynchronousChannel.java.html"/>
		<class name="Takable.java" source="/util.concurrent/src/EDU/oswego/cs/dl/util/concurrent/Takable.java.html"/>
		<class name="ThreadFactory.java" source="/util.concurrent/src/EDU/oswego/cs/dl/util/concurrent/ThreadFactory.java.html"/>
		<class name="ThreadFactoryUser.java" source="/util.concurrent/src/EDU/oswego/cs/dl/util/concurrent/ThreadFactoryUser.java.html"/>
		<class name="ThreadedExecutor.java" source="/util.concurrent/src/EDU/oswego/cs/dl/util/concurrent/ThreadedExecutor.java.html"/>
		<class name="TimedCallable.java" source="/util.concurrent/src/EDU/oswego/cs/dl/util/concurrent/TimedCallable.java.html"/>
		<class name="TimeoutException.java" source="/util.concurrent/src/EDU/oswego/cs/dl/util/concurrent/TimeoutException.java.html"/>
		<class name="TimeoutSync.java" source="/util.concurrent/src/EDU/oswego/cs/dl/util/concurrent/TimeoutSync.java.html"/>
		<class name="VetoableChangeMulticaster.java" source="/util.concurrent/src/EDU/oswego/cs/dl/util/concurrent/VetoableChangeMulticaster.java.html"/>
		<class name="WaitFreeQueue.java" source="/util.concurrent/src/EDU/oswego/cs/dl/util/concurrent/WaitFreeQueue.java.html"/>
		<class name="WaitableBoolean.java" source="/util.concurrent/src/EDU/oswego/cs/dl/util/concurrent/WaitableBoolean.java.html"/>
		<class name="WaitableByte.java" source="/util.concurrent/src/EDU/oswego/cs/dl/util/concurrent/WaitableByte.java.html"/>
		<class name="WaitableChar.java" source="/util.concurrent/src/EDU/oswego/cs/dl/util/concurrent/WaitableChar.java.html"/>
		<class name="WaitableDouble.java" source="/util.concurrent/src/EDU/oswego/cs/dl/util/concurrent/WaitableDouble.java.html"/>
		<class name="WaitableFloat.java" source="/util.concurrent/src/EDU/oswego/cs/dl/util/concurrent/WaitableFloat.java.html"/>
		<class name="WaitableInt.java" source="/util.concurrent/src/EDU/oswego/cs/dl/util/concurrent/WaitableInt.java.html"/>
		<class name="WaitableLong.java" source="/util.concurrent/src/EDU/oswego/cs/dl/util/concurrent/WaitableLong.java.html"/>
		<class name="WaitableRef.java" source="/util.concurrent/src/EDU/oswego/cs/dl/util/concurrent/WaitableRef.java.html"/>
		<class name="WaitableShort.java" source="/util.concurrent/src/EDU/oswego/cs/dl/util/concurrent/WaitableShort.java.html"/>
		<class name="WaiterPreferenceSemaphore.java" source="/util.concurrent/src/EDU/oswego/cs/dl/util/concurrent/WaiterPreferenceSemaphore.java.html"/>
		<class name="WriterPreferenceReadWriteLock.java" source="/util.concurrent/src/EDU/oswego/cs/dl/util/concurrent/WriterPreferenceReadWriteLock.java.html"/>
	</package>
	<package name="EDU.oswego.cs.dl.util.concurrent.misc">
		<class name="CVBuffer.java" source="/util.concurrent/src/EDU/oswego/cs/dl/util/concurrent/misc/CVBuffer.java.html"/>
		<class name="FIFOSlot.java" source="/util.concurrent/src/EDU/oswego/cs/dl/util/concurrent/misc/FIFOSlot.java.html"/>
		<class name="Fraction.java" source="/util.concurrent/src/EDU/oswego/cs/dl/util/concurrent/misc/Fraction.java.html"/>
		<class name="PipedChannel.java" source="/util.concurrent/src/EDU/oswego/cs/dl/util/concurrent/misc/PipedChannel.java.html"/>
		<class name="SwingWorker.java" source="/util.concurrent/src/EDU/oswego/cs/dl/util/concurrent/misc/SwingWorker.java.html"/>
		<class name="SynchronizationTimer.java" source="/util.concurrent/src/EDU/oswego/cs/dl/util/concurrent/misc/SynchronizationTimer.java.html"/>
	</package>
</sourceFiles>
