<root msg="Assurance Results">
  <result msg="Concurrency (1 issue)" baseImage="folder.gif" flags="2">
    <result msg="RegionLock java.lang.Object.MUTEX is this protects WaitQueue  on  Object  at  java.lang.Object" baseImage="annotation.gif" flags="2">
      <result msg="5 lock precondition(s)" baseImage="folder.gif" flags="2">
        <result msg="RequiresLock MUTEX  on  java.lang.Object.notify()  at  java.lang.Object" baseImage="annotation.gif" flags="2" />
        <result msg="RequiresLock MUTEX  on  java.lang.Object.notifyAll()  at  java.lang.Object" baseImage="annotation.gif" flags="2" />
        <result msg="RequiresLock MUTEX  on  java.lang.Object.wait()  at  java.lang.Object" baseImage="annotation.gif" flags="2" />
        <result msg="RequiresLock MUTEX  on  java.lang.Object.wait(long)  at  java.lang.Object" baseImage="annotation.gif" flags="2" />
        <result msg="RequiresLock MUTEX  on  java.lang.Object.wait(long,int)  at  java.lang.Object" baseImage="annotation.gif" flags="2" />
      </result>
      <result msg="java.lang.Object.MUTEX is consistent with the code in java.lang.Object" baseImage="plus.gif" flags="0" />
      <result msg="Region public java.lang.Object.WaitQueue  at  java.lang.Object" baseImage="annotation.gif" flags="0">
        <result msg="Region public java.lang.Object.Instance  at  java.lang.Object" baseImage="annotation.gif" flags="0">
          <result msg="Region public static java.lang.Object.All  at  java.lang.Object" baseImage="annotation.gif" flags="0" />
        </result>
      </result>
    </result>
  </result>
  <result msg="Regions (9 issues)" baseImage="folder.gif" flags="2">
    <result msg="Region private test.Test.B  at  Test.java line 16" source="/NewRegionRules/src/test/Test.java.html" line="16" baseImage="annotation.gif" flags="0">
      <result msg="Region private test.Test.regularField  at  Test.java line 44" source="/NewRegionRules/src/test/Test.java.html" line="44" baseImage="annotation.gif" flags="0" />
    </result>
    <result msg="Region private test.Test.ZZZ  at  Test.java line 23" source="/NewRegionRules/src/test/Test.java.html" line="23" baseImage="annotation.gif" flags="0">
      <result msg="Region private test.Test.topField  at  Test.java line 75" source="/NewRegionRules/src/test/Test.java.html" line="75" baseImage="annotation.gif" flags="0" />
    </result>
    <result msg="Region private test.Test.aggIntoRegular  at  Test.java line 68" source="/NewRegionRules/src/test/Test.java.html" line="68" baseImage="annotation.gif" flags="0">
      <result msg="Aggregate Instance into regularField  at  Test.java line 67" source="/NewRegionRules/src/test/Test.java.html" line="67" baseImage="annotation.gif" flags="2">
        <result msg="Unique  on  aggIntoRegular  at  Test.java line 66" source="/NewRegionRules/src/test/Test.java.html" line="66" baseImage="annotation.gif" flags="2">
          <result msg="Assurance conservatively depends on the unique fields accessed in method test.Test.Test()  at  Test.java line 29" source="/NewRegionRules/src/test/Test.java.html" line="29" baseImage="plus.gif" flags="2">
            <result msg="5 prerequisite assertions:" baseImage="choice_item.gif" flags="2">
              <result msg="Unique  on  aggIntoFinal  at  Test.java line 58" source="/NewRegionRules/src/test/Test.java.html" line="58" baseImage="annotation.gif" flags="2">
                <result msg="Assurance conservatively depends on the unique fields accessed in method test.Test.Test()  at  Test.java line 29 -- BACKEDGE" source="/NewRegionRules/src/test/Test.java.html" line="29" baseImage="plus.gif" flags="2" />
                <result msg="Control flow of constructor test.Test.Test()  at  Test.java line 29" source="/NewRegionRules/src/test/Test.java.html" line="29" baseImage="plus.gif" flags="0" />
                <result msg="Effects of call new java.lang.Object  at  Test.java line 36" source="/NewRegionRules/src/test/Test.java.html" line="36" baseImage="plus.gif" flags="2">
                  <result msg="1 prerequisite assertion:" baseImage="choice_item.gif" flags="2">
                    <result msg="No effects on java.lang.Object.Object()  at  java.lang.Object" baseImage="annotation.gif" flags="2" />
                  </result>
                </result>
                <result msg="Effects of call new java.lang.Object  at  Test.java line 60" source="/NewRegionRules/src/test/Test.java.html" line="60" baseImage="plus.gif" flags="2">
                  <result msg="1 prerequisite assertion:" baseImage="choice_item.gif" flags="2">
                    <result msg="No effects on java.lang.Object.Object()  at  java.lang.Object" baseImage="annotation.gif" flags="2" />
                  </result>
                </result>
                <result msg="Effects of call new java.lang.Object  at  Test.java line 64" source="/NewRegionRules/src/test/Test.java.html" line="64" baseImage="plus.gif" flags="2">
                  <result msg="1 prerequisite assertion:" baseImage="choice_item.gif" flags="2">
                    <result msg="No effects on java.lang.Object.Object()  at  java.lang.Object" baseImage="annotation.gif" flags="2" />
                  </result>
                </result>
                <result msg="Effects of call new java.lang.Object  at  Test.java line 68" source="/NewRegionRules/src/test/Test.java.html" line="68" baseImage="plus.gif" flags="2">
                  <result msg="1 prerequisite assertion:" baseImage="choice_item.gif" flags="2">
                    <result msg="No effects on java.lang.Object.Object()  at  java.lang.Object" baseImage="annotation.gif" flags="2" />
                  </result>
                </result>
                <result msg="Effects of call super  at  Test.java line 29" source="/NewRegionRules/src/test/Test.java.html" line="29" baseImage="plus.gif" flags="2">
                  <result msg="1 prerequisite assertion:" baseImage="choice_item.gif" flags="2">
                    <result msg="No effects on java.lang.Object.Object()  at  java.lang.Object" baseImage="annotation.gif" flags="2" />
                  </result>
                </result>
                <result msg="Unique return value of call new java.lang.Object  at  Test.java line 36" source="/NewRegionRules/src/test/Test.java.html" line="36" baseImage="plus.gif" flags="2">
                  <result msg="1 prerequisite assertion:" baseImage="choice_item.gif" flags="2">
                    <result msg="Unique(return)  on  java.lang.Object.Object()  at  java.lang.Object" baseImage="annotation.gif" flags="2" />
                  </result>
                </result>
                <result msg="Unique return value of call new java.lang.Object  at  Test.java line 60" source="/NewRegionRules/src/test/Test.java.html" line="60" baseImage="plus.gif" flags="2">
                  <result msg="1 prerequisite assertion:" baseImage="choice_item.gif" flags="2">
                    <result msg="Unique(return)  on  java.lang.Object.Object()  at  java.lang.Object" baseImage="annotation.gif" flags="2" />
                  </result>
                </result>
                <result msg="Unique return value of call new java.lang.Object  at  Test.java line 64" source="/NewRegionRules/src/test/Test.java.html" line="64" baseImage="plus.gif" flags="2">
                  <result msg="1 prerequisite assertion:" baseImage="choice_item.gif" flags="2">
                    <result msg="Unique(return)  on  java.lang.Object.Object()  at  java.lang.Object" baseImage="annotation.gif" flags="2" />
                  </result>
                </result>
                <result msg="Unique return value of call new java.lang.Object  at  Test.java line 68" source="/NewRegionRules/src/test/Test.java.html" line="68" baseImage="plus.gif" flags="2">
                  <result msg="1 prerequisite assertion:" baseImage="choice_item.gif" flags="2">
                    <result msg="Unique(return)  on  java.lang.Object.Object()  at  java.lang.Object" baseImage="annotation.gif" flags="2" />
                  </result>
                </result>
                <result msg="Unique return value of call super  at  Test.java line 29" source="/NewRegionRules/src/test/Test.java.html" line="29" baseImage="plus.gif" flags="2">
                  <result msg="1 prerequisite assertion:" baseImage="choice_item.gif" flags="2">
                    <result msg="Unique(return)  on  java.lang.Object.Object()  at  java.lang.Object" baseImage="annotation.gif" flags="2" />
                  </result>
                </result>
              </result>
              <result msg="Unique  on  aggIntoRegular  at  Test.java line 66 -- BACKEDGE" source="/NewRegionRules/src/test/Test.java.html" line="66" baseImage="annotation.gif" flags="2" />
              <result msg="Unique  on  aggIntoVolatile  at  Test.java line 62" source="/NewRegionRules/src/test/Test.java.html" line="62" baseImage="annotation.gif" flags="2">
                <result msg="Assurance conservatively depends on the unique fields accessed in method test.Test.Test()  at  Test.java line 29 -- BACKEDGE" source="/NewRegionRules/src/test/Test.java.html" line="29" baseImage="plus.gif" flags="2" />
                <result msg="Control flow of constructor test.Test.Test()  at  Test.java line 29" source="/NewRegionRules/src/test/Test.java.html" line="29" baseImage="plus.gif" flags="0" />
                <result msg="Effects of call new java.lang.Object  at  Test.java line 36" source="/NewRegionRules/src/test/Test.java.html" line="36" baseImage="plus.gif" flags="2">
                  <result msg="1 prerequisite assertion:" baseImage="choice_item.gif" flags="2">
                    <result msg="No effects on java.lang.Object.Object()  at  java.lang.Object" baseImage="annotation.gif" flags="2" />
                  </result>
                </result>
                <result msg="Effects of call new java.lang.Object  at  Test.java line 60" source="/NewRegionRules/src/test/Test.java.html" line="60" baseImage="plus.gif" flags="2">
                  <result msg="1 prerequisite assertion:" baseImage="choice_item.gif" flags="2">
                    <result msg="No effects on java.lang.Object.Object()  at  java.lang.Object" baseImage="annotation.gif" flags="2" />
                  </result>
                </result>
                <result msg="Effects of call new java.lang.Object  at  Test.java line 64" source="/NewRegionRules/src/test/Test.java.html" line="64" baseImage="plus.gif" flags="2">
                  <result msg="1 prerequisite assertion:" baseImage="choice_item.gif" flags="2">
                    <result msg="No effects on java.lang.Object.Object()  at  java.lang.Object" baseImage="annotation.gif" flags="2" />
                  </result>
                </result>
                <result msg="Effects of call new java.lang.Object  at  Test.java line 68" source="/NewRegionRules/src/test/Test.java.html" line="68" baseImage="plus.gif" flags="2">
                  <result msg="1 prerequisite assertion:" baseImage="choice_item.gif" flags="2">
                    <result msg="No effects on java.lang.Object.Object()  at  java.lang.Object" baseImage="annotation.gif" flags="2" />
                  </result>
                </result>
                <result msg="Effects of call super  at  Test.java line 29" source="/NewRegionRules/src/test/Test.java.html" line="29" baseImage="plus.gif" flags="2">
                  <result msg="1 prerequisite assertion:" baseImage="choice_item.gif" flags="2">
                    <result msg="No effects on java.lang.Object.Object()  at  java.lang.Object" baseImage="annotation.gif" flags="2" />
                  </result>
                </result>
                <result msg="Unique return value of call new java.lang.Object  at  Test.java line 36" source="/NewRegionRules/src/test/Test.java.html" line="36" baseImage="plus.gif" flags="2">
                  <result msg="1 prerequisite assertion:" baseImage="choice_item.gif" flags="2">
                    <result msg="Unique(return)  on  java.lang.Object.Object()  at  java.lang.Object" baseImage="annotation.gif" flags="2" />
                  </result>
                </result>
                <result msg="Unique return value of call new java.lang.Object  at  Test.java line 60" source="/NewRegionRules/src/test/Test.java.html" line="60" baseImage="plus.gif" flags="2">
                  <result msg="1 prerequisite assertion:" baseImage="choice_item.gif" flags="2">
                    <result msg="Unique(return)  on  java.lang.Object.Object()  at  java.lang.Object" baseImage="annotation.gif" flags="2" />
                  </result>
                </result>
                <result msg="Unique return value of call new java.lang.Object  at  Test.java line 64" source="/NewRegionRules/src/test/Test.java.html" line="64" baseImage="plus.gif" flags="2">
                  <result msg="1 prerequisite assertion:" baseImage="choice_item.gif" flags="2">
                    <result msg="Unique(return)  on  java.lang.Object.Object()  at  java.lang.Object" baseImage="annotation.gif" flags="2" />
                  </result>
                </result>
                <result msg="Unique return value of call new java.lang.Object  at  Test.java line 68" source="/NewRegionRules/src/test/Test.java.html" line="68" baseImage="plus.gif" flags="2">
                  <result msg="1 prerequisite assertion:" baseImage="choice_item.gif" flags="2">
                    <result msg="Unique(return)  on  java.lang.Object.Object()  at  java.lang.Object" baseImage="annotation.gif" flags="2" />
                  </result>
                </result>
                <result msg="Unique return value of call super  at  Test.java line 29" source="/NewRegionRules/src/test/Test.java.html" line="29" baseImage="plus.gif" flags="2">
                  <result msg="1 prerequisite assertion:" baseImage="choice_item.gif" flags="2">
                    <result msg="Unique(return)  on  java.lang.Object.Object()  at  java.lang.Object" baseImage="annotation.gif" flags="2" />
                  </result>
                </result>
              </result>
              <result msg="Unique  on  goodUnique1  at  Test.java line 32" source="/NewRegionRules/src/test/Test.java.html" line="32" baseImage="annotation.gif" flags="2">
                <result msg="Assurance conservatively depends on the unique fields accessed in method test.Test.Test()  at  Test.java line 29 -- BACKEDGE" source="/NewRegionRules/src/test/Test.java.html" line="29" baseImage="plus.gif" flags="2" />
                <result msg="Control flow of constructor test.Test.Test()  at  Test.java line 29" source="/NewRegionRules/src/test/Test.java.html" line="29" baseImage="plus.gif" flags="0" />
                <result msg="Effects of call new java.lang.Object  at  Test.java line 36" source="/NewRegionRules/src/test/Test.java.html" line="36" baseImage="plus.gif" flags="2">
                  <result msg="1 prerequisite assertion:" baseImage="choice_item.gif" flags="2">
                    <result msg="No effects on java.lang.Object.Object()  at  java.lang.Object" baseImage="annotation.gif" flags="2" />
                  </result>
                </result>
                <result msg="Effects of call new java.lang.Object  at  Test.java line 60" source="/NewRegionRules/src/test/Test.java.html" line="60" baseImage="plus.gif" flags="2">
                  <result msg="1 prerequisite assertion:" baseImage="choice_item.gif" flags="2">
                    <result msg="No effects on java.lang.Object.Object()  at  java.lang.Object" baseImage="annotation.gif" flags="2" />
                  </result>
                </result>
                <result msg="Effects of call new java.lang.Object  at  Test.java line 64" source="/NewRegionRules/src/test/Test.java.html" line="64" baseImage="plus.gif" flags="2">
                  <result msg="1 prerequisite assertion:" baseImage="choice_item.gif" flags="2">
                    <result msg="No effects on java.lang.Object.Object()  at  java.lang.Object" baseImage="annotation.gif" flags="2" />
                  </result>
                </result>
                <result msg="Effects of call new java.lang.Object  at  Test.java line 68" source="/NewRegionRules/src/test/Test.java.html" line="68" baseImage="plus.gif" flags="2">
                  <result msg="1 prerequisite assertion:" baseImage="choice_item.gif" flags="2">
                    <result msg="No effects on java.lang.Object.Object()  at  java.lang.Object" baseImage="annotation.gif" flags="2" />
                  </result>
                </result>
                <result msg="Effects of call super  at  Test.java line 29" source="/NewRegionRules/src/test/Test.java.html" line="29" baseImage="plus.gif" flags="2">
                  <result msg="1 prerequisite assertion:" baseImage="choice_item.gif" flags="2">
                    <result msg="No effects on java.lang.Object.Object()  at  java.lang.Object" baseImage="annotation.gif" flags="2" />
                  </result>
                </result>
                <result msg="Unique return value of call new java.lang.Object  at  Test.java line 36" source="/NewRegionRules/src/test/Test.java.html" line="36" baseImage="plus.gif" flags="2">
                  <result msg="1 prerequisite assertion:" baseImage="choice_item.gif" flags="2">
                    <result msg="Unique(return)  on  java.lang.Object.Object()  at  java.lang.Object" baseImage="annotation.gif" flags="2" />
                  </result>
                </result>
                <result msg="Unique return value of call new java.lang.Object  at  Test.java line 60" source="/NewRegionRules/src/test/Test.java.html" line="60" baseImage="plus.gif" flags="2">
                  <result msg="1 prerequisite assertion:" baseImage="choice_item.gif" flags="2">
                    <result msg="Unique(return)  on  java.lang.Object.Object()  at  java.lang.Object" baseImage="annotation.gif" flags="2" />
                  </result>
                </result>
                <result msg="Unique return value of call new java.lang.Object  at  Test.java line 64" source="/NewRegionRules/src/test/Test.java.html" line="64" baseImage="plus.gif" flags="2">
                  <result msg="1 prerequisite assertion:" baseImage="choice_item.gif" flags="2">
                    <result msg="Unique(return)  on  java.lang.Object.Object()  at  java.lang.Object" baseImage="annotation.gif" flags="2" />
                  </result>
                </result>
                <result msg="Unique return value of call new java.lang.Object  at  Test.java line 68" source="/NewRegionRules/src/test/Test.java.html" line="68" baseImage="plus.gif" flags="2">
                  <result msg="1 prerequisite assertion:" baseImage="choice_item.gif" flags="2">
                    <result msg="Unique(return)  on  java.lang.Object.Object()  at  java.lang.Object" baseImage="annotation.gif" flags="2" />
                  </result>
                </result>
                <result msg="Unique return value of call super  at  Test.java line 29" source="/NewRegionRules/src/test/Test.java.html" line="29" baseImage="plus.gif" flags="2">
                  <result msg="1 prerequisite assertion:" baseImage="choice_item.gif" flags="2">
                    <result msg="Unique(return)  on  java.lang.Object.Object()  at  java.lang.Object" baseImage="annotation.gif" flags="2" />
                  </result>
                </result>
              </result>
              <result msg="Unique  on  goodUnique2  at  Test.java line 35" source="/NewRegionRules/src/test/Test.java.html" line="35" baseImage="annotation.gif" flags="2">
                <result msg="Assurance conservatively depends on the unique fields accessed in method test.Test.Test()  at  Test.java line 29 -- BACKEDGE" source="/NewRegionRules/src/test/Test.java.html" line="29" baseImage="plus.gif" flags="2" />
                <result msg="Control flow of constructor test.Test.Test()  at  Test.java line 29" source="/NewRegionRules/src/test/Test.java.html" line="29" baseImage="plus.gif" flags="0" />
                <result msg="Effects of call new java.lang.Object  at  Test.java line 36" source="/NewRegionRules/src/test/Test.java.html" line="36" baseImage="plus.gif" flags="2">
                  <result msg="1 prerequisite assertion:" baseImage="choice_item.gif" flags="2">
                    <result msg="No effects on java.lang.Object.Object()  at  java.lang.Object" baseImage="annotation.gif" flags="2" />
                  </result>
                </result>
                <result msg="Effects of call new java.lang.Object  at  Test.java line 60" source="/NewRegionRules/src/test/Test.java.html" line="60" baseImage="plus.gif" flags="2">
                  <result msg="1 prerequisite assertion:" baseImage="choice_item.gif" flags="2">
                    <result msg="No effects on java.lang.Object.Object()  at  java.lang.Object" baseImage="annotation.gif" flags="2" />
                  </result>
                </result>
                <result msg="Effects of call new java.lang.Object  at  Test.java line 64" source="/NewRegionRules/src/test/Test.java.html" line="64" baseImage="plus.gif" flags="2">
                  <result msg="1 prerequisite assertion:" baseImage="choice_item.gif" flags="2">
                    <result msg="No effects on java.lang.Object.Object()  at  java.lang.Object" baseImage="annotation.gif" flags="2" />
                  </result>
                </result>
                <result msg="Effects of call new java.lang.Object  at  Test.java line 68" source="/NewRegionRules/src/test/Test.java.html" line="68" baseImage="plus.gif" flags="2">
                  <result msg="1 prerequisite assertion:" baseImage="choice_item.gif" flags="2">
                    <result msg="No effects on java.lang.Object.Object()  at  java.lang.Object" baseImage="annotation.gif" flags="2" />
                  </result>
                </result>
                <result msg="Effects of call super  at  Test.java line 29" source="/NewRegionRules/src/test/Test.java.html" line="29" baseImage="plus.gif" flags="2">
                  <result msg="1 prerequisite assertion:" baseImage="choice_item.gif" flags="2">
                    <result msg="No effects on java.lang.Object.Object()  at  java.lang.Object" baseImage="annotation.gif" flags="2" />
                  </result>
                </result>
                <result msg="Unique return value of call new java.lang.Object  at  Test.java line 36" source="/NewRegionRules/src/test/Test.java.html" line="36" baseImage="plus.gif" flags="2">
                  <result msg="1 prerequisite assertion:" baseImage="choice_item.gif" flags="2">
                    <result msg="Unique(return)  on  java.lang.Object.Object()  at  java.lang.Object" baseImage="annotation.gif" flags="2" />
                  </result>
                </result>
                <result msg="Unique return value of call new java.lang.Object  at  Test.java line 60" source="/NewRegionRules/src/test/Test.java.html" line="60" baseImage="plus.gif" flags="2">
                  <result msg="1 prerequisite assertion:" baseImage="choice_item.gif" flags="2">
                    <result msg="Unique(return)  on  java.lang.Object.Object()  at  java.lang.Object" baseImage="annotation.gif" flags="2" />
                  </result>
                </result>
                <result msg="Unique return value of call new java.lang.Object  at  Test.java line 64" source="/NewRegionRules/src/test/Test.java.html" line="64" baseImage="plus.gif" flags="2">
                  <result msg="1 prerequisite assertion:" baseImage="choice_item.gif" flags="2">
                    <result msg="Unique(return)  on  java.lang.Object.Object()  at  java.lang.Object" baseImage="annotation.gif" flags="2" />
                  </result>
                </result>
                <result msg="Unique return value of call new java.lang.Object  at  Test.java line 68" source="/NewRegionRules/src/test/Test.java.html" line="68" baseImage="plus.gif" flags="2">
                  <result msg="1 prerequisite assertion:" baseImage="choice_item.gif" flags="2">
                    <result msg="Unique(return)  on  java.lang.Object.Object()  at  java.lang.Object" baseImage="annotation.gif" flags="2" />
                  </result>
                </result>
                <result msg="Unique return value of call super  at  Test.java line 29" source="/NewRegionRules/src/test/Test.java.html" line="29" baseImage="plus.gif" flags="2">
                  <result msg="1 prerequisite assertion:" baseImage="choice_item.gif" flags="2">
                    <result msg="Unique(return)  on  java.lang.Object.Object()  at  java.lang.Object" baseImage="annotation.gif" flags="2" />
                  </result>
                </result>
              </result>
            </result>
          </result>
          <result msg="Control flow of constructor test.Test.Test()  at  Test.java line 29" source="/NewRegionRules/src/test/Test.java.html" line="29" baseImage="plus.gif" flags="0" />
          <result msg="Effects of call new java.lang.Object  at  Test.java line 36" source="/NewRegionRules/src/test/Test.java.html" line="36" baseImage="plus.gif" flags="2">
            <result msg="1 prerequisite assertion:" baseImage="choice_item.gif" flags="2">
              <result msg="No effects on java.lang.Object.Object()  at  java.lang.Object" baseImage="annotation.gif" flags="2" />
            </result>
          </result>
          <result msg="Effects of call new java.lang.Object  at  Test.java line 60" source="/NewRegionRules/src/test/Test.java.html" line="60" baseImage="plus.gif" flags="2">
            <result msg="1 prerequisite assertion:" baseImage="choice_item.gif" flags="2">
              <result msg="No effects on java.lang.Object.Object()  at  java.lang.Object" baseImage="annotation.gif" flags="2" />
            </result>
          </result>
          <result msg="Effects of call new java.lang.Object  at  Test.java line 64" source="/NewRegionRules/src/test/Test.java.html" line="64" baseImage="plus.gif" flags="2">
            <result msg="1 prerequisite assertion:" baseImage="choice_item.gif" flags="2">
              <result msg="No effects on java.lang.Object.Object()  at  java.lang.Object" baseImage="annotation.gif" flags="2" />
            </result>
          </result>
          <result msg="Effects of call new java.lang.Object  at  Test.java line 68" source="/NewRegionRules/src/test/Test.java.html" line="68" baseImage="plus.gif" flags="2">
            <result msg="1 prerequisite assertion:" baseImage="choice_item.gif" flags="2">
              <result msg="No effects on java.lang.Object.Object()  at  java.lang.Object" baseImage="annotation.gif" flags="2" />
            </result>
          </result>
          <result msg="Effects of call super  at  Test.java line 29" source="/NewRegionRules/src/test/Test.java.html" line="29" baseImage="plus.gif" flags="2">
            <result msg="1 prerequisite assertion:" baseImage="choice_item.gif" flags="2">
              <result msg="No effects on java.lang.Object.Object()  at  java.lang.Object" baseImage="annotation.gif" flags="2" />
            </result>
          </result>
          <result msg="Unique return value of call new java.lang.Object  at  Test.java line 36" source="/NewRegionRules/src/test/Test.java.html" line="36" baseImage="plus.gif" flags="2">
            <result msg="1 prerequisite assertion:" baseImage="choice_item.gif" flags="2">
              <result msg="Unique(return)  on  java.lang.Object.Object()  at  java.lang.Object" baseImage="annotation.gif" flags="2" />
            </result>
          </result>
          <result msg="Unique return value of call new java.lang.Object  at  Test.java line 60" source="/NewRegionRules/src/test/Test.java.html" line="60" baseImage="plus.gif" flags="2">
            <result msg="1 prerequisite assertion:" baseImage="choice_item.gif" flags="2">
              <result msg="Unique(return)  on  java.lang.Object.Object()  at  java.lang.Object" baseImage="annotation.gif" flags="2" />
            </result>
          </result>
          <result msg="Unique return value of call new java.lang.Object  at  Test.java line 64" source="/NewRegionRules/src/test/Test.java.html" line="64" baseImage="plus.gif" flags="2">
            <result msg="1 prerequisite assertion:" baseImage="choice_item.gif" flags="2">
              <result msg="Unique(return)  on  java.lang.Object.Object()  at  java.lang.Object" baseImage="annotation.gif" flags="2" />
            </result>
          </result>
          <result msg="Unique return value of call new java.lang.Object  at  Test.java line 68" source="/NewRegionRules/src/test/Test.java.html" line="68" baseImage="plus.gif" flags="2">
            <result msg="1 prerequisite assertion:" baseImage="choice_item.gif" flags="2">
              <result msg="Unique(return)  on  java.lang.Object.Object()  at  java.lang.Object" baseImage="annotation.gif" flags="2" />
            </result>
          </result>
          <result msg="Unique return value of call super  at  Test.java line 29" source="/NewRegionRules/src/test/Test.java.html" line="29" baseImage="plus.gif" flags="2">
            <result msg="1 prerequisite assertion:" baseImage="choice_item.gif" flags="2">
              <result msg="Unique(return)  on  java.lang.Object.Object()  at  java.lang.Object" baseImage="annotation.gif" flags="2" />
            </result>
          </result>
        </result>
      </result>
    </result>
    <result msg="Region private test.Test.finalField  at  Test.java line 43" source="/NewRegionRules/src/test/Test.java.html" line="43" baseImage="annotation.gif" flags="0" />
    <result msg="Region private test.Test.thisOne  at  Test.java line 79" source="/NewRegionRules/src/test/Test.java.html" line="79" baseImage="annotation.gif" flags="0">
      <result msg="InRegion(otherOne)  on  thisOne  at  Test.java line 78" source="/NewRegionRules/src/test/Test.java.html" line="78" baseImage="annotation.gif" flags="0" />
      <result msg="Region private test.Test.otherOne  at  Test.java line 82" source="/NewRegionRules/src/test/Test.java.html" line="82" baseImage="annotation.gif" flags="0" />
    </result>
    <result msg="Region private test.Test.volatileField  at  Test.java line 42" source="/NewRegionRules/src/test/Test.java.html" line="42" baseImage="annotation.gif" flags="0" />
    <result msg="Region private test.Test.z  at  Test.java line 53" source="/NewRegionRules/src/test/Test.java.html" line="53" baseImage="annotation.gif" flags="0">
      <result msg="InRegion(regularField)  on  z  at  Test.java line 52" source="/NewRegionRules/src/test/Test.java.html" line="52" baseImage="annotation.gif" flags="0" />
      <result msg="Region private test.Test.regularField  at  Test.java line 44" source="/NewRegionRules/src/test/Test.java.html" line="44" baseImage="annotation.gif" flags="0" />
    </result>
    <result msg="Region public []  at  java.lang.[]" baseImage="annotation.gif" flags="0" />
    <result msg="Region public length  at  java.lang.[]" baseImage="annotation.gif" flags="0" />
  </result>
  <result msg="Uniqueness (5 issues)" baseImage="folder.gif" flags="2">
    <result msg="Unique  on  aggIntoFinal  at  Test.java line 58" source="/NewRegionRules/src/test/Test.java.html" line="58" baseImage="annotation.gif" flags="2">
      <result msg="Assurance conservatively depends on the unique fields accessed in method test.Test.Test()  at  Test.java line 29 -- BACKEDGE" source="/NewRegionRules/src/test/Test.java.html" line="29" baseImage="plus.gif" flags="2" />
      <result msg="Control flow of constructor test.Test.Test()  at  Test.java line 29" source="/NewRegionRules/src/test/Test.java.html" line="29" baseImage="plus.gif" flags="0" />
      <result msg="Effects of call new java.lang.Object  at  Test.java line 36" source="/NewRegionRules/src/test/Test.java.html" line="36" baseImage="plus.gif" flags="2">
        <result msg="1 prerequisite assertion:" baseImage="choice_item.gif" flags="2">
          <result msg="No effects on java.lang.Object.Object()  at  java.lang.Object" baseImage="annotation.gif" flags="2" />
        </result>
      </result>
      <result msg="Effects of call new java.lang.Object  at  Test.java line 60" source="/NewRegionRules/src/test/Test.java.html" line="60" baseImage="plus.gif" flags="2">
        <result msg="1 prerequisite assertion:" baseImage="choice_item.gif" flags="2">
          <result msg="No effects on java.lang.Object.Object()  at  java.lang.Object" baseImage="annotation.gif" flags="2" />
        </result>
      </result>
      <result msg="Effects of call new java.lang.Object  at  Test.java line 64" source="/NewRegionRules/src/test/Test.java.html" line="64" baseImage="plus.gif" flags="2">
        <result msg="1 prerequisite assertion:" baseImage="choice_item.gif" flags="2">
          <result msg="No effects on java.lang.Object.Object()  at  java.lang.Object" baseImage="annotation.gif" flags="2" />
        </result>
      </result>
      <result msg="Effects of call new java.lang.Object  at  Test.java line 68" source="/NewRegionRules/src/test/Test.java.html" line="68" baseImage="plus.gif" flags="2">
        <result msg="1 prerequisite assertion:" baseImage="choice_item.gif" flags="2">
          <result msg="No effects on java.lang.Object.Object()  at  java.lang.Object" baseImage="annotation.gif" flags="2" />
        </result>
      </result>
      <result msg="Effects of call super  at  Test.java line 29" source="/NewRegionRules/src/test/Test.java.html" line="29" baseImage="plus.gif" flags="2">
        <result msg="1 prerequisite assertion:" baseImage="choice_item.gif" flags="2">
          <result msg="No effects on java.lang.Object.Object()  at  java.lang.Object" baseImage="annotation.gif" flags="2" />
        </result>
      </result>
      <result msg="Unique return value of call new java.lang.Object  at  Test.java line 36" source="/NewRegionRules/src/test/Test.java.html" line="36" baseImage="plus.gif" flags="2">
        <result msg="1 prerequisite assertion:" baseImage="choice_item.gif" flags="2">
          <result msg="Unique(return)  on  java.lang.Object.Object()  at  java.lang.Object" baseImage="annotation.gif" flags="2" />
        </result>
      </result>
      <result msg="Unique return value of call new java.lang.Object  at  Test.java line 60" source="/NewRegionRules/src/test/Test.java.html" line="60" baseImage="plus.gif" flags="2">
        <result msg="1 prerequisite assertion:" baseImage="choice_item.gif" flags="2">
          <result msg="Unique(return)  on  java.lang.Object.Object()  at  java.lang.Object" baseImage="annotation.gif" flags="2" />
        </result>
      </result>
      <result msg="Unique return value of call new java.lang.Object  at  Test.java line 64" source="/NewRegionRules/src/test/Test.java.html" line="64" baseImage="plus.gif" flags="2">
        <result msg="1 prerequisite assertion:" baseImage="choice_item.gif" flags="2">
          <result msg="Unique(return)  on  java.lang.Object.Object()  at  java.lang.Object" baseImage="annotation.gif" flags="2" />
        </result>
      </result>
      <result msg="Unique return value of call new java.lang.Object  at  Test.java line 68" source="/NewRegionRules/src/test/Test.java.html" line="68" baseImage="plus.gif" flags="2">
        <result msg="1 prerequisite assertion:" baseImage="choice_item.gif" flags="2">
          <result msg="Unique(return)  on  java.lang.Object.Object()  at  java.lang.Object" baseImage="annotation.gif" flags="2" />
        </result>
      </result>
      <result msg="Unique return value of call super  at  Test.java line 29" source="/NewRegionRules/src/test/Test.java.html" line="29" baseImage="plus.gif" flags="2">
        <result msg="1 prerequisite assertion:" baseImage="choice_item.gif" flags="2">
          <result msg="Unique(return)  on  java.lang.Object.Object()  at  java.lang.Object" baseImage="annotation.gif" flags="2" />
        </result>
      </result>
    </result>
    <result msg="Unique  on  aggIntoRegular  at  Test.java line 66" source="/NewRegionRules/src/test/Test.java.html" line="66" baseImage="annotation.gif" flags="2">
      <result msg="Assurance conservatively depends on the unique fields accessed in method test.Test.Test()  at  Test.java line 29" source="/NewRegionRules/src/test/Test.java.html" line="29" baseImage="plus.gif" flags="2">
        <result msg="5 prerequisite assertions:" baseImage="choice_item.gif" flags="2">
          <result msg="Unique  on  aggIntoFinal  at  Test.java line 58" source="/NewRegionRules/src/test/Test.java.html" line="58" baseImage="annotation.gif" flags="2">
            <result msg="Assurance conservatively depends on the unique fields accessed in method test.Test.Test()  at  Test.java line 29 -- BACKEDGE" source="/NewRegionRules/src/test/Test.java.html" line="29" baseImage="plus.gif" flags="2" />
            <result msg="Control flow of constructor test.Test.Test()  at  Test.java line 29" source="/NewRegionRules/src/test/Test.java.html" line="29" baseImage="plus.gif" flags="0" />
            <result msg="Effects of call new java.lang.Object  at  Test.java line 36" source="/NewRegionRules/src/test/Test.java.html" line="36" baseImage="plus.gif" flags="2">
              <result msg="1 prerequisite assertion:" baseImage="choice_item.gif" flags="2">
                <result msg="No effects on java.lang.Object.Object()  at  java.lang.Object" baseImage="annotation.gif" flags="2" />
              </result>
            </result>
            <result msg="Effects of call new java.lang.Object  at  Test.java line 60" source="/NewRegionRules/src/test/Test.java.html" line="60" baseImage="plus.gif" flags="2">
              <result msg="1 prerequisite assertion:" baseImage="choice_item.gif" flags="2">
                <result msg="No effects on java.lang.Object.Object()  at  java.lang.Object" baseImage="annotation.gif" flags="2" />
              </result>
            </result>
            <result msg="Effects of call new java.lang.Object  at  Test.java line 64" source="/NewRegionRules/src/test/Test.java.html" line="64" baseImage="plus.gif" flags="2">
              <result msg="1 prerequisite assertion:" baseImage="choice_item.gif" flags="2">
                <result msg="No effects on java.lang.Object.Object()  at  java.lang.Object" baseImage="annotation.gif" flags="2" />
              </result>
            </result>
            <result msg="Effects of call new java.lang.Object  at  Test.java line 68" source="/NewRegionRules/src/test/Test.java.html" line="68" baseImage="plus.gif" flags="2">
              <result msg="1 prerequisite assertion:" baseImage="choice_item.gif" flags="2">
                <result msg="No effects on java.lang.Object.Object()  at  java.lang.Object" baseImage="annotation.gif" flags="2" />
              </result>
            </result>
            <result msg="Effects of call super  at  Test.java line 29" source="/NewRegionRules/src/test/Test.java.html" line="29" baseImage="plus.gif" flags="2">
              <result msg="1 prerequisite assertion:" baseImage="choice_item.gif" flags="2">
                <result msg="No effects on java.lang.Object.Object()  at  java.lang.Object" baseImage="annotation.gif" flags="2" />
              </result>
            </result>
            <result msg="Unique return value of call new java.lang.Object  at  Test.java line 36" source="/NewRegionRules/src/test/Test.java.html" line="36" baseImage="plus.gif" flags="2">
              <result msg="1 prerequisite assertion:" baseImage="choice_item.gif" flags="2">
                <result msg="Unique(return)  on  java.lang.Object.Object()  at  java.lang.Object" baseImage="annotation.gif" flags="2" />
              </result>
            </result>
            <result msg="Unique return value of call new java.lang.Object  at  Test.java line 60" source="/NewRegionRules/src/test/Test.java.html" line="60" baseImage="plus.gif" flags="2">
              <result msg="1 prerequisite assertion:" baseImage="choice_item.gif" flags="2">
                <result msg="Unique(return)  on  java.lang.Object.Object()  at  java.lang.Object" baseImage="annotation.gif" flags="2" />
              </result>
            </result>
            <result msg="Unique return value of call new java.lang.Object  at  Test.java line 64" source="/NewRegionRules/src/test/Test.java.html" line="64" baseImage="plus.gif" flags="2">
              <result msg="1 prerequisite assertion:" baseImage="choice_item.gif" flags="2">
                <result msg="Unique(return)  on  java.lang.Object.Object()  at  java.lang.Object" baseImage="annotation.gif" flags="2" />
              </result>
            </result>
            <result msg="Unique return value of call new java.lang.Object  at  Test.java line 68" source="/NewRegionRules/src/test/Test.java.html" line="68" baseImage="plus.gif" flags="2">
              <result msg="1 prerequisite assertion:" baseImage="choice_item.gif" flags="2">
                <result msg="Unique(return)  on  java.lang.Object.Object()  at  java.lang.Object" baseImage="annotation.gif" flags="2" />
              </result>
            </result>
            <result msg="Unique return value of call super  at  Test.java line 29" source="/NewRegionRules/src/test/Test.java.html" line="29" baseImage="plus.gif" flags="2">
              <result msg="1 prerequisite assertion:" baseImage="choice_item.gif" flags="2">
                <result msg="Unique(return)  on  java.lang.Object.Object()  at  java.lang.Object" baseImage="annotation.gif" flags="2" />
              </result>
            </result>
          </result>
          <result msg="Unique  on  aggIntoRegular  at  Test.java line 66 -- BACKEDGE" source="/NewRegionRules/src/test/Test.java.html" line="66" baseImage="annotation.gif" flags="2" />
          <result msg="Unique  on  aggIntoVolatile  at  Test.java line 62" source="/NewRegionRules/src/test/Test.java.html" line="62" baseImage="annotation.gif" flags="2">
            <result msg="Assurance conservatively depends on the unique fields accessed in method test.Test.Test()  at  Test.java line 29 -- BACKEDGE" source="/NewRegionRules/src/test/Test.java.html" line="29" baseImage="plus.gif" flags="2" />
            <result msg="Control flow of constructor test.Test.Test()  at  Test.java line 29" source="/NewRegionRules/src/test/Test.java.html" line="29" baseImage="plus.gif" flags="0" />
            <result msg="Effects of call new java.lang.Object  at  Test.java line 36" source="/NewRegionRules/src/test/Test.java.html" line="36" baseImage="plus.gif" flags="2">
              <result msg="1 prerequisite assertion:" baseImage="choice_item.gif" flags="2">
                <result msg="No effects on java.lang.Object.Object()  at  java.lang.Object" baseImage="annotation.gif" flags="2" />
              </result>
            </result>
            <result msg="Effects of call new java.lang.Object  at  Test.java line 60" source="/NewRegionRules/src/test/Test.java.html" line="60" baseImage="plus.gif" flags="2">
              <result msg="1 prerequisite assertion:" baseImage="choice_item.gif" flags="2">
                <result msg="No effects on java.lang.Object.Object()  at  java.lang.Object" baseImage="annotation.gif" flags="2" />
              </result>
            </result>
            <result msg="Effects of call new java.lang.Object  at  Test.java line 64" source="/NewRegionRules/src/test/Test.java.html" line="64" baseImage="plus.gif" flags="2">
              <result msg="1 prerequisite assertion:" baseImage="choice_item.gif" flags="2">
                <result msg="No effects on java.lang.Object.Object()  at  java.lang.Object" baseImage="annotation.gif" flags="2" />
              </result>
            </result>
            <result msg="Effects of call new java.lang.Object  at  Test.java line 68" source="/NewRegionRules/src/test/Test.java.html" line="68" baseImage="plus.gif" flags="2">
              <result msg="1 prerequisite assertion:" baseImage="choice_item.gif" flags="2">
                <result msg="No effects on java.lang.Object.Object()  at  java.lang.Object" baseImage="annotation.gif" flags="2" />
              </result>
            </result>
            <result msg="Effects of call super  at  Test.java line 29" source="/NewRegionRules/src/test/Test.java.html" line="29" baseImage="plus.gif" flags="2">
              <result msg="1 prerequisite assertion:" baseImage="choice_item.gif" flags="2">
                <result msg="No effects on java.lang.Object.Object()  at  java.lang.Object" baseImage="annotation.gif" flags="2" />
              </result>
            </result>
            <result msg="Unique return value of call new java.lang.Object  at  Test.java line 36" source="/NewRegionRules/src/test/Test.java.html" line="36" baseImage="plus.gif" flags="2">
              <result msg="1 prerequisite assertion:" baseImage="choice_item.gif" flags="2">
                <result msg="Unique(return)  on  java.lang.Object.Object()  at  java.lang.Object" baseImage="annotation.gif" flags="2" />
              </result>
            </result>
            <result msg="Unique return value of call new java.lang.Object  at  Test.java line 60" source="/NewRegionRules/src/test/Test.java.html" line="60" baseImage="plus.gif" flags="2">
              <result msg="1 prerequisite assertion:" baseImage="choice_item.gif" flags="2">
                <result msg="Unique(return)  on  java.lang.Object.Object()  at  java.lang.Object" baseImage="annotation.gif" flags="2" />
              </result>
            </result>
            <result msg="Unique return value of call new java.lang.Object  at  Test.java line 64" source="/NewRegionRules/src/test/Test.java.html" line="64" baseImage="plus.gif" flags="2">
              <result msg="1 prerequisite assertion:" baseImage="choice_item.gif" flags="2">
                <result msg="Unique(return)  on  java.lang.Object.Object()  at  java.lang.Object" baseImage="annotation.gif" flags="2" />
              </result>
            </result>
            <result msg="Unique return value of call new java.lang.Object  at  Test.java line 68" source="/NewRegionRules/src/test/Test.java.html" line="68" baseImage="plus.gif" flags="2">
              <result msg="1 prerequisite assertion:" baseImage="choice_item.gif" flags="2">
                <result msg="Unique(return)  on  java.lang.Object.Object()  at  java.lang.Object" baseImage="annotation.gif" flags="2" />
              </result>
            </result>
            <result msg="Unique return value of call super  at  Test.java line 29" source="/NewRegionRules/src/test/Test.java.html" line="29" baseImage="plus.gif" flags="2">
              <result msg="1 prerequisite assertion:" baseImage="choice_item.gif" flags="2">
                <result msg="Unique(return)  on  java.lang.Object.Object()  at  java.lang.Object" baseImage="annotation.gif" flags="2" />
              </result>
            </result>
          </result>
          <result msg="Unique  on  goodUnique1  at  Test.java line 32" source="/NewRegionRules/src/test/Test.java.html" line="32" baseImage="annotation.gif" flags="2">
            <result msg="Assurance conservatively depends on the unique fields accessed in method test.Test.Test()  at  Test.java line 29 -- BACKEDGE" source="/NewRegionRules/src/test/Test.java.html" line="29" baseImage="plus.gif" flags="2" />
            <result msg="Control flow of constructor test.Test.Test()  at  Test.java line 29" source="/NewRegionRules/src/test/Test.java.html" line="29" baseImage="plus.gif" flags="0" />
            <result msg="Effects of call new java.lang.Object  at  Test.java line 36" source="/NewRegionRules/src/test/Test.java.html" line="36" baseImage="plus.gif" flags="2">
              <result msg="1 prerequisite assertion:" baseImage="choice_item.gif" flags="2">
                <result msg="No effects on java.lang.Object.Object()  at  java.lang.Object" baseImage="annotation.gif" flags="2" />
              </result>
            </result>
            <result msg="Effects of call new java.lang.Object  at  Test.java line 60" source="/NewRegionRules/src/test/Test.java.html" line="60" baseImage="plus.gif" flags="2">
              <result msg="1 prerequisite assertion:" baseImage="choice_item.gif" flags="2">
                <result msg="No effects on java.lang.Object.Object()  at  java.lang.Object" baseImage="annotation.gif" flags="2" />
              </result>
            </result>
            <result msg="Effects of call new java.lang.Object  at  Test.java line 64" source="/NewRegionRules/src/test/Test.java.html" line="64" baseImage="plus.gif" flags="2">
              <result msg="1 prerequisite assertion:" baseImage="choice_item.gif" flags="2">
                <result msg="No effects on java.lang.Object.Object()  at  java.lang.Object" baseImage="annotation.gif" flags="2" />
              </result>
            </result>
            <result msg="Effects of call new java.lang.Object  at  Test.java line 68" source="/NewRegionRules/src/test/Test.java.html" line="68" baseImage="plus.gif" flags="2">
              <result msg="1 prerequisite assertion:" baseImage="choice_item.gif" flags="2">
                <result msg="No effects on java.lang.Object.Object()  at  java.lang.Object" baseImage="annotation.gif" flags="2" />
              </result>
            </result>
            <result msg="Effects of call super  at  Test.java line 29" source="/NewRegionRules/src/test/Test.java.html" line="29" baseImage="plus.gif" flags="2">
              <result msg="1 prerequisite assertion:" baseImage="choice_item.gif" flags="2">
                <result msg="No effects on java.lang.Object.Object()  at  java.lang.Object" baseImage="annotation.gif" flags="2" />
              </result>
            </result>
            <result msg="Unique return value of call new java.lang.Object  at  Test.java line 36" source="/NewRegionRules/src/test/Test.java.html" line="36" baseImage="plus.gif" flags="2">
              <result msg="1 prerequisite assertion:" baseImage="choice_item.gif" flags="2">
                <result msg="Unique(return)  on  java.lang.Object.Object()  at  java.lang.Object" baseImage="annotation.gif" flags="2" />
              </result>
            </result>
            <result msg="Unique return value of call new java.lang.Object  at  Test.java line 60" source="/NewRegionRules/src/test/Test.java.html" line="60" baseImage="plus.gif" flags="2">
              <result msg="1 prerequisite assertion:" baseImage="choice_item.gif" flags="2">
                <result msg="Unique(return)  on  java.lang.Object.Object()  at  java.lang.Object" baseImage="annotation.gif" flags="2" />
              </result>
            </result>
            <result msg="Unique return value of call new java.lang.Object  at  Test.java line 64" source="/NewRegionRules/src/test/Test.java.html" line="64" baseImage="plus.gif" flags="2">
              <result msg="1 prerequisite assertion:" baseImage="choice_item.gif" flags="2">
                <result msg="Unique(return)  on  java.lang.Object.Object()  at  java.lang.Object" baseImage="annotation.gif" flags="2" />
              </result>
            </result>
            <result msg="Unique return value of call new java.lang.Object  at  Test.java line 68" source="/NewRegionRules/src/test/Test.java.html" line="68" baseImage="plus.gif" flags="2">
              <result msg="1 prerequisite assertion:" baseImage="choice_item.gif" flags="2">
                <result msg="Unique(return)  on  java.lang.Object.Object()  at  java.lang.Object" baseImage="annotation.gif" flags="2" />
              </result>
            </result>
            <result msg="Unique return value of call super  at  Test.java line 29" source="/NewRegionRules/src/test/Test.java.html" line="29" baseImage="plus.gif" flags="2">
              <result msg="1 prerequisite assertion:" baseImage="choice_item.gif" flags="2">
                <result msg="Unique(return)  on  java.lang.Object.Object()  at  java.lang.Object" baseImage="annotation.gif" flags="2" />
              </result>
            </result>
          </result>
          <result msg="Unique  on  goodUnique2  at  Test.java line 35" source="/NewRegionRules/src/test/Test.java.html" line="35" baseImage="annotation.gif" flags="2">
            <result msg="Assurance conservatively depends on the unique fields accessed in method test.Test.Test()  at  Test.java line 29 -- BACKEDGE" source="/NewRegionRules/src/test/Test.java.html" line="29" baseImage="plus.gif" flags="2" />
            <result msg="Control flow of constructor test.Test.Test()  at  Test.java line 29" source="/NewRegionRules/src/test/Test.java.html" line="29" baseImage="plus.gif" flags="0" />
            <result msg="Effects of call new java.lang.Object  at  Test.java line 36" source="/NewRegionRules/src/test/Test.java.html" line="36" baseImage="plus.gif" flags="2">
              <result msg="1 prerequisite assertion:" baseImage="choice_item.gif" flags="2">
                <result msg="No effects on java.lang.Object.Object()  at  java.lang.Object" baseImage="annotation.gif" flags="2" />
              </result>
            </result>
            <result msg="Effects of call new java.lang.Object  at  Test.java line 60" source="/NewRegionRules/src/test/Test.java.html" line="60" baseImage="plus.gif" flags="2">
              <result msg="1 prerequisite assertion:" baseImage="choice_item.gif" flags="2">
                <result msg="No effects on java.lang.Object.Object()  at  java.lang.Object" baseImage="annotation.gif" flags="2" />
              </result>
            </result>
            <result msg="Effects of call new java.lang.Object  at  Test.java line 64" source="/NewRegionRules/src/test/Test.java.html" line="64" baseImage="plus.gif" flags="2">
              <result msg="1 prerequisite assertion:" baseImage="choice_item.gif" flags="2">
                <result msg="No effects on java.lang.Object.Object()  at  java.lang.Object" baseImage="annotation.gif" flags="2" />
              </result>
            </result>
            <result msg="Effects of call new java.lang.Object  at  Test.java line 68" source="/NewRegionRules/src/test/Test.java.html" line="68" baseImage="plus.gif" flags="2">
              <result msg="1 prerequisite assertion:" baseImage="choice_item.gif" flags="2">
                <result msg="No effects on java.lang.Object.Object()  at  java.lang.Object" baseImage="annotation.gif" flags="2" />
              </result>
            </result>
            <result msg="Effects of call super  at  Test.java line 29" source="/NewRegionRules/src/test/Test.java.html" line="29" baseImage="plus.gif" flags="2">
              <result msg="1 prerequisite assertion:" baseImage="choice_item.gif" flags="2">
                <result msg="No effects on java.lang.Object.Object()  at  java.lang.Object" baseImage="annotation.gif" flags="2" />
              </result>
            </result>
            <result msg="Unique return value of call new java.lang.Object  at  Test.java line 36" source="/NewRegionRules/src/test/Test.java.html" line="36" baseImage="plus.gif" flags="2">
              <result msg="1 prerequisite assertion:" baseImage="choice_item.gif" flags="2">
                <result msg="Unique(return)  on  java.lang.Object.Object()  at  java.lang.Object" baseImage="annotation.gif" flags="2" />
              </result>
            </result>
            <result msg="Unique return value of call new java.lang.Object  at  Test.java line 60" source="/NewRegionRules/src/test/Test.java.html" line="60" baseImage="plus.gif" flags="2">
              <result msg="1 prerequisite assertion:" baseImage="choice_item.gif" flags="2">
                <result msg="Unique(return)  on  java.lang.Object.Object()  at  java.lang.Object" baseImage="annotation.gif" flags="2" />
              </result>
            </result>
            <result msg="Unique return value of call new java.lang.Object  at  Test.java line 64" source="/NewRegionRules/src/test/Test.java.html" line="64" baseImage="plus.gif" flags="2">
              <result msg="1 prerequisite assertion:" baseImage="choice_item.gif" flags="2">
                <result msg="Unique(return)  on  java.lang.Object.Object()  at  java.lang.Object" baseImage="annotation.gif" flags="2" />
              </result>
            </result>
            <result msg="Unique return value of call new java.lang.Object  at  Test.java line 68" source="/NewRegionRules/src/test/Test.java.html" line="68" baseImage="plus.gif" flags="2">
              <result msg="1 prerequisite assertion:" baseImage="choice_item.gif" flags="2">
                <result msg="Unique(return)  on  java.lang.Object.Object()  at  java.lang.Object" baseImage="annotation.gif" flags="2" />
              </result>
            </result>
            <result msg="Unique return value of call super  at  Test.java line 29" source="/NewRegionRules/src/test/Test.java.html" line="29" baseImage="plus.gif" flags="2">
              <result msg="1 prerequisite assertion:" baseImage="choice_item.gif" flags="2">
                <result msg="Unique(return)  on  java.lang.Object.Object()  at  java.lang.Object" baseImage="annotation.gif" flags="2" />
              </result>
            </result>
          </result>
        </result>
      </result>
      <result msg="Control flow of constructor test.Test.Test()  at  Test.java line 29" source="/NewRegionRules/src/test/Test.java.html" line="29" baseImage="plus.gif" flags="0" />
      <result msg="Effects of call new java.lang.Object  at  Test.java line 36" source="/NewRegionRules/src/test/Test.java.html" line="36" baseImage="plus.gif" flags="2">
        <result msg="1 prerequisite assertion:" baseImage="choice_item.gif" flags="2">
          <result msg="No effects on java.lang.Object.Object()  at  java.lang.Object" baseImage="annotation.gif" flags="2" />
        </result>
      </result>
      <result msg="Effects of call new java.lang.Object  at  Test.java line 60" source="/NewRegionRules/src/test/Test.java.html" line="60" baseImage="plus.gif" flags="2">
        <result msg="1 prerequisite assertion:" baseImage="choice_item.gif" flags="2">
          <result msg="No effects on java.lang.Object.Object()  at  java.lang.Object" baseImage="annotation.gif" flags="2" />
        </result>
      </result>
      <result msg="Effects of call new java.lang.Object  at  Test.java line 64" source="/NewRegionRules/src/test/Test.java.html" line="64" baseImage="plus.gif" flags="2">
        <result msg="1 prerequisite assertion:" baseImage="choice_item.gif" flags="2">
          <result msg="No effects on java.lang.Object.Object()  at  java.lang.Object" baseImage="annotation.gif" flags="2" />
        </result>
      </result>
      <result msg="Effects of call new java.lang.Object  at  Test.java line 68" source="/NewRegionRules/src/test/Test.java.html" line="68" baseImage="plus.gif" flags="2">
        <result msg="1 prerequisite assertion:" baseImage="choice_item.gif" flags="2">
          <result msg="No effects on java.lang.Object.Object()  at  java.lang.Object" baseImage="annotation.gif" flags="2" />
        </result>
      </result>
      <result msg="Effects of call super  at  Test.java line 29" source="/NewRegionRules/src/test/Test.java.html" line="29" baseImage="plus.gif" flags="2">
        <result msg="1 prerequisite assertion:" baseImage="choice_item.gif" flags="2">
          <result msg="No effects on java.lang.Object.Object()  at  java.lang.Object" baseImage="annotation.gif" flags="2" />
        </result>
      </result>
      <result msg="Unique return value of call new java.lang.Object  at  Test.java line 36" source="/NewRegionRules/src/test/Test.java.html" line="36" baseImage="plus.gif" flags="2">
        <result msg="1 prerequisite assertion:" baseImage="choice_item.gif" flags="2">
          <result msg="Unique(return)  on  java.lang.Object.Object()  at  java.lang.Object" baseImage="annotation.gif" flags="2" />
        </result>
      </result>
      <result msg="Unique return value of call new java.lang.Object  at  Test.java line 60" source="/NewRegionRules/src/test/Test.java.html" line="60" baseImage="plus.gif" flags="2">
        <result msg="1 prerequisite assertion:" baseImage="choice_item.gif" flags="2">
          <result msg="Unique(return)  on  java.lang.Object.Object()  at  java.lang.Object" baseImage="annotation.gif" flags="2" />
        </result>
      </result>
      <result msg="Unique return value of call new java.lang.Object  at  Test.java line 64" source="/NewRegionRules/src/test/Test.java.html" line="64" baseImage="plus.gif" flags="2">
        <result msg="1 prerequisite assertion:" baseImage="choice_item.gif" flags="2">
          <result msg="Unique(return)  on  java.lang.Object.Object()  at  java.lang.Object" baseImage="annotation.gif" flags="2" />
        </result>
      </result>
      <result msg="Unique return value of call new java.lang.Object  at  Test.java line 68" source="/NewRegionRules/src/test/Test.java.html" line="68" baseImage="plus.gif" flags="2">
        <result msg="1 prerequisite assertion:" baseImage="choice_item.gif" flags="2">
          <result msg="Unique(return)  on  java.lang.Object.Object()  at  java.lang.Object" baseImage="annotation.gif" flags="2" />
        </result>
      </result>
      <result msg="Unique return value of call super  at  Test.java line 29" source="/NewRegionRules/src/test/Test.java.html" line="29" baseImage="plus.gif" flags="2">
        <result msg="1 prerequisite assertion:" baseImage="choice_item.gif" flags="2">
          <result msg="Unique(return)  on  java.lang.Object.Object()  at  java.lang.Object" baseImage="annotation.gif" flags="2" />
        </result>
      </result>
    </result>
    <result msg="Unique  on  aggIntoVolatile  at  Test.java line 62" source="/NewRegionRules/src/test/Test.java.html" line="62" baseImage="annotation.gif" flags="2">
      <result msg="Assurance conservatively depends on the unique fields accessed in method test.Test.Test()  at  Test.java line 29 -- BACKEDGE" source="/NewRegionRules/src/test/Test.java.html" line="29" baseImage="plus.gif" flags="2" />
      <result msg="Control flow of constructor test.Test.Test()  at  Test.java line 29" source="/NewRegionRules/src/test/Test.java.html" line="29" baseImage="plus.gif" flags="0" />
      <result msg="Effects of call new java.lang.Object  at  Test.java line 36" source="/NewRegionRules/src/test/Test.java.html" line="36" baseImage="plus.gif" flags="2">
        <result msg="1 prerequisite assertion:" baseImage="choice_item.gif" flags="2">
          <result msg="No effects on java.lang.Object.Object()  at  java.lang.Object" baseImage="annotation.gif" flags="2" />
        </result>
      </result>
      <result msg="Effects of call new java.lang.Object  at  Test.java line 60" source="/NewRegionRules/src/test/Test.java.html" line="60" baseImage="plus.gif" flags="2">
        <result msg="1 prerequisite assertion:" baseImage="choice_item.gif" flags="2">
          <result msg="No effects on java.lang.Object.Object()  at  java.lang.Object" baseImage="annotation.gif" flags="2" />
        </result>
      </result>
      <result msg="Effects of call new java.lang.Object  at  Test.java line 64" source="/NewRegionRules/src/test/Test.java.html" line="64" baseImage="plus.gif" flags="2">
        <result msg="1 prerequisite assertion:" baseImage="choice_item.gif" flags="2">
          <result msg="No effects on java.lang.Object.Object()  at  java.lang.Object" baseImage="annotation.gif" flags="2" />
        </result>
      </result>
      <result msg="Effects of call new java.lang.Object  at  Test.java line 68" source="/NewRegionRules/src/test/Test.java.html" line="68" baseImage="plus.gif" flags="2">
        <result msg="1 prerequisite assertion:" baseImage="choice_item.gif" flags="2">
          <result msg="No effects on java.lang.Object.Object()  at  java.lang.Object" baseImage="annotation.gif" flags="2" />
        </result>
      </result>
      <result msg="Effects of call super  at  Test.java line 29" source="/NewRegionRules/src/test/Test.java.html" line="29" baseImage="plus.gif" flags="2">
        <result msg="1 prerequisite assertion:" baseImage="choice_item.gif" flags="2">
          <result msg="No effects on java.lang.Object.Object()  at  java.lang.Object" baseImage="annotation.gif" flags="2" />
        </result>
      </result>
      <result msg="Unique return value of call new java.lang.Object  at  Test.java line 36" source="/NewRegionRules/src/test/Test.java.html" line="36" baseImage="plus.gif" flags="2">
        <result msg="1 prerequisite assertion:" baseImage="choice_item.gif" flags="2">
          <result msg="Unique(return)  on  java.lang.Object.Object()  at  java.lang.Object" baseImage="annotation.gif" flags="2" />
        </result>
      </result>
      <result msg="Unique return value of call new java.lang.Object  at  Test.java line 60" source="/NewRegionRules/src/test/Test.java.html" line="60" baseImage="plus.gif" flags="2">
        <result msg="1 prerequisite assertion:" baseImage="choice_item.gif" flags="2">
          <result msg="Unique(return)  on  java.lang.Object.Object()  at  java.lang.Object" baseImage="annotation.gif" flags="2" />
        </result>
      </result>
      <result msg="Unique return value of call new java.lang.Object  at  Test.java line 64" source="/NewRegionRules/src/test/Test.java.html" line="64" baseImage="plus.gif" flags="2">
        <result msg="1 prerequisite assertion:" baseImage="choice_item.gif" flags="2">
          <result msg="Unique(return)  on  java.lang.Object.Object()  at  java.lang.Object" baseImage="annotation.gif" flags="2" />
        </result>
      </result>
      <result msg="Unique return value of call new java.lang.Object  at  Test.java line 68" source="/NewRegionRules/src/test/Test.java.html" line="68" baseImage="plus.gif" flags="2">
        <result msg="1 prerequisite assertion:" baseImage="choice_item.gif" flags="2">
          <result msg="Unique(return)  on  java.lang.Object.Object()  at  java.lang.Object" baseImage="annotation.gif" flags="2" />
        </result>
      </result>
      <result msg="Unique return value of call super  at  Test.java line 29" source="/NewRegionRules/src/test/Test.java.html" line="29" baseImage="plus.gif" flags="2">
        <result msg="1 prerequisite assertion:" baseImage="choice_item.gif" flags="2">
          <result msg="Unique(return)  on  java.lang.Object.Object()  at  java.lang.Object" baseImage="annotation.gif" flags="2" />
        </result>
      </result>
    </result>
    <result msg="Unique  on  goodUnique1  at  Test.java line 32" source="/NewRegionRules/src/test/Test.java.html" line="32" baseImage="annotation.gif" flags="2">
      <result msg="Assurance conservatively depends on the unique fields accessed in method test.Test.Test()  at  Test.java line 29 -- BACKEDGE" source="/NewRegionRules/src/test/Test.java.html" line="29" baseImage="plus.gif" flags="2" />
      <result msg="Control flow of constructor test.Test.Test()  at  Test.java line 29" source="/NewRegionRules/src/test/Test.java.html" line="29" baseImage="plus.gif" flags="0" />
      <result msg="Effects of call new java.lang.Object  at  Test.java line 36" source="/NewRegionRules/src/test/Test.java.html" line="36" baseImage="plus.gif" flags="2">
        <result msg="1 prerequisite assertion:" baseImage="choice_item.gif" flags="2">
          <result msg="No effects on java.lang.Object.Object()  at  java.lang.Object" baseImage="annotation.gif" flags="2" />
        </result>
      </result>
      <result msg="Effects of call new java.lang.Object  at  Test.java line 60" source="/NewRegionRules/src/test/Test.java.html" line="60" baseImage="plus.gif" flags="2">
        <result msg="1 prerequisite assertion:" baseImage="choice_item.gif" flags="2">
          <result msg="No effects on java.lang.Object.Object()  at  java.lang.Object" baseImage="annotation.gif" flags="2" />
        </result>
      </result>
      <result msg="Effects of call new java.lang.Object  at  Test.java line 64" source="/NewRegionRules/src/test/Test.java.html" line="64" baseImage="plus.gif" flags="2">
        <result msg="1 prerequisite assertion:" baseImage="choice_item.gif" flags="2">
          <result msg="No effects on java.lang.Object.Object()  at  java.lang.Object" baseImage="annotation.gif" flags="2" />
        </result>
      </result>
      <result msg="Effects of call new java.lang.Object  at  Test.java line 68" source="/NewRegionRules/src/test/Test.java.html" line="68" baseImage="plus.gif" flags="2">
        <result msg="1 prerequisite assertion:" baseImage="choice_item.gif" flags="2">
          <result msg="No effects on java.lang.Object.Object()  at  java.lang.Object" baseImage="annotation.gif" flags="2" />
        </result>
      </result>
      <result msg="Effects of call super  at  Test.java line 29" source="/NewRegionRules/src/test/Test.java.html" line="29" baseImage="plus.gif" flags="2">
        <result msg="1 prerequisite assertion:" baseImage="choice_item.gif" flags="2">
          <result msg="No effects on java.lang.Object.Object()  at  java.lang.Object" baseImage="annotation.gif" flags="2" />
        </result>
      </result>
      <result msg="Unique return value of call new java.lang.Object  at  Test.java line 36" source="/NewRegionRules/src/test/Test.java.html" line="36" baseImage="plus.gif" flags="2">
        <result msg="1 prerequisite assertion:" baseImage="choice_item.gif" flags="2">
          <result msg="Unique(return)  on  java.lang.Object.Object()  at  java.lang.Object" baseImage="annotation.gif" flags="2" />
        </result>
      </result>
      <result msg="Unique return value of call new java.lang.Object  at  Test.java line 60" source="/NewRegionRules/src/test/Test.java.html" line="60" baseImage="plus.gif" flags="2">
        <result msg="1 prerequisite assertion:" baseImage="choice_item.gif" flags="2">
          <result msg="Unique(return)  on  java.lang.Object.Object()  at  java.lang.Object" baseImage="annotation.gif" flags="2" />
        </result>
      </result>
      <result msg="Unique return value of call new java.lang.Object  at  Test.java line 64" source="/NewRegionRules/src/test/Test.java.html" line="64" baseImage="plus.gif" flags="2">
        <result msg="1 prerequisite assertion:" baseImage="choice_item.gif" flags="2">
          <result msg="Unique(return)  on  java.lang.Object.Object()  at  java.lang.Object" baseImage="annotation.gif" flags="2" />
        </result>
      </result>
      <result msg="Unique return value of call new java.lang.Object  at  Test.java line 68" source="/NewRegionRules/src/test/Test.java.html" line="68" baseImage="plus.gif" flags="2">
        <result msg="1 prerequisite assertion:" baseImage="choice_item.gif" flags="2">
          <result msg="Unique(return)  on  java.lang.Object.Object()  at  java.lang.Object" baseImage="annotation.gif" flags="2" />
        </result>
      </result>
      <result msg="Unique return value of call super  at  Test.java line 29" source="/NewRegionRules/src/test/Test.java.html" line="29" baseImage="plus.gif" flags="2">
        <result msg="1 prerequisite assertion:" baseImage="choice_item.gif" flags="2">
          <result msg="Unique(return)  on  java.lang.Object.Object()  at  java.lang.Object" baseImage="annotation.gif" flags="2" />
        </result>
      </result>
    </result>
    <result msg="Unique  on  goodUnique2  at  Test.java line 35" source="/NewRegionRules/src/test/Test.java.html" line="35" baseImage="annotation.gif" flags="2">
      <result msg="Assurance conservatively depends on the unique fields accessed in method test.Test.Test()  at  Test.java line 29 -- BACKEDGE" source="/NewRegionRules/src/test/Test.java.html" line="29" baseImage="plus.gif" flags="2" />
      <result msg="Control flow of constructor test.Test.Test()  at  Test.java line 29" source="/NewRegionRules/src/test/Test.java.html" line="29" baseImage="plus.gif" flags="0" />
      <result msg="Effects of call new java.lang.Object  at  Test.java line 36" source="/NewRegionRules/src/test/Test.java.html" line="36" baseImage="plus.gif" flags="2">
        <result msg="1 prerequisite assertion:" baseImage="choice_item.gif" flags="2">
          <result msg="No effects on java.lang.Object.Object()  at  java.lang.Object" baseImage="annotation.gif" flags="2" />
        </result>
      </result>
      <result msg="Effects of call new java.lang.Object  at  Test.java line 60" source="/NewRegionRules/src/test/Test.java.html" line="60" baseImage="plus.gif" flags="2">
        <result msg="1 prerequisite assertion:" baseImage="choice_item.gif" flags="2">
          <result msg="No effects on java.lang.Object.Object()  at  java.lang.Object" baseImage="annotation.gif" flags="2" />
        </result>
      </result>
      <result msg="Effects of call new java.lang.Object  at  Test.java line 64" source="/NewRegionRules/src/test/Test.java.html" line="64" baseImage="plus.gif" flags="2">
        <result msg="1 prerequisite assertion:" baseImage="choice_item.gif" flags="2">
          <result msg="No effects on java.lang.Object.Object()  at  java.lang.Object" baseImage="annotation.gif" flags="2" />
        </result>
      </result>
      <result msg="Effects of call new java.lang.Object  at  Test.java line 68" source="/NewRegionRules/src/test/Test.java.html" line="68" baseImage="plus.gif" flags="2">
        <result msg="1 prerequisite assertion:" baseImage="choice_item.gif" flags="2">
          <result msg="No effects on java.lang.Object.Object()  at  java.lang.Object" baseImage="annotation.gif" flags="2" />
        </result>
      </result>
      <result msg="Effects of call super  at  Test.java line 29" source="/NewRegionRules/src/test/Test.java.html" line="29" baseImage="plus.gif" flags="2">
        <result msg="1 prerequisite assertion:" baseImage="choice_item.gif" flags="2">
          <result msg="No effects on java.lang.Object.Object()  at  java.lang.Object" baseImage="annotation.gif" flags="2" />
        </result>
      </result>
      <result msg="Unique return value of call new java.lang.Object  at  Test.java line 36" source="/NewRegionRules/src/test/Test.java.html" line="36" baseImage="plus.gif" flags="2">
        <result msg="1 prerequisite assertion:" baseImage="choice_item.gif" flags="2">
          <result msg="Unique(return)  on  java.lang.Object.Object()  at  java.lang.Object" baseImage="annotation.gif" flags="2" />
        </result>
      </result>
      <result msg="Unique return value of call new java.lang.Object  at  Test.java line 60" source="/NewRegionRules/src/test/Test.java.html" line="60" baseImage="plus.gif" flags="2">
        <result msg="1 prerequisite assertion:" baseImage="choice_item.gif" flags="2">
          <result msg="Unique(return)  on  java.lang.Object.Object()  at  java.lang.Object" baseImage="annotation.gif" flags="2" />
        </result>
      </result>
      <result msg="Unique return value of call new java.lang.Object  at  Test.java line 64" source="/NewRegionRules/src/test/Test.java.html" line="64" baseImage="plus.gif" flags="2">
        <result msg="1 prerequisite assertion:" baseImage="choice_item.gif" flags="2">
          <result msg="Unique(return)  on  java.lang.Object.Object()  at  java.lang.Object" baseImage="annotation.gif" flags="2" />
        </result>
      </result>
      <result msg="Unique return value of call new java.lang.Object  at  Test.java line 68" source="/NewRegionRules/src/test/Test.java.html" line="68" baseImage="plus.gif" flags="2">
        <result msg="1 prerequisite assertion:" baseImage="choice_item.gif" flags="2">
          <result msg="Unique(return)  on  java.lang.Object.Object()  at  java.lang.Object" baseImage="annotation.gif" flags="2" />
        </result>
      </result>
      <result msg="Unique return value of call super  at  Test.java line 29" source="/NewRegionRules/src/test/Test.java.html" line="29" baseImage="plus.gif" flags="2">
        <result msg="1 prerequisite assertion:" baseImage="choice_item.gif" flags="2">
          <result msg="Unique(return)  on  java.lang.Object.Object()  at  java.lang.Object" baseImage="annotation.gif" flags="2" />
        </result>
      </result>
    </result>
  </result>
</root>