<root msg="Assurance Results">
  <result msg="Concurrency (1 issue)" baseImage="folder.gif" flags="2">
    <result msg="RegionLock java.lang.Object.MUTEX is this protects WaitQueue  on  Object  at  java.lang.Object" baseImage="annotation.gif" flags="2">
      <result msg="5 lock precondition(s)" baseImage="folder.gif" flags="2">
        <result msg="RequiresLock MUTEX  on  java.lang.Object.notify()  at  java.lang.Object" baseImage="annotation.gif" flags="2" />
        <result msg="RequiresLock MUTEX  on  java.lang.Object.notifyAll()  at  java.lang.Object" baseImage="annotation.gif" flags="2" />
        <result msg="RequiresLock MUTEX  on  java.lang.Object.wait()  at  java.lang.Object" baseImage="annotation.gif" flags="2" />
        <result msg="RequiresLock MUTEX  on  java.lang.Object.wait(long)  at  java.lang.Object" baseImage="annotation.gif" flags="2" />
        <result msg="RequiresLock MUTEX  on  java.lang.Object.wait(long,int)  at  java.lang.Object" baseImage="annotation.gif" flags="2" />
      </result>
      <result msg="java.lang.Object.MUTEX is consistent with the code in java.lang.Object" baseImage="plus.gif" flags="0" />
      <result msg="Region public java.lang.Object.WaitQueue  at  java.lang.Object" baseImage="annotation.gif" flags="0">
        <result msg="Region public java.lang.Object.Instance  at  java.lang.Object" baseImage="annotation.gif" flags="0">
          <result msg="Region public static java.lang.Object.All  at  java.lang.Object" baseImage="annotation.gif" flags="0" />
        </result>
      </result>
    </result>
  </result>
  <result msg="Effects (2 issues)" baseImage="folder.gif" flags="2">
    <result msg="Reads a:A, b:B, c:C  on  test.T.method(test.T,test.T,test.T)  at  T.java line 13" source="/TestNoMethodEffectsOnNull/src/test/T.java.html" line="13" baseImage="annotation.gif" flags="2">
      <result msg="Empty effects trivially satisfy declared effects  at  T.java line 13" source="/TestNoMethodEffectsOnNull/src/test/T.java.html" line="13" baseImage="plus.gif" flags="0" />
    </result>
    <result msg="Reads x:A, y:B, z:C  on  test.T.test(test.T,test.T,test.T)  at  T.java line 20" source="/TestNoMethodEffectsOnNull/src/test/T.java.html" line="20" baseImage="annotation.gif" flags="2">
      <result msg="&quot;reads &lt;x&gt;:A&quot; checked by &quot;reads &lt;x&gt;:A&quot;  at  T.java line 22" source="/TestNoMethodEffectsOnNull/src/test/T.java.html" line="22" baseImage="plus.gif" flags="2">
        <result msg="1 prerequisite assertion:" baseImage="choice_item.gif" flags="2">
          <result msg="Reads a:A, b:B, c:C  on  test.T.method(test.T,test.T,test.T)  at  T.java line 13" source="/TestNoMethodEffectsOnNull/src/test/T.java.html" line="13" baseImage="annotation.gif" flags="2">
            <result msg="Empty effects trivially satisfy declared effects  at  T.java line 13" source="/TestNoMethodEffectsOnNull/src/test/T.java.html" line="13" baseImage="plus.gif" flags="0" />
          </result>
        </result>
        <result msg="supporting information:" baseImage="folder.gif" flags="0">
          <result msg="Parameter &quot;a&quot; bound to &quot;x&quot;  at  T.java line 22" source="/TestNoMethodEffectsOnNull/src/test/T.java.html" line="22" baseImage="info.gif" flags="0" />
          <result msg="The value of variable x may originate from final test.T x  at  T.java line 22" source="/TestNoMethodEffectsOnNull/src/test/T.java.html" line="22" baseImage="info.gif" flags="0" />
          <result msg="Parameter &quot;b&quot; bound to &quot;y&quot;  at  T.java line 22" source="/TestNoMethodEffectsOnNull/src/test/T.java.html" line="22" baseImage="info.gif" flags="0" />
          <result msg="Parameter &quot;c&quot; bound to &quot;z&quot;  at  T.java line 22" source="/TestNoMethodEffectsOnNull/src/test/T.java.html" line="22" baseImage="info.gif" flags="0" />
        </result>
      </result>
      <result msg="&quot;reads &lt;y&gt;:B&quot; checked by &quot;reads &lt;y&gt;:B&quot;  at  T.java line 22" source="/TestNoMethodEffectsOnNull/src/test/T.java.html" line="22" baseImage="plus.gif" flags="2">
        <result msg="1 prerequisite assertion:" baseImage="choice_item.gif" flags="2">
          <result msg="Reads a:A, b:B, c:C  on  test.T.method(test.T,test.T,test.T)  at  T.java line 13" source="/TestNoMethodEffectsOnNull/src/test/T.java.html" line="13" baseImage="annotation.gif" flags="2">
            <result msg="Empty effects trivially satisfy declared effects  at  T.java line 13" source="/TestNoMethodEffectsOnNull/src/test/T.java.html" line="13" baseImage="plus.gif" flags="0" />
          </result>
        </result>
        <result msg="supporting information:" baseImage="folder.gif" flags="0">
          <result msg="Parameter &quot;a&quot; bound to &quot;x&quot;  at  T.java line 22" source="/TestNoMethodEffectsOnNull/src/test/T.java.html" line="22" baseImage="info.gif" flags="0" />
          <result msg="Parameter &quot;b&quot; bound to &quot;y&quot;  at  T.java line 22" source="/TestNoMethodEffectsOnNull/src/test/T.java.html" line="22" baseImage="info.gif" flags="0" />
          <result msg="The value of variable y may originate from final test.T y  at  T.java line 22" source="/TestNoMethodEffectsOnNull/src/test/T.java.html" line="22" baseImage="info.gif" flags="0" />
          <result msg="Parameter &quot;c&quot; bound to &quot;z&quot;  at  T.java line 22" source="/TestNoMethodEffectsOnNull/src/test/T.java.html" line="22" baseImage="info.gif" flags="0" />
        </result>
      </result>
      <result msg="&quot;reads &lt;z&gt;:C&quot; checked by &quot;reads &lt;z&gt;:C&quot;  at  T.java line 22" source="/TestNoMethodEffectsOnNull/src/test/T.java.html" line="22" baseImage="plus.gif" flags="2">
        <result msg="1 prerequisite assertion:" baseImage="choice_item.gif" flags="2">
          <result msg="Reads a:A, b:B, c:C  on  test.T.method(test.T,test.T,test.T)  at  T.java line 13" source="/TestNoMethodEffectsOnNull/src/test/T.java.html" line="13" baseImage="annotation.gif" flags="2">
            <result msg="Empty effects trivially satisfy declared effects  at  T.java line 13" source="/TestNoMethodEffectsOnNull/src/test/T.java.html" line="13" baseImage="plus.gif" flags="0" />
          </result>
        </result>
        <result msg="supporting information:" baseImage="folder.gif" flags="0">
          <result msg="Parameter &quot;a&quot; bound to &quot;x&quot;  at  T.java line 22" source="/TestNoMethodEffectsOnNull/src/test/T.java.html" line="22" baseImage="info.gif" flags="0" />
          <result msg="Parameter &quot;b&quot; bound to &quot;y&quot;  at  T.java line 22" source="/TestNoMethodEffectsOnNull/src/test/T.java.html" line="22" baseImage="info.gif" flags="0" />
          <result msg="Parameter &quot;c&quot; bound to &quot;z&quot;  at  T.java line 22" source="/TestNoMethodEffectsOnNull/src/test/T.java.html" line="22" baseImage="info.gif" flags="0" />
          <result msg="The value of variable z may originate from final test.T z  at  T.java line 22" source="/TestNoMethodEffectsOnNull/src/test/T.java.html" line="22" baseImage="info.gif" flags="0" />
        </result>
      </result>
      <result msg="&quot;reads &lt;x&gt;:A&quot; checked by &quot;reads &lt;x&gt;:A&quot;  at  T.java line 24" source="/TestNoMethodEffectsOnNull/src/test/T.java.html" line="24" baseImage="plus.gif" flags="2">
        <result msg="1 prerequisite assertion:" baseImage="choice_item.gif" flags="2">
          <result msg="Reads a:A, b:B, c:C  on  test.T.method(test.T,test.T,test.T)  at  T.java line 13" source="/TestNoMethodEffectsOnNull/src/test/T.java.html" line="13" baseImage="annotation.gif" flags="2">
            <result msg="Empty effects trivially satisfy declared effects  at  T.java line 13" source="/TestNoMethodEffectsOnNull/src/test/T.java.html" line="13" baseImage="plus.gif" flags="0" />
          </result>
        </result>
        <result msg="supporting information:" baseImage="folder.gif" flags="0">
          <result msg="Parameter &quot;a&quot; bound to &quot;x&quot;  at  T.java line 24" source="/TestNoMethodEffectsOnNull/src/test/T.java.html" line="24" baseImage="info.gif" flags="0" />
          <result msg="Parameter &quot;b&quot; bound to &quot;y&quot;  at  T.java line 24" source="/TestNoMethodEffectsOnNull/src/test/T.java.html" line="24" baseImage="info.gif" flags="0" />
          <result msg="Parameter &quot;c&quot; bound to &quot;null&quot;" baseImage="info.gif" flags="0" />
          <result msg="The value of variable x may originate from final test.T x  at  T.java line 24" source="/TestNoMethodEffectsOnNull/src/test/T.java.html" line="24" baseImage="info.gif" flags="0" />
        </result>
      </result>
      <result msg="&quot;reads &lt;y&gt;:B&quot; checked by &quot;reads &lt;y&gt;:B&quot;  at  T.java line 24" source="/TestNoMethodEffectsOnNull/src/test/T.java.html" line="24" baseImage="plus.gif" flags="2">
        <result msg="1 prerequisite assertion:" baseImage="choice_item.gif" flags="2">
          <result msg="Reads a:A, b:B, c:C  on  test.T.method(test.T,test.T,test.T)  at  T.java line 13" source="/TestNoMethodEffectsOnNull/src/test/T.java.html" line="13" baseImage="annotation.gif" flags="2">
            <result msg="Empty effects trivially satisfy declared effects  at  T.java line 13" source="/TestNoMethodEffectsOnNull/src/test/T.java.html" line="13" baseImage="plus.gif" flags="0" />
          </result>
        </result>
        <result msg="supporting information:" baseImage="folder.gif" flags="0">
          <result msg="Parameter &quot;a&quot; bound to &quot;x&quot;  at  T.java line 24" source="/TestNoMethodEffectsOnNull/src/test/T.java.html" line="24" baseImage="info.gif" flags="0" />
          <result msg="Parameter &quot;b&quot; bound to &quot;y&quot;  at  T.java line 24" source="/TestNoMethodEffectsOnNull/src/test/T.java.html" line="24" baseImage="info.gif" flags="0" />
          <result msg="Parameter &quot;c&quot; bound to &quot;null&quot;" baseImage="info.gif" flags="0" />
          <result msg="The value of variable y may originate from final test.T y  at  T.java line 24" source="/TestNoMethodEffectsOnNull/src/test/T.java.html" line="24" baseImage="info.gif" flags="0" />
        </result>
      </result>
      <result msg="&quot;reads &lt;x&gt;:A&quot; checked by &quot;reads &lt;x&gt;:A&quot;  at  T.java line 25" source="/TestNoMethodEffectsOnNull/src/test/T.java.html" line="25" baseImage="plus.gif" flags="2">
        <result msg="1 prerequisite assertion:" baseImage="choice_item.gif" flags="2">
          <result msg="Reads a:A, b:B, c:C  on  test.T.method(test.T,test.T,test.T)  at  T.java line 13" source="/TestNoMethodEffectsOnNull/src/test/T.java.html" line="13" baseImage="annotation.gif" flags="2">
            <result msg="Empty effects trivially satisfy declared effects  at  T.java line 13" source="/TestNoMethodEffectsOnNull/src/test/T.java.html" line="13" baseImage="plus.gif" flags="0" />
          </result>
        </result>
        <result msg="supporting information:" baseImage="folder.gif" flags="0">
          <result msg="Parameter &quot;a&quot; bound to &quot;x&quot;  at  T.java line 25" source="/TestNoMethodEffectsOnNull/src/test/T.java.html" line="25" baseImage="info.gif" flags="0" />
          <result msg="Parameter &quot;b&quot; bound to &quot;null&quot;" baseImage="info.gif" flags="0" />
          <result msg="Parameter &quot;c&quot; bound to &quot;null&quot;" baseImage="info.gif" flags="0" />
          <result msg="The value of variable x may originate from final test.T x  at  T.java line 25" source="/TestNoMethodEffectsOnNull/src/test/T.java.html" line="25" baseImage="info.gif" flags="0" />
        </result>
      </result>
      <result msg="&quot;reads &lt;x&gt;:A&quot; checked by &quot;reads &lt;x&gt;:A&quot;  at  T.java line 28" source="/TestNoMethodEffectsOnNull/src/test/T.java.html" line="28" baseImage="plus.gif" flags="2">
        <result msg="1 prerequisite assertion:" baseImage="choice_item.gif" flags="2">
          <result msg="Reads a:A, b:B, c:C  on  test.T.method(test.T,test.T,test.T)  at  T.java line 13" source="/TestNoMethodEffectsOnNull/src/test/T.java.html" line="13" baseImage="annotation.gif" flags="2">
            <result msg="Empty effects trivially satisfy declared effects  at  T.java line 13" source="/TestNoMethodEffectsOnNull/src/test/T.java.html" line="13" baseImage="plus.gif" flags="0" />
          </result>
        </result>
        <result msg="supporting information:" baseImage="folder.gif" flags="0">
          <result msg="Parameter &quot;a&quot; bound to &quot;x&quot;  at  T.java line 28" source="/TestNoMethodEffectsOnNull/src/test/T.java.html" line="28" baseImage="info.gif" flags="0" />
          <result msg="The value of variable x may originate from final test.T x  at  T.java line 28" source="/TestNoMethodEffectsOnNull/src/test/T.java.html" line="28" baseImage="info.gif" flags="0" />
          <result msg="Parameter &quot;b&quot; bound to &quot;y&quot;  at  T.java line 28" source="/TestNoMethodEffectsOnNull/src/test/T.java.html" line="28" baseImage="info.gif" flags="0" />
          <result msg="Parameter &quot;c&quot; bound to &quot;(null)&quot;  at  T.java line 28" source="/TestNoMethodEffectsOnNull/src/test/T.java.html" line="28" baseImage="info.gif" flags="0" />
        </result>
      </result>
      <result msg="&quot;reads &lt;y&gt;:B&quot; checked by &quot;reads &lt;y&gt;:B&quot;  at  T.java line 28" source="/TestNoMethodEffectsOnNull/src/test/T.java.html" line="28" baseImage="plus.gif" flags="2">
        <result msg="1 prerequisite assertion:" baseImage="choice_item.gif" flags="2">
          <result msg="Reads a:A, b:B, c:C  on  test.T.method(test.T,test.T,test.T)  at  T.java line 13" source="/TestNoMethodEffectsOnNull/src/test/T.java.html" line="13" baseImage="annotation.gif" flags="2">
            <result msg="Empty effects trivially satisfy declared effects  at  T.java line 13" source="/TestNoMethodEffectsOnNull/src/test/T.java.html" line="13" baseImage="plus.gif" flags="0" />
          </result>
        </result>
        <result msg="supporting information:" baseImage="folder.gif" flags="0">
          <result msg="Parameter &quot;a&quot; bound to &quot;x&quot;  at  T.java line 28" source="/TestNoMethodEffectsOnNull/src/test/T.java.html" line="28" baseImage="info.gif" flags="0" />
          <result msg="Parameter &quot;b&quot; bound to &quot;y&quot;  at  T.java line 28" source="/TestNoMethodEffectsOnNull/src/test/T.java.html" line="28" baseImage="info.gif" flags="0" />
          <result msg="The value of variable y may originate from final test.T y  at  T.java line 28" source="/TestNoMethodEffectsOnNull/src/test/T.java.html" line="28" baseImage="info.gif" flags="0" />
          <result msg="Parameter &quot;c&quot; bound to &quot;(null)&quot;  at  T.java line 28" source="/TestNoMethodEffectsOnNull/src/test/T.java.html" line="28" baseImage="info.gif" flags="0" />
        </result>
      </result>
      <result msg="&quot;reads &lt;x&gt;:A&quot; checked by &quot;reads &lt;x&gt;:A&quot;  at  T.java line 29" source="/TestNoMethodEffectsOnNull/src/test/T.java.html" line="29" baseImage="plus.gif" flags="2">
        <result msg="1 prerequisite assertion:" baseImage="choice_item.gif" flags="2">
          <result msg="Reads a:A, b:B, c:C  on  test.T.method(test.T,test.T,test.T)  at  T.java line 13" source="/TestNoMethodEffectsOnNull/src/test/T.java.html" line="13" baseImage="annotation.gif" flags="2">
            <result msg="Empty effects trivially satisfy declared effects  at  T.java line 13" source="/TestNoMethodEffectsOnNull/src/test/T.java.html" line="13" baseImage="plus.gif" flags="0" />
          </result>
        </result>
        <result msg="supporting information:" baseImage="folder.gif" flags="0">
          <result msg="Parameter &quot;a&quot; bound to &quot;x&quot;  at  T.java line 29" source="/TestNoMethodEffectsOnNull/src/test/T.java.html" line="29" baseImage="info.gif" flags="0" />
          <result msg="The value of variable x may originate from final test.T x  at  T.java line 29" source="/TestNoMethodEffectsOnNull/src/test/T.java.html" line="29" baseImage="info.gif" flags="0" />
          <result msg="Parameter &quot;b&quot; bound to &quot;(((null)))&quot;  at  T.java line 29" source="/TestNoMethodEffectsOnNull/src/test/T.java.html" line="29" baseImage="info.gif" flags="0" />
          <result msg="Parameter &quot;c&quot; bound to &quot;(test.T) null&quot;  at  T.java line 29" source="/TestNoMethodEffectsOnNull/src/test/T.java.html" line="29" baseImage="info.gif" flags="0" />
        </result>
      </result>
      <result msg="&quot;reads &lt;z&gt;:C&quot; checked by &quot;reads &lt;z&gt;:C&quot;  at  T.java line 30" source="/TestNoMethodEffectsOnNull/src/test/T.java.html" line="30" baseImage="plus.gif" flags="2">
        <result msg="1 prerequisite assertion:" baseImage="choice_item.gif" flags="2">
          <result msg="Reads a:A, b:B, c:C  on  test.T.method(test.T,test.T,test.T)  at  T.java line 13" source="/TestNoMethodEffectsOnNull/src/test/T.java.html" line="13" baseImage="annotation.gif" flags="2">
            <result msg="Empty effects trivially satisfy declared effects  at  T.java line 13" source="/TestNoMethodEffectsOnNull/src/test/T.java.html" line="13" baseImage="plus.gif" flags="0" />
          </result>
        </result>
        <result msg="supporting information:" baseImage="folder.gif" flags="0">
          <result msg="Parameter &quot;a&quot; bound to &quot;((test.T) null)&quot;  at  T.java line 30" source="/TestNoMethodEffectsOnNull/src/test/T.java.html" line="30" baseImage="info.gif" flags="0" />
          <result msg="Parameter &quot;b&quot; bound to &quot;(test.T) ((test.T) ((#) #))&quot;  at  T.java line 30" source="/TestNoMethodEffectsOnNull/src/test/T.java.html" line="30" baseImage="info.gif" flags="0" />
          <result msg="Parameter &quot;c&quot; bound to &quot;z&quot;  at  T.java line 30" source="/TestNoMethodEffectsOnNull/src/test/T.java.html" line="30" baseImage="info.gif" flags="0" />
          <result msg="The value of variable z may originate from final test.T z  at  T.java line 30" source="/TestNoMethodEffectsOnNull/src/test/T.java.html" line="30" baseImage="info.gif" flags="0" />
        </result>
      </result>
    </result>
  </result>
  <result msg="Regions (5 issues)" baseImage="folder.gif" flags="2">
    <result msg="Region public []  at  java.lang.[]" baseImage="annotation.gif" flags="0" />
    <result msg="Region public length  at  java.lang.[]" baseImage="annotation.gif" flags="0" />
    <result msg="Region public test.T.A  at  T.java line 8" source="/TestNoMethodEffectsOnNull/src/test/T.java.html" line="8" baseImage="annotation.gif" flags="0">
      <result msg="Region public java.lang.Object.Instance  at  java.lang.Object" baseImage="annotation.gif" flags="0">
        <result msg="Region public static java.lang.Object.All  at  java.lang.Object" baseImage="annotation.gif" flags="0" />
      </result>
    </result>
    <result msg="Region public test.T.B  at  T.java line 9" source="/TestNoMethodEffectsOnNull/src/test/T.java.html" line="9" baseImage="annotation.gif" flags="0">
      <result msg="Region public java.lang.Object.Instance  at  java.lang.Object" baseImage="annotation.gif" flags="0">
        <result msg="Region public static java.lang.Object.All  at  java.lang.Object" baseImage="annotation.gif" flags="0" />
      </result>
    </result>
    <result msg="Region public test.T.C  at  T.java line 10" source="/TestNoMethodEffectsOnNull/src/test/T.java.html" line="10" baseImage="annotation.gif" flags="0">
      <result msg="Region public java.lang.Object.Instance  at  java.lang.Object" baseImage="annotation.gif" flags="0">
        <result msg="Region public static java.lang.Object.All  at  java.lang.Object" baseImage="annotation.gif" flags="0" />
      </result>
    </result>
  </result>
</root>