<sourceFiles>
	<package name="inherited_region.Instance">
		<class name="Bad1.java" source="/TestLockSanityChecks/inherited_region/Instance/Bad1.java.html"/>
		<class name="BadRoot1.java" source="/TestLockSanityChecks/inherited_region/Instance/BadRoot1.java.html"/>
	</package>
	<package name="inherited_region.Subregion">
		<class name="Bad2.java" source="/TestLockSanityChecks/inherited_region/Subregion/Bad2.java.html"/>
		<class name="Bad3.java" source="/TestLockSanityChecks/inherited_region/Subregion/Bad3.java.html"/>
		<class name="BadRoot2.java" source="/TestLockSanityChecks/inherited_region/Subregion/BadRoot2.java.html"/>
	</package>
	<package name="inherited_region.baseCase">
		<class name="Good1.java" source="/TestLockSanityChecks/inherited_region/baseCase/Good1.java.html"/>
	</package>
	<package name="inherited_region.good">
		<class name="Good2.java" source="/TestLockSanityChecks/inherited_region/good/Good2.java.html"/>
		<class name="Good3.java" source="/TestLockSanityChecks/inherited_region/good/Good3.java.html"/>
		<class name="Good4.java" source="/TestLockSanityChecks/inherited_region/good/Good4.java.html"/>
		<class name="GoodRoot.java" source="/TestLockSanityChecks/inherited_region/good/GoodRoot.java.html"/>
	</package>
	<package name="test_lock_field">
		<class name="A.java" source="/TestLockSanityChecks/test_lock_field/A.java.html"/>
		<class name="B.java" source="/TestLockSanityChecks/test_lock_field/B.java.html"/>
		<class name="C.java" source="/TestLockSanityChecks/test_lock_field/C.java.html"/>
		<class name="D.java" source="/TestLockSanityChecks/test_lock_field/D.java.html"/>
		<class name="Other.java" source="/TestLockSanityChecks/test_lock_field/Other.java.html"/>
	</package>
	<package name="test_lock_region">
		<class name="B.java" source="/TestLockSanityChecks/test_lock_region/B.java.html"/>
		<class name="C.java" source="/TestLockSanityChecks/test_lock_region/C.java.html"/>
		<class name="D.java" source="/TestLockSanityChecks/test_lock_region/D.java.html"/>
		<class name="Grandparent.java" source="/TestLockSanityChecks/test_lock_region/Grandparent.java.html"/>
		<class name="GreatGrandparent.java" source="/TestLockSanityChecks/test_lock_region/GreatGrandparent.java.html"/>
		<class name="LockViz.java" source="/TestLockSanityChecks/test_lock_region/LockViz.java.html"/>
		<class name="Other.java" source="/TestLockSanityChecks/test_lock_region/Other.java.html"/>
		<class name="Parent.java" source="/TestLockSanityChecks/test_lock_region/Parent.java.html"/>
		<class name="ProtectInheritedRegion.java" source="/TestLockSanityChecks/test_lock_region/ProtectInheritedRegion.java.html"/>
	</package>
	<package name="test_requires_lock">
		<class name="C.java" source="/TestLockSanityChecks/test_requires_lock/C.java.html"/>
		<class name="C_Policy.java" source="/TestLockSanityChecks/test_requires_lock/C_Policy.java.html"/>
		<class name="D.java" source="/TestLockSanityChecks/test_requires_lock/D.java.html"/>
		<class name="PolicyLock_Constructor.java" source="/TestLockSanityChecks/test_requires_lock/PolicyLock_Constructor.java.html"/>
		<class name="PolicyLock_LockNames.java" source="/TestLockSanityChecks/test_requires_lock/PolicyLock_LockNames.java.html"/>
		<class name="PolicyLock_visibility.java" source="/TestLockSanityChecks/test_requires_lock/PolicyLock_visibility.java.html"/>
		<class name="Root.java" source="/TestLockSanityChecks/test_requires_lock/Root.java.html"/>
		<class name="StateLock_Constructor.java" source="/TestLockSanityChecks/test_requires_lock/StateLock_Constructor.java.html"/>
		<class name="StateLock_LockNames.java" source="/TestLockSanityChecks/test_requires_lock/StateLock_LockNames.java.html"/>
		<class name="StateLock_visibility.java" source="/TestLockSanityChecks/test_requires_lock/StateLock_visibility.java.html"/>
	</package>
	<package name="test_returns_lock">
		<class name="C.java" source="/TestLockSanityChecks/test_returns_lock/C.java.html"/>
		<class name="C_Policy.java" source="/TestLockSanityChecks/test_returns_lock/C_Policy.java.html"/>
		<class name="PolicyLock.java" source="/TestLockSanityChecks/test_returns_lock/PolicyLock.java.html"/>
		<class name="StateLock.java" source="/TestLockSanityChecks/test_returns_lock/StateLock.java.html"/>
	</package>
	<package name="test_unique_names">
		<class name="BadC2.java" source="/TestLockSanityChecks/test_unique_names/BadC2.java.html"/>
		<class name="BadC3.java" source="/TestLockSanityChecks/test_unique_names/BadC3.java.html"/>
		<class name="C1.java" source="/TestLockSanityChecks/test_unique_names/C1.java.html"/>
		<class name="GoodC2.java" source="/TestLockSanityChecks/test_unique_names/GoodC2.java.html"/>
		<class name="GoodC3.java" source="/TestLockSanityChecks/test_unique_names/GoodC3.java.html"/>
		<class name="StateVsPolicyLocks.java" source="/TestLockSanityChecks/test_unique_names/StateVsPolicyLocks.java.html"/>
	</package>
</sourceFiles>
