<sourceFiles>
	<package name="com.surelogic">
		<class name="Aggregate.java" source="/promises/src/com/surelogic/Aggregate.java.html"/>
		<class name="AllowsReferencesFrom.java" source="/promises/src/com/surelogic/AllowsReferencesFrom.java.html"/>
		<class name="Assume.java" source="/promises/src/com/surelogic/Assume.java.html"/>
		<class name="Assumes.java" source="/promises/src/com/surelogic/Assumes.java.html"/>
		<class name="Borrowed.java" source="/promises/src/com/surelogic/Borrowed.java.html"/>
		<class name="InLayer.java" source="/promises/src/com/surelogic/InLayer.java.html"/>
		<class name="InRegion.java" source="/promises/src/com/surelogic/InRegion.java.html"/>
		<class name="IsLock.java" source="/promises/src/com/surelogic/IsLock.java.html"/>
		<class name="Layer.java" source="/promises/src/com/surelogic/Layer.java.html"/>
		<class name="Layers.java" source="/promises/src/com/surelogic/Layers.java.html"/>
		<class name="MapFields.java" source="/promises/src/com/surelogic/MapFields.java.html"/>
		<class name="MapsFields.java" source="/promises/src/com/surelogic/MapsFields.java.html"/>
		<class name="MayReferTo.java" source="/promises/src/com/surelogic/MayReferTo.java.html"/>
		<class name="NotUnique.java" source="/promises/src/com/surelogic/NotUnique.java.html"/>
		<class name="PolicyLock.java" source="/promises/src/com/surelogic/PolicyLock.java.html"/>
		<class name="PolicyLocks.java" source="/promises/src/com/surelogic/PolicyLocks.java.html"/>
		<class name="Promise.java" source="/promises/src/com/surelogic/Promise.java.html"/>
		<class name="Promises.java" source="/promises/src/com/surelogic/Promises.java.html"/>
		<class name="Reads.java" source="/promises/src/com/surelogic/Reads.java.html"/>
		<class name="Region.java" source="/promises/src/com/surelogic/Region.java.html"/>
		<class name="RegionEffects.java" source="/promises/src/com/surelogic/RegionEffects.java.html"/>
		<class name="RegionLock.java" source="/promises/src/com/surelogic/RegionLock.java.html"/>
		<class name="RegionLocks.java" source="/promises/src/com/surelogic/RegionLocks.java.html"/>
		<class name="Regions.java" source="/promises/src/com/surelogic/Regions.java.html"/>
		<class name="RequiresLock.java" source="/promises/src/com/surelogic/RequiresLock.java.html"/>
		<class name="ReturnsLock.java" source="/promises/src/com/surelogic/ReturnsLock.java.html"/>
		<class name="SelfProtected.java" source="/promises/src/com/surelogic/SelfProtected.java.html"/>
		<class name="SingleThreaded.java" source="/promises/src/com/surelogic/SingleThreaded.java.html"/>
		<class name="Starts.java" source="/promises/src/com/surelogic/Starts.java.html"/>
		<class name="TypeSet.java" source="/promises/src/com/surelogic/TypeSet.java.html"/>
		<class name="TypeSets.java" source="/promises/src/com/surelogic/TypeSets.java.html"/>
		<class name="Unique.java" source="/promises/src/com/surelogic/Unique.java.html"/>
		<class name="Writes.java" source="/promises/src/com/surelogic/Writes.java.html"/>
	</package>
	<package name="edu.afit.planetbaron.client">
		<class name="ChatTestClient.java" source="/PlanetBaron Demo/src/edu/afit/planetbaron/client/ChatTestClient.java.html"/>
		<class name="MapView.java" source="/PlanetBaron Demo/src/edu/afit/planetbaron/client/MapView.java.html"/>
		<class name="PlayerProxy.java" source="/PlanetBaron Demo/src/edu/afit/planetbaron/client/PlayerProxy.java.html"/>
		<class name="PlayerUI.java" source="/PlanetBaron Demo/src/edu/afit/planetbaron/client/PlayerUI.java.html"/>
		<class name="ResponseVisitor.java" source="/PlanetBaron Demo/src/edu/afit/planetbaron/client/ResponseVisitor.java.html"/>
	</package>
	<package name="edu.afit.planetbaron.client.communication">
		<class name="IDisconnect.java" source="/PlanetBaron Demo/src/edu/afit/planetbaron/client/communication/IDisconnect.java.html"/>
		<class name="IResponse.java" source="/PlanetBaron Demo/src/edu/afit/planetbaron/client/communication/IResponse.java.html"/>
		<class name="ServerProxy.java" source="/PlanetBaron Demo/src/edu/afit/planetbaron/client/communication/ServerProxy.java.html"/>
	</package>
	<package name="edu.afit.planetbaron.game">
		<class name="EndOfTurnObserver.java" source="/PlanetBaron Demo/src/edu/afit/planetbaron/game/EndOfTurnObserver.java.html"/>
		<class name="GameMap.java" source="/PlanetBaron Demo/src/edu/afit/planetbaron/game/GameMap.java.html"/>
		<class name="Location.java" source="/PlanetBaron Demo/src/edu/afit/planetbaron/game/Location.java.html"/>
		<class name="Planet.java" source="/PlanetBaron Demo/src/edu/afit/planetbaron/game/Planet.java.html"/>
		<class name="Player.java" source="/PlanetBaron Demo/src/edu/afit/planetbaron/game/Player.java.html"/>
		<class name="Reporter.java" source="/PlanetBaron Demo/src/edu/afit/planetbaron/game/Reporter.java.html"/>
		<class name="Ship.java" source="/PlanetBaron Demo/src/edu/afit/planetbaron/game/Ship.java.html"/>
		<class name="TestGameMap.java" source="/PlanetBaron Demo/test/edu/afit/planetbaron/game/TestGameMap.java.html"/>
		<class name="TestReporter.java" source="/PlanetBaron Demo/test/edu/afit/planetbaron/game/TestReporter.java.html"/>
		<class name="Thing.java" source="/PlanetBaron Demo/src/edu/afit/planetbaron/game/Thing.java.html"/>
		<class name="TurnMutable.java" source="/PlanetBaron Demo/src/edu/afit/planetbaron/game/TurnMutable.java.html"/>
	</package>
	<package name="edu.afit.planetbaron.protocol">
		<class name="ASTNode.java" source="/PlanetBaron Demo/src/edu/afit/planetbaron/protocol/ASTNode.java.html"/>
		<class name="ASTVisitor.java" source="/PlanetBaron Demo/src/edu/afit/planetbaron/protocol/ASTVisitor.java.html"/>
		<class name="ASTVisitorWithResult.java" source="/PlanetBaron Demo/src/edu/afit/planetbaron/protocol/ASTVisitorWithResult.java.html"/>
		<class name="ConsoleOnly.java" source="/PlanetBaron Demo/src/edu/afit/planetbaron/protocol/ConsoleOnly.java.html"/>
		<class name="ConsoleOnlyCommand.java" source="/PlanetBaron Demo/src/edu/afit/planetbaron/protocol/ConsoleOnlyCommand.java.html"/>
		<class name="GameStateUpdate.java" source="/PlanetBaron Demo/src/edu/afit/planetbaron/protocol/GameStateUpdate.java.html"/>
		<class name="Go.java" source="/PlanetBaron Demo/src/edu/afit/planetbaron/protocol/Go.java.html"/>
		<class name="LocationLiteral.java" source="/PlanetBaron Demo/src/edu/afit/planetbaron/protocol/LocationLiteral.java.html"/>
		<class name="Ls.java" source="/PlanetBaron Demo/src/edu/afit/planetbaron/protocol/Ls.java.html"/>
		<class name="Lt.java" source="/PlanetBaron Demo/src/edu/afit/planetbaron/protocol/Lt.java.html"/>
		<class name="MapSizeReport.java" source="/PlanetBaron Demo/src/edu/afit/planetbaron/protocol/MapSizeReport.java.html"/>
		<class name="MoveShip.java" source="/PlanetBaron Demo/src/edu/afit/planetbaron/protocol/MoveShip.java.html"/>
		<class name="Ok.java" source="/PlanetBaron Demo/src/edu/afit/planetbaron/protocol/Ok.java.html"/>
		<class name="OkNoResponse.java" source="/PlanetBaron Demo/src/edu/afit/planetbaron/protocol/OkNoResponse.java.html"/>
		<class name="ParseStrategy.java" source="/PlanetBaron Demo/src/edu/afit/planetbaron/protocol/ParseStrategy.java.html"/>
		<class name="PlanetReport.java" source="/PlanetBaron Demo/src/edu/afit/planetbaron/protocol/PlanetReport.java.html"/>
		<class name="Play.java" source="/PlanetBaron Demo/src/edu/afit/planetbaron/protocol/Play.java.html"/>
		<class name="ProtocolError.java" source="/PlanetBaron Demo/src/edu/afit/planetbaron/protocol/ProtocolError.java.html"/>
		<class name="ProtocolFacade.java" source="/PlanetBaron Demo/src/edu/afit/planetbaron/protocol/ProtocolFacade.java.html"/>
		<class name="Quit.java" source="/PlanetBaron Demo/src/edu/afit/planetbaron/protocol/Quit.java.html"/>
		<class name="Report.java" source="/PlanetBaron Demo/src/edu/afit/planetbaron/protocol/Report.java.html"/>
		<class name="ServerCommand.java" source="/PlanetBaron Demo/src/edu/afit/planetbaron/protocol/ServerCommand.java.html"/>
		<class name="ServerResponse.java" source="/PlanetBaron Demo/src/edu/afit/planetbaron/protocol/ServerResponse.java.html"/>
		<class name="ShipReport.java" source="/PlanetBaron Demo/src/edu/afit/planetbaron/protocol/ShipReport.java.html"/>
		<class name="ShipVelocityReport.java" source="/PlanetBaron Demo/src/edu/afit/planetbaron/protocol/ShipVelocityReport.java.html"/>
		<class name="Shutdown.java" source="/PlanetBaron Demo/src/edu/afit/planetbaron/protocol/Shutdown.java.html"/>
		<class name="StringLiteral.java" source="/PlanetBaron Demo/src/edu/afit/planetbaron/protocol/StringLiteral.java.html"/>
		<class name="StringLiteralMultiLine.java" source="/PlanetBaron Demo/src/edu/afit/planetbaron/protocol/StringLiteralMultiLine.java.html"/>
		<class name="TestAST.java" source="/PlanetBaron Demo/test/edu/afit/planetbaron/protocol/TestAST.java.html"/>
	</package>
	<package name="edu.afit.planetbaron.protocol.parser">
		<class name="ParseException.java" source="/PlanetBaron Demo/src/edu/afit/planetbaron/protocol/parser/ParseException.java.html"/>
		<class name="ProtocolParser.java" source="/PlanetBaron Demo/src/edu/afit/planetbaron/protocol/parser/ProtocolParser.java.html"/>
		<class name="ProtocolParserConstants.java" source="/PlanetBaron Demo/src/edu/afit/planetbaron/protocol/parser/ProtocolParserConstants.java.html"/>
		<class name="ProtocolParserTokenManager.java" source="/PlanetBaron Demo/src/edu/afit/planetbaron/protocol/parser/ProtocolParserTokenManager.java.html"/>
		<class name="SimpleCharStream.java" source="/PlanetBaron Demo/src/edu/afit/planetbaron/protocol/parser/SimpleCharStream.java.html"/>
		<class name="Token.java" source="/PlanetBaron Demo/src/edu/afit/planetbaron/protocol/parser/Token.java.html"/>
		<class name="TokenMgrError.java" source="/PlanetBaron Demo/src/edu/afit/planetbaron/protocol/parser/TokenMgrError.java.html"/>
	</package>
	<package name="edu.afit.planetbaron.server">
		<class name="ClientHandler.java" source="/PlanetBaron Demo/src/edu/afit/planetbaron/server/ClientHandler.java.html"/>
		<class name="CommandVisitor.java" source="/PlanetBaron Demo/src/edu/afit/planetbaron/server/CommandVisitor.java.html"/>
		<class name="Server.java" source="/PlanetBaron Demo/src/edu/afit/planetbaron/server/Server.java.html"/>
		<class name="TestTurnCyclicBarrier.java" source="/PlanetBaron Demo/test/edu/afit/planetbaron/server/TestTurnCyclicBarrier.java.html"/>
		<class name="TurnCyclicBarrier.java" source="/PlanetBaron Demo/src/edu/afit/planetbaron/server/TurnCyclicBarrier.java.html"/>
	</package>
	<package name="edu.afit.planetbaron.util">
		<class name="Common.java" source="/PlanetBaron Demo/src/edu/afit/planetbaron/util/Common.java.html"/>
		<class name="ConciseFormatter.java" source="/PlanetBaron Demo/src/edu/afit/planetbaron/util/ConciseFormatter.java.html"/>
	</package>
	<package name="net.jcip.annotations">
		<class name="GuardedBy.java" source="/promises/src/net/jcip/annotations/GuardedBy.java.html"/>
		<class name="Immutable.java" source="/promises/src/net/jcip/annotations/Immutable.java.html"/>
		<class name="NotThreadSafe.java" source="/promises/src/net/jcip/annotations/NotThreadSafe.java.html"/>
		<class name="ThreadSafe.java" source="/promises/src/net/jcip/annotations/ThreadSafe.java.html"/>
	</package>
	<package name="test_any_instance">
		<class name="C.java" source="/Bug1054/src/test_any_instance/C.java.html"/>
		<class name="Test.java" source="/Bug1054/src/test_any_instance/Test.java.html"/>
	</package>
	<package name="test_class">
		<class name="C.java" source="/test/src/test_class/C.java.html"/>
		<class name="D.java" source="/test/src/test_class/D.java.html"/>
		<class name="Test.java" source="/test/src/test_class/Test.java.html"/>
	</package>
	<package name="test_class.nested">
		<class name="C.java" source="/TestEffectSanityChecks_old/src/test_class/nested/C.java.html"/>
	</package>
	<package name="test_constructorVisibility">
		<class name="C.java" source="/TestEffectSanityChecks_old/src/test_constructorVisibility/C.java.html"/>
		<class name="Test.java" source="/TestEffectSanityChecks_old/src/test_constructorVisibility/Test.java.html"/>
	</package>
	<package name="test_explicitThis">
		<class name="C.java" source="/test/src/test_explicitThis/C.java.html"/>
		<class name="D.java" source="/test/src/test_explicitThis/D.java.html"/>
	</package>
	<package name="test_implicitThis">
		<class name="C.java" source="/TestEffectSanityChecks_old/src/test_implicitThis/C.java.html"/>
		<class name="D.java" source="/TestEffectSanityChecks_old/src/test_implicitThis/D.java.html"/>
	</package>
	<package name="test_parameter">
		<class name="C.java" source="/TestEffectSanityChecks_old/src/test_parameter/C.java.html"/>
		<class name="D.java" source="/TestEffectSanityChecks_old/src/test_parameter/D.java.html"/>
		<class name="Test.java" source="/TestEffectSanityChecks_old/src/test_parameter/Test.java.html"/>
	</package>
	<package name="test_qualifiedThis">
		<class name="C.java" source="/TestEffectSanityChecks_old/src/test_qualifiedThis/C.java.html"/>
		<class name="D.java" source="/TestEffectSanityChecks_old/src/test_qualifiedThis/D.java.html"/>
	</package>
</sourceFiles>
