<?xml version='1.0' encoding='UTF-8' standalone='yes'?>
<sea-summary time='Apr 20, 2011 10:30:41 AM'
	 project='TestEffects, TestUniqueness'>

<count RegionEffectsPromiseDrop='1'/>
<count LockModel='1'/>
<count InRegionPromiseDrop='1'/>
<count ProposedPromiseDrop='2'/>
<count UniquePromiseDrop='1'/>
<count RegionModel='2'/>
<count ResultDrop='5'/>
<promise-drop type='LockModel'
	 offset='2147483647'
	 line='0'
	 path='Object'
	 file='java.lang.Object'
	 hash='1709211273'
	 context='1063877011'
	 id='37'
	 message='RegionLock java.lang.Object.MUTEX is this protects WaitQueue on Object'
	 category='Concurrency'
	 to-be-checked-by-analysis='true'
	 from-src='true'
	 message-id='(100,java.lang.Object.MUTEX,this,WaitQueue,Object)'
	 checked-by-analysis='true'
	 proved-consistent='true'
	 full-type='edu.cmu.cs.fluid.sea.drops.promises.LockModel'/>

<ir-drop type='ProposedPromiseDrop'
	 offset='93'
	 line='7'
	 path='TestEffects/src/test/effects/Effects.java'
	 uri='file:/D:/work/update-script-workspace/DifferentDrops/TestEffects/src/test/effects/Effects.java'
	 file='file:/D:/work/update-script-workspace/DifferentDrops/TestEffects/src/test/effects/Effects.java'
	 hash='-1734587601'
	 context='-71895281'
	 id='69'
	 message='ProposedPromiseDrop @RegionEffects(none)'
	 target-project='TestEffects'
	 java-annotation='@RegionEffects(&quot;none&quot;)'
	 annotation-type='RegionEffects'
	 contents='none'
	 from-project='TestEffects'
	 full-type='edu.cmu.cs.fluid.sea.ProposedPromiseDrop'/>

<result-drop type='ResultDrop'
	 offset='83'
	 line='6'
	 path='TestUniqueness/src/test/uniqueness/Uniqueness.java'
	 uri='file:/D:/work/update-script-workspace/DifferentDrops/TestUniqueness/src/test/uniqueness/Uniqueness.java'
	 file='file:/D:/work/update-script-workspace/DifferentDrops/TestUniqueness/src/test/uniqueness/Uniqueness.java'
	 hash='1533438279'
	 context='-1019620411'
	 id='201'
	 message='Control flow of constructor test.uniqueness.Uniqueness.Uniqueness()'
	 result-type='UniquenessAssurance'
	 message-id='(300,constructor,test.uniqueness.Uniqueness.Uniqueness())'
	 proved-consistent='true'
	 consistent='true'
	 full-type='edu.cmu.cs.fluid.sea.ResultDrop'/>

<promise-drop type='UniquePromiseDrop'
	 offset='83'
	 line='6'
	 path='TestUniqueness/src/test/uniqueness/Uniqueness.java'
	 uri='file:/D:/work/update-script-workspace/DifferentDrops/TestUniqueness/src/test/uniqueness/Uniqueness.java'
	 file='file:/D:/work/update-script-workspace/DifferentDrops/TestUniqueness/src/test/uniqueness/Uniqueness.java'
	 hash='97427706'
	 context='-1829911170'
	 id='202'
	 message='Unique on field'
	 category='Uniqueness'
	 to-be-checked-by-analysis='true'
	 from-src='true'
	 message-id='(115,field)'
	 checked-by-analysis='true'
	 request-top-level='true'
	 proved-consistent='true'
	 full-type='edu.cmu.cs.fluid.sea.drops.promises.UniquePromiseDrop'/>

<result-drop type='ResultDrop'
	 offset='83'
	 line='6'
	 path='TestUniqueness/src/test/uniqueness/Uniqueness.java'
	 uri='file:/D:/work/update-script-workspace/DifferentDrops/TestUniqueness/src/test/uniqueness/Uniqueness.java'
	 file='file:/D:/work/update-script-workspace/DifferentDrops/TestUniqueness/src/test/uniqueness/Uniqueness.java'
	 hash='109801339'
	 context='-1019620411'
	 id='313'
	 message='Effects of call super'
	 result-type='UniquenessAssurance_effectOfCallDrop'
	 message-id='(304,super)'
	 proved-consistent='true'
	 consistent='true'
	 full-type='edu.cmu.cs.fluid.sea.ResultDrop'/>

<promise-drop type='InRegionPromiseDrop'
	 offset='103'
	 line='7'
	 path='TestEffects/src/test/effects/Effects.java'
	 uri='file:/D:/work/update-script-workspace/DifferentDrops/TestEffects/src/test/effects/Effects.java'
	 file='file:/D:/work/update-script-workspace/DifferentDrops/TestEffects/src/test/effects/Effects.java'
	 hash='101574'
	 context='937021298'
	 id='316'
	 message='InRegion(Foo) on foo'
	 from-src='true'
	 message-id='(107,Foo,foo)'
	 checked-by-analysis='true'
	 proved-consistent='true'
	 full-type='edu.cmu.cs.fluid.sea.drops.promises.InRegionPromiseDrop'/>

<promise-drop type='RegionModel'
	 offset='93'
	 line='7'
	 path='TestEffects/src/test/effects/Effects.java'
	 uri='file:/D:/work/update-script-workspace/DifferentDrops/TestEffects/src/test/effects/Effects.java'
	 file='file:/D:/work/update-script-workspace/DifferentDrops/TestEffects/src/test/effects/Effects.java'
	 hash='101574'
	 context='937021298'
	 id='317'
	 message='Region   test.effects.Effects.foo'
	 category='Regions'
	 from-src='true'
	 message-id='(117, ,,test.effects.Effects.foo)'
	 checked-by-analysis='true'
	 proved-consistent='true'
	 full-type='edu.cmu.cs.fluid.sea.drops.promises.RegionModel'/>

<result-drop type='ResultDrop'
	 offset='83'
	 line='6'
	 path='TestUniqueness/src/test/uniqueness/Uniqueness.java'
	 uri='file:/D:/work/update-script-workspace/DifferentDrops/TestUniqueness/src/test/uniqueness/Uniqueness.java'
	 file='file:/D:/work/update-script-workspace/DifferentDrops/TestUniqueness/src/test/uniqueness/Uniqueness.java'
	 hash='109801339'
	 context='-1019620411'
	 id='403'
	 message='Unique return value of call super'
	 result-type='UniquenessAssurance_uniqueReturnDrop'
	 message-id='(301,super)'
	 proved-consistent='true'
	 consistent='true'
	 full-type='edu.cmu.cs.fluid.sea.ResultDrop'/>

<promise-drop type='RegionEffectsPromiseDrop'
	 offset='141'
	 line='10'
	 path='TestEffects/src/test/effects/Effects.java'
	 uri='file:/D:/work/update-script-workspace/DifferentDrops/TestEffects/src/test/effects/Effects.java'
	 file='file:/D:/work/update-script-workspace/DifferentDrops/TestEffects/src/test/effects/Effects.java'
	 hash='-1531990530'
	 context='-1465663501'
	 id='578'
	 message='Reads this:Foo on test.effects.Effects.foo()'
	 category='Effects'
	 to-be-checked-by-analysis='true'
	 from-src='true'
	 checked-by-analysis='true'
	 proved-consistent='true'
	 full-type='edu.cmu.cs.fluid.sea.drops.effects.RegionEffectsPromiseDrop'/>

<result-drop type='ResultDrop'
	 offset='178'
	 line='12'
	 path='TestEffects/src/test/effects/Effects.java'
	 uri='file:/D:/work/update-script-workspace/DifferentDrops/TestEffects/src/test/effects/Effects.java'
	 file='file:/D:/work/update-script-workspace/DifferentDrops/TestEffects/src/test/effects/Effects.java'
	 hash='1227375990'
	 context='-1074437075'
	 id='579'
	 message='&quot;reads this:foo&quot; checked by &quot;reads this:Foo&quot;'
	 result-type='EffectAssurance_msgCheckedBy'
	 message-id='(151,reads this:foo,reads this:Foo)'
	 proved-consistent='true'
	 consistent='true'
	 full-type='edu.cmu.cs.fluid.sea.ResultDrop'/>

<ir-drop type='ProposedPromiseDrop'
	 offset='83'
	 line='6'
	 path='TestUniqueness/src/test/uniqueness/Uniqueness.java'
	 uri='file:/D:/work/update-script-workspace/DifferentDrops/TestUniqueness/src/test/uniqueness/Uniqueness.java'
	 file='file:/D:/work/update-script-workspace/DifferentDrops/TestUniqueness/src/test/uniqueness/Uniqueness.java'
	 hash='1533438279'
	 context='-1019620411'
	 id='727'
	 message='ProposedPromiseDrop @RegionEffects(none)'
	 target-project='TestUniqueness'
	 java-annotation='@RegionEffects(&quot;none&quot;)'
	 annotation-type='RegionEffects'
	 contents='none'
	 from-project='TestUniqueness'
	 full-type='edu.cmu.cs.fluid.sea.ProposedPromiseDrop'/>

<result-drop type='ResultDrop'
	 offset='83'
	 line='6'
	 path='TestUniqueness/src/test/uniqueness/Uniqueness.java'
	 uri='file:/D:/work/update-script-workspace/DifferentDrops/TestUniqueness/src/test/uniqueness/Uniqueness.java'
	 file='file:/D:/work/update-script-workspace/DifferentDrops/TestUniqueness/src/test/uniqueness/Uniqueness.java'
	 hash='1533438279'
	 context='-1019620411'
	 id='869'
	 message='Assurance conservatively depends on the unique fields accessed in method test.uniqueness.Uniqueness.Uniqueness()'
	 result-type='UniquenessAssurance_aggregatedUniqueFields'
	 message-id='(306,test.uniqueness.Uniqueness.Uniqueness())'
	 proved-consistent='true'
	 consistent='true'
	 full-type='edu.cmu.cs.fluid.sea.ResultDrop'/>

<promise-drop type='RegionModel'
	 offset='60'
	 line='5'
	 path='TestEffects/src/test/effects/Effects.java'
	 uri='file:/D:/work/update-script-workspace/DifferentDrops/TestEffects/src/test/effects/Effects.java'
	 file='file:/D:/work/update-script-workspace/DifferentDrops/TestEffects/src/test/effects/Effects.java'
	 hash='793003008'
	 context='-2141964646'
	 id='1153'
	 message='Region   test.effects.Effects.Foo'
	 category='Regions'
	 from-src='true'
	 message-id='(117, ,,test.effects.Effects.Foo)'
	 checked-by-analysis='true'
	 proved-consistent='true'
	 full-type='edu.cmu.cs.fluid.sea.drops.promises.RegionModel'/>

</sea-summary>

