<?xml version='1.0' encoding='UTF-8' standalone='yes'?>
<sea-summary time='Apr 20, 2011 10:30:32 AM'
	 project='TestEffects, TestWarnings, TestUniqueness'>

<count RegionEffectsPromiseDrop='1'/>
<count WarningDrop='1'/>
<count LockModel='1'/>
<count InRegionPromiseDrop='1'/>
<count ProposedPromiseDrop='4'/>
<count UniquePromiseDrop='1'/>
<count RegionModel='2'/>
<count ResultDrop='5'/>
<promise-drop type='LockModel'
	 offset='2147483647'
	 line='0'
	 path='Object'
	 file='java.lang.Object'
	 hash='1709211273'
	 context='1063877011'
	 id='17'
	 message='RegionLock java.lang.Object.MUTEX is this protects WaitQueue on Object'
	 category='Concurrency'
	 to-be-checked-by-analysis='true'
	 from-src='true'
	 message-id='(100,java.lang.Object.MUTEX,this,WaitQueue,Object)'
	 checked-by-analysis='true'
	 proved-consistent='true'
	 full-type='edu.cmu.cs.fluid.sea.drops.promises.LockModel'/>

<result-drop type='ResultDrop'
	 offset='83'
	 line='6'
	 path='TestUniqueness/src/test/uniqueness/Uniqueness.java'
	 uri='file:/D:/work/update-script-workspace/DifferentDrops/TestUniqueness/src/test/uniqueness/Uniqueness.java'
	 file='file:/D:/work/update-script-workspace/DifferentDrops/TestUniqueness/src/test/uniqueness/Uniqueness.java'
	 hash='109801339'
	 context='-1019620411'
	 id='87'
	 message='Unique return value of call super'
	 result-type='UniquenessAssurance_uniqueReturnDrop'
	 message-id='(301,super)'
	 proved-consistent='true'
	 consistent='true'
	 full-type='edu.cmu.cs.fluid.sea.ResultDrop'/>

<promise-drop type='UniquePromiseDrop'
	 offset='83'
	 line='6'
	 path='TestUniqueness/src/test/uniqueness/Uniqueness.java'
	 uri='file:/D:/work/update-script-workspace/DifferentDrops/TestUniqueness/src/test/uniqueness/Uniqueness.java'
	 file='file:/D:/work/update-script-workspace/DifferentDrops/TestUniqueness/src/test/uniqueness/Uniqueness.java'
	 hash='97427706'
	 context='-1829911170'
	 id='91'
	 message='Unique on field'
	 category='Uniqueness'
	 to-be-checked-by-analysis='true'
	 from-src='true'
	 message-id='(115,field)'
	 checked-by-analysis='true'
	 request-top-level='true'
	 proved-consistent='true'
	 full-type='edu.cmu.cs.fluid.sea.drops.promises.UniquePromiseDrop'/>

<ir-drop type='ProposedPromiseDrop'
	 offset='50'
	 line='4'
	 path='TestWarnings/src/test/warning/Warning.java'
	 uri='file:/D:/work/update-script-workspace/DifferentDrops/TestWarnings/src/test/warning/Warning.java'
	 file='file:/D:/work/update-script-workspace/DifferentDrops/TestWarnings/src/test/warning/Warning.java'
	 hash='870233406'
	 context='748832295'
	 id='234'
	 message='ProposedPromiseDrop @RegionEffects(none)'
	 target-project='TestWarnings'
	 java-annotation='@RegionEffects(&quot;none&quot;)'
	 annotation-type='RegionEffects'
	 contents='none'
	 from-project='TestWarnings'
	 full-type='edu.cmu.cs.fluid.sea.ProposedPromiseDrop'/>

<ir-drop type='ProposedPromiseDrop'
	 offset='50'
	 line='4'
	 path='TestWarnings/src/test/warning/Warning.java'
	 uri='file:/D:/work/update-script-workspace/DifferentDrops/TestWarnings/src/test/warning/Warning.java'
	 file='file:/D:/work/update-script-workspace/DifferentDrops/TestWarnings/src/test/warning/Warning.java'
	 hash='-1885181239'
	 context='-1826049699'
	 id='244'
	 message='ProposedPromiseDrop @RegionEffects(none)'
	 target-project='TestWarnings'
	 java-annotation='@RegionEffects(&quot;none&quot;)'
	 annotation-type='RegionEffects'
	 contents='none'
	 from-project='TestWarnings'
	 full-type='edu.cmu.cs.fluid.sea.ProposedPromiseDrop'/>

<result-drop type='ResultDrop'
	 offset='83'
	 line='6'
	 path='TestUniqueness/src/test/uniqueness/Uniqueness.java'
	 uri='file:/D:/work/update-script-workspace/DifferentDrops/TestUniqueness/src/test/uniqueness/Uniqueness.java'
	 file='file:/D:/work/update-script-workspace/DifferentDrops/TestUniqueness/src/test/uniqueness/Uniqueness.java'
	 hash='109801339'
	 context='-1019620411'
	 id='311'
	 message='Effects of call super'
	 result-type='UniquenessAssurance_effectOfCallDrop'
	 message-id='(304,super)'
	 proved-consistent='true'
	 consistent='true'
	 full-type='edu.cmu.cs.fluid.sea.ResultDrop'/>

<result-drop type='ResultDrop'
	 offset='83'
	 line='6'
	 path='TestUniqueness/src/test/uniqueness/Uniqueness.java'
	 uri='file:/D:/work/update-script-workspace/DifferentDrops/TestUniqueness/src/test/uniqueness/Uniqueness.java'
	 file='file:/D:/work/update-script-workspace/DifferentDrops/TestUniqueness/src/test/uniqueness/Uniqueness.java'
	 hash='1533438279'
	 context='-1019620411'
	 id='312'
	 message='Control flow of constructor test.uniqueness.Uniqueness.Uniqueness()'
	 result-type='UniquenessAssurance'
	 message-id='(300,constructor,test.uniqueness.Uniqueness.Uniqueness())'
	 proved-consistent='true'
	 consistent='true'
	 full-type='edu.cmu.cs.fluid.sea.ResultDrop'/>

<result-drop type='ResultDrop'
	 offset='83'
	 line='6'
	 path='TestUniqueness/src/test/uniqueness/Uniqueness.java'
	 uri='file:/D:/work/update-script-workspace/DifferentDrops/TestUniqueness/src/test/uniqueness/Uniqueness.java'
	 file='file:/D:/work/update-script-workspace/DifferentDrops/TestUniqueness/src/test/uniqueness/Uniqueness.java'
	 hash='1533438279'
	 context='-1019620411'
	 id='313'
	 message='Assurance conservatively depends on the unique fields accessed in method test.uniqueness.Uniqueness.Uniqueness()'
	 result-type='UniquenessAssurance_aggregatedUniqueFields'
	 message-id='(306,test.uniqueness.Uniqueness.Uniqueness())'
	 proved-consistent='true'
	 consistent='true'
	 full-type='edu.cmu.cs.fluid.sea.ResultDrop'/>

<promise-drop type='RegionEffectsPromiseDrop'
	 offset='141'
	 line='10'
	 path='TestEffects/src/test/effects/Effects.java'
	 uri='file:/D:/work/update-script-workspace/DifferentDrops/TestEffects/src/test/effects/Effects.java'
	 file='file:/D:/work/update-script-workspace/DifferentDrops/TestEffects/src/test/effects/Effects.java'
	 hash='-1531990530'
	 context='-1465663501'
	 id='329'
	 message='Reads this:Foo on test.effects.Effects.foo()'
	 category='Effects'
	 to-be-checked-by-analysis='true'
	 from-src='true'
	 checked-by-analysis='true'
	 proved-consistent='true'
	 full-type='edu.cmu.cs.fluid.sea.drops.effects.RegionEffectsPromiseDrop'/>

<result-drop type='ResultDrop'
	 offset='178'
	 line='12'
	 path='TestEffects/src/test/effects/Effects.java'
	 uri='file:/D:/work/update-script-workspace/DifferentDrops/TestEffects/src/test/effects/Effects.java'
	 file='file:/D:/work/update-script-workspace/DifferentDrops/TestEffects/src/test/effects/Effects.java'
	 hash='1227375990'
	 context='-1074437075'
	 id='330'
	 message='&quot;reads this:foo&quot; checked by &quot;reads this:Foo&quot;'
	 result-type='EffectAssurance_msgCheckedBy'
	 message-id='(151,reads this:foo,reads this:Foo)'
	 proved-consistent='true'
	 consistent='true'
	 full-type='edu.cmu.cs.fluid.sea.ResultDrop'/>

<promise-drop type='RegionModel'
	 offset='60'
	 line='5'
	 path='TestEffects/src/test/effects/Effects.java'
	 uri='file:/D:/work/update-script-workspace/DifferentDrops/TestEffects/src/test/effects/Effects.java'
	 file='file:/D:/work/update-script-workspace/DifferentDrops/TestEffects/src/test/effects/Effects.java'
	 hash='793003008'
	 context='-2141964646'
	 id='347'
	 message='Region   test.effects.Effects.Foo'
	 category='Regions'
	 from-src='true'
	 message-id='(117, ,,test.effects.Effects.Foo)'
	 checked-by-analysis='true'
	 proved-consistent='true'
	 full-type='edu.cmu.cs.fluid.sea.drops.promises.RegionModel'/>

<promise-drop type='RegionModel'
	 offset='93'
	 line='7'
	 path='TestEffects/src/test/effects/Effects.java'
	 uri='file:/D:/work/update-script-workspace/DifferentDrops/TestEffects/src/test/effects/Effects.java'
	 file='file:/D:/work/update-script-workspace/DifferentDrops/TestEffects/src/test/effects/Effects.java'
	 hash='101574'
	 context='937021298'
	 id='348'
	 message='Region   test.effects.Effects.foo'
	 category='Regions'
	 from-src='true'
	 message-id='(117, ,,test.effects.Effects.foo)'
	 checked-by-analysis='true'
	 proved-consistent='true'
	 full-type='edu.cmu.cs.fluid.sea.drops.promises.RegionModel'/>

<promise-drop type='InRegionPromiseDrop'
	 offset='103'
	 line='7'
	 path='TestEffects/src/test/effects/Effects.java'
	 uri='file:/D:/work/update-script-workspace/DifferentDrops/TestEffects/src/test/effects/Effects.java'
	 file='file:/D:/work/update-script-workspace/DifferentDrops/TestEffects/src/test/effects/Effects.java'
	 hash='101574'
	 context='937021298'
	 id='685'
	 message='InRegion(Foo) on foo'
	 from-src='true'
	 message-id='(107,Foo,foo)'
	 checked-by-analysis='true'
	 proved-consistent='true'
	 full-type='edu.cmu.cs.fluid.sea.drops.promises.InRegionPromiseDrop'/>

<ir-drop type='WarningDrop'
	 offset='50'
	 line='4'
	 path='TestWarnings/src/test/warning/Warning.java'
	 uri='file:/D:/work/update-script-workspace/DifferentDrops/TestWarnings/src/test/warning/Warning.java'
	 file='file:/D:/work/update-script-workspace/DifferentDrops/TestWarnings/src/test/warning/Warning.java'
	 hash='870233406'
	 context='748832295'
	 id='898'
	 message='Synchronized method test.warning.Warning.warn(): &quot;this&quot; is not identifiable as a programmer-declared lock'
	 category='unidentifiable lock(s); what is the name of the lock? what state is being protected?'
	 message-id='(216,test.warning.Warning.warn())'
	 result-type='LockAnalysis_ds_SynchronizedMethodWarningDetails'
	 full-type='edu.cmu.cs.fluid.sea.WarningDrop'/>

<ir-drop type='ProposedPromiseDrop'
	 offset='93'
	 line='7'
	 path='TestEffects/src/test/effects/Effects.java'
	 uri='file:/D:/work/update-script-workspace/DifferentDrops/TestEffects/src/test/effects/Effects.java'
	 file='file:/D:/work/update-script-workspace/DifferentDrops/TestEffects/src/test/effects/Effects.java'
	 hash='-1734587601'
	 context='-71895281'
	 id='1178'
	 message='ProposedPromiseDrop @RegionEffects(none)'
	 target-project='TestEffects'
	 java-annotation='@RegionEffects(&quot;none&quot;)'
	 annotation-type='RegionEffects'
	 contents='none'
	 from-project='TestEffects'
	 full-type='edu.cmu.cs.fluid.sea.ProposedPromiseDrop'/>

<ir-drop type='ProposedPromiseDrop'
	 offset='83'
	 line='6'
	 path='TestUniqueness/src/test/uniqueness/Uniqueness.java'
	 uri='file:/D:/work/update-script-workspace/DifferentDrops/TestUniqueness/src/test/uniqueness/Uniqueness.java'
	 file='file:/D:/work/update-script-workspace/DifferentDrops/TestUniqueness/src/test/uniqueness/Uniqueness.java'
	 hash='1533438279'
	 context='-1019620411'
	 id='1526'
	 message='ProposedPromiseDrop @RegionEffects(none)'
	 target-project='TestUniqueness'
	 java-annotation='@RegionEffects(&quot;none&quot;)'
	 annotation-type='RegionEffects'
	 contents='none'
	 from-project='TestUniqueness'
	 full-type='edu.cmu.cs.fluid.sea.ProposedPromiseDrop'/>

</sea-summary>

