<?xml version='1.0' encoding='UTF-8' standalone='yes'?>
<sea-summary time='Feb 25, 2011 12:00:40 PM'
	 project='TestEffects, TestUniqueness'>

<count RegionEffectsPromiseDrop='1'/>
<count LockModel='1'/>
<count InRegionPromiseDrop='1'/>
<count ProposedPromiseDrop='2'/>
<count UniquePromiseDrop='1'/>
<count RegionModel='5'/>
<count ResultDrop='5'/>
<count AggregatePromiseDrop='1'/>
<ir-drop type='ProposedPromiseDrop'
	 offset='93'
	 line='7'
	 path='TestEffects/src/test/effects/Effects.java'
	 uri='file:/C:/work/jsure-test-update-script-workspace/DifferentDrops/TestEffects/src/test/effects/Effects.java'
	 file='file:/C:/work/jsure-test-update-script-workspace/DifferentDrops/TestEffects/src/test/effects/Effects.java'
	 hash='-1734587601'
	 context='-71895281'
	 message='ProposedPromiseDrop @RegionEffects(none)'
	 id='0'
	 target-project='TestEffects'
	 java-annotation='@RegionEffects(&quot;none&quot;)'
	 contents='none'
	 annotation-type='RegionEffects'
	 from-project='TestEffects'
	 full-type='edu.cmu.cs.fluid.sea.ProposedPromiseDrop'/>

<promise-drop type='UniquePromiseDrop'
	 offset='83'
	 line='6'
	 path='TestUniqueness/src/test/uniqueness/Uniqueness.java'
	 uri='file:/C:/work/jsure-test-update-script-workspace/DifferentDrops/TestUniqueness/src/test/uniqueness/Uniqueness.java'
	 file='file:/C:/work/jsure-test-update-script-workspace/DifferentDrops/TestUniqueness/src/test/uniqueness/Uniqueness.java'
	 hash='97427706'
	 context='-1829911170'
	 to-be-checked-by-analysis='true'
	 message-id='(115,field)'
	 from-src='true'
	 checked-by-analysis='true'
	 request-top-level='true'
	 proved-consistent='true'
	 full-type='edu.cmu.cs.fluid.sea.drops.promises.UniquePromiseDrop'
	 id='75'
	 message='Unique on field'
	 category='Uniqueness'/>

<promise-drop type='AggregatePromiseDrop'
	 offset='93'
	 line='6'
	 path='TestUniqueness/src/test/uniqueness/Uniqueness.java'
	 uri='file:/C:/work/jsure-test-update-script-workspace/DifferentDrops/TestUniqueness/src/test/uniqueness/Uniqueness.java'
	 file='file:/C:/work/jsure-test-update-script-workspace/DifferentDrops/TestUniqueness/src/test/uniqueness/Uniqueness.java'
	 hash='97427706'
	 context='-1829911170'
	 message='Aggregate Instance into Instance'
	 id='77'
	 to-be-checked-by-analysis='true'
	 from-src='true'
	 checked-by-analysis='true'
	 proved-consistent='true'
	 full-type='edu.cmu.cs.fluid.sea.drops.promises.AggregatePromiseDrop'/>

<result-drop type='ResultDrop'
	 offset='83'
	 line='6'
	 path='TestUniqueness/src/test/uniqueness/Uniqueness.java'
	 uri='file:/C:/work/jsure-test-update-script-workspace/DifferentDrops/TestUniqueness/src/test/uniqueness/Uniqueness.java'
	 file='file:/C:/work/jsure-test-update-script-workspace/DifferentDrops/TestUniqueness/src/test/uniqueness/Uniqueness.java'
	 hash='109801339'
	 context='-1019620411'
	 message='Effects of call super'
	 id='78'
	 result-type='UniquenessAssurance_effectOfCallDrop'
	 message-id='(304,super)'
	 consistent='true'
	 proved-consistent='true'
	 full-type='edu.cmu.cs.fluid.sea.ResultDrop'/>

<result-drop type='ResultDrop'
	 offset='83'
	 line='6'
	 path='TestUniqueness/src/test/uniqueness/Uniqueness.java'
	 uri='file:/C:/work/jsure-test-update-script-workspace/DifferentDrops/TestUniqueness/src/test/uniqueness/Uniqueness.java'
	 file='file:/C:/work/jsure-test-update-script-workspace/DifferentDrops/TestUniqueness/src/test/uniqueness/Uniqueness.java'
	 hash='109801339'
	 context='-1019620411'
	 message='Unique return value of call super'
	 id='79'
	 result-type='UniquenessAssurance_uniqueReturnDrop'
	 message-id='(301,super)'
	 consistent='true'
	 proved-consistent='true'
	 full-type='edu.cmu.cs.fluid.sea.ResultDrop'/>

<result-drop type='ResultDrop'
	 offset='83'
	 line='6'
	 path='TestUniqueness/src/test/uniqueness/Uniqueness.java'
	 uri='file:/C:/work/jsure-test-update-script-workspace/DifferentDrops/TestUniqueness/src/test/uniqueness/Uniqueness.java'
	 file='file:/C:/work/jsure-test-update-script-workspace/DifferentDrops/TestUniqueness/src/test/uniqueness/Uniqueness.java'
	 hash='1533438279'
	 context='-1019620411'
	 message='Assurance conservatively depends on the unique fields accessed in method test.uniqueness.Uniqueness.Uniqueness()'
	 id='80'
	 result-type='UniquenessAssurance_aggregatedUniqueFields'
	 message-id='(306,test.uniqueness.Uniqueness.Uniqueness())'
	 consistent='true'
	 proved-consistent='true'
	 full-type='edu.cmu.cs.fluid.sea.ResultDrop'/>

<result-drop type='ResultDrop'
	 offset='83'
	 line='6'
	 path='TestUniqueness/src/test/uniqueness/Uniqueness.java'
	 uri='file:/C:/work/jsure-test-update-script-workspace/DifferentDrops/TestUniqueness/src/test/uniqueness/Uniqueness.java'
	 file='file:/C:/work/jsure-test-update-script-workspace/DifferentDrops/TestUniqueness/src/test/uniqueness/Uniqueness.java'
	 hash='1533438279'
	 context='-1019620411'
	 message='Control flow of constructor test.uniqueness.Uniqueness.Uniqueness()'
	 id='81'
	 result-type='UniquenessAssurance'
	 message-id='(300,constructor,test.uniqueness.Uniqueness.Uniqueness())'
	 consistent='true'
	 proved-consistent='true'
	 full-type='edu.cmu.cs.fluid.sea.ResultDrop'/>

<promise-drop type='RegionModel'
	 line='0'
	 path='[]'
	 file='java.lang.[]'
	 hash='-1305411288'
	 context='156839830'
	 message='Region public []'
	 id='158'
	 category='Regions'
	 from-src='true'
	 message-id='(117,public,,[])'
	 checked-by-analysis='true'
	 proved-consistent='true'
	 full-type='edu.cmu.cs.fluid.sea.drops.promises.RegionModel'/>

<promise-drop type='LockModel'
	 offset='2147483647'
	 line='0'
	 path='Object'
	 file='java.lang.Object'
	 hash='1709211273'
	 context='1063877011'
	 message='RegionLock java.lang.Object.MUTEX is this protects WaitQueue on Object'
	 id='255'
	 category='Concurrency'
	 to-be-checked-by-analysis='true'
	 from-src='true'
	 message-id='(100,java.lang.Object.MUTEX,this,WaitQueue,Object)'
	 checked-by-analysis='true'
	 proved-consistent='true'
	 full-type='edu.cmu.cs.fluid.sea.drops.promises.LockModel'/>

<promise-drop type='RegionModel'
	 line='0'
	 path='[]'
	 file='java.lang.[]'
	 hash='-1305411288'
	 context='156839830'
	 message='Region public length'
	 id='479'
	 category='Regions'
	 from-src='true'
	 message-id='(117,public,,length)'
	 checked-by-analysis='true'
	 proved-consistent='true'
	 full-type='edu.cmu.cs.fluid.sea.drops.promises.RegionModel'/>

<promise-drop type='RegionModel'
	 offset='60'
	 line='5'
	 path='TestEffects/src/test/effects/Effects.java'
	 uri='file:/C:/work/jsure-test-update-script-workspace/DifferentDrops/TestEffects/src/test/effects/Effects.java'
	 file='file:/C:/work/jsure-test-update-script-workspace/DifferentDrops/TestEffects/src/test/effects/Effects.java'
	 hash='793003008'
	 context='-2141964646'
	 message='Region   test.effects.Effects.Foo'
	 id='758'
	 category='Regions'
	 from-src='true'
	 message-id='(117, ,,test.effects.Effects.Foo)'
	 checked-by-analysis='true'
	 proved-consistent='true'
	 full-type='edu.cmu.cs.fluid.sea.drops.promises.RegionModel'/>

<promise-drop type='RegionEffectsPromiseDrop'
	 offset='141'
	 line='10'
	 path='TestEffects/src/test/effects/Effects.java'
	 uri='file:/C:/work/jsure-test-update-script-workspace/DifferentDrops/TestEffects/src/test/effects/Effects.java'
	 file='file:/C:/work/jsure-test-update-script-workspace/DifferentDrops/TestEffects/src/test/effects/Effects.java'
	 hash='-1531990530'
	 context='-1465663501'
	 message='Reads this:Foo on test.effects.Effects.foo()'
	 id='861'
	 category='Effects'
	 to-be-checked-by-analysis='true'
	 from-src='true'
	 checked-by-analysis='true'
	 proved-consistent='true'
	 full-type='edu.cmu.cs.fluid.sea.drops.effects.RegionEffectsPromiseDrop'/>

<result-drop type='ResultDrop'
	 offset='178'
	 line='12'
	 path='TestEffects/src/test/effects/Effects.java'
	 uri='file:/C:/work/jsure-test-update-script-workspace/DifferentDrops/TestEffects/src/test/effects/Effects.java'
	 file='file:/C:/work/jsure-test-update-script-workspace/DifferentDrops/TestEffects/src/test/effects/Effects.java'
	 hash='1227375990'
	 context='-1074437075'
	 message='&quot;reads this:foo&quot; checked by &quot;reads this:Foo&quot;'
	 id='862'
	 result-type='EffectAssurance_msgCheckedBy'
	 message-id='(151,reads this:foo,reads this:Foo)'
	 consistent='true'
	 proved-consistent='true'
	 full-type='edu.cmu.cs.fluid.sea.ResultDrop'/>

<promise-drop type='InRegionPromiseDrop'
	 offset='103'
	 line='7'
	 path='TestEffects/src/test/effects/Effects.java'
	 uri='file:/C:/work/jsure-test-update-script-workspace/DifferentDrops/TestEffects/src/test/effects/Effects.java'
	 file='file:/C:/work/jsure-test-update-script-workspace/DifferentDrops/TestEffects/src/test/effects/Effects.java'
	 hash='101574'
	 context='937021298'
	 message='InRegion(Foo) on foo'
	 id='1013'
	 from-src='true'
	 message-id='(107,Foo,foo)'
	 checked-by-analysis='true'
	 proved-consistent='true'
	 full-type='edu.cmu.cs.fluid.sea.drops.promises.InRegionPromiseDrop'/>

<promise-drop type='RegionModel'
	 offset='93'
	 line='7'
	 path='TestEffects/src/test/effects/Effects.java'
	 uri='file:/C:/work/jsure-test-update-script-workspace/DifferentDrops/TestEffects/src/test/effects/Effects.java'
	 file='file:/C:/work/jsure-test-update-script-workspace/DifferentDrops/TestEffects/src/test/effects/Effects.java'
	 hash='101574'
	 context='937021298'
	 message='Region   test.effects.Effects.foo'
	 id='1014'
	 category='Regions'
	 from-src='true'
	 message-id='(117, ,,test.effects.Effects.foo)'
	 checked-by-analysis='true'
	 proved-consistent='true'
	 full-type='edu.cmu.cs.fluid.sea.drops.promises.RegionModel'/>

<promise-drop type='RegionModel'
	 offset='83'
	 line='6'
	 path='TestUniqueness/src/test/uniqueness/Uniqueness.java'
	 uri='file:/C:/work/jsure-test-update-script-workspace/DifferentDrops/TestUniqueness/src/test/uniqueness/Uniqueness.java'
	 file='file:/C:/work/jsure-test-update-script-workspace/DifferentDrops/TestUniqueness/src/test/uniqueness/Uniqueness.java'
	 hash='97427706'
	 context='-1829911170'
	 message='Region   test.uniqueness.Uniqueness.field'
	 id='1070'
	 category='Regions'
	 from-src='true'
	 message-id='(117, ,,test.uniqueness.Uniqueness.field)'
	 checked-by-analysis='true'
	 proved-consistent='true'
	 full-type='edu.cmu.cs.fluid.sea.drops.promises.RegionModel'/>

<ir-drop type='ProposedPromiseDrop'
	 offset='83'
	 line='6'
	 path='TestUniqueness/src/test/uniqueness/Uniqueness.java'
	 uri='file:/C:/work/jsure-test-update-script-workspace/DifferentDrops/TestUniqueness/src/test/uniqueness/Uniqueness.java'
	 file='file:/C:/work/jsure-test-update-script-workspace/DifferentDrops/TestUniqueness/src/test/uniqueness/Uniqueness.java'
	 hash='1533438279'
	 context='-1019620411'
	 message='ProposedPromiseDrop @RegionEffects(none)'
	 id='1468'
	 target-project='TestUniqueness'
	 java-annotation='@RegionEffects(&quot;none&quot;)'
	 contents='none'
	 annotation-type='RegionEffects'
	 from-project='TestUniqueness'
	 full-type='edu.cmu.cs.fluid.sea.ProposedPromiseDrop'/>

</sea-summary>

