<?xml version='1.0' encoding='UTF-8' standalone='yes'?>
<sea-summary time='Feb 25, 2011 12:00:21 PM'
	 project='TestWarnings'>

<count WarningDrop='1'/>
<count LockModel='1'/>
<count ProposedPromiseDrop='2'/>
<count RegionModel='2'/>
<promise-drop type='RegionModel'
	 line='0'
	 path='[]'
	 file='java.lang.[]'
	 hash='-1305411288'
	 context='156839830'
	 message='Region public []'
	 id='132'
	 category='Regions'
	 from-src='true'
	 message-id='(117,public,,[])'
	 checked-by-analysis='true'
	 proved-consistent='true'
	 full-type='edu.cmu.cs.fluid.sea.drops.promises.RegionModel'/>

<promise-drop type='LockModel'
	 offset='2147483647'
	 line='0'
	 path='Object'
	 file='java.lang.Object'
	 hash='1709211273'
	 context='1063877011'
	 message='RegionLock java.lang.Object.MUTEX is this protects WaitQueue on Object'
	 id='393'
	 category='Concurrency'
	 to-be-checked-by-analysis='true'
	 from-src='true'
	 message-id='(100,java.lang.Object.MUTEX,this,WaitQueue,Object)'
	 checked-by-analysis='true'
	 proved-consistent='true'
	 full-type='edu.cmu.cs.fluid.sea.drops.promises.LockModel'/>

<promise-drop type='RegionModel'
	 line='0'
	 path='[]'
	 file='java.lang.[]'
	 hash='-1305411288'
	 context='156839830'
	 message='Region public length'
	 id='411'
	 category='Regions'
	 from-src='true'
	 message-id='(117,public,,length)'
	 checked-by-analysis='true'
	 proved-consistent='true'
	 full-type='edu.cmu.cs.fluid.sea.drops.promises.RegionModel'/>

<ir-drop type='ProposedPromiseDrop'
	 offset='50'
	 line='4'
	 path='TestWarnings/src/test/warning/Warning.java'
	 uri='file:/C:/work/jsure-test-update-script-workspace/DifferentDrops/TestWarnings/src/test/warning/Warning.java'
	 file='file:/C:/work/jsure-test-update-script-workspace/DifferentDrops/TestWarnings/src/test/warning/Warning.java'
	 hash='-1885181239'
	 context='-1826049699'
	 message='ProposedPromiseDrop @RegionEffects(none)'
	 id='470'
	 target-project='TestWarnings'
	 java-annotation='@RegionEffects(&quot;none&quot;)'
	 contents='none'
	 annotation-type='RegionEffects'
	 from-project='TestWarnings'
	 full-type='edu.cmu.cs.fluid.sea.ProposedPromiseDrop'/>

<ir-drop type='WarningDrop'
	 offset='50'
	 line='4'
	 path='TestWarnings/src/test/warning/Warning.java'
	 uri='file:/C:/work/jsure-test-update-script-workspace/DifferentDrops/TestWarnings/src/test/warning/Warning.java'
	 file='file:/C:/work/jsure-test-update-script-workspace/DifferentDrops/TestWarnings/src/test/warning/Warning.java'
	 hash='870233406'
	 context='748832295'
	 message='Synchronized method test.warning.Warning.warn(): &quot;this&quot; is not identifiable as a programmer-declared lock'
	 id='1318'
	 category='unidentifiable lock(s); what is the name of the lock? what state is being protected?'
	 result-type='LockAnalysis_ds_SynchronizedMethodWarningDetails'
	 message-id='(216,test.warning.Warning.warn())'
	 full-type='edu.cmu.cs.fluid.sea.WarningDrop'/>

<ir-drop type='ProposedPromiseDrop'
	 offset='50'
	 line='4'
	 path='TestWarnings/src/test/warning/Warning.java'
	 uri='file:/C:/work/jsure-test-update-script-workspace/DifferentDrops/TestWarnings/src/test/warning/Warning.java'
	 file='file:/C:/work/jsure-test-update-script-workspace/DifferentDrops/TestWarnings/src/test/warning/Warning.java'
	 hash='870233406'
	 context='748832295'
	 message='ProposedPromiseDrop @RegionEffects(none)'
	 id='1527'
	 target-project='TestWarnings'
	 java-annotation='@RegionEffects(&quot;none&quot;)'
	 contents='none'
	 annotation-type='RegionEffects'
	 from-project='TestWarnings'
	 full-type='edu.cmu.cs.fluid.sea.ProposedPromiseDrop'/>

</sea-summary>

