<?xml version='1.0' encoding='UTF-8' standalone='yes'?>
<sea-summary time='Feb 25, 2011 12:00:16 PM'
	 project='TestUniqueness'>

<count LockModel='1'/>
<count ProposedPromiseDrop='1'/>
<count UniquePromiseDrop='1'/>
<count RegionModel='3'/>
<count ResultDrop='4'/>
<count AggregatePromiseDrop='1'/>
<result-drop type='ResultDrop'
	 offset='83'
	 line='6'
	 path='TestUniqueness/src/test/uniqueness/Uniqueness.java'
	 uri='file:/C:/work/jsure-test-update-script-workspace/DifferentDrops/TestUniqueness/src/test/uniqueness/Uniqueness.java'
	 file='file:/C:/work/jsure-test-update-script-workspace/DifferentDrops/TestUniqueness/src/test/uniqueness/Uniqueness.java'
	 hash='109801339'
	 context='-1019620411'
	 message='Unique return value of call super'
	 id='83'
	 result-type='UniquenessAssurance_uniqueReturnDrop'
	 message-id='(301,super)'
	 consistent='true'
	 proved-consistent='true'
	 full-type='edu.cmu.cs.fluid.sea.ResultDrop'/>

<promise-drop type='UniquePromiseDrop'
	 offset='83'
	 line='6'
	 path='TestUniqueness/src/test/uniqueness/Uniqueness.java'
	 uri='file:/C:/work/jsure-test-update-script-workspace/DifferentDrops/TestUniqueness/src/test/uniqueness/Uniqueness.java'
	 file='file:/C:/work/jsure-test-update-script-workspace/DifferentDrops/TestUniqueness/src/test/uniqueness/Uniqueness.java'
	 hash='97427706'
	 context='-1829911170'
	 to-be-checked-by-analysis='true'
	 message-id='(115,field)'
	 from-src='true'
	 checked-by-analysis='true'
	 request-top-level='true'
	 proved-consistent='true'
	 full-type='edu.cmu.cs.fluid.sea.drops.promises.UniquePromiseDrop'
	 id='85'
	 message='Unique on field'
	 category='Uniqueness'/>

<promise-drop type='RegionModel'
	 line='0'
	 path='[]'
	 file='java.lang.[]'
	 hash='-1305411288'
	 context='156839830'
	 message='Region public []'
	 id='115'
	 category='Regions'
	 from-src='true'
	 message-id='(117,public,,[])'
	 checked-by-analysis='true'
	 proved-consistent='true'
	 full-type='edu.cmu.cs.fluid.sea.drops.promises.RegionModel'/>

<promise-drop type='LockModel'
	 offset='2147483647'
	 line='0'
	 path='Object'
	 file='java.lang.Object'
	 hash='1709211273'
	 context='1063877011'
	 message='RegionLock java.lang.Object.MUTEX is this protects WaitQueue on Object'
	 id='202'
	 category='Concurrency'
	 to-be-checked-by-analysis='true'
	 from-src='true'
	 message-id='(100,java.lang.Object.MUTEX,this,WaitQueue,Object)'
	 checked-by-analysis='true'
	 proved-consistent='true'
	 full-type='edu.cmu.cs.fluid.sea.drops.promises.LockModel'/>

<promise-drop type='AggregatePromiseDrop'
	 offset='93'
	 line='6'
	 path='TestUniqueness/src/test/uniqueness/Uniqueness.java'
	 uri='file:/C:/work/jsure-test-update-script-workspace/DifferentDrops/TestUniqueness/src/test/uniqueness/Uniqueness.java'
	 file='file:/C:/work/jsure-test-update-script-workspace/DifferentDrops/TestUniqueness/src/test/uniqueness/Uniqueness.java'
	 hash='97427706'
	 context='-1829911170'
	 message='Aggregate Instance into Instance'
	 id='383'
	 to-be-checked-by-analysis='true'
	 from-src='true'
	 checked-by-analysis='true'
	 proved-consistent='true'
	 full-type='edu.cmu.cs.fluid.sea.drops.promises.AggregatePromiseDrop'/>

<promise-drop type='RegionModel'
	 offset='83'
	 line='6'
	 path='TestUniqueness/src/test/uniqueness/Uniqueness.java'
	 uri='file:/C:/work/jsure-test-update-script-workspace/DifferentDrops/TestUniqueness/src/test/uniqueness/Uniqueness.java'
	 file='file:/C:/work/jsure-test-update-script-workspace/DifferentDrops/TestUniqueness/src/test/uniqueness/Uniqueness.java'
	 hash='97427706'
	 context='-1829911170'
	 message='Region   test.uniqueness.Uniqueness.field'
	 id='384'
	 category='Regions'
	 from-src='true'
	 message-id='(117, ,,test.uniqueness.Uniqueness.field)'
	 checked-by-analysis='true'
	 proved-consistent='true'
	 full-type='edu.cmu.cs.fluid.sea.drops.promises.RegionModel'/>

<promise-drop type='RegionModel'
	 line='0'
	 path='[]'
	 file='java.lang.[]'
	 hash='-1305411288'
	 context='156839830'
	 message='Region public length'
	 id='420'
	 category='Regions'
	 from-src='true'
	 message-id='(117,public,,length)'
	 checked-by-analysis='true'
	 proved-consistent='true'
	 full-type='edu.cmu.cs.fluid.sea.drops.promises.RegionModel'/>

<result-drop type='ResultDrop'
	 offset='83'
	 line='6'
	 path='TestUniqueness/src/test/uniqueness/Uniqueness.java'
	 uri='file:/C:/work/jsure-test-update-script-workspace/DifferentDrops/TestUniqueness/src/test/uniqueness/Uniqueness.java'
	 file='file:/C:/work/jsure-test-update-script-workspace/DifferentDrops/TestUniqueness/src/test/uniqueness/Uniqueness.java'
	 hash='1533438279'
	 context='-1019620411'
	 message='Assurance conservatively depends on the unique fields accessed in method test.uniqueness.Uniqueness.Uniqueness()'
	 id='445'
	 result-type='UniquenessAssurance_aggregatedUniqueFields'
	 message-id='(306,test.uniqueness.Uniqueness.Uniqueness())'
	 consistent='true'
	 proved-consistent='true'
	 full-type='edu.cmu.cs.fluid.sea.ResultDrop'/>

<result-drop type='ResultDrop'
	 offset='83'
	 line='6'
	 path='TestUniqueness/src/test/uniqueness/Uniqueness.java'
	 uri='file:/C:/work/jsure-test-update-script-workspace/DifferentDrops/TestUniqueness/src/test/uniqueness/Uniqueness.java'
	 file='file:/C:/work/jsure-test-update-script-workspace/DifferentDrops/TestUniqueness/src/test/uniqueness/Uniqueness.java'
	 hash='109801339'
	 context='-1019620411'
	 message='Effects of call super'
	 id='484'
	 result-type='UniquenessAssurance_effectOfCallDrop'
	 message-id='(304,super)'
	 consistent='true'
	 proved-consistent='true'
	 full-type='edu.cmu.cs.fluid.sea.ResultDrop'/>

<ir-drop type='ProposedPromiseDrop'
	 offset='83'
	 line='6'
	 path='TestUniqueness/src/test/uniqueness/Uniqueness.java'
	 uri='file:/C:/work/jsure-test-update-script-workspace/DifferentDrops/TestUniqueness/src/test/uniqueness/Uniqueness.java'
	 file='file:/C:/work/jsure-test-update-script-workspace/DifferentDrops/TestUniqueness/src/test/uniqueness/Uniqueness.java'
	 hash='1533438279'
	 context='-1019620411'
	 message='ProposedPromiseDrop @RegionEffects(none)'
	 id='853'
	 target-project='TestUniqueness'
	 java-annotation='@RegionEffects(&quot;none&quot;)'
	 contents='none'
	 annotation-type='RegionEffects'
	 from-project='TestUniqueness'
	 full-type='edu.cmu.cs.fluid.sea.ProposedPromiseDrop'/>

<result-drop type='ResultDrop'
	 offset='83'
	 line='6'
	 path='TestUniqueness/src/test/uniqueness/Uniqueness.java'
	 uri='file:/C:/work/jsure-test-update-script-workspace/DifferentDrops/TestUniqueness/src/test/uniqueness/Uniqueness.java'
	 file='file:/C:/work/jsure-test-update-script-workspace/DifferentDrops/TestUniqueness/src/test/uniqueness/Uniqueness.java'
	 hash='1533438279'
	 context='-1019620411'
	 message='Control flow of constructor test.uniqueness.Uniqueness.Uniqueness()'
	 id='1359'
	 result-type='UniquenessAssurance'
	 message-id='(300,constructor,test.uniqueness.Uniqueness.Uniqueness())'
	 consistent='true'
	 proved-consistent='true'
	 full-type='edu.cmu.cs.fluid.sea.ResultDrop'/>

</sea-summary>

