<?xml version='1.0' encoding='UTF-8' standalone='yes'?>
<sea-summary time='Sep 28, 2010 3:26:04 PM'
	 project='workspace'>

<count AggregatePromiseDrop='1'/>
<count LockModel='1'/>
<count ResultDrop='4'/>
<count UniquePromiseDrop='1'/>
<count RegionModel='3'/>
<result-drop type='ResultDrop'
	 line='6'
	 file='/TestUniqueness/src/test/uniqueness/Uniqueness.java'
	 offset='83'
	 hash='109801339'
	 context='-1019620411'
	 message='Effects of call super'
	 message-id='(304,super)'
	 proved-consistent='true'
	 consistent='true'
	 result-type='effectOfCallDrop'/>

<promise-drop type='LockModel'
	 line='0'
	 file='java.lang.Object'
	 offset='2147483647'
	 hash='1709211273'
	 context='1063877011'
	 message='RegionLock java.lang.Object.MUTEX is this protects WaitQueue on Object'
	 message-id='(100,java.lang.Object.MUTEX,this,WaitQueue,Object)'
	 category='Concurrency'
	 proved-consistent='true'
	 checked-by-analysis='true'
	 from-src='true'/>

<promise-drop type='RegionModel'
	 line='6'
	 file='/TestUniqueness/src/test/uniqueness/Uniqueness.java'
	 offset='83'
	 hash='97427706'
	 context='-1829911170'
	 message='Region   test.uniqueness.Uniqueness.field'
	 message-id='(117, ,,test.uniqueness.Uniqueness.field)'
	 category='Regions'
	 proved-consistent='true'
	 checked-by-analysis='true'
	 from-src='true'/>

<promise-drop type='UniquePromiseDrop'
	 line='6'
	 file='/TestUniqueness/src/test/uniqueness/Uniqueness.java'
	 offset='83'
	 hash='97427706'
	 context='-1829911170'
	 message='Unique on field'
	 message-id='(115,field)'
	 category='Uniqueness'
	 proved-consistent='true'
	 checked-by-analysis='true'
	 from-src='true'/>

<promise-drop type='RegionModel'
	 line='0'
	 file='java.lang.[]'
	 offset='-1'
	 hash='-1305411288'
	 context='156839830'
	 message='Region public []'
	 message-id='(117,public,,[])'
	 category='Regions'
	 proved-consistent='true'
	 checked-by-analysis='true'
	 from-src='true'/>

<result-drop type='ResultDrop'
	 line='6'
	 file='/TestUniqueness/src/test/uniqueness/Uniqueness.java'
	 offset='83'
	 hash='1533438279'
	 context='-1019620411'
	 message='Assurance conservatively depends on the unique fields accessed in method test.uniqueness.Uniqueness.Uniqueness()'
	 message-id='(306,test.uniqueness.Uniqueness.Uniqueness())'
	 proved-consistent='true'
	 consistent='true'
	 result-type='aggregatedUniqueFields'/>

<result-drop type='ResultDrop'
	 line='6'
	 file='/TestUniqueness/src/test/uniqueness/Uniqueness.java'
	 offset='83'
	 hash='109801339'
	 context='-1019620411'
	 message='Unique return value of call super'
	 message-id='(301,super)'
	 proved-consistent='true'
	 consistent='true'
	 result-type='uniqueReturnDrop'/>

<promise-drop type='RegionModel'
	 line='0'
	 file='java.lang.[]'
	 offset='-1'
	 hash='-1305411288'
	 context='156839830'
	 message='Region public length'
	 message-id='(117,public,,length)'
	 category='Regions'
	 proved-consistent='true'
	 checked-by-analysis='true'
	 from-src='true'/>

<result-drop type='ResultDrop'
	 line='6'
	 file='/TestUniqueness/src/test/uniqueness/Uniqueness.java'
	 offset='83'
	 hash='1533438279'
	 context='-1019620411'
	 message='Control flow of constructor test.uniqueness.Uniqueness.Uniqueness()'
	 message-id='(300,constructor,test.uniqueness.Uniqueness.Uniqueness())'
	 proved-consistent='true'
	 consistent='true'
	 result-type='methodControlFlow'/>

<promise-drop type='AggregatePromiseDrop'
	 line='6'
	 file='/TestUniqueness/src/test/uniqueness/Uniqueness.java'
	 offset='93'
	 hash='97427706'
	 context='-1829911170'
	 message='Aggregate Instance into Instance'
	 proved-consistent='true'
	 checked-by-analysis='true'
	 from-src='true'/>

</sea-summary>

