<?xml version='1.0' encoding='UTF-8' standalone='yes'?>
<sea-summary time='Apr 20, 2011 10:30:04 AM'
	 project='TestUniqueness'>

<count LockModel='1'/>
<count ProposedPromiseDrop='1'/>
<count UniquePromiseDrop='1'/>
<count ResultDrop='4'/>
<promise-drop type='LockModel'
	 offset='2147483647'
	 line='0'
	 path='Object'
	 file='java.lang.Object'
	 hash='1709211273'
	 context='1063877011'
	 id='232'
	 message='RegionLock java.lang.Object.MUTEX is this protects WaitQueue on Object'
	 category='Concurrency'
	 to-be-checked-by-analysis='true'
	 from-src='true'
	 message-id='(100,java.lang.Object.MUTEX,this,WaitQueue,Object)'
	 checked-by-analysis='true'
	 proved-consistent='true'
	 full-type='edu.cmu.cs.fluid.sea.drops.promises.LockModel'/>

<result-drop type='ResultDrop'
	 offset='83'
	 line='6'
	 path='TestUniqueness/src/test/uniqueness/Uniqueness.java'
	 uri='file:/D:/work/update-script-workspace/DifferentDrops/TestUniqueness/src/test/uniqueness/Uniqueness.java'
	 file='file:/D:/work/update-script-workspace/DifferentDrops/TestUniqueness/src/test/uniqueness/Uniqueness.java'
	 hash='1533438279'
	 context='-1019620411'
	 id='316'
	 message='Control flow of constructor test.uniqueness.Uniqueness.Uniqueness()'
	 result-type='UniquenessAssurance'
	 message-id='(300,constructor,test.uniqueness.Uniqueness.Uniqueness())'
	 proved-consistent='true'
	 consistent='true'
	 full-type='edu.cmu.cs.fluid.sea.ResultDrop'/>

<promise-drop type='UniquePromiseDrop'
	 offset='83'
	 line='6'
	 path='TestUniqueness/src/test/uniqueness/Uniqueness.java'
	 uri='file:/D:/work/update-script-workspace/DifferentDrops/TestUniqueness/src/test/uniqueness/Uniqueness.java'
	 file='file:/D:/work/update-script-workspace/DifferentDrops/TestUniqueness/src/test/uniqueness/Uniqueness.java'
	 hash='97427706'
	 context='-1829911170'
	 id='319'
	 message='Unique on field'
	 category='Uniqueness'
	 to-be-checked-by-analysis='true'
	 from-src='true'
	 message-id='(115,field)'
	 checked-by-analysis='true'
	 request-top-level='true'
	 proved-consistent='true'
	 full-type='edu.cmu.cs.fluid.sea.drops.promises.UniquePromiseDrop'/>

<result-drop type='ResultDrop'
	 offset='83'
	 line='6'
	 path='TestUniqueness/src/test/uniqueness/Uniqueness.java'
	 uri='file:/D:/work/update-script-workspace/DifferentDrops/TestUniqueness/src/test/uniqueness/Uniqueness.java'
	 file='file:/D:/work/update-script-workspace/DifferentDrops/TestUniqueness/src/test/uniqueness/Uniqueness.java'
	 hash='1533438279'
	 context='-1019620411'
	 id='543'
	 message='Assurance conservatively depends on the unique fields accessed in method test.uniqueness.Uniqueness.Uniqueness()'
	 result-type='UniquenessAssurance_aggregatedUniqueFields'
	 message-id='(306,test.uniqueness.Uniqueness.Uniqueness())'
	 proved-consistent='true'
	 consistent='true'
	 full-type='edu.cmu.cs.fluid.sea.ResultDrop'/>

<result-drop type='ResultDrop'
	 offset='83'
	 line='6'
	 path='TestUniqueness/src/test/uniqueness/Uniqueness.java'
	 uri='file:/D:/work/update-script-workspace/DifferentDrops/TestUniqueness/src/test/uniqueness/Uniqueness.java'
	 file='file:/D:/work/update-script-workspace/DifferentDrops/TestUniqueness/src/test/uniqueness/Uniqueness.java'
	 hash='109801339'
	 context='-1019620411'
	 id='727'
	 message='Unique return value of call super'
	 result-type='UniquenessAssurance_uniqueReturnDrop'
	 message-id='(301,super)'
	 proved-consistent='true'
	 consistent='true'
	 full-type='edu.cmu.cs.fluid.sea.ResultDrop'/>

<ir-drop type='ProposedPromiseDrop'
	 offset='83'
	 line='6'
	 path='TestUniqueness/src/test/uniqueness/Uniqueness.java'
	 uri='file:/D:/work/update-script-workspace/DifferentDrops/TestUniqueness/src/test/uniqueness/Uniqueness.java'
	 file='file:/D:/work/update-script-workspace/DifferentDrops/TestUniqueness/src/test/uniqueness/Uniqueness.java'
	 hash='1533438279'
	 context='-1019620411'
	 id='924'
	 message='ProposedPromiseDrop @RegionEffects(none)'
	 target-project='TestUniqueness'
	 java-annotation='@RegionEffects(&quot;none&quot;)'
	 annotation-type='RegionEffects'
	 contents='none'
	 from-project='TestUniqueness'
	 full-type='edu.cmu.cs.fluid.sea.ProposedPromiseDrop'/>

<result-drop type='ResultDrop'
	 offset='83'
	 line='6'
	 path='TestUniqueness/src/test/uniqueness/Uniqueness.java'
	 uri='file:/D:/work/update-script-workspace/DifferentDrops/TestUniqueness/src/test/uniqueness/Uniqueness.java'
	 file='file:/D:/work/update-script-workspace/DifferentDrops/TestUniqueness/src/test/uniqueness/Uniqueness.java'
	 hash='109801339'
	 context='-1019620411'
	 id='936'
	 message='Effects of call super'
	 result-type='UniquenessAssurance_effectOfCallDrop'
	 message-id='(304,super)'
	 proved-consistent='true'
	 consistent='true'
	 full-type='edu.cmu.cs.fluid.sea.ResultDrop'/>

</sea-summary>

