<?xml version='1.0' encoding='UTF-8' standalone='yes'?>
<sea-summary time='Sep 28, 2010 3:26:26 PM'
	 project='workspace'>

<count LockModel='1'/>
<count ResultDrop='1'/>
<count RegionEffectsPromiseDrop='1'/>
<count InRegionPromiseDrop='1'/>
<count RegionModel='4'/>
<promise-drop type='LockModel'
	 line='0'
	 file='java.lang.Object'
	 offset='2147483647'
	 hash='1709211273'
	 context='1063877011'
	 message='RegionLock java.lang.Object.MUTEX is this protects WaitQueue on Object'
	 message-id='(100,java.lang.Object.MUTEX,this,WaitQueue,Object)'
	 category='Concurrency'
	 proved-consistent='true'
	 checked-by-analysis='true'
	 from-src='true'/>

<promise-drop type='RegionEffectsPromiseDrop'
	 line='10'
	 file='/TestEffects/src/test/effects/Effects.java'
	 offset='141'
	 hash='-1531990530'
	 context='-1465663501'
	 message='Reads this:Foo on test.effects.Effects.foo()'
	 category='Effects'
	 proved-consistent='true'
	 checked-by-analysis='true'
	 from-src='true'/>

<promise-drop type='InRegionPromiseDrop'
	 line='7'
	 file='/TestEffects/src/test/effects/Effects.java'
	 offset='103'
	 hash='101574'
	 context='937021298'
	 message='InRegion(Foo) on foo'
	 message-id='(107,Foo,foo)'
	 proved-consistent='true'
	 checked-by-analysis='true'
	 from-src='true'/>

<promise-drop type='RegionModel'
	 line='5'
	 file='/TestEffects/src/test/effects/Effects.java'
	 offset='60'
	 hash='793003008'
	 context='-2141964646'
	 message='Region   test.effects.Effects.Foo'
	 message-id='(117, ,,test.effects.Effects.Foo)'
	 category='Regions'
	 proved-consistent='true'
	 checked-by-analysis='true'
	 from-src='true'/>

<promise-drop type='RegionModel'
	 line='7'
	 file='/TestEffects/src/test/effects/Effects.java'
	 offset='93'
	 hash='101574'
	 context='937021298'
	 message='Region   test.effects.Effects.foo'
	 message-id='(117, ,,test.effects.Effects.foo)'
	 category='Regions'
	 proved-consistent='true'
	 checked-by-analysis='true'
	 from-src='true'/>

<promise-drop type='RegionModel'
	 line='0'
	 file='java.lang.[]'
	 offset='-1'
	 hash='-1305411288'
	 context='156839830'
	 message='Region public []'
	 message-id='(117,public,,[])'
	 category='Regions'
	 proved-consistent='true'
	 checked-by-analysis='true'
	 from-src='true'/>

<promise-drop type='RegionModel'
	 line='0'
	 file='java.lang.[]'
	 offset='-1'
	 hash='-1305411288'
	 context='156839830'
	 message='Region public length'
	 message-id='(117,public,,length)'
	 category='Regions'
	 proved-consistent='true'
	 checked-by-analysis='true'
	 from-src='true'/>

<result-drop type='ResultDrop'
	 line='12'
	 file='/TestEffects/src/test/effects/Effects.java'
	 offset='178'
	 hash='1227375990'
	 context='-1074437075'
	 message='&quot;reads &lt;this&gt;:foo&quot; checked by &quot;reads &lt;this&gt;:Foo&quot;'
	 message-id='(151,reads &lt;this&gt;:foo,reads &lt;this&gt;:Foo)'
	 proved-consistent='true'
	 consistent='true'
	 result-type='151'/>

</sea-summary>

