<root msg="Assurance Results">
  <result msg="Concurrency (1 issue)" baseImage="tallyho.gif" flags="10" reddots="1">
    <result msg="RegionLock java.lang.Object.MUTEX is this protects WaitQueue  on  Object  at  java.lang.Object" baseImage="promise.gif" flags="26" reddots="1">
      <result msg="5 lock precondition(s)" baseImage="folder.gif" flags="2">
        <result msg="requiresLock RequiresLock MUTEX  on  java.lang.Object.notify()  at  java.lang.Object" baseImage="promise.gif" flags="2" />
        <result msg="requiresLock RequiresLock MUTEX  on  java.lang.Object.notifyAll()  at  java.lang.Object" baseImage="promise.gif" flags="2" />
        <result msg="requiresLock RequiresLock MUTEX  on  java.lang.Object.wait()  at  java.lang.Object" baseImage="promise.gif" flags="2" />
        <result msg="requiresLock RequiresLock MUTEX  on  java.lang.Object.wait(long)  at  java.lang.Object" baseImage="promise.gif" flags="2" />
        <result msg="requiresLock RequiresLock MUTEX  on  java.lang.Object.wait(long,int)  at  java.lang.Object" baseImage="promise.gif" flags="2" />
      </result>
      <result msg="region  public  java.lang.Object.WaitQueue on (unknown)  at  java.lang.Object" baseImage="promise.gif" flags="0" />
    </result>
  </result>
  <result msg="Regions (1 issue)" baseImage="tallyho.gif" flags="2">
    <result msg="region   [] on (unknown)" baseImage="promise.gif" flags="0" />
  </result>
  <result msg="Uniqueness (73 issues)" baseImage="tallyho.gif" flags="10" reddots="1">
    <result msg="Other control flow for borrowed.TestBadArgs.Constructor4.Constructor4()  at  TestBadArgs.java line 82" source="/TestUniquenessSanityChecks/src/borrowed/TestBadArgs.java.html" line="82" baseImage="promise.gif" flags="2">
      <result msg="Method body respects uniqueness constraints  at  TestBadArgs.java line 83" source="/TestUniquenessSanityChecks/src/borrowed/TestBadArgs.java.html" line="83" baseImage="plus.gif" flags="0" />
    </result>
    <result msg="Other control flow for borrowed.TestBadArgs.Constructor4a.Constructor4a()  at  TestBadArgs.java line 112" source="/TestUniquenessSanityChecks/src/borrowed/TestBadArgs.java.html" line="112" baseImage="promise.gif" flags="2">
      <result msg="Method body respects uniqueness constraints  at  TestBadArgs.java line 113" source="/TestUniquenessSanityChecks/src/borrowed/TestBadArgs.java.html" line="113" baseImage="plus.gif" flags="0" />
    </result>
    <result msg="Other control flow for borrowed.TestBadArgs.annotatedMethod4()  at  TestBadArgs.java line 31" source="/TestUniquenessSanityChecks/src/borrowed/TestBadArgs.java.html" line="31" baseImage="promise.gif" flags="2">
      <result msg="Method body respects uniqueness constraints  at  TestBadArgs.java line 32" source="/TestUniquenessSanityChecks/src/borrowed/TestBadArgs.java.html" line="32" baseImage="plus.gif" flags="0" />
    </result>
    <result msg="Other control flow for borrowed.TestBadArgs.annotatedMethod4a()  at  TestBadArgs.java line 49" source="/TestUniquenessSanityChecks/src/borrowed/TestBadArgs.java.html" line="49" baseImage="promise.gif" flags="2">
      <result msg="Method body respects uniqueness constraints  at  TestBadArgs.java line 50" source="/TestUniquenessSanityChecks/src/borrowed/TestBadArgs.java.html" line="50" baseImage="plus.gif" flags="0" />
    </result>
    <result msg="Other control flow for borrowed.TestBadArgs.method1(java.lang.Object)  at  TestBadArgs.java line 6" source="/TestUniquenessSanityChecks/src/borrowed/TestBadArgs.java.html" line="6" baseImage="promise.gif" flags="2">
      <result msg="Method body respects uniqueness constraints  at  TestBadArgs.java line 6" source="/TestUniquenessSanityChecks/src/borrowed/TestBadArgs.java.html" line="6" baseImage="plus.gif" flags="0" />
    </result>
    <result msg="Other control flow for borrowed.TestBadArgs.method2(java.lang.Object)  at  TestBadArgs.java line 7" source="/TestUniquenessSanityChecks/src/borrowed/TestBadArgs.java.html" line="7" baseImage="promise.gif" flags="2">
      <result msg="Method body respects uniqueness constraints  at  TestBadArgs.java line 7" source="/TestUniquenessSanityChecks/src/borrowed/TestBadArgs.java.html" line="7" baseImage="plus.gif" flags="0" />
    </result>
    <result msg="Other control flow for borrowed.TestBadArgs.method3(java.lang.Object)  at  TestBadArgs.java line 8" source="/TestUniquenessSanityChecks/src/borrowed/TestBadArgs.java.html" line="8" baseImage="promise.gif" flags="2">
      <result msg="Method body respects uniqueness constraints  at  TestBadArgs.java line 8" source="/TestUniquenessSanityChecks/src/borrowed/TestBadArgs.java.html" line="8" baseImage="plus.gif" flags="0" />
    </result>
    <result msg="Other control flow for borrowed.TestBadArgs.method3a(java.lang.Object)  at  TestBadArgs.java line 14" source="/TestUniquenessSanityChecks/src/borrowed/TestBadArgs.java.html" line="14" baseImage="promise.gif" flags="2">
      <result msg="Method body respects uniqueness constraints  at  TestBadArgs.java line 14" source="/TestUniquenessSanityChecks/src/borrowed/TestBadArgs.java.html" line="14" baseImage="plus.gif" flags="0" />
    </result>
    <result msg="Other control flow for conflicts.Test.method2_good(java.lang.Object)  at  Test.java line 10" source="/TestUniquenessSanityChecks/src/conflicts/Test.java.html" line="10" baseImage="promise.gif" flags="2">
      <result msg="Method body respects uniqueness constraints  at  Test.java line 10" source="/TestUniquenessSanityChecks/src/conflicts/Test.java.html" line="10" baseImage="plus.gif" flags="0" />
    </result>
    <result msg="Other control flow for conflicts.Test.method4_bad(java.lang.Object)  at  Test.java line 12" source="/TestUniquenessSanityChecks/src/conflicts/Test.java.html" line="12" baseImage="promise.gif" flags="2">
      <result msg="Method body respects uniqueness constraints  at  Test.java line 12" source="/TestUniquenessSanityChecks/src/conflicts/Test.java.html" line="12" baseImage="plus.gif" flags="0" />
    </result>
    <result msg="Other control flow for conflicts.Test.method6_good(java.lang.Object)  at  Test.java line 14" source="/TestUniquenessSanityChecks/src/conflicts/Test.java.html" line="14" baseImage="promise.gif" flags="2">
      <result msg="Method body respects uniqueness constraints  at  Test.java line 14" source="/TestUniquenessSanityChecks/src/conflicts/Test.java.html" line="14" baseImage="plus.gif" flags="0" />
    </result>
    <result msg="Other control flow for conflicts.Test.method7_bad(java.lang.Object)  at  Test.java line 15" source="/TestUniquenessSanityChecks/src/conflicts/Test.java.html" line="15" baseImage="promise.gif" flags="2">
      <result msg="Method body respects uniqueness constraints  at  Test.java line 15" source="/TestUniquenessSanityChecks/src/conflicts/Test.java.html" line="15" baseImage="plus.gif" flags="0" />
    </result>
    <result msg="Other control flow for conflicts.Test.xxx2_good()  at  Test.java line 24" source="/TestUniquenessSanityChecks/src/conflicts/Test.java.html" line="24" baseImage="promise.gif" flags="2">
      <result msg="Method body respects uniqueness constraints  at  Test.java line 25" source="/TestUniquenessSanityChecks/src/conflicts/Test.java.html" line="25" baseImage="plus.gif" flags="0" />
    </result>
    <result msg="Other control flow for conflicts.Test.xxx4_bad()  at  Test.java line 30" source="/TestUniquenessSanityChecks/src/conflicts/Test.java.html" line="30" baseImage="promise.gif" flags="2">
      <result msg="Method body respects uniqueness constraints  at  Test.java line 32" source="/TestUniquenessSanityChecks/src/conflicts/Test.java.html" line="32" baseImage="plus.gif" flags="0" />
    </result>
    <result msg="Other control flow for conflicts.Test.xxx6_good()  at  Test.java line 38" source="/TestUniquenessSanityChecks/src/conflicts/Test.java.html" line="38" baseImage="promise.gif" flags="2">
      <result msg="Method body respects uniqueness constraints  at  Test.java line 40" source="/TestUniquenessSanityChecks/src/conflicts/Test.java.html" line="40" baseImage="plus.gif" flags="0" />
    </result>
    <result msg="Other control flow for conflicts.Test.xxx7_bad()  at  Test.java line 42" source="/TestUniquenessSanityChecks/src/conflicts/Test.java.html" line="42" baseImage="promise.gif" flags="2">
      <result msg="Method body respects uniqueness constraints  at  Test.java line 45" source="/TestUniquenessSanityChecks/src/conflicts/Test.java.html" line="45" baseImage="plus.gif" flags="0" />
    </result>
    <result msg="Other control flow for nonReference.Test.goodBorrowed(nonReference.Test)  at  Test.java line 52" source="/TestUniquenessSanityChecks/src/nonReference/Test.java.html" line="52" baseImage="promise.gif" flags="2">
      <result msg="Method body respects uniqueness constraints  at  Test.java line 52" source="/TestUniquenessSanityChecks/src/nonReference/Test.java.html" line="52" baseImage="plus.gif" flags="0" />
    </result>
    <result msg="Other control flow for nonReference.Test.goodBorrowedReceiver()  at  Test.java line 45" source="/TestUniquenessSanityChecks/src/nonReference/Test.java.html" line="45" baseImage="promise.gif" flags="2">
      <result msg="Method body respects uniqueness constraints  at  Test.java line 46" source="/TestUniquenessSanityChecks/src/nonReference/Test.java.html" line="46" baseImage="plus.gif" flags="0" />
    </result>
    <result msg="Other control flow for nonReference.Test.goodReturn()  at  Test.java line 21" source="/TestUniquenessSanityChecks/src/nonReference/Test.java.html" line="21" baseImage="promise.gif" flags="2">
      <result msg="Method body respects uniqueness constraints  at  Test.java line 22" source="/TestUniquenessSanityChecks/src/nonReference/Test.java.html" line="22" baseImage="plus.gif" flags="0" />
    </result>
    <result msg="Other control flow for unique.TestBadArgs.annotatedMethod5()  at  TestBadArgs.java line 184" source="/TestUniquenessSanityChecks/src/unique/TestBadArgs.java.html" line="184" baseImage="promise.gif" flags="2">
      <result msg="Method body respects uniqueness constraints  at  TestBadArgs.java line 185" source="/TestUniquenessSanityChecks/src/unique/TestBadArgs.java.html" line="185" baseImage="plus.gif" flags="0" />
    </result>
    <result msg="Other control flow for unique.TestBadArgs.annotatedMethod5a()  at  TestBadArgs.java line 202" source="/TestUniquenessSanityChecks/src/unique/TestBadArgs.java.html" line="202" baseImage="promise.gif" flags="2">
      <result msg="Method body respects uniqueness constraints  at  TestBadArgs.java line 203" source="/TestUniquenessSanityChecks/src/unique/TestBadArgs.java.html" line="203" baseImage="plus.gif" flags="0" />
    </result>
    <result msg="Other control flow for unique.TestBadArgs.annotatedMethod6()  at  TestBadArgs.java line 187" source="/TestUniquenessSanityChecks/src/unique/TestBadArgs.java.html" line="187" baseImage="promise.gif" flags="2">
      <result msg="Method body respects uniqueness constraints  at  TestBadArgs.java line 188" source="/TestUniquenessSanityChecks/src/unique/TestBadArgs.java.html" line="188" baseImage="plus.gif" flags="0" />
    </result>
    <result msg="Other control flow for unique.TestBadArgs.annotatedMethod6a()  at  TestBadArgs.java line 205" source="/TestUniquenessSanityChecks/src/unique/TestBadArgs.java.html" line="205" baseImage="promise.gif" flags="2">
      <result msg="Method body respects uniqueness constraints  at  TestBadArgs.java line 206" source="/TestUniquenessSanityChecks/src/unique/TestBadArgs.java.html" line="206" baseImage="plus.gif" flags="0" />
    </result>
    <result msg="Other control flow for unique.TestBadArgs.annotatedMethod7()  at  TestBadArgs.java line 190" source="/TestUniquenessSanityChecks/src/unique/TestBadArgs.java.html" line="190" baseImage="promise.gif" flags="2">
      <result msg="Method body respects uniqueness constraints  at  TestBadArgs.java line 191" source="/TestUniquenessSanityChecks/src/unique/TestBadArgs.java.html" line="191" baseImage="plus.gif" flags="0" />
    </result>
    <result msg="Other control flow for unique.TestBadArgs.annotatedMethod7a()  at  TestBadArgs.java line 208" source="/TestUniquenessSanityChecks/src/unique/TestBadArgs.java.html" line="208" baseImage="promise.gif" flags="2">
      <result msg="Method body respects uniqueness constraints  at  TestBadArgs.java line 209" source="/TestUniquenessSanityChecks/src/unique/TestBadArgs.java.html" line="209" baseImage="plus.gif" flags="0" />
    </result>
    <result msg="borrowed p on borrowed.TestBadArgs.method1(java.lang.Object)  at  TestBadArgs.java" source="/TestUniquenessSanityChecks/src/borrowed/TestBadArgs.java.html" line="0" baseImage="promise.gif" flags="2">
      <result msg="Conservative dependency  at  TestBadArgs.java line 6" source="/TestUniquenessSanityChecks/src/borrowed/TestBadArgs.java.html" line="6" baseImage="plus.gif" flags="2">
        <result msg="1 precondition:" baseImage="choice_item.gif" flags="2">
          <result msg="Other control flow for borrowed.TestBadArgs.method1(java.lang.Object)  at  TestBadArgs.java line 6" source="/TestUniquenessSanityChecks/src/borrowed/TestBadArgs.java.html" line="6" baseImage="promise.gif" flags="2">
            <result msg="Method body respects uniqueness constraints  at  TestBadArgs.java line 6" source="/TestUniquenessSanityChecks/src/borrowed/TestBadArgs.java.html" line="6" baseImage="plus.gif" flags="0" />
          </result>
        </result>
      </result>
    </result>
    <result msg="borrowed p on borrowed.TestBadArgs.method2(java.lang.Object)  at  TestBadArgs.java" source="/TestUniquenessSanityChecks/src/borrowed/TestBadArgs.java.html" line="0" baseImage="promise.gif" flags="2">
      <result msg="Conservative dependency  at  TestBadArgs.java line 7" source="/TestUniquenessSanityChecks/src/borrowed/TestBadArgs.java.html" line="7" baseImage="plus.gif" flags="2">
        <result msg="1 precondition:" baseImage="choice_item.gif" flags="2">
          <result msg="Other control flow for borrowed.TestBadArgs.method2(java.lang.Object)  at  TestBadArgs.java line 7" source="/TestUniquenessSanityChecks/src/borrowed/TestBadArgs.java.html" line="7" baseImage="promise.gif" flags="2">
            <result msg="Method body respects uniqueness constraints  at  TestBadArgs.java line 7" source="/TestUniquenessSanityChecks/src/borrowed/TestBadArgs.java.html" line="7" baseImage="plus.gif" flags="0" />
          </result>
        </result>
      </result>
    </result>
    <result msg="borrowed p on borrowed.TestBadArgs.method3(java.lang.Object)  at  TestBadArgs.java" source="/TestUniquenessSanityChecks/src/borrowed/TestBadArgs.java.html" line="0" baseImage="promise.gif" flags="2">
      <result msg="Conservative dependency  at  TestBadArgs.java line 8" source="/TestUniquenessSanityChecks/src/borrowed/TestBadArgs.java.html" line="8" baseImage="plus.gif" flags="2">
        <result msg="1 precondition:" baseImage="choice_item.gif" flags="2">
          <result msg="Other control flow for borrowed.TestBadArgs.method3(java.lang.Object)  at  TestBadArgs.java line 8" source="/TestUniquenessSanityChecks/src/borrowed/TestBadArgs.java.html" line="8" baseImage="promise.gif" flags="2">
            <result msg="Method body respects uniqueness constraints  at  TestBadArgs.java line 8" source="/TestUniquenessSanityChecks/src/borrowed/TestBadArgs.java.html" line="8" baseImage="plus.gif" flags="0" />
          </result>
        </result>
      </result>
    </result>
    <result msg="borrowed p on borrowed.TestBadArgs.method3a(java.lang.Object)  at  TestBadArgs.java" source="/TestUniquenessSanityChecks/src/borrowed/TestBadArgs.java.html" line="0" baseImage="promise.gif" flags="2">
      <result msg="Conservative dependency  at  TestBadArgs.java line 14" source="/TestUniquenessSanityChecks/src/borrowed/TestBadArgs.java.html" line="14" baseImage="plus.gif" flags="2">
        <result msg="1 precondition:" baseImage="choice_item.gif" flags="2">
          <result msg="Other control flow for borrowed.TestBadArgs.method3a(java.lang.Object)  at  TestBadArgs.java line 14" source="/TestUniquenessSanityChecks/src/borrowed/TestBadArgs.java.html" line="14" baseImage="promise.gif" flags="2">
            <result msg="Method body respects uniqueness constraints  at  TestBadArgs.java line 14" source="/TestUniquenessSanityChecks/src/borrowed/TestBadArgs.java.html" line="14" baseImage="plus.gif" flags="0" />
          </result>
        </result>
      </result>
    </result>
    <result msg="borrowed p on conflicts.Test.method2_good(java.lang.Object)  at  Test.java" source="/TestUniquenessSanityChecks/src/conflicts/Test.java.html" line="0" baseImage="promise.gif" flags="2">
      <result msg="Conservative dependency  at  Test.java line 10" source="/TestUniquenessSanityChecks/src/conflicts/Test.java.html" line="10" baseImage="plus.gif" flags="2">
        <result msg="1 precondition:" baseImage="choice_item.gif" flags="2">
          <result msg="Other control flow for conflicts.Test.method2_good(java.lang.Object)  at  Test.java line 10" source="/TestUniquenessSanityChecks/src/conflicts/Test.java.html" line="10" baseImage="promise.gif" flags="2">
            <result msg="Method body respects uniqueness constraints  at  Test.java line 10" source="/TestUniquenessSanityChecks/src/conflicts/Test.java.html" line="10" baseImage="plus.gif" flags="0" />
          </result>
        </result>
      </result>
    </result>
    <result msg="borrowed p on conflicts.Test.method6_good(java.lang.Object)  at  Test.java" source="/TestUniquenessSanityChecks/src/conflicts/Test.java.html" line="0" baseImage="promise.gif" flags="2">
      <result msg="Conservative dependency  at  Test.java line 14" source="/TestUniquenessSanityChecks/src/conflicts/Test.java.html" line="14" baseImage="plus.gif" flags="2">
        <result msg="1 precondition:" baseImage="choice_item.gif" flags="2">
          <result msg="Other control flow for conflicts.Test.method6_good(java.lang.Object)  at  Test.java line 14" source="/TestUniquenessSanityChecks/src/conflicts/Test.java.html" line="14" baseImage="promise.gif" flags="2">
            <result msg="Method body respects uniqueness constraints  at  Test.java line 14" source="/TestUniquenessSanityChecks/src/conflicts/Test.java.html" line="14" baseImage="plus.gif" flags="0" />
          </result>
        </result>
      </result>
    </result>
    <result msg="borrowed p on nonReference.Test.goodBorrowed(nonReference.Test)  at  Test.java" source="/TestUniquenessSanityChecks/src/nonReference/Test.java.html" line="0" baseImage="promise.gif" flags="2">
      <result msg="Conservative dependency  at  Test.java line 52" source="/TestUniquenessSanityChecks/src/nonReference/Test.java.html" line="52" baseImage="plus.gif" flags="2">
        <result msg="1 precondition:" baseImage="choice_item.gif" flags="2">
          <result msg="Other control flow for nonReference.Test.goodBorrowed(nonReference.Test)  at  Test.java line 52" source="/TestUniquenessSanityChecks/src/nonReference/Test.java.html" line="52" baseImage="promise.gif" flags="2">
            <result msg="Method body respects uniqueness constraints  at  Test.java line 52" source="/TestUniquenessSanityChecks/src/nonReference/Test.java.html" line="52" baseImage="plus.gif" flags="0" />
          </result>
        </result>
      </result>
    </result>
    <result msg="borrowed this on borrowed.TestBadArgs.Constructor4.Constructor4()" baseImage="promise.gif" flags="2">
      <result msg="Borrowed parameters of call &quot;super&quot;  at  TestBadArgs.java" source="/TestUniquenessSanityChecks/src/borrowed/TestBadArgs.java.html" line="0" baseImage="plus.gif" flags="2">
        <result msg="1 precondition:" baseImage="choice_item.gif" flags="2">
          <result msg="borrowed this on java.lang.Object.Object()" baseImage="promise.gif" flags="2" />
        </result>
      </result>
      <result msg="Conservative dependency  at  TestBadArgs.java line 82" source="/TestUniquenessSanityChecks/src/borrowed/TestBadArgs.java.html" line="82" baseImage="plus.gif" flags="2">
        <result msg="1 precondition:" baseImage="choice_item.gif" flags="2">
          <result msg="Other control flow for borrowed.TestBadArgs.Constructor4.Constructor4()  at  TestBadArgs.java line 82" source="/TestUniquenessSanityChecks/src/borrowed/TestBadArgs.java.html" line="82" baseImage="promise.gif" flags="2">
            <result msg="Method body respects uniqueness constraints  at  TestBadArgs.java line 83" source="/TestUniquenessSanityChecks/src/borrowed/TestBadArgs.java.html" line="83" baseImage="plus.gif" flags="0" />
          </result>
        </result>
      </result>
    </result>
    <result msg="borrowed this on borrowed.TestBadArgs.Constructor4a.Constructor4a()" baseImage="promise.gif" flags="2">
      <result msg="Borrowed parameters of call &quot;super&quot;  at  TestBadArgs.java" source="/TestUniquenessSanityChecks/src/borrowed/TestBadArgs.java.html" line="0" baseImage="plus.gif" flags="2">
        <result msg="1 precondition:" baseImage="choice_item.gif" flags="2">
          <result msg="borrowed this on java.lang.Object.Object()" baseImage="promise.gif" flags="2" />
        </result>
      </result>
      <result msg="Conservative dependency  at  TestBadArgs.java line 112" source="/TestUniquenessSanityChecks/src/borrowed/TestBadArgs.java.html" line="112" baseImage="plus.gif" flags="2">
        <result msg="1 precondition:" baseImage="choice_item.gif" flags="2">
          <result msg="Other control flow for borrowed.TestBadArgs.Constructor4a.Constructor4a()  at  TestBadArgs.java line 112" source="/TestUniquenessSanityChecks/src/borrowed/TestBadArgs.java.html" line="112" baseImage="promise.gif" flags="2">
            <result msg="Method body respects uniqueness constraints  at  TestBadArgs.java line 113" source="/TestUniquenessSanityChecks/src/borrowed/TestBadArgs.java.html" line="113" baseImage="plus.gif" flags="0" />
          </result>
        </result>
      </result>
    </result>
    <result msg="borrowed this on borrowed.TestBadArgs.annotatedMethod4()" baseImage="promise.gif" flags="2">
      <result msg="Conservative dependency  at  TestBadArgs.java line 31" source="/TestUniquenessSanityChecks/src/borrowed/TestBadArgs.java.html" line="31" baseImage="plus.gif" flags="2">
        <result msg="1 precondition:" baseImage="choice_item.gif" flags="2">
          <result msg="Other control flow for borrowed.TestBadArgs.annotatedMethod4()  at  TestBadArgs.java line 31" source="/TestUniquenessSanityChecks/src/borrowed/TestBadArgs.java.html" line="31" baseImage="promise.gif" flags="2">
            <result msg="Method body respects uniqueness constraints  at  TestBadArgs.java line 32" source="/TestUniquenessSanityChecks/src/borrowed/TestBadArgs.java.html" line="32" baseImage="plus.gif" flags="0" />
          </result>
        </result>
      </result>
    </result>
    <result msg="borrowed this on borrowed.TestBadArgs.annotatedMethod4a()" baseImage="promise.gif" flags="2">
      <result msg="Conservative dependency  at  TestBadArgs.java line 49" source="/TestUniquenessSanityChecks/src/borrowed/TestBadArgs.java.html" line="49" baseImage="plus.gif" flags="2">
        <result msg="1 precondition:" baseImage="choice_item.gif" flags="2">
          <result msg="Other control flow for borrowed.TestBadArgs.annotatedMethod4a()  at  TestBadArgs.java line 49" source="/TestUniquenessSanityChecks/src/borrowed/TestBadArgs.java.html" line="49" baseImage="promise.gif" flags="2">
            <result msg="Method body respects uniqueness constraints  at  TestBadArgs.java line 50" source="/TestUniquenessSanityChecks/src/borrowed/TestBadArgs.java.html" line="50" baseImage="plus.gif" flags="0" />
          </result>
        </result>
      </result>
    </result>
    <result msg="borrowed this on conflicts.Test.xxx2_good()" baseImage="promise.gif" flags="2">
      <result msg="Conservative dependency  at  Test.java line 24" source="/TestUniquenessSanityChecks/src/conflicts/Test.java.html" line="24" baseImage="plus.gif" flags="2">
        <result msg="1 precondition:" baseImage="choice_item.gif" flags="2">
          <result msg="Other control flow for conflicts.Test.xxx2_good()  at  Test.java line 24" source="/TestUniquenessSanityChecks/src/conflicts/Test.java.html" line="24" baseImage="promise.gif" flags="2">
            <result msg="Method body respects uniqueness constraints  at  Test.java line 25" source="/TestUniquenessSanityChecks/src/conflicts/Test.java.html" line="25" baseImage="plus.gif" flags="0" />
          </result>
        </result>
      </result>
    </result>
    <result msg="borrowed this on conflicts.Test.xxx6_good()" baseImage="promise.gif" flags="2">
      <result msg="Conservative dependency  at  Test.java line 38" source="/TestUniquenessSanityChecks/src/conflicts/Test.java.html" line="38" baseImage="plus.gif" flags="2">
        <result msg="1 precondition:" baseImage="choice_item.gif" flags="2">
          <result msg="Other control flow for conflicts.Test.xxx6_good()  at  Test.java line 38" source="/TestUniquenessSanityChecks/src/conflicts/Test.java.html" line="38" baseImage="promise.gif" flags="2">
            <result msg="Method body respects uniqueness constraints  at  Test.java line 40" source="/TestUniquenessSanityChecks/src/conflicts/Test.java.html" line="40" baseImage="plus.gif" flags="0" />
          </result>
        </result>
      </result>
    </result>
    <result msg="borrowed this on nonReference.Test.goodBorrowedReceiver()" baseImage="promise.gif" flags="2">
      <result msg="Conservative dependency  at  Test.java line 45" source="/TestUniquenessSanityChecks/src/nonReference/Test.java.html" line="45" baseImage="plus.gif" flags="2">
        <result msg="1 precondition:" baseImage="choice_item.gif" flags="2">
          <result msg="Other control flow for nonReference.Test.goodBorrowedReceiver()  at  Test.java line 45" source="/TestUniquenessSanityChecks/src/nonReference/Test.java.html" line="45" baseImage="promise.gif" flags="2">
            <result msg="Method body respects uniqueness constraints  at  Test.java line 46" source="/TestUniquenessSanityChecks/src/nonReference/Test.java.html" line="46" baseImage="plus.gif" flags="0" />
          </result>
        </result>
      </result>
    </result>
    <result msg="notunique on conflicts.Test.(none)" baseImage="promise.gif" flags="26" reddots="1" />
    <result msg="notunique on conflicts.Test.(none)" baseImage="promise.gif" flags="26" reddots="1" />
    <result msg="notunique on conflicts.Test.(none)  at  Test.java" source="/TestUniquenessSanityChecks/src/conflicts/Test.java.html" line="0" baseImage="promise.gif" flags="26" reddots="1" />
    <result msg="notunique on conflicts.Test.(none)  at  Test.java" source="/TestUniquenessSanityChecks/src/conflicts/Test.java.html" line="0" baseImage="promise.gif" flags="26" reddots="1" />
    <result msg="notunique on nonReference.Test.(none)" baseImage="promise.gif" flags="26" reddots="1" />
    <result msg="notunique on nonReference.Test.(none)  at  Test.java" source="/TestUniquenessSanityChecks/src/nonReference/Test.java.html" line="0" baseImage="promise.gif" flags="26" reddots="1" />
    <result msg="unique  on  good  at  Test.java" source="/TestUniquenessSanityChecks/src/nonReference/Test.java.html" line="0" baseImage="promise.gif" flags="2" />
    <result msg="unique  on  uniqueField1  at  TestBadArgs.java" source="/TestUniquenessSanityChecks/src/unique/TestBadArgs.java.html" line="0" baseImage="promise.gif" flags="2" />
    <result msg="unique  on  uniqueField2  at  TestBadArgs.java" source="/TestUniquenessSanityChecks/src/unique/TestBadArgs.java.html" line="0" baseImage="promise.gif" flags="2" />
    <result msg="unique  on  uniqueField3  at  TestBadArgs.java" source="/TestUniquenessSanityChecks/src/unique/TestBadArgs.java.html" line="0" baseImage="promise.gif" flags="2" />
    <result msg="unique  on  uniqueField3a  at  TestBadArgs.java" source="/TestUniquenessSanityChecks/src/unique/TestBadArgs.java.html" line="0" baseImage="promise.gif" flags="2" />
    <result msg="unique p on conflicts.Test.method1_good(java.lang.Object)   at  Test.java" source="/TestUniquenessSanityChecks/src/conflicts/Test.java.html" line="0" baseImage="promise.gif" flags="2" />
    <result msg="unique p on nonReference.Test.goodUnique(nonReference.Test)   at  Test.java" source="/TestUniquenessSanityChecks/src/nonReference/Test.java.html" line="0" baseImage="promise.gif" flags="2" />
    <result msg="unique p on unique.TestBadArgs.method1(java.lang.Object)   at  TestBadArgs.java" source="/TestUniquenessSanityChecks/src/unique/TestBadArgs.java.html" line="0" baseImage="promise.gif" flags="2" />
    <result msg="unique p on unique.TestBadArgs.method2(java.lang.Object)   at  TestBadArgs.java" source="/TestUniquenessSanityChecks/src/unique/TestBadArgs.java.html" line="0" baseImage="promise.gif" flags="2" />
    <result msg="unique p on unique.TestBadArgs.method3(java.lang.Object)   at  TestBadArgs.java" source="/TestUniquenessSanityChecks/src/unique/TestBadArgs.java.html" line="0" baseImage="promise.gif" flags="2" />
    <result msg="unique p on unique.TestBadArgs.method3a(java.lang.Object)   at  TestBadArgs.java" source="/TestUniquenessSanityChecks/src/unique/TestBadArgs.java.html" line="0" baseImage="promise.gif" flags="2" />
    <result msg="unique return on nonReference.Test.goodReturn() " baseImage="promise.gif" flags="2">
      <result msg="Conservative dependency  at  Test.java line 21" source="/TestUniquenessSanityChecks/src/nonReference/Test.java.html" line="21" baseImage="plus.gif" flags="2">
        <result msg="1 precondition:" baseImage="choice_item.gif" flags="2">
          <result msg="Other control flow for nonReference.Test.goodReturn()  at  Test.java line 21" source="/TestUniquenessSanityChecks/src/nonReference/Test.java.html" line="21" baseImage="promise.gif" flags="2">
            <result msg="Method body respects uniqueness constraints  at  Test.java line 22" source="/TestUniquenessSanityChecks/src/nonReference/Test.java.html" line="22" baseImage="plus.gif" flags="0" />
          </result>
        </result>
      </result>
    </result>
    <result msg="unique return on unique.TestBadArgs.Constructor5.Constructor5() " baseImage="promise.gif" flags="2" />
    <result msg="unique return on unique.TestBadArgs.Constructor5a.Constructor5a() " baseImage="promise.gif" flags="2" />
    <result msg="unique return on unique.TestBadArgs.annotatedMethod5() " baseImage="promise.gif" flags="2">
      <result msg="Conservative dependency  at  TestBadArgs.java line 184" source="/TestUniquenessSanityChecks/src/unique/TestBadArgs.java.html" line="184" baseImage="plus.gif" flags="2">
        <result msg="1 precondition:" baseImage="choice_item.gif" flags="2">
          <result msg="Other control flow for unique.TestBadArgs.annotatedMethod5()  at  TestBadArgs.java line 184" source="/TestUniquenessSanityChecks/src/unique/TestBadArgs.java.html" line="184" baseImage="promise.gif" flags="2">
            <result msg="Method body respects uniqueness constraints  at  TestBadArgs.java line 185" source="/TestUniquenessSanityChecks/src/unique/TestBadArgs.java.html" line="185" baseImage="plus.gif" flags="0" />
          </result>
        </result>
      </result>
    </result>
    <result msg="unique return on unique.TestBadArgs.annotatedMethod5a() " baseImage="promise.gif" flags="2">
      <result msg="Conservative dependency  at  TestBadArgs.java line 202" source="/TestUniquenessSanityChecks/src/unique/TestBadArgs.java.html" line="202" baseImage="plus.gif" flags="2">
        <result msg="1 precondition:" baseImage="choice_item.gif" flags="2">
          <result msg="Other control flow for unique.TestBadArgs.annotatedMethod5a()  at  TestBadArgs.java line 202" source="/TestUniquenessSanityChecks/src/unique/TestBadArgs.java.html" line="202" baseImage="promise.gif" flags="2">
            <result msg="Method body respects uniqueness constraints  at  TestBadArgs.java line 203" source="/TestUniquenessSanityChecks/src/unique/TestBadArgs.java.html" line="203" baseImage="plus.gif" flags="0" />
          </result>
        </result>
      </result>
    </result>
    <result msg="unique return on unique.TestBadArgs.annotatedMethod6() " baseImage="promise.gif" flags="2">
      <result msg="Conservative dependency  at  TestBadArgs.java line 187" source="/TestUniquenessSanityChecks/src/unique/TestBadArgs.java.html" line="187" baseImage="plus.gif" flags="2">
        <result msg="2 preconditions:" baseImage="choice_item.gif" flags="2">
          <result msg="Other control flow for unique.TestBadArgs.annotatedMethod6()  at  TestBadArgs.java line 187" source="/TestUniquenessSanityChecks/src/unique/TestBadArgs.java.html" line="187" baseImage="promise.gif" flags="2">
            <result msg="Method body respects uniqueness constraints  at  TestBadArgs.java line 188" source="/TestUniquenessSanityChecks/src/unique/TestBadArgs.java.html" line="188" baseImage="plus.gif" flags="0" />
          </result>
          <result msg="unique this on unique.TestBadArgs.annotatedMethod6() " baseImage="promise.gif" flags="2" />
        </result>
      </result>
    </result>
    <result msg="unique return on unique.TestBadArgs.annotatedMethod6a() " baseImage="promise.gif" flags="2">
      <result msg="Conservative dependency" baseImage="plus.gif" flags="2">
        <result msg="2 preconditions:" baseImage="choice_item.gif" flags="2">
          <result msg="Other control flow for unique.TestBadArgs.annotatedMethod6a()  at  TestBadArgs.java line 205" source="/TestUniquenessSanityChecks/src/unique/TestBadArgs.java.html" line="205" baseImage="promise.gif" flags="2">
            <result msg="Method body respects uniqueness constraints  at  TestBadArgs.java line 206" source="/TestUniquenessSanityChecks/src/unique/TestBadArgs.java.html" line="206" baseImage="plus.gif" flags="0" />
          </result>
          <result msg="unique this on unique.TestBadArgs.annotatedMethod6a() " baseImage="promise.gif" flags="2" />
        </result>
      </result>
    </result>
    <result msg="unique return on unique.TestBadArgs.annotatedMethod7() " baseImage="promise.gif" flags="2">
      <result msg="Conservative dependency  at  TestBadArgs.java line 190" source="/TestUniquenessSanityChecks/src/unique/TestBadArgs.java.html" line="190" baseImage="plus.gif" flags="2">
        <result msg="2 preconditions:" baseImage="choice_item.gif" flags="2">
          <result msg="Other control flow for unique.TestBadArgs.annotatedMethod7()  at  TestBadArgs.java line 190" source="/TestUniquenessSanityChecks/src/unique/TestBadArgs.java.html" line="190" baseImage="promise.gif" flags="2">
            <result msg="Method body respects uniqueness constraints  at  TestBadArgs.java line 191" source="/TestUniquenessSanityChecks/src/unique/TestBadArgs.java.html" line="191" baseImage="plus.gif" flags="0" />
          </result>
          <result msg="unique this on unique.TestBadArgs.annotatedMethod7() " baseImage="promise.gif" flags="2" />
        </result>
      </result>
    </result>
    <result msg="unique return on unique.TestBadArgs.annotatedMethod7a() " baseImage="promise.gif" flags="2">
      <result msg="Conservative dependency  at  TestBadArgs.java line 208" source="/TestUniquenessSanityChecks/src/unique/TestBadArgs.java.html" line="208" baseImage="plus.gif" flags="2">
        <result msg="2 preconditions:" baseImage="choice_item.gif" flags="2">
          <result msg="Other control flow for unique.TestBadArgs.annotatedMethod7a()  at  TestBadArgs.java line 208" source="/TestUniquenessSanityChecks/src/unique/TestBadArgs.java.html" line="208" baseImage="promise.gif" flags="2">
            <result msg="Method body respects uniqueness constraints  at  TestBadArgs.java line 209" source="/TestUniquenessSanityChecks/src/unique/TestBadArgs.java.html" line="209" baseImage="plus.gif" flags="0" />
          </result>
          <result msg="unique this on unique.TestBadArgs.annotatedMethod7a() " baseImage="promise.gif" flags="2" />
        </result>
      </result>
    </result>
    <result msg="unique this on conflicts.Test.xxx1_good() " baseImage="promise.gif" flags="2" />
    <result msg="unique this on nonReference.Test.goodUniqueReceiver() " baseImage="promise.gif" flags="2" />
    <result msg="unique this on unique.TestBadArgs.annotatedMethod4() " baseImage="promise.gif" flags="2" />
    <result msg="unique this on unique.TestBadArgs.annotatedMethod4a() " baseImage="promise.gif" flags="2" />
    <result msg="unique this on unique.TestBadArgs.annotatedMethod6() " baseImage="promise.gif" flags="2" />
    <result msg="unique this on unique.TestBadArgs.annotatedMethod6a() " baseImage="promise.gif" flags="2" />
    <result msg="unique this on unique.TestBadArgs.annotatedMethod7() " baseImage="promise.gif" flags="2" />
    <result msg="unique this on unique.TestBadArgs.annotatedMethod7a() " baseImage="promise.gif" flags="2" />
  </result>
  <result msg="Modeling problems (96 issues)" baseImage="warning.gif" flags="0">
    <result msg="/Users/aarong/Work/Eclipse Workspaces/Eclipse 3.3/Fluid Runtime Workspace/TestUniquenessSanityChecks/src/borrowed/TestBadArgs.java:0 -- Unable to parse: @Borrowed   at  TestBadArgs.java" source="/TestUniquenessSanityChecks/src/borrowed/TestBadArgs.java.html" line="0" baseImage="warning.gif" flags="0" />
    <result msg="/Users/aarong/Work/Eclipse Workspaces/Eclipse 3.3/Fluid Runtime Workspace/TestUniquenessSanityChecks/src/borrowed/TestBadArgs.java:0 -- Unable to parse: @Borrowed   at  TestBadArgs.java" source="/TestUniquenessSanityChecks/src/borrowed/TestBadArgs.java.html" line="0" baseImage="warning.gif" flags="0" />
    <result msg="/Users/aarong/Work/Eclipse Workspaces/Eclipse 3.3/Fluid Runtime Workspace/TestUniquenessSanityChecks/src/borrowed/TestBadArgs.java:0 -- Unable to parse: @Borrowed   at  TestBadArgs.java" source="/TestUniquenessSanityChecks/src/borrowed/TestBadArgs.java.html" line="0" baseImage="warning.gif" flags="0" />
    <result msg="/Users/aarong/Work/Eclipse Workspaces/Eclipse 3.3/Fluid Runtime Workspace/TestUniquenessSanityChecks/src/borrowed/TestBadArgs.java:0 -- Unable to parse: @Borrowed   at  TestBadArgs.java" source="/TestUniquenessSanityChecks/src/borrowed/TestBadArgs.java.html" line="0" baseImage="warning.gif" flags="0" />
    <result msg="/Users/aarong/Work/Eclipse Workspaces/Eclipse 3.3/Fluid Runtime Workspace/TestUniquenessSanityChecks/src/borrowed/TestBadArgs.java:0 -- Unable to parse: @Borrowed   at  TestBadArgs.java" source="/TestUniquenessSanityChecks/src/borrowed/TestBadArgs.java.html" line="0" baseImage="warning.gif" flags="0" />
    <result msg="/Users/aarong/Work/Eclipse Workspaces/Eclipse 3.3/Fluid Runtime Workspace/TestUniquenessSanityChecks/src/borrowed/TestBadArgs.java:0 -- Unable to parse: @Borrowed   at  TestBadArgs.java" source="/TestUniquenessSanityChecks/src/borrowed/TestBadArgs.java.html" line="0" baseImage="warning.gif" flags="0" />
    <result msg="/Users/aarong/Work/Eclipse Workspaces/Eclipse 3.3/Fluid Runtime Workspace/TestUniquenessSanityChecks/src/borrowed/TestBadArgs.java:0 -- Unable to parse: @Borrowed return  at  TestBadArgs.java" source="/TestUniquenessSanityChecks/src/borrowed/TestBadArgs.java.html" line="0" baseImage="warning.gif" flags="0" />
    <result msg="/Users/aarong/Work/Eclipse Workspaces/Eclipse 3.3/Fluid Runtime Workspace/TestUniquenessSanityChecks/src/borrowed/TestBadArgs.java:0 -- Unable to parse: @Borrowed return  at  TestBadArgs.java" source="/TestUniquenessSanityChecks/src/borrowed/TestBadArgs.java.html" line="0" baseImage="warning.gif" flags="0" />
    <result msg="/Users/aarong/Work/Eclipse Workspaces/Eclipse 3.3/Fluid Runtime Workspace/TestUniquenessSanityChecks/src/borrowed/TestBadArgs.java:0 -- Unable to parse: @Borrowed return  at  TestBadArgs.java" source="/TestUniquenessSanityChecks/src/borrowed/TestBadArgs.java.html" line="0" baseImage="warning.gif" flags="0" />
    <result msg="/Users/aarong/Work/Eclipse Workspaces/Eclipse 3.3/Fluid Runtime Workspace/TestUniquenessSanityChecks/src/borrowed/TestBadArgs.java:0 -- Unable to parse: @Borrowed return  at  TestBadArgs.java" source="/TestUniquenessSanityChecks/src/borrowed/TestBadArgs.java.html" line="0" baseImage="warning.gif" flags="0" />
    <result msg="/Users/aarong/Work/Eclipse Workspaces/Eclipse 3.3/Fluid Runtime Workspace/TestUniquenessSanityChecks/src/borrowed/TestBadArgs.java:0 -- Unable to parse: @Borrowed return  at  TestBadArgs.java" source="/TestUniquenessSanityChecks/src/borrowed/TestBadArgs.java.html" line="0" baseImage="warning.gif" flags="0" />
    <result msg="/Users/aarong/Work/Eclipse Workspaces/Eclipse 3.3/Fluid Runtime Workspace/TestUniquenessSanityChecks/src/borrowed/TestBadArgs.java:0 -- Unable to parse: @Borrowed return  at  TestBadArgs.java" source="/TestUniquenessSanityChecks/src/borrowed/TestBadArgs.java.html" line="0" baseImage="warning.gif" flags="0" />
    <result msg="/Users/aarong/Work/Eclipse Workspaces/Eclipse 3.3/Fluid Runtime Workspace/TestUniquenessSanityChecks/src/borrowed/TestBadArgs.java:0 -- Unable to parse: @Borrowed return, this  at  TestBadArgs.java" source="/TestUniquenessSanityChecks/src/borrowed/TestBadArgs.java.html" line="0" baseImage="warning.gif" flags="0" />
    <result msg="/Users/aarong/Work/Eclipse Workspaces/Eclipse 3.3/Fluid Runtime Workspace/TestUniquenessSanityChecks/src/borrowed/TestBadArgs.java:0 -- Unable to parse: @Borrowed return, this  at  TestBadArgs.java" source="/TestUniquenessSanityChecks/src/borrowed/TestBadArgs.java.html" line="0" baseImage="warning.gif" flags="0" />
    <result msg="/Users/aarong/Work/Eclipse Workspaces/Eclipse 3.3/Fluid Runtime Workspace/TestUniquenessSanityChecks/src/borrowed/TestBadArgs.java:0 -- Unable to parse: @Borrowed return, this  at  TestBadArgs.java" source="/TestUniquenessSanityChecks/src/borrowed/TestBadArgs.java.html" line="0" baseImage="warning.gif" flags="0" />
    <result msg="/Users/aarong/Work/Eclipse Workspaces/Eclipse 3.3/Fluid Runtime Workspace/TestUniquenessSanityChecks/src/borrowed/TestBadArgs.java:0 -- Unable to parse: @Borrowed return, this  at  TestBadArgs.java" source="/TestUniquenessSanityChecks/src/borrowed/TestBadArgs.java.html" line="0" baseImage="warning.gif" flags="0" />
    <result msg="/Users/aarong/Work/Eclipse Workspaces/Eclipse 3.3/Fluid Runtime Workspace/TestUniquenessSanityChecks/src/borrowed/TestBadArgs.java:0 -- Unable to parse: @Borrowed return, this  at  TestBadArgs.java" source="/TestUniquenessSanityChecks/src/borrowed/TestBadArgs.java.html" line="0" baseImage="warning.gif" flags="0" />
    <result msg="/Users/aarong/Work/Eclipse Workspaces/Eclipse 3.3/Fluid Runtime Workspace/TestUniquenessSanityChecks/src/borrowed/TestBadArgs.java:0 -- Unable to parse: @Borrowed return, this  at  TestBadArgs.java" source="/TestUniquenessSanityChecks/src/borrowed/TestBadArgs.java.html" line="0" baseImage="warning.gif" flags="0" />
    <result msg="/Users/aarong/Work/Eclipse Workspaces/Eclipse 3.3/Fluid Runtime Workspace/TestUniquenessSanityChecks/src/borrowed/TestBadArgs.java:0 -- Unable to parse: @Borrowed this  at  TestBadArgs.java" source="/TestUniquenessSanityChecks/src/borrowed/TestBadArgs.java.html" line="0" baseImage="warning.gif" flags="0" />
    <result msg="/Users/aarong/Work/Eclipse Workspaces/Eclipse 3.3/Fluid Runtime Workspace/TestUniquenessSanityChecks/src/borrowed/TestBadArgs.java:0 -- Unable to parse: @Borrowed this  at  TestBadArgs.java" source="/TestUniquenessSanityChecks/src/borrowed/TestBadArgs.java.html" line="0" baseImage="warning.gif" flags="0" />
    <result msg="/Users/aarong/Work/Eclipse Workspaces/Eclipse 3.3/Fluid Runtime Workspace/TestUniquenessSanityChecks/src/borrowed/TestBadArgs.java:0 -- Unable to parse: @Borrowed this, return  at  TestBadArgs.java" source="/TestUniquenessSanityChecks/src/borrowed/TestBadArgs.java.html" line="0" baseImage="warning.gif" flags="0" />
    <result msg="/Users/aarong/Work/Eclipse Workspaces/Eclipse 3.3/Fluid Runtime Workspace/TestUniquenessSanityChecks/src/borrowed/TestBadArgs.java:0 -- Unable to parse: @Borrowed this, return  at  TestBadArgs.java" source="/TestUniquenessSanityChecks/src/borrowed/TestBadArgs.java.html" line="0" baseImage="warning.gif" flags="0" />
    <result msg="/Users/aarong/Work/Eclipse Workspaces/Eclipse 3.3/Fluid Runtime Workspace/TestUniquenessSanityChecks/src/borrowed/TestBadArgs.java:1 -- Unable to parse past @Borrowed   ___ f, a, b  at  TestBadArgs.java" source="/TestUniquenessSanityChecks/src/borrowed/TestBadArgs.java.html" line="0" baseImage="warning.gif" flags="0" />
    <result msg="/Users/aarong/Work/Eclipse Workspaces/Eclipse 3.3/Fluid Runtime Workspace/TestUniquenessSanityChecks/src/borrowed/TestBadArgs.java:1 -- Unable to parse past @Borrowed   ___ f, a, b  at  TestBadArgs.java" source="/TestUniquenessSanityChecks/src/borrowed/TestBadArgs.java.html" line="0" baseImage="warning.gif" flags="0" />
    <result msg="/Users/aarong/Work/Eclipse Workspaces/Eclipse 3.3/Fluid Runtime Workspace/TestUniquenessSanityChecks/src/borrowed/TestBadArgs.java:1 -- Unable to parse past @Borrowed   ___ f, a, b  at  TestBadArgs.java" source="/TestUniquenessSanityChecks/src/borrowed/TestBadArgs.java.html" line="0" baseImage="warning.gif" flags="0" />
    <result msg="/Users/aarong/Work/Eclipse Workspaces/Eclipse 3.3/Fluid Runtime Workspace/TestUniquenessSanityChecks/src/borrowed/TestBadArgs.java:1 -- Unable to parse past @Borrowed   ___ f, a, b  at  TestBadArgs.java" source="/TestUniquenessSanityChecks/src/borrowed/TestBadArgs.java.html" line="0" baseImage="warning.gif" flags="0" />
    <result msg="/Users/aarong/Work/Eclipse Workspaces/Eclipse 3.3/Fluid Runtime Workspace/TestUniquenessSanityChecks/src/borrowed/TestBadArgs.java:1 -- Unable to parse past @Borrowed   ___ f, a, b  at  TestBadArgs.java" source="/TestUniquenessSanityChecks/src/borrowed/TestBadArgs.java.html" line="0" baseImage="warning.gif" flags="0" />
    <result msg="/Users/aarong/Work/Eclipse Workspaces/Eclipse 3.3/Fluid Runtime Workspace/TestUniquenessSanityChecks/src/borrowed/TestBadArgs.java:1 -- Unable to parse past @Borrowed   ___ f, a, b  at  TestBadArgs.java" source="/TestUniquenessSanityChecks/src/borrowed/TestBadArgs.java.html" line="0" baseImage="warning.gif" flags="0" />
    <result msg="/Users/aarong/Work/Eclipse Workspaces/Eclipse 3.3/Fluid Runtime Workspace/TestUniquenessSanityChecks/src/borrowed/TestBadArgs.java:4 -- Unable to parse past @Borrowed this ___ , return  at  TestBadArgs.java" source="/TestUniquenessSanityChecks/src/borrowed/TestBadArgs.java.html" line="0" baseImage="warning.gif" flags="0" />
    <result msg="/Users/aarong/Work/Eclipse Workspaces/Eclipse 3.3/Fluid Runtime Workspace/TestUniquenessSanityChecks/src/borrowed/TestBadArgs.java:4 -- Unable to parse past @Borrowed this ___ , return  at  TestBadArgs.java" source="/TestUniquenessSanityChecks/src/borrowed/TestBadArgs.java.html" line="0" baseImage="warning.gif" flags="0" />
    <result msg="/Users/aarong/Work/Eclipse Workspaces/Eclipse 3.3/Fluid Runtime Workspace/TestUniquenessSanityChecks/src/borrowed/TestBadArgs.java:4 -- Unable to parse past @Borrowed this ___ , return  at  TestBadArgs.java" source="/TestUniquenessSanityChecks/src/borrowed/TestBadArgs.java.html" line="0" baseImage="warning.gif" flags="0" />
    <result msg="/Users/aarong/Work/Eclipse Workspaces/Eclipse 3.3/Fluid Runtime Workspace/TestUniquenessSanityChecks/src/borrowed/TestBadArgs.java:4 -- Unable to parse past @Borrowed this ___ , return  at  TestBadArgs.java" source="/TestUniquenessSanityChecks/src/borrowed/TestBadArgs.java.html" line="0" baseImage="warning.gif" flags="0" />
    <result msg="/Users/aarong/Work/Eclipse Workspaces/Eclipse 3.3/Fluid Runtime Workspace/TestUniquenessSanityChecks/src/unique/TestBadArgs.java:0 -- Unable to parse: @Unique   at  TestBadArgs.java" source="/TestUniquenessSanityChecks/src/unique/TestBadArgs.java.html" line="0" baseImage="warning.gif" flags="0" />
    <result msg="/Users/aarong/Work/Eclipse Workspaces/Eclipse 3.3/Fluid Runtime Workspace/TestUniquenessSanityChecks/src/unique/TestBadArgs.java:0 -- Unable to parse: @Unique   at  TestBadArgs.java" source="/TestUniquenessSanityChecks/src/unique/TestBadArgs.java.html" line="0" baseImage="warning.gif" flags="0" />
    <result msg="/Users/aarong/Work/Eclipse Workspaces/Eclipse 3.3/Fluid Runtime Workspace/TestUniquenessSanityChecks/src/unique/TestBadArgs.java:0 -- Unable to parse: @Unique   at  TestBadArgs.java" source="/TestUniquenessSanityChecks/src/unique/TestBadArgs.java.html" line="0" baseImage="warning.gif" flags="0" />
    <result msg="/Users/aarong/Work/Eclipse Workspaces/Eclipse 3.3/Fluid Runtime Workspace/TestUniquenessSanityChecks/src/unique/TestBadArgs.java:0 -- Unable to parse: @Unique   at  TestBadArgs.java" source="/TestUniquenessSanityChecks/src/unique/TestBadArgs.java.html" line="0" baseImage="warning.gif" flags="0" />
    <result msg="/Users/aarong/Work/Eclipse Workspaces/Eclipse 3.3/Fluid Runtime Workspace/TestUniquenessSanityChecks/src/unique/TestBadArgs.java:0 -- Unable to parse: @Unique   at  TestBadArgs.java" source="/TestUniquenessSanityChecks/src/unique/TestBadArgs.java.html" line="0" baseImage="warning.gif" flags="0" />
    <result msg="/Users/aarong/Work/Eclipse Workspaces/Eclipse 3.3/Fluid Runtime Workspace/TestUniquenessSanityChecks/src/unique/TestBadArgs.java:0 -- Unable to parse: @Unique   at  TestBadArgs.java" source="/TestUniquenessSanityChecks/src/unique/TestBadArgs.java.html" line="0" baseImage="warning.gif" flags="0" />
    <result msg="/Users/aarong/Work/Eclipse Workspaces/Eclipse 3.3/Fluid Runtime Workspace/TestUniquenessSanityChecks/src/unique/TestBadArgs.java:1 -- Unable to parse past @Unique   ___ a, b, c  at  TestBadArgs.java" source="/TestUniquenessSanityChecks/src/unique/TestBadArgs.java.html" line="0" baseImage="warning.gif" flags="0" />
    <result msg="/Users/aarong/Work/Eclipse Workspaces/Eclipse 3.3/Fluid Runtime Workspace/TestUniquenessSanityChecks/src/unique/TestBadArgs.java:1 -- Unable to parse past @Unique   ___ a, b, c  at  TestBadArgs.java" source="/TestUniquenessSanityChecks/src/unique/TestBadArgs.java.html" line="0" baseImage="warning.gif" flags="0" />
    <result msg="/Users/aarong/Work/Eclipse Workspaces/Eclipse 3.3/Fluid Runtime Workspace/TestUniquenessSanityChecks/src/unique/TestBadArgs.java:1 -- Unable to parse past @Unique   ___ a, b, c  at  TestBadArgs.java" source="/TestUniquenessSanityChecks/src/unique/TestBadArgs.java.html" line="0" baseImage="warning.gif" flags="0" />
    <result msg="/Users/aarong/Work/Eclipse Workspaces/Eclipse 3.3/Fluid Runtime Workspace/TestUniquenessSanityChecks/src/unique/TestBadArgs.java:1 -- Unable to parse past @Unique   ___ a, b, c  at  TestBadArgs.java" source="/TestUniquenessSanityChecks/src/unique/TestBadArgs.java.html" line="0" baseImage="warning.gif" flags="0" />
    <result msg="/Users/aarong/Work/Eclipse Workspaces/Eclipse 3.3/Fluid Runtime Workspace/TestUniquenessSanityChecks/src/unique/TestBadArgs.java:1 -- Unable to parse past @Unique   ___ a, b, c  at  TestBadArgs.java" source="/TestUniquenessSanityChecks/src/unique/TestBadArgs.java.html" line="0" baseImage="warning.gif" flags="0" />
    <result msg="/Users/aarong/Work/Eclipse Workspaces/Eclipse 3.3/Fluid Runtime Workspace/TestUniquenessSanityChecks/src/unique/TestBadArgs.java:1 -- Unable to parse past @Unique   ___ a, b, c  at  TestBadArgs.java" source="/TestUniquenessSanityChecks/src/unique/TestBadArgs.java.html" line="0" baseImage="warning.gif" flags="0" />
    <result msg="/Users/aarong/Work/Eclipse Workspaces/Eclipse 3.3/Fluid Runtime Workspace/TestUniquenessSanityChecks/src/unique/TestBadArgs.java:1 -- Unable to parse past @Unique   ___ return    at  TestBadArgs.java" source="/TestUniquenessSanityChecks/src/unique/TestBadArgs.java.html" line="0" baseImage="warning.gif" flags="0" />
    <result msg="/Users/aarong/Work/Eclipse Workspaces/Eclipse 3.3/Fluid Runtime Workspace/TestUniquenessSanityChecks/src/unique/TestBadArgs.java:1 -- Unable to parse past @Unique   ___ return    at  TestBadArgs.java" source="/TestUniquenessSanityChecks/src/unique/TestBadArgs.java.html" line="0" baseImage="warning.gif" flags="0" />
    <result msg="/Users/aarong/Work/Eclipse Workspaces/Eclipse 3.3/Fluid Runtime Workspace/TestUniquenessSanityChecks/src/unique/TestBadArgs.java:1 -- Unable to parse past @Unique   ___ return , this   at  TestBadArgs.java" source="/TestUniquenessSanityChecks/src/unique/TestBadArgs.java.html" line="0" baseImage="warning.gif" flags="0" />
    <result msg="/Users/aarong/Work/Eclipse Workspaces/Eclipse 3.3/Fluid Runtime Workspace/TestUniquenessSanityChecks/src/unique/TestBadArgs.java:1 -- Unable to parse past @Unique   ___ return , this   at  TestBadArgs.java" source="/TestUniquenessSanityChecks/src/unique/TestBadArgs.java.html" line="0" baseImage="warning.gif" flags="0" />
    <result msg="/Users/aarong/Work/Eclipse Workspaces/Eclipse 3.3/Fluid Runtime Workspace/TestUniquenessSanityChecks/src/unique/TestBadArgs.java:1 -- Unable to parse past @Unique   ___ this   at  TestBadArgs.java" source="/TestUniquenessSanityChecks/src/unique/TestBadArgs.java.html" line="0" baseImage="warning.gif" flags="0" />
    <result msg="/Users/aarong/Work/Eclipse Workspaces/Eclipse 3.3/Fluid Runtime Workspace/TestUniquenessSanityChecks/src/unique/TestBadArgs.java:1 -- Unable to parse past @Unique   ___ this   at  TestBadArgs.java" source="/TestUniquenessSanityChecks/src/unique/TestBadArgs.java.html" line="0" baseImage="warning.gif" flags="0" />
    <result msg="/Users/aarong/Work/Eclipse Workspaces/Eclipse 3.3/Fluid Runtime Workspace/TestUniquenessSanityChecks/src/unique/TestBadArgs.java:1 -- Unable to parse past @Unique   ___ this   at  TestBadArgs.java" source="/TestUniquenessSanityChecks/src/unique/TestBadArgs.java.html" line="0" baseImage="warning.gif" flags="0" />
    <result msg="/Users/aarong/Work/Eclipse Workspaces/Eclipse 3.3/Fluid Runtime Workspace/TestUniquenessSanityChecks/src/unique/TestBadArgs.java:1 -- Unable to parse past @Unique   ___ this   at  TestBadArgs.java" source="/TestUniquenessSanityChecks/src/unique/TestBadArgs.java.html" line="0" baseImage="warning.gif" flags="0" />
    <result msg="/Users/aarong/Work/Eclipse Workspaces/Eclipse 3.3/Fluid Runtime Workspace/TestUniquenessSanityChecks/src/unique/TestBadArgs.java:1 -- Unable to parse past @Unique   ___ this , return   at  TestBadArgs.java" source="/TestUniquenessSanityChecks/src/unique/TestBadArgs.java.html" line="0" baseImage="warning.gif" flags="0" />
    <result msg="/Users/aarong/Work/Eclipse Workspaces/Eclipse 3.3/Fluid Runtime Workspace/TestUniquenessSanityChecks/src/unique/TestBadArgs.java:1 -- Unable to parse past @Unique   ___ this , return   at  TestBadArgs.java" source="/TestUniquenessSanityChecks/src/unique/TestBadArgs.java.html" line="0" baseImage="warning.gif" flags="0" />
    <result msg="/Users/aarong/Work/Eclipse Workspaces/Eclipse 3.3/Fluid Runtime Workspace/TestUniquenessSanityChecks/src/unique/TestBadArgs.java:1 -- Unable to parse past @Unique   ___ this, return   at  TestBadArgs.java" source="/TestUniquenessSanityChecks/src/unique/TestBadArgs.java.html" line="0" baseImage="warning.gif" flags="0" />
    <result msg="/Users/aarong/Work/Eclipse Workspaces/Eclipse 3.3/Fluid Runtime Workspace/TestUniquenessSanityChecks/src/unique/TestBadArgs.java:1 -- Unable to parse past @Unique   ___ this, return   at  TestBadArgs.java" source="/TestUniquenessSanityChecks/src/unique/TestBadArgs.java.html" line="0" baseImage="warning.gif" flags="0" />
    <result msg="/Users/aarong/Work/Eclipse Workspaces/Eclipse 3.3/Fluid Runtime Workspace/TestUniquenessSanityChecks/src/unique/TestBadArgs.java:1 -- Unable to parse past @Unique   ___ this, return   at  TestBadArgs.java" source="/TestUniquenessSanityChecks/src/unique/TestBadArgs.java.html" line="0" baseImage="warning.gif" flags="0" />
    <result msg="/Users/aarong/Work/Eclipse Workspaces/Eclipse 3.3/Fluid Runtime Workspace/TestUniquenessSanityChecks/src/unique/TestBadArgs.java:1 -- Unable to parse past @Unique   ___ this, return   at  TestBadArgs.java" source="/TestUniquenessSanityChecks/src/unique/TestBadArgs.java.html" line="0" baseImage="warning.gif" flags="0" />
    <result msg="/Users/aarong/Work/Eclipse Workspaces/Eclipse 3.3/Fluid Runtime Workspace/TestUniquenessSanityChecks/src/unique/TestBadArgs.java:2 -- Unable to parse past @Unique    ___ a    at  TestBadArgs.java" source="/TestUniquenessSanityChecks/src/unique/TestBadArgs.java.html" line="0" baseImage="warning.gif" flags="0" />
    <result msg="/Users/aarong/Work/Eclipse Workspaces/Eclipse 3.3/Fluid Runtime Workspace/TestUniquenessSanityChecks/src/unique/TestBadArgs.java:2 -- Unable to parse past @Unique    ___ a    at  TestBadArgs.java" source="/TestUniquenessSanityChecks/src/unique/TestBadArgs.java.html" line="0" baseImage="warning.gif" flags="0" />
    <result msg="/Users/aarong/Work/Eclipse Workspaces/Eclipse 3.3/Fluid Runtime Workspace/TestUniquenessSanityChecks/src/unique/TestBadArgs.java:2 -- Unable to parse past @Unique    ___ return    at  TestBadArgs.java" source="/TestUniquenessSanityChecks/src/unique/TestBadArgs.java.html" line="0" baseImage="warning.gif" flags="0" />
    <result msg="/Users/aarong/Work/Eclipse Workspaces/Eclipse 3.3/Fluid Runtime Workspace/TestUniquenessSanityChecks/src/unique/TestBadArgs.java:2 -- Unable to parse past @Unique    ___ return    at  TestBadArgs.java" source="/TestUniquenessSanityChecks/src/unique/TestBadArgs.java.html" line="0" baseImage="warning.gif" flags="0" />
    <result msg="/Users/aarong/Work/Eclipse Workspaces/Eclipse 3.3/Fluid Runtime Workspace/TestUniquenessSanityChecks/src/unique/TestBadArgs.java:2 -- Unable to parse past @Unique    ___ return  , this    at  TestBadArgs.java" source="/TestUniquenessSanityChecks/src/unique/TestBadArgs.java.html" line="0" baseImage="warning.gif" flags="0" />
    <result msg="/Users/aarong/Work/Eclipse Workspaces/Eclipse 3.3/Fluid Runtime Workspace/TestUniquenessSanityChecks/src/unique/TestBadArgs.java:2 -- Unable to parse past @Unique    ___ return  , this    at  TestBadArgs.java" source="/TestUniquenessSanityChecks/src/unique/TestBadArgs.java.html" line="0" baseImage="warning.gif" flags="0" />
    <result msg="/Users/aarong/Work/Eclipse Workspaces/Eclipse 3.3/Fluid Runtime Workspace/TestUniquenessSanityChecks/src/unique/TestBadArgs.java:2 -- Unable to parse past @Unique    ___ this    at  TestBadArgs.java" source="/TestUniquenessSanityChecks/src/unique/TestBadArgs.java.html" line="0" baseImage="warning.gif" flags="0" />
    <result msg="/Users/aarong/Work/Eclipse Workspaces/Eclipse 3.3/Fluid Runtime Workspace/TestUniquenessSanityChecks/src/unique/TestBadArgs.java:2 -- Unable to parse past @Unique    ___ this    at  TestBadArgs.java" source="/TestUniquenessSanityChecks/src/unique/TestBadArgs.java.html" line="0" baseImage="warning.gif" flags="0" />
    <result msg="/Users/aarong/Work/Eclipse Workspaces/Eclipse 3.3/Fluid Runtime Workspace/TestUniquenessSanityChecks/src/unique/TestBadArgs.java:7 -- Unable to parse past @Unique  this,  ___ a, b, c  at  TestBadArgs.java" source="/TestUniquenessSanityChecks/src/unique/TestBadArgs.java.html" line="0" baseImage="warning.gif" flags="0" />
    <result msg="/Users/aarong/Work/Eclipse Workspaces/Eclipse 3.3/Fluid Runtime Workspace/TestUniquenessSanityChecks/src/unique/TestBadArgs.java:8 -- Unable to parse past @Unique  return  ___ , this   at  TestBadArgs.java" source="/TestUniquenessSanityChecks/src/unique/TestBadArgs.java.html" line="0" baseImage="warning.gif" flags="0" />
    <result msg="/Users/aarong/Work/Eclipse Workspaces/Eclipse 3.3/Fluid Runtime Workspace/TestUniquenessSanityChecks/src/unique/TestBadArgs.java:8 -- Unable to parse past @Unique  return  ___ , this   at  TestBadArgs.java" source="/TestUniquenessSanityChecks/src/unique/TestBadArgs.java.html" line="0" baseImage="warning.gif" flags="0" />
    <result msg="Borrowed may not be used on primitive types on Borrowed  at  Test.java" source="/TestUniquenessSanityChecks/src/nonReference/Test.java.html" line="0" baseImage="warning.gif" flags="0" />
    <result msg="Cannot be both unique and borrowed on Unique" baseImage="warning.gif" flags="0" />
    <result msg="Cannot be both unique and borrowed on Unique" baseImage="warning.gif" flags="0" />
    <result msg="Cannot be both unique and borrowed on Unique  at  Test.java" source="/TestUniquenessSanityChecks/src/conflicts/Test.java.html" line="0" baseImage="warning.gif" flags="0" />
    <result msg="Cannot be both unique and borrowed on Unique  at  Test.java" source="/TestUniquenessSanityChecks/src/conflicts/Test.java.html" line="0" baseImage="warning.gif" flags="0" />
    <result msg="Cannot be both unique and not unique on Unique" baseImage="warning.gif" flags="0" />
    <result msg="Cannot be both unique and not unique on Unique" baseImage="warning.gif" flags="0" />
    <result msg="Cannot be both unique and not unique on Unique  at  Test.java" source="/TestUniquenessSanityChecks/src/conflicts/Test.java.html" line="0" baseImage="warning.gif" flags="0" />
    <result msg="Cannot be both unique and not unique on Unique  at  Test.java" source="/TestUniquenessSanityChecks/src/conflicts/Test.java.html" line="0" baseImage="warning.gif" flags="0" />
    <result msg="NotUnique may not be used on primitive types on NotUnique  at  Test.java" source="/TestUniquenessSanityChecks/src/nonReference/Test.java.html" line="0" baseImage="warning.gif" flags="0" />
    <result msg="PromiseWarningDrop (EMPTY)  at  Test.java line 12" source="/TestUniquenessSanityChecks/src/conflicts/Test.java.html" line="12" baseImage="warning.gif" flags="0" />
    <result msg="PromiseWarningDrop (EMPTY)  at  Test.java line 12" source="/TestUniquenessSanityChecks/src/conflicts/Test.java.html" line="12" baseImage="warning.gif" flags="0" />
    <result msg="PromiseWarningDrop (EMPTY)  at  Test.java line 13" source="/TestUniquenessSanityChecks/src/conflicts/Test.java.html" line="13" baseImage="warning.gif" flags="0" />
    <result msg="PromiseWarningDrop (EMPTY)  at  Test.java line 13" source="/TestUniquenessSanityChecks/src/conflicts/Test.java.html" line="13" baseImage="warning.gif" flags="0" />
    <result msg="PromiseWarningDrop (EMPTY)  at  Test.java line 15" source="/TestUniquenessSanityChecks/src/conflicts/Test.java.html" line="15" baseImage="warning.gif" flags="0" />
    <result msg="PromiseWarningDrop (EMPTY)  at  Test.java line 15" source="/TestUniquenessSanityChecks/src/conflicts/Test.java.html" line="15" baseImage="warning.gif" flags="0" />
    <result msg="PromiseWarningDrop (EMPTY)  at  Test.java line 15" source="/TestUniquenessSanityChecks/src/conflicts/Test.java.html" line="15" baseImage="warning.gif" flags="0" />
    <result msg="PromiseWarningDrop (EMPTY)  at  Test.java line 30" source="/TestUniquenessSanityChecks/src/conflicts/Test.java.html" line="30" baseImage="warning.gif" flags="0" />
    <result msg="PromiseWarningDrop (EMPTY)  at  Test.java line 31" source="/TestUniquenessSanityChecks/src/conflicts/Test.java.html" line="31" baseImage="warning.gif" flags="0" />
    <result msg="PromiseWarningDrop (EMPTY)  at  Test.java line 34" source="/TestUniquenessSanityChecks/src/conflicts/Test.java.html" line="34" baseImage="warning.gif" flags="0" />
    <result msg="PromiseWarningDrop (EMPTY)  at  Test.java line 35" source="/TestUniquenessSanityChecks/src/conflicts/Test.java.html" line="35" baseImage="warning.gif" flags="0" />
    <result msg="PromiseWarningDrop (EMPTY)  at  Test.java line 42" source="/TestUniquenessSanityChecks/src/conflicts/Test.java.html" line="42" baseImage="warning.gif" flags="0" />
    <result msg="PromiseWarningDrop (EMPTY)  at  Test.java line 43" source="/TestUniquenessSanityChecks/src/conflicts/Test.java.html" line="43" baseImage="warning.gif" flags="0" />
    <result msg="PromiseWarningDrop (EMPTY)  at  Test.java line 44" source="/TestUniquenessSanityChecks/src/conflicts/Test.java.html" line="44" baseImage="warning.gif" flags="0" />
    <result msg="Unique may not be used on primitive types on Unique" baseImage="warning.gif" flags="0" />
    <result msg="Unique may not be used on primitive types on Unique  at  Test.java" source="/TestUniquenessSanityChecks/src/nonReference/Test.java.html" line="0" baseImage="warning.gif" flags="0" />
    <result msg="Unique may not be used on primitive types on Unique  at  Test.java" source="/TestUniquenessSanityChecks/src/nonReference/Test.java.html" line="0" baseImage="warning.gif" flags="0" />
  </result>
  <result msg="Suggestions and warnings (115 issues)" baseImage="info.gif" flags="0">
    <result msg="borrowed (39 issues)" baseImage="package.gif" flags="64">
      <result msg="borrowed.TestBadArgs (26 issues)" baseImage="class.gif" flags="64">
        <result msg="@Borrowed  f, a, b matched UNPARSEABLE  at  TestBadArgs.java line 13" source="/TestUniquenessSanityChecks/src/borrowed/TestBadArgs.java.html" line="13" baseImage="info.gif" flags="0" />
        <result msg="@Borrowed  f, a, b matched UNPARSEABLE  at  TestBadArgs.java line 19" source="/TestUniquenessSanityChecks/src/borrowed/TestBadArgs.java.html" line="19" baseImage="info.gif" flags="0" />
        <result msg="@Borrowed  f, a, b matched UNPARSEABLE  at  TestBadArgs.java line 43" source="/TestUniquenessSanityChecks/src/borrowed/TestBadArgs.java.html" line="43" baseImage="info.gif" flags="0" />
        <result msg="@Borrowed  f, a, b matched UNPARSEABLE  at  TestBadArgs.java line 61" source="/TestUniquenessSanityChecks/src/borrowed/TestBadArgs.java.html" line="61" baseImage="info.gif" flags="0" />
        <result msg="@Borrowed  matched CONSISTENT  at  TestBadArgs.java line 14" source="/TestUniquenessSanityChecks/src/borrowed/TestBadArgs.java.html" line="14" baseImage="info.gif" flags="0" />
        <result msg="@Borrowed  matched CONSISTENT  at  TestBadArgs.java line 7" source="/TestUniquenessSanityChecks/src/borrowed/TestBadArgs.java.html" line="7" baseImage="info.gif" flags="0" />
        <result msg="@Borrowed  matched CONSISTENT  at  TestBadArgs.java line 8" source="/TestUniquenessSanityChecks/src/borrowed/TestBadArgs.java.html" line="8" baseImage="info.gif" flags="0" />
        <result msg="@Borrowed  matched UNPARSEABLE  at  TestBadArgs.java line 25" source="/TestUniquenessSanityChecks/src/borrowed/TestBadArgs.java.html" line="25" baseImage="info.gif" flags="0" />
        <result msg="@Borrowed  matched UNPARSEABLE  at  TestBadArgs.java line 28" source="/TestUniquenessSanityChecks/src/borrowed/TestBadArgs.java.html" line="28" baseImage="info.gif" flags="0" />
        <result msg="@Borrowed  matched UNPARSEABLE  at  TestBadArgs.java line 46" source="/TestUniquenessSanityChecks/src/borrowed/TestBadArgs.java.html" line="46" baseImage="info.gif" flags="0" />
        <result msg="@Borrowed return matched UNPARSEABLE  at  TestBadArgs.java line 10" source="/TestUniquenessSanityChecks/src/borrowed/TestBadArgs.java.html" line="10" baseImage="info.gif" flags="0" />
        <result msg="@Borrowed return matched UNPARSEABLE  at  TestBadArgs.java line 16" source="/TestUniquenessSanityChecks/src/borrowed/TestBadArgs.java.html" line="16" baseImage="info.gif" flags="0" />
        <result msg="@Borrowed return matched UNPARSEABLE  at  TestBadArgs.java line 34" source="/TestUniquenessSanityChecks/src/borrowed/TestBadArgs.java.html" line="34" baseImage="info.gif" flags="0" />
        <result msg="@Borrowed return matched UNPARSEABLE  at  TestBadArgs.java line 52" source="/TestUniquenessSanityChecks/src/borrowed/TestBadArgs.java.html" line="52" baseImage="info.gif" flags="0" />
        <result msg="@Borrowed return, this matched UNPARSEABLE  at  TestBadArgs.java line 11" source="/TestUniquenessSanityChecks/src/borrowed/TestBadArgs.java.html" line="11" baseImage="info.gif" flags="0" />
        <result msg="@Borrowed return, this matched UNPARSEABLE  at  TestBadArgs.java line 17" source="/TestUniquenessSanityChecks/src/borrowed/TestBadArgs.java.html" line="17" baseImage="info.gif" flags="0" />
        <result msg="@Borrowed return, this matched UNPARSEABLE  at  TestBadArgs.java line 37" source="/TestUniquenessSanityChecks/src/borrowed/TestBadArgs.java.html" line="37" baseImage="info.gif" flags="0" />
        <result msg="@Borrowed return, this matched UNPARSEABLE  at  TestBadArgs.java line 55" source="/TestUniquenessSanityChecks/src/borrowed/TestBadArgs.java.html" line="55" baseImage="info.gif" flags="0" />
        <result msg="@Borrowed this matched CONSISTENT  at  TestBadArgs.java line 31" source="/TestUniquenessSanityChecks/src/borrowed/TestBadArgs.java.html" line="31" baseImage="info.gif" flags="0" />
        <result msg="@Borrowed this matched CONSISTENT  at  TestBadArgs.java line 49" source="/TestUniquenessSanityChecks/src/borrowed/TestBadArgs.java.html" line="49" baseImage="info.gif" flags="0" />
        <result msg="@Borrowed this matched UNPARSEABLE  at  TestBadArgs.java line 15" source="/TestUniquenessSanityChecks/src/borrowed/TestBadArgs.java.html" line="15" baseImage="info.gif" flags="0" />
        <result msg="@Borrowed this matched UNPARSEABLE  at  TestBadArgs.java line 9" source="/TestUniquenessSanityChecks/src/borrowed/TestBadArgs.java.html" line="9" baseImage="info.gif" flags="0" />
        <result msg="@Borrowed this, return matched UNPARSEABLE  at  TestBadArgs.java line 12" source="/TestUniquenessSanityChecks/src/borrowed/TestBadArgs.java.html" line="12" baseImage="info.gif" flags="0" />
        <result msg="@Borrowed this, return matched UNPARSEABLE  at  TestBadArgs.java line 18" source="/TestUniquenessSanityChecks/src/borrowed/TestBadArgs.java.html" line="18" baseImage="info.gif" flags="0" />
        <result msg="@Borrowed this, return matched UNPARSEABLE  at  TestBadArgs.java line 40" source="/TestUniquenessSanityChecks/src/borrowed/TestBadArgs.java.html" line="40" baseImage="info.gif" flags="0" />
        <result msg="@Borrowed this, return matched UNPARSEABLE  at  TestBadArgs.java line 58" source="/TestUniquenessSanityChecks/src/borrowed/TestBadArgs.java.html" line="58" baseImage="info.gif" flags="0" />
      </result>
      <result msg="borrowed.TestBadArgs.Constructor2 (1 issue)" baseImage="class.gif" flags="64">
        <result msg="@Borrowed  matched UNPARSEABLE  at  TestBadArgs.java line 72" source="/TestUniquenessSanityChecks/src/borrowed/TestBadArgs.java.html" line="72" baseImage="info.gif" flags="0" />
      </result>
      <result msg="borrowed.TestBadArgs.Constructor3 (1 issue)" baseImage="class.gif" flags="64">
        <result msg="@Borrowed  matched UNPARSEABLE  at  TestBadArgs.java line 77" source="/TestUniquenessSanityChecks/src/borrowed/TestBadArgs.java.html" line="77" baseImage="info.gif" flags="0" />
      </result>
      <result msg="borrowed.TestBadArgs.Constructor3a (1 issue)" baseImage="class.gif" flags="64">
        <result msg="@Borrowed  matched UNPARSEABLE  at  TestBadArgs.java line 107" source="/TestUniquenessSanityChecks/src/borrowed/TestBadArgs.java.html" line="107" baseImage="info.gif" flags="0" />
      </result>
      <result msg="borrowed.TestBadArgs.Constructor4 (1 issue)" baseImage="class.gif" flags="64">
        <result msg="@Borrowed this matched CONSISTENT  at  TestBadArgs.java line 82" source="/TestUniquenessSanityChecks/src/borrowed/TestBadArgs.java.html" line="82" baseImage="info.gif" flags="0" />
      </result>
      <result msg="borrowed.TestBadArgs.Constructor4a (1 issue)" baseImage="class.gif" flags="64">
        <result msg="@Borrowed this matched CONSISTENT  at  TestBadArgs.java line 112" source="/TestUniquenessSanityChecks/src/borrowed/TestBadArgs.java.html" line="112" baseImage="info.gif" flags="0" />
      </result>
      <result msg="borrowed.TestBadArgs.Constructor5 (1 issue)" baseImage="class.gif" flags="64">
        <result msg="@Borrowed return matched UNPARSEABLE  at  TestBadArgs.java line 87" source="/TestUniquenessSanityChecks/src/borrowed/TestBadArgs.java.html" line="87" baseImage="info.gif" flags="0" />
      </result>
      <result msg="borrowed.TestBadArgs.Constructor5a (1 issue)" baseImage="class.gif" flags="64">
        <result msg="@Borrowed return matched UNPARSEABLE  at  TestBadArgs.java line 117" source="/TestUniquenessSanityChecks/src/borrowed/TestBadArgs.java.html" line="117" baseImage="info.gif" flags="0" />
      </result>
      <result msg="borrowed.TestBadArgs.Constructor6 (1 issue)" baseImage="class.gif" flags="64">
        <result msg="@Borrowed return, this matched UNPARSEABLE  at  TestBadArgs.java line 92" source="/TestUniquenessSanityChecks/src/borrowed/TestBadArgs.java.html" line="92" baseImage="info.gif" flags="0" />
      </result>
      <result msg="borrowed.TestBadArgs.Constructor6a (1 issue)" baseImage="class.gif" flags="64">
        <result msg="@Borrowed return, this matched UNPARSEABLE  at  TestBadArgs.java line 122" source="/TestUniquenessSanityChecks/src/borrowed/TestBadArgs.java.html" line="122" baseImage="info.gif" flags="0" />
      </result>
      <result msg="borrowed.TestBadArgs.Constructor7 (1 issue)" baseImage="class.gif" flags="64">
        <result msg="@Borrowed this, return matched UNPARSEABLE  at  TestBadArgs.java line 97" source="/TestUniquenessSanityChecks/src/borrowed/TestBadArgs.java.html" line="97" baseImage="info.gif" flags="0" />
      </result>
      <result msg="borrowed.TestBadArgs.Constructor7a (1 issue)" baseImage="class.gif" flags="64">
        <result msg="@Borrowed this, return matched UNPARSEABLE  at  TestBadArgs.java line 127" source="/TestUniquenessSanityChecks/src/borrowed/TestBadArgs.java.html" line="127" baseImage="info.gif" flags="0" />
      </result>
      <result msg="borrowed.TestBadArgs.Constructor8 (1 issue)" baseImage="class.gif" flags="64">
        <result msg="@Borrowed  f, a, b matched UNPARSEABLE  at  TestBadArgs.java line 102" source="/TestUniquenessSanityChecks/src/borrowed/TestBadArgs.java.html" line="102" baseImage="info.gif" flags="0" />
      </result>
      <result msg="borrowed.TestBadArgs.Constructor8a (1 issue)" baseImage="class.gif" flags="64">
        <result msg="@Borrowed  f, a, b matched UNPARSEABLE  at  TestBadArgs.java line 132" source="/TestUniquenessSanityChecks/src/borrowed/TestBadArgs.java.html" line="132" baseImage="info.gif" flags="0" />
      </result>
    </result>
    <result msg="conflicts (10 issues)" baseImage="package.gif" flags="64">
      <result msg="conflicts.Test (10 issues)" baseImage="class.gif" flags="64">
        <result msg="@Borrowed  matched CONSISTENT  at  Test.java line 10" source="/TestUniquenessSanityChecks/src/conflicts/Test.java.html" line="10" baseImage="info.gif" flags="0" />
        <result msg="@Borrowed  matched CONSISTENT  at  Test.java line 14" source="/TestUniquenessSanityChecks/src/conflicts/Test.java.html" line="14" baseImage="info.gif" flags="0" />
        <result msg="@Borrowed this matched CONSISTENT  at  Test.java line 24" source="/TestUniquenessSanityChecks/src/conflicts/Test.java.html" line="24" baseImage="info.gif" flags="0" />
        <result msg="@Borrowed this matched CONSISTENT  at  Test.java line 38" source="/TestUniquenessSanityChecks/src/conflicts/Test.java.html" line="38" baseImage="info.gif" flags="0" />
        <result msg="@NotUnique  matched CONSISTENT  at  Test.java line 11" source="/TestUniquenessSanityChecks/src/conflicts/Test.java.html" line="11" baseImage="info.gif" flags="0" />
        <result msg="@NotUnique  matched CONSISTENT  at  Test.java line 14" source="/TestUniquenessSanityChecks/src/conflicts/Test.java.html" line="14" baseImage="info.gif" flags="0" />
        <result msg="@NotUnique this matched CONSISTENT  at  Test.java line 27" source="/TestUniquenessSanityChecks/src/conflicts/Test.java.html" line="27" baseImage="info.gif" flags="0" />
        <result msg="@NotUnique this matched CONSISTENT  at  Test.java line 39" source="/TestUniquenessSanityChecks/src/conflicts/Test.java.html" line="39" baseImage="info.gif" flags="0" />
        <result msg="@Unique  matched CONSISTENT  at  Test.java line 9" source="/TestUniquenessSanityChecks/src/conflicts/Test.java.html" line="9" baseImage="info.gif" flags="0" />
        <result msg="@Unique this matched CONSISTENT  at  Test.java line 21" source="/TestUniquenessSanityChecks/src/conflicts/Test.java.html" line="21" baseImage="info.gif" flags="0" />
      </result>
    </result>
    <result msg="nonReference (13 issues)" baseImage="package.gif" flags="64">
      <result msg="nonReference.Test (13 issues)" baseImage="class.gif" flags="64">
        <result msg="@Borrowed  matched CONSISTENT  at  Test.java line 52" source="/TestUniquenessSanityChecks/src/nonReference/Test.java.html" line="52" baseImage="info.gif" flags="0" />
        <result msg="@Borrowed  matched UNASSOCIATED  at  Test.java line 56" source="/TestUniquenessSanityChecks/src/nonReference/Test.java.html" line="56" baseImage="info.gif" flags="0" />
        <result msg="@Borrowed this matched CONSISTENT  at  Test.java line 45" source="/TestUniquenessSanityChecks/src/nonReference/Test.java.html" line="45" baseImage="info.gif" flags="0" />
        <result msg="@NotUnique  matched CONSISTENT  at  Test.java line 69" source="/TestUniquenessSanityChecks/src/nonReference/Test.java.html" line="69" baseImage="info.gif" flags="0" />
        <result msg="@NotUnique  matched UNASSOCIATED  at  Test.java line 73" source="/TestUniquenessSanityChecks/src/nonReference/Test.java.html" line="73" baseImage="info.gif" flags="0" />
        <result msg="@NotUnique this matched CONSISTENT  at  Test.java line 62" source="/TestUniquenessSanityChecks/src/nonReference/Test.java.html" line="62" baseImage="info.gif" flags="0" />
        <result msg="@Unique  matched CONSISTENT  at  Test.java line 11" source="/TestUniquenessSanityChecks/src/nonReference/Test.java.html" line="11" baseImage="info.gif" flags="0" />
        <result msg="@Unique  matched CONSISTENT  at  Test.java line 35" source="/TestUniquenessSanityChecks/src/nonReference/Test.java.html" line="35" baseImage="info.gif" flags="0" />
        <result msg="@Unique  matched UNASSOCIATED  at  Test.java line 39" source="/TestUniquenessSanityChecks/src/nonReference/Test.java.html" line="39" baseImage="info.gif" flags="0" />
        <result msg="@Unique  matched UNASSOCIATED  at  Test.java line 8" source="/TestUniquenessSanityChecks/src/nonReference/Test.java.html" line="8" baseImage="info.gif" flags="0" />
        <result msg="@Unique return matched CONSISTENT  at  Test.java line 21" source="/TestUniquenessSanityChecks/src/nonReference/Test.java.html" line="21" baseImage="info.gif" flags="0" />
        <result msg="@Unique return matched UNASSOCIATED  at  Test.java line 16" source="/TestUniquenessSanityChecks/src/nonReference/Test.java.html" line="16" baseImage="info.gif" flags="0" />
        <result msg="@Unique this matched CONSISTENT  at  Test.java line 28" source="/TestUniquenessSanityChecks/src/nonReference/Test.java.html" line="28" baseImage="info.gif" flags="0" />
      </result>
    </result>
    <result msg="unique (53 issues)" baseImage="package.gif" flags="64">
      <result msg="unique.TestBadArgs (40 issues)" baseImage="class.gif" flags="64">
        <result msg="@Unique   a   matched UNPARSEABLE  at  TestBadArgs.java line 30" source="/TestUniquenessSanityChecks/src/unique/TestBadArgs.java.html" line="30" baseImage="info.gif" flags="0" />
        <result msg="@Unique   a   matched UNPARSEABLE  at  TestBadArgs.java line 48" source="/TestUniquenessSanityChecks/src/unique/TestBadArgs.java.html" line="48" baseImage="info.gif" flags="0" />
        <result msg="@Unique   return   matched UNPARSEABLE  at  TestBadArgs.java line 21" source="/TestUniquenessSanityChecks/src/unique/TestBadArgs.java.html" line="21" baseImage="info.gif" flags="0" />
        <result msg="@Unique   return   matched UNPARSEABLE  at  TestBadArgs.java line 39" source="/TestUniquenessSanityChecks/src/unique/TestBadArgs.java.html" line="39" baseImage="info.gif" flags="0" />
        <result msg="@Unique   return  , this   matched UNPARSEABLE  at  TestBadArgs.java line 27" source="/TestUniquenessSanityChecks/src/unique/TestBadArgs.java.html" line="27" baseImage="info.gif" flags="0" />
        <result msg="@Unique   return  , this   matched UNPARSEABLE  at  TestBadArgs.java line 45" source="/TestUniquenessSanityChecks/src/unique/TestBadArgs.java.html" line="45" baseImage="info.gif" flags="0" />
        <result msg="@Unique   this   matched UNPARSEABLE  at  TestBadArgs.java line 18" source="/TestUniquenessSanityChecks/src/unique/TestBadArgs.java.html" line="18" baseImage="info.gif" flags="0" />
        <result msg="@Unique   this   matched UNPARSEABLE  at  TestBadArgs.java line 36" source="/TestUniquenessSanityChecks/src/unique/TestBadArgs.java.html" line="36" baseImage="info.gif" flags="0" />
        <result msg="@Unique  a, b, c matched UNPARSEABLE  at  TestBadArgs.java line 193" source="/TestUniquenessSanityChecks/src/unique/TestBadArgs.java.html" line="193" baseImage="info.gif" flags="0" />
        <result msg="@Unique  a, b, c matched UNPARSEABLE  at  TestBadArgs.java line 211" source="/TestUniquenessSanityChecks/src/unique/TestBadArgs.java.html" line="211" baseImage="info.gif" flags="0" />
        <result msg="@Unique  a, b, c matched UNPARSEABLE  at  TestBadArgs.java line 68" source="/TestUniquenessSanityChecks/src/unique/TestBadArgs.java.html" line="68" baseImage="info.gif" flags="0" />
        <result msg="@Unique  a, b, c matched UNPARSEABLE  at  TestBadArgs.java line 80" source="/TestUniquenessSanityChecks/src/unique/TestBadArgs.java.html" line="80" baseImage="info.gif" flags="0" />
        <result msg="@Unique  matched CONSISTENT  at  TestBadArgs.java line 12" source="/TestUniquenessSanityChecks/src/unique/TestBadArgs.java.html" line="12" baseImage="info.gif" flags="0" />
        <result msg="@Unique  matched CONSISTENT  at  TestBadArgs.java line 15" source="/TestUniquenessSanityChecks/src/unique/TestBadArgs.java.html" line="15" baseImage="info.gif" flags="0" />
        <result msg="@Unique  matched CONSISTENT  at  TestBadArgs.java line 33" source="/TestUniquenessSanityChecks/src/unique/TestBadArgs.java.html" line="33" baseImage="info.gif" flags="0" />
        <result msg="@Unique  matched CONSISTENT  at  TestBadArgs.java line 56" source="/TestUniquenessSanityChecks/src/unique/TestBadArgs.java.html" line="56" baseImage="info.gif" flags="0" />
        <result msg="@Unique  matched CONSISTENT  at  TestBadArgs.java line 58" source="/TestUniquenessSanityChecks/src/unique/TestBadArgs.java.html" line="58" baseImage="info.gif" flags="0" />
        <result msg="@Unique  matched CONSISTENT  at  TestBadArgs.java line 70" source="/TestUniquenessSanityChecks/src/unique/TestBadArgs.java.html" line="70" baseImage="info.gif" flags="0" />
        <result msg="@Unique  matched UNPARSEABLE  at  TestBadArgs.java line 175" source="/TestUniquenessSanityChecks/src/unique/TestBadArgs.java.html" line="175" baseImage="info.gif" flags="0" />
        <result msg="@Unique  matched UNPARSEABLE  at  TestBadArgs.java line 178" source="/TestUniquenessSanityChecks/src/unique/TestBadArgs.java.html" line="178" baseImage="info.gif" flags="0" />
        <result msg="@Unique  matched UNPARSEABLE  at  TestBadArgs.java line 196" source="/TestUniquenessSanityChecks/src/unique/TestBadArgs.java.html" line="196" baseImage="info.gif" flags="0" />
        <result msg="@Unique  return   matched CONSISTENT  at  TestBadArgs.java line 184" source="/TestUniquenessSanityChecks/src/unique/TestBadArgs.java.html" line="184" baseImage="info.gif" flags="0" />
        <result msg="@Unique  return   matched CONSISTENT  at  TestBadArgs.java line 202" source="/TestUniquenessSanityChecks/src/unique/TestBadArgs.java.html" line="202" baseImage="info.gif" flags="0" />
        <result msg="@Unique  return   matched UNPARSEABLE  at  TestBadArgs.java line 62" source="/TestUniquenessSanityChecks/src/unique/TestBadArgs.java.html" line="62" baseImage="info.gif" flags="0" />
        <result msg="@Unique  return   matched UNPARSEABLE  at  TestBadArgs.java line 74" source="/TestUniquenessSanityChecks/src/unique/TestBadArgs.java.html" line="74" baseImage="info.gif" flags="0" />
        <result msg="@Unique  return , this  matched CONSISTENT  at  TestBadArgs.java line 190" source="/TestUniquenessSanityChecks/src/unique/TestBadArgs.java.html" line="190" baseImage="info.gif" flags="0" />
        <result msg="@Unique  return , this  matched CONSISTENT  at  TestBadArgs.java line 208" source="/TestUniquenessSanityChecks/src/unique/TestBadArgs.java.html" line="208" baseImage="info.gif" flags="0" />
        <result msg="@Unique  return , this  matched UNPARSEABLE  at  TestBadArgs.java line 66" source="/TestUniquenessSanityChecks/src/unique/TestBadArgs.java.html" line="66" baseImage="info.gif" flags="0" />
        <result msg="@Unique  return , this  matched UNPARSEABLE  at  TestBadArgs.java line 78" source="/TestUniquenessSanityChecks/src/unique/TestBadArgs.java.html" line="78" baseImage="info.gif" flags="0" />
        <result msg="@Unique  this  matched CONSISTENT  at  TestBadArgs.java line 181" source="/TestUniquenessSanityChecks/src/unique/TestBadArgs.java.html" line="181" baseImage="info.gif" flags="0" />
        <result msg="@Unique  this  matched CONSISTENT  at  TestBadArgs.java line 199" source="/TestUniquenessSanityChecks/src/unique/TestBadArgs.java.html" line="199" baseImage="info.gif" flags="0" />
        <result msg="@Unique  this  matched UNPARSEABLE  at  TestBadArgs.java line 60" source="/TestUniquenessSanityChecks/src/unique/TestBadArgs.java.html" line="60" baseImage="info.gif" flags="0" />
        <result msg="@Unique  this  matched UNPARSEABLE  at  TestBadArgs.java line 72" source="/TestUniquenessSanityChecks/src/unique/TestBadArgs.java.html" line="72" baseImage="info.gif" flags="0" />
        <result msg="@Unique  this , return  matched UNPARSEABLE  at  TestBadArgs.java line 24" source="/TestUniquenessSanityChecks/src/unique/TestBadArgs.java.html" line="24" baseImage="info.gif" flags="0" />
        <result msg="@Unique  this , return  matched UNPARSEABLE  at  TestBadArgs.java line 42" source="/TestUniquenessSanityChecks/src/unique/TestBadArgs.java.html" line="42" baseImage="info.gif" flags="0" />
        <result msg="@Unique  this, a, b, c matched UNPARSEABLE  at  TestBadArgs.java line 214" source="/TestUniquenessSanityChecks/src/unique/TestBadArgs.java.html" line="214" baseImage="info.gif" flags="0" />
        <result msg="@Unique  this, return  matched CONSISTENT  at  TestBadArgs.java line 187" source="/TestUniquenessSanityChecks/src/unique/TestBadArgs.java.html" line="187" baseImage="info.gif" flags="0" />
        <result msg="@Unique  this, return  matched CONSISTENT  at  TestBadArgs.java line 205" source="/TestUniquenessSanityChecks/src/unique/TestBadArgs.java.html" line="205" baseImage="info.gif" flags="0" />
        <result msg="@Unique  this, return  matched UNPARSEABLE  at  TestBadArgs.java line 64" source="/TestUniquenessSanityChecks/src/unique/TestBadArgs.java.html" line="64" baseImage="info.gif" flags="0" />
        <result msg="@Unique  this, return  matched UNPARSEABLE  at  TestBadArgs.java line 76" source="/TestUniquenessSanityChecks/src/unique/TestBadArgs.java.html" line="76" baseImage="info.gif" flags="0" />
      </result>
      <result msg="unique.TestBadArgs.Constructor2 (1 issue)" baseImage="class.gif" flags="64">
        <result msg="@Unique  matched UNPARSEABLE  at  TestBadArgs.java line 93" source="/TestUniquenessSanityChecks/src/unique/TestBadArgs.java.html" line="93" baseImage="info.gif" flags="0" />
      </result>
      <result msg="unique.TestBadArgs.Constructor3 (1 issue)" baseImage="class.gif" flags="64">
        <result msg="@Unique  matched UNPARSEABLE  at  TestBadArgs.java line 99" source="/TestUniquenessSanityChecks/src/unique/TestBadArgs.java.html" line="99" baseImage="info.gif" flags="0" />
      </result>
      <result msg="unique.TestBadArgs.Constructor3a (1 issue)" baseImage="class.gif" flags="64">
        <result msg="@Unique  matched UNPARSEABLE  at  TestBadArgs.java line 135" source="/TestUniquenessSanityChecks/src/unique/TestBadArgs.java.html" line="135" baseImage="info.gif" flags="0" />
      </result>
      <result msg="unique.TestBadArgs.Constructor4 (1 issue)" baseImage="class.gif" flags="64">
        <result msg="@Unique  this  matched UNPARSEABLE  at  TestBadArgs.java line 105" source="/TestUniquenessSanityChecks/src/unique/TestBadArgs.java.html" line="105" baseImage="info.gif" flags="0" />
      </result>
      <result msg="unique.TestBadArgs.Constructor4a (1 issue)" baseImage="class.gif" flags="64">
        <result msg="@Unique  this  matched UNPARSEABLE  at  TestBadArgs.java line 141" source="/TestUniquenessSanityChecks/src/unique/TestBadArgs.java.html" line="141" baseImage="info.gif" flags="0" />
      </result>
      <result msg="unique.TestBadArgs.Constructor5 (1 issue)" baseImage="class.gif" flags="64">
        <result msg="@Unique  return   matched CONSISTENT  at  TestBadArgs.java line 111" source="/TestUniquenessSanityChecks/src/unique/TestBadArgs.java.html" line="111" baseImage="info.gif" flags="0" />
      </result>
      <result msg="unique.TestBadArgs.Constructor5a (1 issue)" baseImage="class.gif" flags="64">
        <result msg="@Unique  return   matched CONSISTENT  at  TestBadArgs.java line 147" source="/TestUniquenessSanityChecks/src/unique/TestBadArgs.java.html" line="147" baseImage="info.gif" flags="0" />
      </result>
      <result msg="unique.TestBadArgs.Constructor6 (1 issue)" baseImage="class.gif" flags="64">
        <result msg="@Unique  this, return  matched UNPARSEABLE  at  TestBadArgs.java line 117" source="/TestUniquenessSanityChecks/src/unique/TestBadArgs.java.html" line="117" baseImage="info.gif" flags="0" />
      </result>
      <result msg="unique.TestBadArgs.Constructor6a (1 issue)" baseImage="class.gif" flags="64">
        <result msg="@Unique  this, return  matched UNPARSEABLE  at  TestBadArgs.java line 153" source="/TestUniquenessSanityChecks/src/unique/TestBadArgs.java.html" line="153" baseImage="info.gif" flags="0" />
      </result>
      <result msg="unique.TestBadArgs.Constructor7 (1 issue)" baseImage="class.gif" flags="64">
        <result msg="@Unique  return , this  matched UNPARSEABLE  at  TestBadArgs.java line 123" source="/TestUniquenessSanityChecks/src/unique/TestBadArgs.java.html" line="123" baseImage="info.gif" flags="0" />
      </result>
      <result msg="unique.TestBadArgs.Constructor7a (1 issue)" baseImage="class.gif" flags="64">
        <result msg="@Unique  return , this  matched UNPARSEABLE  at  TestBadArgs.java line 159" source="/TestUniquenessSanityChecks/src/unique/TestBadArgs.java.html" line="159" baseImage="info.gif" flags="0" />
      </result>
      <result msg="unique.TestBadArgs.Constructor8 (1 issue)" baseImage="class.gif" flags="64">
        <result msg="@Unique  a, b, c matched UNPARSEABLE  at  TestBadArgs.java line 129" source="/TestUniquenessSanityChecks/src/unique/TestBadArgs.java.html" line="129" baseImage="info.gif" flags="0" />
      </result>
      <result msg="unique.TestBadArgs.Constructor8a (1 issue)" baseImage="class.gif" flags="64">
        <result msg="@Unique  a, b, c matched UNPARSEABLE  at  TestBadArgs.java line 165" source="/TestUniquenessSanityChecks/src/unique/TestBadArgs.java.html" line="165" baseImage="info.gif" flags="0" />
      </result>
    </result>
  </result>
</root>