<sourceFiles>
	<package name="aggregate.accessibility.differentPackages.p1">
		<class name="DefaultDelegate.java" source="/TestRegionSanityChecks/src/aggregate/accessibility/differentPackages/p1/DefaultDelegate.java.html"/>
		<class name="PrivateDelegate.java" source="/TestRegionSanityChecks/src/aggregate/accessibility/differentPackages/p1/PrivateDelegate.java.html"/>
		<class name="ProtectedDelegate.java" source="/TestRegionSanityChecks/src/aggregate/accessibility/differentPackages/p1/ProtectedDelegate.java.html"/>
		<class name="PublicDelegate.java" source="/TestRegionSanityChecks/src/aggregate/accessibility/differentPackages/p1/PublicDelegate.java.html"/>
		<class name="Super.java" source="/TestRegionSanityChecks/src/aggregate/accessibility/differentPackages/p1/Super.java.html"/>
	</package>
	<package name="aggregate.accessibility.differentPackages.p2">
		<class name="ParentIsSuper.java" source="/TestRegionSanityChecks/src/aggregate/accessibility/differentPackages/p2/ParentIsSuper.java.html"/>
	</package>
	<package name="aggregate.accessibility.samePackage">
		<class name="DefaultDelegate.java" source="/TestRegionSanityChecks/src/aggregate/accessibility/samePackage/DefaultDelegate.java.html"/>
		<class name="ParentIsSuper.java" source="/TestRegionSanityChecks/src/aggregate/accessibility/samePackage/ParentIsSuper.java.html"/>
		<class name="PrivateDelegate.java" source="/TestRegionSanityChecks/src/aggregate/accessibility/samePackage/PrivateDelegate.java.html"/>
		<class name="ProtectedDelegate.java" source="/TestRegionSanityChecks/src/aggregate/accessibility/samePackage/ProtectedDelegate.java.html"/>
		<class name="PublicDelegate.java" source="/TestRegionSanityChecks/src/aggregate/accessibility/samePackage/PublicDelegate.java.html"/>
		<class name="Super.java" source="/TestRegionSanityChecks/src/aggregate/accessibility/samePackage/Super.java.html"/>
	</package>
	<package name="aggregate.dstAbstract">
		<class name="C.java" source="/TestRegionSanityChecks/src/aggregate/dstAbstract/C.java.html"/>
		<class name="Parent.java" source="/TestRegionSanityChecks/src/aggregate/dstAbstract/Parent.java.html"/>
		<class name="Test.java" source="/TestRegionSanityChecks/src/aggregate/dstAbstract/Test.java.html"/>
	</package>
	<package name="aggregate.dstRegionExists">
		<class name="C.java" source="/TestRegionSanityChecks/src/aggregate/dstRegionExists/C.java.html"/>
		<class name="Child.java" source="/TestRegionSanityChecks/src/aggregate/dstRegionExists/Child.java.html"/>
		<class name="Other.java" source="/TestRegionSanityChecks/src/aggregate/dstRegionExists/Other.java.html"/>
		<class name="Parent.java" source="/TestRegionSanityChecks/src/aggregate/dstRegionExists/Parent.java.html"/>
		<class name="Test.java" source="/TestRegionSanityChecks/src/aggregate/dstRegionExists/Test.java.html"/>
	</package>
	<package name="aggregate.dstStatic">
		<class name="C.java" source="/TestRegionSanityChecks/src/aggregate/dstStatic/C.java.html"/>
		<class name="Parent.java" source="/TestRegionSanityChecks/src/aggregate/dstStatic/Parent.java.html"/>
		<class name="Test.java" source="/TestRegionSanityChecks/src/aggregate/dstStatic/Test.java.html"/>
	</package>
	<package name="aggregate.fieldIsObject">
		<class name="Test.java" source="/TestRegionSanityChecks/src/aggregate/fieldIsObject/Test.java.html"/>
	</package>
	<package name="aggregate.fieldMustBeUnique">
		<class name="C.java" source="/TestRegionSanityChecks/src/aggregate/fieldMustBeUnique/C.java.html"/>
		<class name="Test.java" source="/TestRegionSanityChecks/src/aggregate/fieldMustBeUnique/Test.java.html"/>
	</package>
	<package name="aggregate.mustMapInstance">
		<class name="C.java" source="/TestRegionSanityChecks/src/aggregate/mustMapInstance/C.java.html"/>
		<class name="D.java" source="/TestRegionSanityChecks/src/aggregate/mustMapInstance/D.java.html"/>
		<class name="Test.java" source="/TestRegionSanityChecks/src/aggregate/mustMapInstance/Test.java.html"/>
	</package>
	<package name="aggregate.respectsHierarchy">
		<class name="C.java" source="/TestRegionSanityChecks/src/aggregate/respectsHierarchy/C.java.html"/>
		<class name="Test.java" source="/TestRegionSanityChecks/src/aggregate/respectsHierarchy/Test.java.html"/>
	</package>
	<package name="aggregate.srcRegionExists">
		<class name="C.java" source="/TestRegionSanityChecks/src/aggregate/srcRegionExists/C.java.html"/>
		<class name="D.java" source="/TestRegionSanityChecks/src/aggregate/srcRegionExists/D.java.html"/>
		<class name="Other.java" source="/TestRegionSanityChecks/src/aggregate/srcRegionExists/Other.java.html"/>
		<class name="Test.java" source="/TestRegionSanityChecks/src/aggregate/srcRegionExists/Test.java.html"/>
	</package>
	<package name="aggregate.srcRegionIsntStatic">
		<class name="C.java" source="/TestRegionSanityChecks/src/aggregate/srcRegionIsntStatic/C.java.html"/>
		<class name="Test.java" source="/TestRegionSanityChecks/src/aggregate/srcRegionIsntStatic/Test.java.html"/>
	</package>
	<package name="aggregate.srcRepeated">
		<class name="C.java" source="/TestRegionSanityChecks/src/aggregate/srcRepeated/C.java.html"/>
		<class name="Test.java" source="/TestRegionSanityChecks/src/aggregate/srcRepeated/Test.java.html"/>
	</package>
	<package name="borrowed">
		<class name="TestBadArgs.java" source="/TestUniquenessSanityChecks/src/borrowed/TestBadArgs.java.html"/>
	</package>
	<package name="com.surelogic">
		<class name="Aggregate.java" source="/promises/src/com/surelogic/Aggregate.java.html"/>
		<class name="AllowsReferencesFrom.java" source="/promises/src/com/surelogic/AllowsReferencesFrom.java.html"/>
		<class name="Assume.java" source="/promises/src/com/surelogic/Assume.java.html"/>
		<class name="Assumes.java" source="/promises/src/com/surelogic/Assumes.java.html"/>
		<class name="Borrowed.java" source="/promises/src/com/surelogic/Borrowed.java.html"/>
		<class name="InLayer.java" source="/promises/src/com/surelogic/InLayer.java.html"/>
		<class name="InRegion.java" source="/promises/src/com/surelogic/InRegion.java.html"/>
		<class name="IsLock.java" source="/promises/src/com/surelogic/IsLock.java.html"/>
		<class name="Layer.java" source="/promises/src/com/surelogic/Layer.java.html"/>
		<class name="Layers.java" source="/promises/src/com/surelogic/Layers.java.html"/>
		<class name="MapFields.java" source="/promises/src/com/surelogic/MapFields.java.html"/>
		<class name="MapsFields.java" source="/promises/src/com/surelogic/MapsFields.java.html"/>
		<class name="MayReferTo.java" source="/promises/src/com/surelogic/MayReferTo.java.html"/>
		<class name="NotUnique.java" source="/promises/src/com/surelogic/NotUnique.java.html"/>
		<class name="PolicyLock.java" source="/promises/src/com/surelogic/PolicyLock.java.html"/>
		<class name="PolicyLocks.java" source="/promises/src/com/surelogic/PolicyLocks.java.html"/>
		<class name="Promise.java" source="/promises/src/com/surelogic/Promise.java.html"/>
		<class name="Promises.java" source="/promises/src/com/surelogic/Promises.java.html"/>
		<class name="Reads.java" source="/promises/src/com/surelogic/Reads.java.html"/>
		<class name="Region.java" source="/promises/src/com/surelogic/Region.java.html"/>
		<class name="RegionEffects.java" source="/promises/src/com/surelogic/RegionEffects.java.html"/>
		<class name="RegionLock.java" source="/promises/src/com/surelogic/RegionLock.java.html"/>
		<class name="RegionLocks.java" source="/promises/src/com/surelogic/RegionLocks.java.html"/>
		<class name="Regions.java" source="/promises/src/com/surelogic/Regions.java.html"/>
		<class name="RequiresLock.java" source="/promises/src/com/surelogic/RequiresLock.java.html"/>
		<class name="ReturnsLock.java" source="/promises/src/com/surelogic/ReturnsLock.java.html"/>
		<class name="SelfProtected.java" source="/promises/src/com/surelogic/SelfProtected.java.html"/>
		<class name="SingleThreaded.java" source="/promises/src/com/surelogic/SingleThreaded.java.html"/>
		<class name="Starts.java" source="/promises/src/com/surelogic/Starts.java.html"/>
		<class name="TypeSet.java" source="/promises/src/com/surelogic/TypeSet.java.html"/>
		<class name="TypeSets.java" source="/promises/src/com/surelogic/TypeSets.java.html"/>
		<class name="Unique.java" source="/promises/src/com/surelogic/Unique.java.html"/>
		<class name="Writes.java" source="/promises/src/com/surelogic/Writes.java.html"/>
	</package>
	<package name="conflicts">
		<class name="Test.java" source="/TestUniquenessSanityChecks/src/conflicts/Test.java.html"/>
	</package>
	<package name="inRegion.accessibility.differentPackages.p1">
		<class name="DefaultSuper.java" source="/TestRegionSanityChecks/src/inRegion/accessibility/differentPackages/p1/DefaultSuper.java.html"/>
		<class name="ParentIsDefaultSuper.java" source="/TestRegionSanityChecks/src/inRegion/accessibility/differentPackages/p1/ParentIsDefaultSuper.java.html"/>
		<class name="PublicSuper.java" source="/TestRegionSanityChecks/src/inRegion/accessibility/differentPackages/p1/PublicSuper.java.html"/>
	</package>
	<package name="inRegion.accessibility.differentPackages.p2">
		<class name="ParentIsDefaultSuper2.java" source="/TestRegionSanityChecks/src/inRegion/accessibility/differentPackages/p2/ParentIsDefaultSuper2.java.html"/>
		<class name="ParentIsPublicSuper.java" source="/TestRegionSanityChecks/src/inRegion/accessibility/differentPackages/p2/ParentIsPublicSuper.java.html"/>
	</package>
	<package name="inRegion.accessibility.samePackage">
		<class name="DefaultSuper.java" source="/TestRegionSanityChecks/src/inRegion/accessibility/samePackage/DefaultSuper.java.html"/>
		<class name="ParentIsDefaultSuper.java" source="/TestRegionSanityChecks/src/inRegion/accessibility/samePackage/ParentIsDefaultSuper.java.html"/>
		<class name="ParentIsPublicSuper.java" source="/TestRegionSanityChecks/src/inRegion/accessibility/samePackage/ParentIsPublicSuper.java.html"/>
		<class name="PublicSuper.java" source="/TestRegionSanityChecks/src/inRegion/accessibility/samePackage/PublicSuper.java.html"/>
	</package>
	<package name="inRegion.finalFields">
		<class name="C.java" source="/TestRegionSanityChecks/src/inRegion/finalFields/C.java.html"/>
	</package>
	<package name="inRegion.nonFieldParent">
		<class name="Super.java" source="/TestRegionSanityChecks/src/inRegion/nonFieldParent/Super.java.html"/>
		<class name="Test.java" source="/TestRegionSanityChecks/src/inRegion/nonFieldParent/Test.java.html"/>
	</package>
	<package name="inRegion.parentMustExist">
		<class name="Child.java" source="/TestRegionSanityChecks/src/inRegion/parentMustExist/Child.java.html"/>
		<class name="Other.java" source="/TestRegionSanityChecks/src/inRegion/parentMustExist/Other.java.html"/>
		<class name="Super.java" source="/TestRegionSanityChecks/src/inRegion/parentMustExist/Super.java.html"/>
		<class name="Test.java" source="/TestRegionSanityChecks/src/inRegion/parentMustExist/Test.java.html"/>
	</package>
	<package name="inRegion.staticParents">
		<class name="Super.java" source="/TestRegionSanityChecks/src/inRegion/staticParents/Super.java.html"/>
		<class name="Test.java" source="/TestRegionSanityChecks/src/inRegion/staticParents/Test.java.html"/>
	</package>
	<package name="inRegion.visibility">
		<class name="Super.java" source="/TestRegionSanityChecks/src/inRegion/visibility/Super.java.html"/>
		<class name="Test.java" source="/TestRegionSanityChecks/src/inRegion/visibility/Test.java.html"/>
	</package>
	<package name="java.util.logging">
		<class name="Logger.java" source="/Bug1177/src/java/util/logging/Logger.java.html"/>
	</package>
	<package name="net.jcip.annotations">
		<class name="GuardedBy.java" source="/promises/src/net/jcip/annotations/GuardedBy.java.html"/>
		<class name="Immutable.java" source="/promises/src/net/jcip/annotations/Immutable.java.html"/>
		<class name="NotThreadSafe.java" source="/promises/src/net/jcip/annotations/NotThreadSafe.java.html"/>
		<class name="ThreadSafe.java" source="/promises/src/net/jcip/annotations/ThreadSafe.java.html"/>
	</package>
	<package name="nonReference">
		<class name="Test.java" source="/TestUniquenessSanityChecks/src/nonReference/Test.java.html"/>
	</package>
	<package name="region.accessibility.differentPackages.p1">
		<class name="DefaultSuper.java" source="/TestRegionSanityChecks/src/region/accessibility/differentPackages/p1/DefaultSuper.java.html"/>
		<class name="ParentIsDefaultSuper.java" source="/TestRegionSanityChecks/src/region/accessibility/differentPackages/p1/ParentIsDefaultSuper.java.html"/>
		<class name="PublicSuper.java" source="/TestRegionSanityChecks/src/region/accessibility/differentPackages/p1/PublicSuper.java.html"/>
	</package>
	<package name="region.accessibility.differentPackages.p2">
		<class name="ParentIsDefaultSuper2.java" source="/TestRegionSanityChecks/src/region/accessibility/differentPackages/p2/ParentIsDefaultSuper2.java.html"/>
		<class name="ParentIsPublicSuper.java" source="/TestRegionSanityChecks/src/region/accessibility/differentPackages/p2/ParentIsPublicSuper.java.html"/>
	</package>
	<package name="region.accessibility.samePackage">
		<class name="DefaultSuper.java" source="/TestRegionSanityChecks/src/region/accessibility/samePackage/DefaultSuper.java.html"/>
		<class name="ParentIsDefaultSuper.java" source="/TestRegionSanityChecks/src/region/accessibility/samePackage/ParentIsDefaultSuper.java.html"/>
		<class name="ParentIsPublicSuper.java" source="/TestRegionSanityChecks/src/region/accessibility/samePackage/ParentIsPublicSuper.java.html"/>
		<class name="PublicSuper.java" source="/TestRegionSanityChecks/src/region/accessibility/samePackage/PublicSuper.java.html"/>
		<class name="Super.java" source="/Bug1160/src/region/accessibility/samePackage/Super.java.html"/>
		<class name="Test.java" source="/Bug1160/src/region/accessibility/samePackage/Test.java.html"/>
	</package>
	<package name="region.noCycles">
		<class name="Test.java" source="/TestRegionSanityChecks/src/region/noCycles/Test.java.html"/>
	</package>
	<package name="region.nonFieldParent">
		<class name="Super.java" source="/TestRegionSanityChecks/src/region/nonFieldParent/Super.java.html"/>
		<class name="Test.java" source="/TestRegionSanityChecks/src/region/nonFieldParent/Test.java.html"/>
	</package>
	<package name="region.parentMustExist">
		<class name="Child.java" source="/TestRegionSanityChecks/src/region/parentMustExist/Child.java.html"/>
		<class name="Other.java" source="/TestRegionSanityChecks/src/region/parentMustExist/Other.java.html"/>
		<class name="Super.java" source="/TestRegionSanityChecks/src/region/parentMustExist/Super.java.html"/>
		<class name="Test.java" source="/TestRegionSanityChecks/src/region/parentMustExist/Test.java.html"/>
	</package>
	<package name="region.staticParents">
		<class name="Super.java" source="/TestRegionSanityChecks/src/region/staticParents/Super.java.html"/>
		<class name="Test.java" source="/TestRegionSanityChecks/src/region/staticParents/Test.java.html"/>
	</package>
	<package name="region.uniqueRegion">
		<class name="Super.java" source="/TestRegionSanityChecks/src/region/uniqueRegion/Super.java.html"/>
		<class name="Test.java" source="/TestRegionSanityChecks/src/region/uniqueRegion/Test.java.html"/>
	</package>
	<package name="region.visibility">
		<class name="Super.java" source="/TestRegionSanityChecks/src/region/visibility/Super.java.html"/>
		<class name="Test.java" source="/TestRegionSanityChecks/src/region/visibility/Test.java.html"/>
	</package>
	<package name="test">
		<class name="Blooper.java" source="/Bug1146_RegionHidingWorks/src/test/Blooper.java.html"/>
		<class name="Duper.java" source="/Bug1146_RegionHidingWorks/src/test/Duper.java.html"/>
		<class name="Super.java" source="/Bug1146_RegionHidingWorks/src/test/Super.java.html"/>
	</package>
	<package name="test1033">
		<class name="Subclass.java" source="/Bug1033/src/test1033/Subclass.java.html"/>
		<class name="Test.java" source="/Bug1033/src/test1033/Test.java.html"/>
	</package>
	<package name="test1197">
		<class name="Test.java" source="/Bug1197/src/test1197/Test.java.html"/>
		<class name="Test2.java" source="/Bug1197/src/test1197/Test2.java.html"/>
	</package>
	<package name="test_any_instance">
		<class name="C.java" source="/Bug1054/src/test_any_instance/C.java.html"/>
		<class name="Test.java" source="/Bug1054/src/test_any_instance/Test.java.html"/>
	</package>
	<package name="test_parameter">
		<class name="Test.java" source="/Bug1078/src/test_parameter/Test.java.html"/>
	</package>
	<package name="test_qualifiedThis">
		<class name="C.java" source="/Bug1082/src/test_qualifiedThis/C.java.html"/>
	</package>
	<package name="unique">
		<class name="TestBadArgs.java" source="/TestUniquenessSanityChecks/src/unique/TestBadArgs.java.html"/>
	</package>
</sourceFiles>
