<root msg="Assurance Results">
  <result msg="Concurrency (11 issues)" baseImage="folder.gif" flags="10" reddots="1">
    <result msg="RegionLock java.lang.Object.MUTEX is this protects WaitQueue  on  Object  at  java.lang.Object" baseImage="annotation.gif" flags="2">
      <result msg="5 lock precondition(s)" baseImage="folder.gif" flags="2">
        <result msg="RequiresLock MUTEX  on  java.lang.Object.notify()  at  java.lang.Object" baseImage="annotation.gif" flags="2" />
        <result msg="RequiresLock MUTEX  on  java.lang.Object.notifyAll()  at  java.lang.Object" baseImage="annotation.gif" flags="2" />
        <result msg="RequiresLock MUTEX  on  java.lang.Object.wait()  at  java.lang.Object" baseImage="annotation.gif" flags="2" />
        <result msg="RequiresLock MUTEX  on  java.lang.Object.wait(long)  at  java.lang.Object" baseImage="annotation.gif" flags="2" />
        <result msg="RequiresLock MUTEX  on  java.lang.Object.wait(long,int)  at  java.lang.Object" baseImage="annotation.gif" flags="2" />
      </result>
      <result msg="java.lang.Object.MUTEX is consistent with the code in java.lang.Object" baseImage="plus.gif" flags="0" />
      <result msg="Region public java.lang.Object.WaitQueue  at  java.lang.Object" baseImage="annotation.gif" flags="0">
        <result msg="Region public java.lang.Object.Instance  at  java.lang.Object" baseImage="annotation.gif" flags="0">
          <result msg="Region public static java.lang.Object.All  at  java.lang.Object" baseImage="annotation.gif" flags="0" />
        </result>
      </result>
    </result>
    <result msg="SingleThreaded  on  borrowedThis.TestSingleThreaded.TestSingleThreaded()  at  TestSingleThreaded.java line 12" source="/TestUniqueReturnOnConstructor/src/borrowedThis/TestSingleThreaded.java.html" line="12" baseImage="annotation.gif" flags="26" reddots="1" />
    <result msg="SingleThreaded  on  borrowedThis.TestSingleThreaded.TestSingleThreaded(int)  at  TestSingleThreaded.java line 18" source="/TestUniqueReturnOnConstructor/src/borrowedThis/TestSingleThreaded.java.html" line="18" baseImage="annotation.gif" flags="26" reddots="1" />
    <result msg="SingleThreaded  on  borrowedThis.TestSingleThreaded.TestSingleThreaded(int,int)  at  TestSingleThreaded.java line 25" source="/TestUniqueReturnOnConstructor/src/borrowedThis/TestSingleThreaded.java.html" line="25" baseImage="annotation.gif" flags="26" reddots="1" />
    <result msg="SingleThreaded  on  borrowedThis.TestSingleThreaded.TestSingleThreaded(int,int,int)  at  TestSingleThreaded.java line 33" source="/TestUniqueReturnOnConstructor/src/borrowedThis/TestSingleThreaded.java.html" line="33" baseImage="annotation.gif" flags="26" reddots="1" />
    <result msg="SingleThreaded  on  borrowedThis.TestSingleThreaded.TestSingleThreaded(int,int,int,int)  at  TestSingleThreaded.java line 42" source="/TestUniqueReturnOnConstructor/src/borrowedThis/TestSingleThreaded.java.html" line="42" baseImage="annotation.gif" flags="26" reddots="1" />
    <result msg="SingleThreaded  on  uniqueReturn.TestSingleThreaded.TestSingleThreaded()  at  TestSingleThreaded.java line 12" source="/TestUniqueReturnOnConstructor/src/uniqueReturn/TestSingleThreaded.java.html" line="12" baseImage="annotation.gif" flags="26" reddots="1" />
    <result msg="SingleThreaded  on  uniqueReturn.TestSingleThreaded.TestSingleThreaded(int)  at  TestSingleThreaded.java line 18" source="/TestUniqueReturnOnConstructor/src/uniqueReturn/TestSingleThreaded.java.html" line="18" baseImage="annotation.gif" flags="26" reddots="1" />
    <result msg="SingleThreaded  on  uniqueReturn.TestSingleThreaded.TestSingleThreaded(int,int)  at  TestSingleThreaded.java line 25" source="/TestUniqueReturnOnConstructor/src/uniqueReturn/TestSingleThreaded.java.html" line="25" baseImage="annotation.gif" flags="26" reddots="1" />
    <result msg="SingleThreaded  on  uniqueReturn.TestSingleThreaded.TestSingleThreaded(int,int,int)  at  TestSingleThreaded.java line 33" source="/TestUniqueReturnOnConstructor/src/uniqueReturn/TestSingleThreaded.java.html" line="33" baseImage="annotation.gif" flags="26" reddots="1" />
    <result msg="SingleThreaded  on  uniqueReturn.TestSingleThreaded.TestSingleThreaded(int,int,int,int)  at  TestSingleThreaded.java line 42" source="/TestUniqueReturnOnConstructor/src/uniqueReturn/TestSingleThreaded.java.html" line="42" baseImage="annotation.gif" flags="26" reddots="1" />
  </result>
  <result msg="Effects (8 issues)" baseImage="folder.gif" flags="2">
    <result msg="No effects on borrowedThis.TestSingleThreaded.TestSingleThreaded(int)  at  TestSingleThreaded.java line 20" source="/TestUniqueReturnOnConstructor/src/borrowedThis/TestSingleThreaded.java.html" line="20" baseImage="annotation.gif" flags="2">
      <result msg="&quot;writes &lt;this&gt;:value&quot; checked by constructor rule: writes to a newly created object are invisible  at  TestSingleThreaded.java line 22" source="/TestUniqueReturnOnConstructor/src/borrowedThis/TestSingleThreaded.java.html" line="22" baseImage="plus.gif" flags="0" />
      <result msg="No effects from calling super  at  TestSingleThreaded.java line 22" source="/TestUniqueReturnOnConstructor/src/borrowedThis/TestSingleThreaded.java.html" line="22" baseImage="plus.gif" flags="2">
        <result msg="1 prerequisite assertion:" baseImage="choice_item.gif" flags="2">
          <result msg="No effects on java.lang.Object.Object()  at  java.lang.Object" baseImage="annotation.gif" flags="2" />
        </result>
      </result>
    </result>
    <result msg="No effects on borrowedThis.TestSingleThreaded.TestSingleThreaded(int,int)  at  TestSingleThreaded.java line 27" source="/TestUniqueReturnOnConstructor/src/borrowedThis/TestSingleThreaded.java.html" line="27" baseImage="annotation.gif" flags="2">
      <result msg="&quot;writes &lt;this&gt;:value&quot; checked by constructor rule: writes to a newly created object are invisible  at  TestSingleThreaded.java line 30" source="/TestUniqueReturnOnConstructor/src/borrowedThis/TestSingleThreaded.java.html" line="30" baseImage="plus.gif" flags="0" />
      <result msg="No effects from calling super  at  TestSingleThreaded.java line 30" source="/TestUniqueReturnOnConstructor/src/borrowedThis/TestSingleThreaded.java.html" line="30" baseImage="plus.gif" flags="2">
        <result msg="1 prerequisite assertion:" baseImage="choice_item.gif" flags="2">
          <result msg="No effects on java.lang.Object.Object()  at  java.lang.Object" baseImage="annotation.gif" flags="2" />
        </result>
      </result>
    </result>
    <result msg="No effects on borrowedThis.TestSingleThreaded.TestSingleThreaded(int,int,int)  at  TestSingleThreaded.java line 35" source="/TestUniqueReturnOnConstructor/src/borrowedThis/TestSingleThreaded.java.html" line="35" baseImage="annotation.gif" flags="2">
      <result msg="&quot;writes &lt;this&gt;:alias&quot; checked by constructor rule: writes to a newly created object are invisible  at  TestSingleThreaded.java line 39" source="/TestUniqueReturnOnConstructor/src/borrowedThis/TestSingleThreaded.java.html" line="39" baseImage="plus.gif" flags="0" />
      <result msg="&quot;writes &lt;this&gt;:value&quot; checked by constructor rule: writes to a newly created object are invisible  at  TestSingleThreaded.java line 38" source="/TestUniqueReturnOnConstructor/src/borrowedThis/TestSingleThreaded.java.html" line="38" baseImage="plus.gif" flags="0" />
      <result msg="No effects from calling super  at  TestSingleThreaded.java line 38" source="/TestUniqueReturnOnConstructor/src/borrowedThis/TestSingleThreaded.java.html" line="38" baseImage="plus.gif" flags="2">
        <result msg="1 prerequisite assertion:" baseImage="choice_item.gif" flags="2">
          <result msg="No effects on java.lang.Object.Object()  at  java.lang.Object" baseImage="annotation.gif" flags="2" />
        </result>
      </result>
    </result>
    <result msg="No effects on borrowedThis.TestSingleThreaded.TestSingleThreaded(int,int,int,int)  at  TestSingleThreaded.java line 44" source="/TestUniqueReturnOnConstructor/src/borrowedThis/TestSingleThreaded.java.html" line="44" baseImage="annotation.gif" flags="2">
      <result msg="&quot;writes &lt;this&gt;:value&quot; checked by constructor rule: writes to a newly created object are invisible  at  TestSingleThreaded.java line 47" source="/TestUniqueReturnOnConstructor/src/borrowedThis/TestSingleThreaded.java.html" line="47" baseImage="plus.gif" flags="0" />
      <result msg="No effects from calling new java.lang.Thread  at  TestSingleThreaded.java line 48" source="/TestUniqueReturnOnConstructor/src/borrowedThis/TestSingleThreaded.java.html" line="48" baseImage="plus.gif" flags="2">
        <result msg="1 prerequisite assertion:" baseImage="choice_item.gif" flags="2">
          <result msg="No effects on java.lang.Thread.Thread()  at  java.lang.Thread" baseImage="annotation.gif" flags="2" />
        </result>
      </result>
      <result msg="No effects from calling super  at  TestSingleThreaded.java line 47" source="/TestUniqueReturnOnConstructor/src/borrowedThis/TestSingleThreaded.java.html" line="47" baseImage="plus.gif" flags="2">
        <result msg="1 prerequisite assertion:" baseImage="choice_item.gif" flags="2">
          <result msg="No effects on java.lang.Object.Object()  at  java.lang.Object" baseImage="annotation.gif" flags="2" />
        </result>
      </result>
    </result>
    <result msg="No effects on uniqueReturn.TestSingleThreaded.TestSingleThreaded(int)  at  TestSingleThreaded.java line 20" source="/TestUniqueReturnOnConstructor/src/uniqueReturn/TestSingleThreaded.java.html" line="20" baseImage="annotation.gif" flags="2">
      <result msg="&quot;writes &lt;this&gt;:value&quot; checked by constructor rule: writes to a newly created object are invisible  at  TestSingleThreaded.java line 22" source="/TestUniqueReturnOnConstructor/src/uniqueReturn/TestSingleThreaded.java.html" line="22" baseImage="plus.gif" flags="0" />
      <result msg="No effects from calling super  at  TestSingleThreaded.java line 22" source="/TestUniqueReturnOnConstructor/src/uniqueReturn/TestSingleThreaded.java.html" line="22" baseImage="plus.gif" flags="2">
        <result msg="1 prerequisite assertion:" baseImage="choice_item.gif" flags="2">
          <result msg="No effects on java.lang.Object.Object()  at  java.lang.Object" baseImage="annotation.gif" flags="2" />
        </result>
      </result>
    </result>
    <result msg="No effects on uniqueReturn.TestSingleThreaded.TestSingleThreaded(int,int)  at  TestSingleThreaded.java line 27" source="/TestUniqueReturnOnConstructor/src/uniqueReturn/TestSingleThreaded.java.html" line="27" baseImage="annotation.gif" flags="2">
      <result msg="&quot;writes &lt;this&gt;:value&quot; checked by constructor rule: writes to a newly created object are invisible  at  TestSingleThreaded.java line 30" source="/TestUniqueReturnOnConstructor/src/uniqueReturn/TestSingleThreaded.java.html" line="30" baseImage="plus.gif" flags="0" />
      <result msg="No effects from calling super  at  TestSingleThreaded.java line 30" source="/TestUniqueReturnOnConstructor/src/uniqueReturn/TestSingleThreaded.java.html" line="30" baseImage="plus.gif" flags="2">
        <result msg="1 prerequisite assertion:" baseImage="choice_item.gif" flags="2">
          <result msg="No effects on java.lang.Object.Object()  at  java.lang.Object" baseImage="annotation.gif" flags="2" />
        </result>
      </result>
    </result>
    <result msg="No effects on uniqueReturn.TestSingleThreaded.TestSingleThreaded(int,int,int)  at  TestSingleThreaded.java line 35" source="/TestUniqueReturnOnConstructor/src/uniqueReturn/TestSingleThreaded.java.html" line="35" baseImage="annotation.gif" flags="2">
      <result msg="&quot;writes &lt;this&gt;:alias&quot; checked by constructor rule: writes to a newly created object are invisible  at  TestSingleThreaded.java line 39" source="/TestUniqueReturnOnConstructor/src/uniqueReturn/TestSingleThreaded.java.html" line="39" baseImage="plus.gif" flags="0" />
      <result msg="&quot;writes &lt;this&gt;:value&quot; checked by constructor rule: writes to a newly created object are invisible  at  TestSingleThreaded.java line 38" source="/TestUniqueReturnOnConstructor/src/uniqueReturn/TestSingleThreaded.java.html" line="38" baseImage="plus.gif" flags="0" />
      <result msg="No effects from calling super  at  TestSingleThreaded.java line 38" source="/TestUniqueReturnOnConstructor/src/uniqueReturn/TestSingleThreaded.java.html" line="38" baseImage="plus.gif" flags="2">
        <result msg="1 prerequisite assertion:" baseImage="choice_item.gif" flags="2">
          <result msg="No effects on java.lang.Object.Object()  at  java.lang.Object" baseImage="annotation.gif" flags="2" />
        </result>
      </result>
    </result>
    <result msg="No effects on uniqueReturn.TestSingleThreaded.TestSingleThreaded(int,int,int,int)  at  TestSingleThreaded.java line 44" source="/TestUniqueReturnOnConstructor/src/uniqueReturn/TestSingleThreaded.java.html" line="44" baseImage="annotation.gif" flags="2">
      <result msg="&quot;writes &lt;this&gt;:value&quot; checked by constructor rule: writes to a newly created object are invisible  at  TestSingleThreaded.java line 47" source="/TestUniqueReturnOnConstructor/src/uniqueReturn/TestSingleThreaded.java.html" line="47" baseImage="plus.gif" flags="0" />
      <result msg="No effects from calling new java.lang.Thread  at  TestSingleThreaded.java line 48" source="/TestUniqueReturnOnConstructor/src/uniqueReturn/TestSingleThreaded.java.html" line="48" baseImage="plus.gif" flags="2">
        <result msg="1 prerequisite assertion:" baseImage="choice_item.gif" flags="2">
          <result msg="No effects on java.lang.Thread.Thread()  at  java.lang.Thread" baseImage="annotation.gif" flags="2" />
        </result>
      </result>
      <result msg="No effects from calling super  at  TestSingleThreaded.java line 47" source="/TestUniqueReturnOnConstructor/src/uniqueReturn/TestSingleThreaded.java.html" line="47" baseImage="plus.gif" flags="2">
        <result msg="1 prerequisite assertion:" baseImage="choice_item.gif" flags="2">
          <result msg="No effects on java.lang.Object.Object()  at  java.lang.Object" baseImage="annotation.gif" flags="2" />
        </result>
      </result>
    </result>
  </result>
  <result msg="Regions (2 issues)" baseImage="folder.gif" flags="2">
    <result msg="Region public []  at  java.lang.[]" baseImage="annotation.gif" flags="0" />
    <result msg="Region public length  at  java.lang.[]" baseImage="annotation.gif" flags="0" />
  </result>
  <result msg="Thread effects (8 issues)" baseImage="folder.gif" flags="4">
    <result msg="Starts(nothing)  on  borrowedThis.TestSingleThreaded.TestSingleThreaded(int)  at  TestSingleThreaded.java line 19" source="/TestUniqueReturnOnConstructor/src/borrowedThis/TestSingleThreaded.java.html" line="19" baseImage="annotation.gif" flags="2">
      <result msg="Call &quot;super&quot; promises to start nothing  at  TestSingleThreaded.java line 22" source="/TestUniqueReturnOnConstructor/src/borrowedThis/TestSingleThreaded.java.html" line="22" baseImage="plus.gif" flags="2">
        <result msg="1 prerequisite assertion:" baseImage="choice_item.gif" flags="2">
          <result msg="Starts(nothing)  on  java.lang.Object.Object()  at  java.lang.Object" baseImage="annotation.gif" flags="2" />
        </result>
      </result>
      <result msg="No threads started within borrowedThis.TestSingleThreaded.TestSingleThreaded(int)  at  TestSingleThreaded.java line 18" source="/TestUniqueReturnOnConstructor/src/borrowedThis/TestSingleThreaded.java.html" line="18" baseImage="plus.gif" flags="0" />
    </result>
    <result msg="Starts(nothing)  on  borrowedThis.TestSingleThreaded.TestSingleThreaded(int,int)  at  TestSingleThreaded.java line 26" source="/TestUniqueReturnOnConstructor/src/borrowedThis/TestSingleThreaded.java.html" line="26" baseImage="annotation.gif" flags="2">
      <result msg="Call &quot;super&quot; promises to start nothing  at  TestSingleThreaded.java line 30" source="/TestUniqueReturnOnConstructor/src/borrowedThis/TestSingleThreaded.java.html" line="30" baseImage="plus.gif" flags="2">
        <result msg="1 prerequisite assertion:" baseImage="choice_item.gif" flags="2">
          <result msg="Starts(nothing)  on  java.lang.Object.Object()  at  java.lang.Object" baseImage="annotation.gif" flags="2" />
        </result>
      </result>
      <result msg="No threads started within borrowedThis.TestSingleThreaded.TestSingleThreaded(int,int)  at  TestSingleThreaded.java line 25" source="/TestUniqueReturnOnConstructor/src/borrowedThis/TestSingleThreaded.java.html" line="25" baseImage="plus.gif" flags="0" />
    </result>
    <result msg="Starts(nothing)  on  borrowedThis.TestSingleThreaded.TestSingleThreaded(int,int,int)  at  TestSingleThreaded.java line 34" source="/TestUniqueReturnOnConstructor/src/borrowedThis/TestSingleThreaded.java.html" line="34" baseImage="annotation.gif" flags="2">
      <result msg="Call &quot;super&quot; promises to start nothing  at  TestSingleThreaded.java line 38" source="/TestUniqueReturnOnConstructor/src/borrowedThis/TestSingleThreaded.java.html" line="38" baseImage="plus.gif" flags="2">
        <result msg="1 prerequisite assertion:" baseImage="choice_item.gif" flags="2">
          <result msg="Starts(nothing)  on  java.lang.Object.Object()  at  java.lang.Object" baseImage="annotation.gif" flags="2" />
        </result>
      </result>
      <result msg="No threads started within borrowedThis.TestSingleThreaded.TestSingleThreaded(int,int,int)  at  TestSingleThreaded.java line 33" source="/TestUniqueReturnOnConstructor/src/borrowedThis/TestSingleThreaded.java.html" line="33" baseImage="plus.gif" flags="0" />
    </result>
    <result msg="Starts(nothing)  on  borrowedThis.TestSingleThreaded.TestSingleThreaded(int,int,int,int)  at  TestSingleThreaded.java line 43" source="/TestUniqueReturnOnConstructor/src/borrowedThis/TestSingleThreaded.java.html" line="43" baseImage="annotation.gif" flags="4">
      <result msg="Call &quot;new java.lang.Thread&quot; promises to start nothing  at  TestSingleThreaded.java line 48" source="/TestUniqueReturnOnConstructor/src/borrowedThis/TestSingleThreaded.java.html" line="48" baseImage="plus.gif" flags="2">
        <result msg="1 prerequisite assertion:" baseImage="choice_item.gif" flags="2">
          <result msg="Starts(nothing)  on  java.lang.Thread.Thread()  at  java.lang.Thread" baseImage="annotation.gif" flags="2" />
        </result>
      </result>
      <result msg="Call &quot;super&quot; promises to start nothing  at  TestSingleThreaded.java line 47" source="/TestUniqueReturnOnConstructor/src/borrowedThis/TestSingleThreaded.java.html" line="47" baseImage="plus.gif" flags="2">
        <result msg="1 prerequisite assertion:" baseImage="choice_item.gif" flags="2">
          <result msg="Starts(nothing)  on  java.lang.Object.Object()  at  java.lang.Object" baseImage="annotation.gif" flags="2" />
        </result>
      </result>
      <result msg="Thread effect declaration prohibits: t.start  at  TestSingleThreaded.java line 49" source="/TestUniqueReturnOnConstructor/src/borrowedThis/TestSingleThreaded.java.html" line="49" baseImage="red_x.gif" flags="0" />
    </result>
    <result msg="Starts(nothing)  on  uniqueReturn.TestSingleThreaded.TestSingleThreaded(int)  at  TestSingleThreaded.java line 19" source="/TestUniqueReturnOnConstructor/src/uniqueReturn/TestSingleThreaded.java.html" line="19" baseImage="annotation.gif" flags="2">
      <result msg="Call &quot;super&quot; promises to start nothing  at  TestSingleThreaded.java line 22" source="/TestUniqueReturnOnConstructor/src/uniqueReturn/TestSingleThreaded.java.html" line="22" baseImage="plus.gif" flags="2">
        <result msg="1 prerequisite assertion:" baseImage="choice_item.gif" flags="2">
          <result msg="Starts(nothing)  on  java.lang.Object.Object()  at  java.lang.Object" baseImage="annotation.gif" flags="2" />
        </result>
      </result>
      <result msg="No threads started within uniqueReturn.TestSingleThreaded.TestSingleThreaded(int)  at  TestSingleThreaded.java line 18" source="/TestUniqueReturnOnConstructor/src/uniqueReturn/TestSingleThreaded.java.html" line="18" baseImage="plus.gif" flags="0" />
    </result>
    <result msg="Starts(nothing)  on  uniqueReturn.TestSingleThreaded.TestSingleThreaded(int,int)  at  TestSingleThreaded.java line 26" source="/TestUniqueReturnOnConstructor/src/uniqueReturn/TestSingleThreaded.java.html" line="26" baseImage="annotation.gif" flags="2">
      <result msg="Call &quot;super&quot; promises to start nothing  at  TestSingleThreaded.java line 30" source="/TestUniqueReturnOnConstructor/src/uniqueReturn/TestSingleThreaded.java.html" line="30" baseImage="plus.gif" flags="2">
        <result msg="1 prerequisite assertion:" baseImage="choice_item.gif" flags="2">
          <result msg="Starts(nothing)  on  java.lang.Object.Object()  at  java.lang.Object" baseImage="annotation.gif" flags="2" />
        </result>
      </result>
      <result msg="No threads started within uniqueReturn.TestSingleThreaded.TestSingleThreaded(int,int)  at  TestSingleThreaded.java line 25" source="/TestUniqueReturnOnConstructor/src/uniqueReturn/TestSingleThreaded.java.html" line="25" baseImage="plus.gif" flags="0" />
    </result>
    <result msg="Starts(nothing)  on  uniqueReturn.TestSingleThreaded.TestSingleThreaded(int,int,int)  at  TestSingleThreaded.java line 34" source="/TestUniqueReturnOnConstructor/src/uniqueReturn/TestSingleThreaded.java.html" line="34" baseImage="annotation.gif" flags="2">
      <result msg="Call &quot;super&quot; promises to start nothing  at  TestSingleThreaded.java line 38" source="/TestUniqueReturnOnConstructor/src/uniqueReturn/TestSingleThreaded.java.html" line="38" baseImage="plus.gif" flags="2">
        <result msg="1 prerequisite assertion:" baseImage="choice_item.gif" flags="2">
          <result msg="Starts(nothing)  on  java.lang.Object.Object()  at  java.lang.Object" baseImage="annotation.gif" flags="2" />
        </result>
      </result>
      <result msg="No threads started within uniqueReturn.TestSingleThreaded.TestSingleThreaded(int,int,int)  at  TestSingleThreaded.java line 33" source="/TestUniqueReturnOnConstructor/src/uniqueReturn/TestSingleThreaded.java.html" line="33" baseImage="plus.gif" flags="0" />
    </result>
    <result msg="Starts(nothing)  on  uniqueReturn.TestSingleThreaded.TestSingleThreaded(int,int,int,int)  at  TestSingleThreaded.java line 43" source="/TestUniqueReturnOnConstructor/src/uniqueReturn/TestSingleThreaded.java.html" line="43" baseImage="annotation.gif" flags="4">
      <result msg="Call &quot;new java.lang.Thread&quot; promises to start nothing  at  TestSingleThreaded.java line 48" source="/TestUniqueReturnOnConstructor/src/uniqueReturn/TestSingleThreaded.java.html" line="48" baseImage="plus.gif" flags="2">
        <result msg="1 prerequisite assertion:" baseImage="choice_item.gif" flags="2">
          <result msg="Starts(nothing)  on  java.lang.Thread.Thread()  at  java.lang.Thread" baseImage="annotation.gif" flags="2" />
        </result>
      </result>
      <result msg="Call &quot;super&quot; promises to start nothing  at  TestSingleThreaded.java line 47" source="/TestUniqueReturnOnConstructor/src/uniqueReturn/TestSingleThreaded.java.html" line="47" baseImage="plus.gif" flags="2">
        <result msg="1 prerequisite assertion:" baseImage="choice_item.gif" flags="2">
          <result msg="Starts(nothing)  on  java.lang.Object.Object()  at  java.lang.Object" baseImage="annotation.gif" flags="2" />
        </result>
      </result>
      <result msg="Thread effect declaration prohibits: t.start  at  TestSingleThreaded.java line 49" source="/TestUniqueReturnOnConstructor/src/uniqueReturn/TestSingleThreaded.java.html" line="49" baseImage="red_x.gif" flags="0" />
    </result>
  </result>
  <result msg="Uniqueness (28 issues)" baseImage="folder.gif" flags="4">
    <result msg="Borrowed(this)  on  borrowedThis.Other.Other()  at  RelyOnBorrowedThis.java line 16" source="/TestUniqueReturnOnConstructor/src/borrowedThis/RelyOnBorrowedThis.java.html" line="16" baseImage="annotation.gif" flags="2">
      <result msg="Control flow of constructor borrowedThis.Other.Other()  at  RelyOnBorrowedThis.java line 16" source="/TestUniqueReturnOnConstructor/src/borrowedThis/RelyOnBorrowedThis.java.html" line="16" baseImage="plus.gif" flags="0" />
      <result msg="Unique return value of call super  at  RelyOnBorrowedThis.java line 18" source="/TestUniqueReturnOnConstructor/src/borrowedThis/RelyOnBorrowedThis.java.html" line="18" baseImage="plus.gif" flags="2">
        <result msg="1 prerequisite assertion:" baseImage="choice_item.gif" flags="2">
          <result msg="Unique(return)  on  java.lang.Object.Object()  at  java.lang.Object" baseImage="annotation.gif" flags="2" />
        </result>
      </result>
    </result>
    <result msg="Borrowed(this)  on  borrowedThis.TestSingleThreaded.TestSingleThreaded()  at  TestSingleThreaded.java line 13" source="/TestUniqueReturnOnConstructor/src/borrowedThis/TestSingleThreaded.java.html" line="13" baseImage="annotation.gif" flags="2">
      <result msg="Control flow of constructor borrowedThis.TestSingleThreaded.TestSingleThreaded()  at  TestSingleThreaded.java line 12" source="/TestUniqueReturnOnConstructor/src/borrowedThis/TestSingleThreaded.java.html" line="12" baseImage="plus.gif" flags="0" />
      <result msg="Unique return value of call super  at  TestSingleThreaded.java line 15" source="/TestUniqueReturnOnConstructor/src/borrowedThis/TestSingleThreaded.java.html" line="15" baseImage="plus.gif" flags="2">
        <result msg="1 prerequisite assertion:" baseImage="choice_item.gif" flags="2">
          <result msg="Unique(return)  on  java.lang.Object.Object()  at  java.lang.Object" baseImage="annotation.gif" flags="2" />
        </result>
      </result>
    </result>
    <result msg="Borrowed(this)  on  borrowedThis.TestSingleThreaded.TestSingleThreaded(int,int)  at  TestSingleThreaded.java line 28" source="/TestUniqueReturnOnConstructor/src/borrowedThis/TestSingleThreaded.java.html" line="28" baseImage="annotation.gif" flags="2">
      <result msg="Control flow of constructor borrowedThis.TestSingleThreaded.TestSingleThreaded(int,int)  at  TestSingleThreaded.java line 25" source="/TestUniqueReturnOnConstructor/src/borrowedThis/TestSingleThreaded.java.html" line="25" baseImage="plus.gif" flags="0" />
      <result msg="Unique return value of call super  at  TestSingleThreaded.java line 30" source="/TestUniqueReturnOnConstructor/src/borrowedThis/TestSingleThreaded.java.html" line="30" baseImage="plus.gif" flags="2">
        <result msg="1 prerequisite assertion:" baseImage="choice_item.gif" flags="2">
          <result msg="Unique(return)  on  java.lang.Object.Object()  at  java.lang.Object" baseImage="annotation.gif" flags="2" />
        </result>
      </result>
    </result>
    <result msg="Borrowed(this)  on  borrowedThis.TestSingleThreaded.TestSingleThreaded(int,int,int)  at  TestSingleThreaded.java line 36" source="/TestUniqueReturnOnConstructor/src/borrowedThis/TestSingleThreaded.java.html" line="36" baseImage="annotation.gif" flags="4">
      <result msg="Control flow of constructor borrowedThis.TestSingleThreaded.TestSingleThreaded(int,int,int)  at  TestSingleThreaded.java line 33" source="/TestUniqueReturnOnConstructor/src/borrowedThis/TestSingleThreaded.java.html" line="33" baseImage="red_x.gif" flags="0">
        <result msg="supporting information: Borrowed value on stack shared  at  TestSingleThreaded.java line 39" source="/TestUniqueReturnOnConstructor/src/borrowedThis/TestSingleThreaded.java.html" line="39" baseImage="info.gif" flags="0" />
      </result>
      <result msg="Unique return value of call super  at  TestSingleThreaded.java line 38" source="/TestUniqueReturnOnConstructor/src/borrowedThis/TestSingleThreaded.java.html" line="38" baseImage="plus.gif" flags="2">
        <result msg="1 prerequisite assertion:" baseImage="choice_item.gif" flags="2">
          <result msg="Unique(return)  on  java.lang.Object.Object()  at  java.lang.Object" baseImage="annotation.gif" flags="2" />
        </result>
      </result>
    </result>
    <result msg="Borrowed(this)  on  borrowedThis.TestSingleThreaded.TestSingleThreaded(int,int,int,int)  at  TestSingleThreaded.java line 45" source="/TestUniqueReturnOnConstructor/src/borrowedThis/TestSingleThreaded.java.html" line="45" baseImage="annotation.gif" flags="2">
      <result msg="Borrowed parameters of call new java.lang.Thread  at  TestSingleThreaded.java line 48" source="/TestUniqueReturnOnConstructor/src/borrowedThis/TestSingleThreaded.java.html" line="48" baseImage="plus.gif" flags="2">
        <result msg="1 prerequisite assertion:" baseImage="choice_item.gif" flags="2">
          <result msg="Borrowed(this)  on  java.lang.Thread.Thread()  at  java.lang.Thread" baseImage="annotation.gif" flags="2" />
        </result>
      </result>
      <result msg="Control flow of constructor borrowedThis.TestSingleThreaded.TestSingleThreaded(int,int,int,int)  at  TestSingleThreaded.java line 42" source="/TestUniqueReturnOnConstructor/src/borrowedThis/TestSingleThreaded.java.html" line="42" baseImage="plus.gif" flags="0" />
      <result msg="Unique return value of call super  at  TestSingleThreaded.java line 47" source="/TestUniqueReturnOnConstructor/src/borrowedThis/TestSingleThreaded.java.html" line="47" baseImage="plus.gif" flags="2">
        <result msg="1 prerequisite assertion:" baseImage="choice_item.gif" flags="2">
          <result msg="Unique(return)  on  java.lang.Object.Object()  at  java.lang.Object" baseImage="annotation.gif" flags="2" />
        </result>
      </result>
    </result>
    <result msg="Borrowed(this)  on  borrowedThis.UseIt.UseIt()  at  UseIt.java line 8" source="/TestUniqueReturnOnConstructor/src/borrowedThis/UseIt.java.html" line="8" baseImage="annotation.gif" flags="2">
      <result msg="Control flow of constructor borrowedThis.UseIt.UseIt()  at  UseIt.java line 8" source="/TestUniqueReturnOnConstructor/src/borrowedThis/UseIt.java.html" line="8" baseImage="plus.gif" flags="0" />
      <result msg="Unique return value of call super  at  UseIt.java line 10" source="/TestUniqueReturnOnConstructor/src/borrowedThis/UseIt.java.html" line="10" baseImage="plus.gif" flags="2">
        <result msg="1 prerequisite assertion:" baseImage="choice_item.gif" flags="2">
          <result msg="Unique(return)  on  java.lang.Object.Object()  at  java.lang.Object" baseImage="annotation.gif" flags="2" />
        </result>
      </result>
    </result>
    <result msg="Borrowed(this)  on  borrowedThis.UseIt.UseIt(int)  at  UseIt.java line 14" source="/TestUniqueReturnOnConstructor/src/borrowedThis/UseIt.java.html" line="14" baseImage="annotation.gif" flags="4">
      <result msg="Control flow of constructor borrowedThis.UseIt.UseIt(int)  at  UseIt.java line 14" source="/TestUniqueReturnOnConstructor/src/borrowedThis/UseIt.java.html" line="14" baseImage="red_x.gif" flags="0">
        <result msg="supporting information: Borrowed value on stack shared  at  UseIt.java line 16" source="/TestUniqueReturnOnConstructor/src/borrowedThis/UseIt.java.html" line="16" baseImage="info.gif" flags="0" />
      </result>
      <result msg="Unique return value of call super  at  UseIt.java line 16" source="/TestUniqueReturnOnConstructor/src/borrowedThis/UseIt.java.html" line="16" baseImage="plus.gif" flags="2">
        <result msg="1 prerequisite assertion:" baseImage="choice_item.gif" flags="2">
          <result msg="Unique(return)  on  java.lang.Object.Object()  at  java.lang.Object" baseImage="annotation.gif" flags="2" />
        </result>
      </result>
    </result>
    <result msg="Borrowed(this)  on  sanityChecks.C.C(double)  at  C.java line 77" source="/TestUniqueReturnOnConstructor/src/sanityChecks/C.java.html" line="77" baseImage="annotation.gif" flags="2">
      <result msg="Control flow of constructor sanityChecks.C.C(double)  at  C.java line 77" source="/TestUniqueReturnOnConstructor/src/sanityChecks/C.java.html" line="77" baseImage="plus.gif" flags="0" />
      <result msg="Unique return value of call super  at  C.java line 79" source="/TestUniqueReturnOnConstructor/src/sanityChecks/C.java.html" line="79" baseImage="plus.gif" flags="2">
        <result msg="1 prerequisite assertion:" baseImage="choice_item.gif" flags="2">
          <result msg="Unique(return)  on  java.lang.Object.Object()  at  java.lang.Object" baseImage="annotation.gif" flags="2" />
        </result>
      </result>
    </result>
    <result msg="Borrowed(this)  on  sanityChecks.C.foo()  at  C.java line 90" source="/TestUniqueReturnOnConstructor/src/sanityChecks/C.java.html" line="90" baseImage="annotation.gif" flags="2">
      <result msg="Control flow of method sanityChecks.C.foo()  at  C.java line 90" source="/TestUniqueReturnOnConstructor/src/sanityChecks/C.java.html" line="90" baseImage="plus.gif" flags="0" />
    </result>
    <result msg="Unique  on  other  at  RelyOnBorrowedThis.java line 7" source="/TestUniqueReturnOnConstructor/src/borrowedThis/RelyOnBorrowedThis.java.html" line="7" baseImage="annotation.gif" flags="2">
      <result msg="Assurance conservatively depends on the unique fields accessed in method borrowedThis.RelyOnBorrowedThis.RelyOnBorrowedThis()  at  RelyOnBorrowedThis.java line 10" source="/TestUniqueReturnOnConstructor/src/borrowedThis/RelyOnBorrowedThis.java.html" line="10" baseImage="plus.gif" flags="2">
        <result msg="1 prerequisite assertion:" baseImage="choice_item.gif" flags="2">
          <result msg="Unique  on  other  at  RelyOnBorrowedThis.java line 7 -- BACKEDGE" source="/TestUniqueReturnOnConstructor/src/borrowedThis/RelyOnBorrowedThis.java.html" line="7" baseImage="annotation.gif" flags="2" />
        </result>
      </result>
      <result msg="Borrowed parameters of call new borrowedThis.Other  at  RelyOnBorrowedThis.java line 11" source="/TestUniqueReturnOnConstructor/src/borrowedThis/RelyOnBorrowedThis.java.html" line="11" baseImage="plus.gif" flags="2">
        <result msg="1 prerequisite assertion:" baseImage="choice_item.gif" flags="2">
          <result msg="Borrowed(this)  on  borrowedThis.Other.Other()  at  RelyOnBorrowedThis.java line 16" source="/TestUniqueReturnOnConstructor/src/borrowedThis/RelyOnBorrowedThis.java.html" line="16" baseImage="annotation.gif" flags="2">
            <result msg="Control flow of constructor borrowedThis.Other.Other()  at  RelyOnBorrowedThis.java line 16" source="/TestUniqueReturnOnConstructor/src/borrowedThis/RelyOnBorrowedThis.java.html" line="16" baseImage="plus.gif" flags="0" />
            <result msg="Unique return value of call super  at  RelyOnBorrowedThis.java line 18" source="/TestUniqueReturnOnConstructor/src/borrowedThis/RelyOnBorrowedThis.java.html" line="18" baseImage="plus.gif" flags="2">
              <result msg="1 prerequisite assertion:" baseImage="choice_item.gif" flags="2">
                <result msg="Unique(return)  on  java.lang.Object.Object()  at  java.lang.Object" baseImage="annotation.gif" flags="2" />
              </result>
            </result>
          </result>
        </result>
      </result>
      <result msg="Control flow of constructor borrowedThis.RelyOnBorrowedThis.RelyOnBorrowedThis()  at  RelyOnBorrowedThis.java line 10" source="/TestUniqueReturnOnConstructor/src/borrowedThis/RelyOnBorrowedThis.java.html" line="10" baseImage="plus.gif" flags="0" />
      <result msg="Effects of call super  at  RelyOnBorrowedThis.java line 11" source="/TestUniqueReturnOnConstructor/src/borrowedThis/RelyOnBorrowedThis.java.html" line="11" baseImage="plus.gif" flags="2">
        <result msg="1 prerequisite assertion:" baseImage="choice_item.gif" flags="2">
          <result msg="No effects on java.lang.Object.Object()  at  java.lang.Object" baseImage="annotation.gif" flags="2" />
        </result>
      </result>
      <result msg="Unique return value of call super  at  RelyOnBorrowedThis.java line 11" source="/TestUniqueReturnOnConstructor/src/borrowedThis/RelyOnBorrowedThis.java.html" line="11" baseImage="plus.gif" flags="2">
        <result msg="1 prerequisite assertion:" baseImage="choice_item.gif" flags="2">
          <result msg="Unique(return)  on  java.lang.Object.Object()  at  java.lang.Object" baseImage="annotation.gif" flags="2" />
        </result>
      </result>
    </result>
    <result msg="Unique  on  other  at  RelyOnUniqueReturn.java line 7" source="/TestUniqueReturnOnConstructor/src/uniqueReturn/RelyOnUniqueReturn.java.html" line="7" baseImage="annotation.gif" flags="2">
      <result msg="Assurance conservatively depends on the unique fields accessed in method uniqueReturn.RelyOnUniqueReturn.RelyOnUniqueReturn()  at  RelyOnUniqueReturn.java line 10" source="/TestUniqueReturnOnConstructor/src/uniqueReturn/RelyOnUniqueReturn.java.html" line="10" baseImage="plus.gif" flags="2">
        <result msg="1 prerequisite assertion:" baseImage="choice_item.gif" flags="2">
          <result msg="Unique  on  other  at  RelyOnUniqueReturn.java line 7 -- BACKEDGE" source="/TestUniqueReturnOnConstructor/src/uniqueReturn/RelyOnUniqueReturn.java.html" line="7" baseImage="annotation.gif" flags="2" />
        </result>
      </result>
      <result msg="Control flow of constructor uniqueReturn.RelyOnUniqueReturn.RelyOnUniqueReturn()  at  RelyOnUniqueReturn.java line 10" source="/TestUniqueReturnOnConstructor/src/uniqueReturn/RelyOnUniqueReturn.java.html" line="10" baseImage="plus.gif" flags="0" />
      <result msg="Effects of call super  at  RelyOnUniqueReturn.java line 11" source="/TestUniqueReturnOnConstructor/src/uniqueReturn/RelyOnUniqueReturn.java.html" line="11" baseImage="plus.gif" flags="2">
        <result msg="1 prerequisite assertion:" baseImage="choice_item.gif" flags="2">
          <result msg="No effects on java.lang.Object.Object()  at  java.lang.Object" baseImage="annotation.gif" flags="2" />
        </result>
      </result>
      <result msg="Unique return value of call new uniqueReturn.Other  at  RelyOnUniqueReturn.java line 11" source="/TestUniqueReturnOnConstructor/src/uniqueReturn/RelyOnUniqueReturn.java.html" line="11" baseImage="plus.gif" flags="2">
        <result msg="1 prerequisite assertion:" baseImage="choice_item.gif" flags="2">
          <result msg="Unique(return)  on  uniqueReturn.Other.Other()  at  RelyOnUniqueReturn.java line 16" source="/TestUniqueReturnOnConstructor/src/uniqueReturn/RelyOnUniqueReturn.java.html" line="16" baseImage="annotation.gif" flags="2">
            <result msg="Control flow of constructor uniqueReturn.Other.Other()  at  RelyOnUniqueReturn.java line 16" source="/TestUniqueReturnOnConstructor/src/uniqueReturn/RelyOnUniqueReturn.java.html" line="16" baseImage="plus.gif" flags="0" />
            <result msg="Unique return value of call super  at  RelyOnUniqueReturn.java line 18" source="/TestUniqueReturnOnConstructor/src/uniqueReturn/RelyOnUniqueReturn.java.html" line="18" baseImage="plus.gif" flags="2">
              <result msg="1 prerequisite assertion:" baseImage="choice_item.gif" flags="2">
                <result msg="Unique(return)  on  java.lang.Object.Object()  at  java.lang.Object" baseImage="annotation.gif" flags="2" />
              </result>
            </result>
          </result>
        </result>
      </result>
      <result msg="Unique return value of call super  at  RelyOnUniqueReturn.java line 11" source="/TestUniqueReturnOnConstructor/src/uniqueReturn/RelyOnUniqueReturn.java.html" line="11" baseImage="plus.gif" flags="2">
        <result msg="1 prerequisite assertion:" baseImage="choice_item.gif" flags="2">
          <result msg="Unique(return)  on  java.lang.Object.Object()  at  java.lang.Object" baseImage="annotation.gif" flags="2" />
        </result>
      </result>
    </result>
    <result msg="Unique(return)  on  sanityChecks.C.C()  at  C.java line 52" source="/TestUniqueReturnOnConstructor/src/sanityChecks/C.java.html" line="52" baseImage="annotation.gif" flags="2">
      <result msg="Control flow of constructor sanityChecks.C.C()  at  C.java line 52" source="/TestUniqueReturnOnConstructor/src/sanityChecks/C.java.html" line="52" baseImage="plus.gif" flags="0" />
      <result msg="Unique return value of call super  at  C.java line 54" source="/TestUniqueReturnOnConstructor/src/sanityChecks/C.java.html" line="54" baseImage="plus.gif" flags="2">
        <result msg="1 prerequisite assertion:" baseImage="choice_item.gif" flags="2">
          <result msg="Unique(return)  on  java.lang.Object.Object()  at  java.lang.Object" baseImage="annotation.gif" flags="2" />
        </result>
      </result>
    </result>
    <result msg="Unique(return)  on  sanityChecks.C.C(double,double)  at  C.java line 84" source="/TestUniqueReturnOnConstructor/src/sanityChecks/C.java.html" line="84" baseImage="annotation.gif" flags="2">
      <result msg="Control flow of constructor sanityChecks.C.C(double,double)  at  C.java line 83" source="/TestUniqueReturnOnConstructor/src/sanityChecks/C.java.html" line="83" baseImage="plus.gif" flags="0" />
      <result msg="Unique return value of call super  at  C.java line 86" source="/TestUniqueReturnOnConstructor/src/sanityChecks/C.java.html" line="86" baseImage="plus.gif" flags="2">
        <result msg="1 prerequisite assertion:" baseImage="choice_item.gif" flags="2">
          <result msg="Unique(return)  on  java.lang.Object.Object()  at  java.lang.Object" baseImage="annotation.gif" flags="2" />
        </result>
      </result>
    </result>
    <result msg="Unique(return)  on  sanityChecks.C.foo()  at  C.java line 91" source="/TestUniqueReturnOnConstructor/src/sanityChecks/C.java.html" line="91" baseImage="annotation.gif" flags="2">
      <result msg="Control flow of method sanityChecks.C.foo()  at  C.java line 90" source="/TestUniqueReturnOnConstructor/src/sanityChecks/C.java.html" line="90" baseImage="plus.gif" flags="0" />
    </result>
    <result msg="Unique(return)  on  sanityChecks.C.uniqueReturn()  at  C.java line 8" source="/TestUniqueReturnOnConstructor/src/sanityChecks/C.java.html" line="8" baseImage="annotation.gif" flags="2">
      <result msg="Control flow of method sanityChecks.C.uniqueReturn()  at  C.java line 8" source="/TestUniqueReturnOnConstructor/src/sanityChecks/C.java.html" line="8" baseImage="plus.gif" flags="0" />
      <result msg="Unique return value of call new java.lang.Object  at  C.java line 10" source="/TestUniqueReturnOnConstructor/src/sanityChecks/C.java.html" line="10" baseImage="plus.gif" flags="2">
        <result msg="1 prerequisite assertion:" baseImage="choice_item.gif" flags="2">
          <result msg="Unique(return)  on  java.lang.Object.Object()  at  java.lang.Object" baseImage="annotation.gif" flags="2" />
        </result>
      </result>
    </result>
    <result msg="Unique(return)  on  sanityChecks.C.uniqueReturnThis()  at  C.java line 20" source="/TestUniqueReturnOnConstructor/src/sanityChecks/C.java.html" line="20" baseImage="annotation.gif" flags="2">
      <result msg="Assurance conservatively depends on the unique parameters of method sanityChecks.C.uniqueReturnThis()  at  C.java line 20" source="/TestUniqueReturnOnConstructor/src/sanityChecks/C.java.html" line="20" baseImage="plus.gif" flags="2">
        <result msg="1 prerequisite assertion:" baseImage="choice_item.gif" flags="2">
          <result msg="Unique(this)  on  sanityChecks.C.uniqueReturnThis()  at  C.java line 20" source="/TestUniqueReturnOnConstructor/src/sanityChecks/C.java.html" line="20" baseImage="annotation.gif" flags="2">
            <result msg="Control flow of method sanityChecks.C.uniqueReturnThis()  at  C.java line 20" source="/TestUniqueReturnOnConstructor/src/sanityChecks/C.java.html" line="20" baseImage="plus.gif" flags="0" />
          </result>
        </result>
      </result>
      <result msg="Control flow of method sanityChecks.C.uniqueReturnThis()  at  C.java line 20" source="/TestUniqueReturnOnConstructor/src/sanityChecks/C.java.html" line="20" baseImage="plus.gif" flags="0" />
      <result msg="Unique return value of call new java.lang.Object  at  C.java line 22" source="/TestUniqueReturnOnConstructor/src/sanityChecks/C.java.html" line="22" baseImage="plus.gif" flags="2">
        <result msg="1 prerequisite assertion:" baseImage="choice_item.gif" flags="2">
          <result msg="Unique(return)  on  java.lang.Object.Object()  at  java.lang.Object" baseImage="annotation.gif" flags="2" />
        </result>
      </result>
    </result>
    <result msg="Unique(return)  on  sanityChecks.C.uniqueThisReturn()  at  C.java line 26" source="/TestUniqueReturnOnConstructor/src/sanityChecks/C.java.html" line="26" baseImage="annotation.gif" flags="2">
      <result msg="Assurance conservatively depends on the unique parameters of method sanityChecks.C.uniqueThisReturn()  at  C.java line 26" source="/TestUniqueReturnOnConstructor/src/sanityChecks/C.java.html" line="26" baseImage="plus.gif" flags="2">
        <result msg="1 prerequisite assertion:" baseImage="choice_item.gif" flags="2">
          <result msg="Unique(this)  on  sanityChecks.C.uniqueThisReturn()  at  C.java line 26" source="/TestUniqueReturnOnConstructor/src/sanityChecks/C.java.html" line="26" baseImage="annotation.gif" flags="2">
            <result msg="Control flow of method sanityChecks.C.uniqueThisReturn()  at  C.java line 26" source="/TestUniqueReturnOnConstructor/src/sanityChecks/C.java.html" line="26" baseImage="plus.gif" flags="0" />
          </result>
        </result>
      </result>
      <result msg="Control flow of method sanityChecks.C.uniqueThisReturn()  at  C.java line 26" source="/TestUniqueReturnOnConstructor/src/sanityChecks/C.java.html" line="26" baseImage="plus.gif" flags="0" />
      <result msg="Unique return value of call new java.lang.Object  at  C.java line 28" source="/TestUniqueReturnOnConstructor/src/sanityChecks/C.java.html" line="28" baseImage="plus.gif" flags="2">
        <result msg="1 prerequisite assertion:" baseImage="choice_item.gif" flags="2">
          <result msg="Unique(return)  on  java.lang.Object.Object()  at  java.lang.Object" baseImage="annotation.gif" flags="2" />
        </result>
      </result>
    </result>
    <result msg="Unique(return)  on  uniqueReturn.Other.Other()  at  RelyOnUniqueReturn.java line 16" source="/TestUniqueReturnOnConstructor/src/uniqueReturn/RelyOnUniqueReturn.java.html" line="16" baseImage="annotation.gif" flags="2">
      <result msg="Control flow of constructor uniqueReturn.Other.Other()  at  RelyOnUniqueReturn.java line 16" source="/TestUniqueReturnOnConstructor/src/uniqueReturn/RelyOnUniqueReturn.java.html" line="16" baseImage="plus.gif" flags="0" />
      <result msg="Unique return value of call super  at  RelyOnUniqueReturn.java line 18" source="/TestUniqueReturnOnConstructor/src/uniqueReturn/RelyOnUniqueReturn.java.html" line="18" baseImage="plus.gif" flags="2">
        <result msg="1 prerequisite assertion:" baseImage="choice_item.gif" flags="2">
          <result msg="Unique(return)  on  java.lang.Object.Object()  at  java.lang.Object" baseImage="annotation.gif" flags="2" />
        </result>
      </result>
    </result>
    <result msg="Unique(return)  on  uniqueReturn.TestSingleThreaded.TestSingleThreaded()  at  TestSingleThreaded.java line 13" source="/TestUniqueReturnOnConstructor/src/uniqueReturn/TestSingleThreaded.java.html" line="13" baseImage="annotation.gif" flags="2">
      <result msg="Control flow of constructor uniqueReturn.TestSingleThreaded.TestSingleThreaded()  at  TestSingleThreaded.java line 12" source="/TestUniqueReturnOnConstructor/src/uniqueReturn/TestSingleThreaded.java.html" line="12" baseImage="plus.gif" flags="0" />
      <result msg="Unique return value of call super  at  TestSingleThreaded.java line 15" source="/TestUniqueReturnOnConstructor/src/uniqueReturn/TestSingleThreaded.java.html" line="15" baseImage="plus.gif" flags="2">
        <result msg="1 prerequisite assertion:" baseImage="choice_item.gif" flags="2">
          <result msg="Unique(return)  on  java.lang.Object.Object()  at  java.lang.Object" baseImage="annotation.gif" flags="2" />
        </result>
      </result>
    </result>
    <result msg="Unique(return)  on  uniqueReturn.TestSingleThreaded.TestSingleThreaded(int,int)  at  TestSingleThreaded.java line 28" source="/TestUniqueReturnOnConstructor/src/uniqueReturn/TestSingleThreaded.java.html" line="28" baseImage="annotation.gif" flags="2">
      <result msg="Control flow of constructor uniqueReturn.TestSingleThreaded.TestSingleThreaded(int,int)  at  TestSingleThreaded.java line 25" source="/TestUniqueReturnOnConstructor/src/uniqueReturn/TestSingleThreaded.java.html" line="25" baseImage="plus.gif" flags="0" />
      <result msg="Unique return value of call super  at  TestSingleThreaded.java line 30" source="/TestUniqueReturnOnConstructor/src/uniqueReturn/TestSingleThreaded.java.html" line="30" baseImage="plus.gif" flags="2">
        <result msg="1 prerequisite assertion:" baseImage="choice_item.gif" flags="2">
          <result msg="Unique(return)  on  java.lang.Object.Object()  at  java.lang.Object" baseImage="annotation.gif" flags="2" />
        </result>
      </result>
    </result>
    <result msg="Unique(return)  on  uniqueReturn.TestSingleThreaded.TestSingleThreaded(int,int,int)  at  TestSingleThreaded.java line 36" source="/TestUniqueReturnOnConstructor/src/uniqueReturn/TestSingleThreaded.java.html" line="36" baseImage="annotation.gif" flags="4">
      <result msg="Control flow of constructor uniqueReturn.TestSingleThreaded.TestSingleThreaded(int,int,int)  at  TestSingleThreaded.java line 33" source="/TestUniqueReturnOnConstructor/src/uniqueReturn/TestSingleThreaded.java.html" line="33" baseImage="red_x.gif" flags="0">
        <result msg="supporting information: Borrowed value on stack shared  at  TestSingleThreaded.java line 39" source="/TestUniqueReturnOnConstructor/src/uniqueReturn/TestSingleThreaded.java.html" line="39" baseImage="info.gif" flags="0" />
      </result>
      <result msg="Unique return value of call super  at  TestSingleThreaded.java line 38" source="/TestUniqueReturnOnConstructor/src/uniqueReturn/TestSingleThreaded.java.html" line="38" baseImage="plus.gif" flags="2">
        <result msg="1 prerequisite assertion:" baseImage="choice_item.gif" flags="2">
          <result msg="Unique(return)  on  java.lang.Object.Object()  at  java.lang.Object" baseImage="annotation.gif" flags="2" />
        </result>
      </result>
    </result>
    <result msg="Unique(return)  on  uniqueReturn.TestSingleThreaded.TestSingleThreaded(int,int,int,int)  at  TestSingleThreaded.java line 45" source="/TestUniqueReturnOnConstructor/src/uniqueReturn/TestSingleThreaded.java.html" line="45" baseImage="annotation.gif" flags="2">
      <result msg="Borrowed parameters of call new java.lang.Thread  at  TestSingleThreaded.java line 48" source="/TestUniqueReturnOnConstructor/src/uniqueReturn/TestSingleThreaded.java.html" line="48" baseImage="plus.gif" flags="2">
        <result msg="1 prerequisite assertion:" baseImage="choice_item.gif" flags="2">
          <result msg="Borrowed(this)  on  java.lang.Thread.Thread()  at  java.lang.Thread" baseImage="annotation.gif" flags="2" />
        </result>
      </result>
      <result msg="Control flow of constructor uniqueReturn.TestSingleThreaded.TestSingleThreaded(int,int,int,int)  at  TestSingleThreaded.java line 42" source="/TestUniqueReturnOnConstructor/src/uniqueReturn/TestSingleThreaded.java.html" line="42" baseImage="plus.gif" flags="0" />
      <result msg="Unique return value of call super  at  TestSingleThreaded.java line 47" source="/TestUniqueReturnOnConstructor/src/uniqueReturn/TestSingleThreaded.java.html" line="47" baseImage="plus.gif" flags="2">
        <result msg="1 prerequisite assertion:" baseImage="choice_item.gif" flags="2">
          <result msg="Unique(return)  on  java.lang.Object.Object()  at  java.lang.Object" baseImage="annotation.gif" flags="2" />
        </result>
      </result>
    </result>
    <result msg="Unique(return)  on  uniqueReturn.UseIt.UseIt()  at  UseIt.java line 8" source="/TestUniqueReturnOnConstructor/src/uniqueReturn/UseIt.java.html" line="8" baseImage="annotation.gif" flags="2">
      <result msg="Control flow of constructor uniqueReturn.UseIt.UseIt()  at  UseIt.java line 8" source="/TestUniqueReturnOnConstructor/src/uniqueReturn/UseIt.java.html" line="8" baseImage="plus.gif" flags="0" />
      <result msg="Unique return value of call super  at  UseIt.java line 10" source="/TestUniqueReturnOnConstructor/src/uniqueReturn/UseIt.java.html" line="10" baseImage="plus.gif" flags="2">
        <result msg="1 prerequisite assertion:" baseImage="choice_item.gif" flags="2">
          <result msg="Unique(return)  on  java.lang.Object.Object()  at  java.lang.Object" baseImage="annotation.gif" flags="2" />
        </result>
      </result>
    </result>
    <result msg="Unique(return)  on  uniqueReturn.UseIt.UseIt(int)  at  UseIt.java line 14" source="/TestUniqueReturnOnConstructor/src/uniqueReturn/UseIt.java.html" line="14" baseImage="annotation.gif" flags="4">
      <result msg="Control flow of constructor uniqueReturn.UseIt.UseIt(int)  at  UseIt.java line 14" source="/TestUniqueReturnOnConstructor/src/uniqueReturn/UseIt.java.html" line="14" baseImage="red_x.gif" flags="0">
        <result msg="supporting information: Borrowed value on stack shared  at  UseIt.java line 16" source="/TestUniqueReturnOnConstructor/src/uniqueReturn/UseIt.java.html" line="16" baseImage="info.gif" flags="0" />
      </result>
      <result msg="Unique return value of call super  at  UseIt.java line 16" source="/TestUniqueReturnOnConstructor/src/uniqueReturn/UseIt.java.html" line="16" baseImage="plus.gif" flags="2">
        <result msg="1 prerequisite assertion:" baseImage="choice_item.gif" flags="2">
          <result msg="Unique(return)  on  java.lang.Object.Object()  at  java.lang.Object" baseImage="annotation.gif" flags="2" />
        </result>
      </result>
    </result>
    <result msg="Unique(this)  on  sanityChecks.C.uniqueReturnThis()  at  C.java line 20" source="/TestUniqueReturnOnConstructor/src/sanityChecks/C.java.html" line="20" baseImage="annotation.gif" flags="2">
      <result msg="Control flow of method sanityChecks.C.uniqueReturnThis()  at  C.java line 20" source="/TestUniqueReturnOnConstructor/src/sanityChecks/C.java.html" line="20" baseImage="plus.gif" flags="0" />
    </result>
    <result msg="Unique(this)  on  sanityChecks.C.uniqueThis()  at  C.java line 14" source="/TestUniqueReturnOnConstructor/src/sanityChecks/C.java.html" line="14" baseImage="annotation.gif" flags="2">
      <result msg="Control flow of method sanityChecks.C.uniqueThis()  at  C.java line 14" source="/TestUniqueReturnOnConstructor/src/sanityChecks/C.java.html" line="14" baseImage="plus.gif" flags="0" />
    </result>
    <result msg="Unique(this)  on  sanityChecks.C.uniqueThisReturn()  at  C.java line 26" source="/TestUniqueReturnOnConstructor/src/sanityChecks/C.java.html" line="26" baseImage="annotation.gif" flags="2">
      <result msg="Control flow of method sanityChecks.C.uniqueThisReturn()  at  C.java line 26" source="/TestUniqueReturnOnConstructor/src/sanityChecks/C.java.html" line="26" baseImage="plus.gif" flags="0" />
    </result>
    <result msg="Unique(this)  on  sanityChecks.C.voidMethod_uniqueThis()  at  C.java line 39" source="/TestUniqueReturnOnConstructor/src/sanityChecks/C.java.html" line="39" baseImage="annotation.gif" flags="2">
      <result msg="Control flow of method sanityChecks.C.voidMethod_uniqueThis()  at  C.java line 39" source="/TestUniqueReturnOnConstructor/src/sanityChecks/C.java.html" line="39" baseImage="plus.gif" flags="0" />
    </result>
  </result>
</root>