<analyses>
	<analysis id="edu.cmu.cs.fluid.dcf.PackageLevelPreprocessing" />
	<analysis id="edu.cmu.cs.fluid.dcf.PromiseScrubber" />
	<analysis id="edu.cmu.cs.fluid.dcf.PromiseParser" />
	<analysis id="edu.cmu.cs.fluid.dcf.LockAssurance3" />
	<analysis id="edu.cmu.cs.fluid.dcf.UniquenessAssurance2" />
	<analysis id="edu.cmu.cs.fluid.dcf.ConvertToIR" />
	<analysis id="edu.cmu.cs.fluid.dcf.EffectAssurance2" />
	<analysis id="edu.cmu.cs.fluid.dcf.ThreadEffectAssurance2" />
	<analysis id="edu.cmu.cs.fluid.dcf.UpdateSuperRootStorage" />
	<analysis id="edu.cmu.cs.fluid.dcf.IRConcurrencyDetector" />
</analyses>
