<root msg="Assurance Results">
  <result msg="Concurrency (1 issue)" baseImage="tallyho.gif" flags="10" reddots="1">
    <result msg="RegionLock java.lang.Object.MUTEX is this protects WaitQueue  on  Object  at  java.lang.Object" baseImage="promise.gif" flags="26" reddots="1">
      <result msg="5 lock precondition(s)" baseImage="folder.gif" flags="2">
        <result msg="RequiresLock RequiresLock MUTEX  on  java.lang.Object.notify()  at  java.lang.Object" baseImage="promise.gif" flags="2" />
        <result msg="RequiresLock RequiresLock MUTEX  on  java.lang.Object.notifyAll()  at  java.lang.Object" baseImage="promise.gif" flags="2" />
        <result msg="RequiresLock RequiresLock MUTEX  on  java.lang.Object.wait()  at  java.lang.Object" baseImage="promise.gif" flags="2" />
        <result msg="RequiresLock RequiresLock MUTEX  on  java.lang.Object.wait(long)  at  java.lang.Object" baseImage="promise.gif" flags="2" />
        <result msg="RequiresLock RequiresLock MUTEX  on  java.lang.Object.wait(long,int)  at  java.lang.Object" baseImage="promise.gif" flags="2" />
      </result>
      <result msg="Region public java.lang.Object.WaitQueue  at  java.lang.Object" baseImage="promise.gif" flags="0">
        <result msg="Region public java.lang.Object.Instance  at  java.lang.Object" baseImage="promise.gif" flags="0">
          <result msg="Region public static java.lang.Object.All  at  java.lang.Object" baseImage="promise.gif" flags="0" />
        </result>
      </result>
    </result>
  </result>
  <result msg="Regions (9 issues)" baseImage="tallyho.gif" flags="10" reddots="1">
    <result msg="Region private test.Test.B  at  Test.java line 16" source="/NewRegionRules/src/test/Test.java.html" line="16" baseImage="promise.gif" flags="0">
      <result msg="Region private test.Test.regularField  at  Test.java line 44" source="/NewRegionRules/src/test/Test.java.html" line="44" baseImage="promise.gif" flags="0" />
    </result>
    <result msg="Region private test.Test.ZZZ  at  Test.java line 23" source="/NewRegionRules/src/test/Test.java.html" line="23" baseImage="promise.gif" flags="0">
      <result msg="Region private test.Test.topField  at  Test.java line 75" source="/NewRegionRules/src/test/Test.java.html" line="75" baseImage="promise.gif" flags="0" />
    </result>
    <result msg="Region private test.Test.aggIntoRegular  at  Test.java line 68" source="/NewRegionRules/src/test/Test.java.html" line="68" baseImage="promise.gif" flags="0">
      <result msg="Aggregate  Instance into regularField  at  Test.java line 67" source="/NewRegionRules/src/test/Test.java.html" line="67" baseImage="promise.gif" flags="26" reddots="1" />
    </result>
    <result msg="Region private test.Test.finalField  at  Test.java line 43" source="/NewRegionRules/src/test/Test.java.html" line="43" baseImage="promise.gif" flags="0" />
    <result msg="Region private test.Test.thisOne  at  Test.java line 79" source="/NewRegionRules/src/test/Test.java.html" line="79" baseImage="promise.gif" flags="0">
      <result msg="supporting information: via @InRegion annotation  at  Test.java line 79" source="/NewRegionRules/src/test/Test.java.html" line="79" baseImage="info.gif" flags="0" />
      <result msg="Region private test.Test.otherOne  at  Test.java line 82" source="/NewRegionRules/src/test/Test.java.html" line="82" baseImage="promise.gif" flags="0" />
    </result>
    <result msg="Region private test.Test.volatileField  at  Test.java line 42" source="/NewRegionRules/src/test/Test.java.html" line="42" baseImage="promise.gif" flags="0" />
    <result msg="Region private test.Test.z  at  Test.java line 53" source="/NewRegionRules/src/test/Test.java.html" line="53" baseImage="promise.gif" flags="0">
      <result msg="supporting information: via @InRegion annotation  at  Test.java line 53" source="/NewRegionRules/src/test/Test.java.html" line="53" baseImage="info.gif" flags="0" />
      <result msg="Region private test.Test.regularField  at  Test.java line 44" source="/NewRegionRules/src/test/Test.java.html" line="44" baseImage="promise.gif" flags="0" />
    </result>
    <result msg="Region public []  at  java.lang.[]" baseImage="promise.gif" flags="0" />
    <result msg="Region public length  at  java.lang.[]" baseImage="promise.gif" flags="0" />
  </result>
  <result msg="Uniqueness (9 issues)" baseImage="tallyho.gif" flags="10" reddots="1">
    <result msg="Other control flow for   /* is CONSISTENT */  @ com.surelogic.Unique () final private java.lang.Object goodUnique2 = new # #;  at  Test.java line 35" source="/NewRegionRules/src/test/Test.java.html" line="35" baseImage="promise.gif" flags="26" reddots="1" />
    <result msg="Other control flow for @ com.surelogic.Unique   /* is CONSISTENT */  @ com.surelogic.Aggregate ( Instance into regularField ) final private java.lang.Object aggIntoRegular = new # #;  at  Test.java line 66" source="/NewRegionRules/src/test/Test.java.html" line="66" baseImage="promise.gif" flags="26" reddots="1" />
    <result msg="Other control flow for @ com.surelogic.Unique   /* is UNASSOCIATED */  @ com.surelogic.Aggregate ( Instance into finalField ) final private java.lang.Object aggIntoFinal = new # #;  at  Test.java line 58" source="/NewRegionRules/src/test/Test.java.html" line="58" baseImage="promise.gif" flags="26" reddots="1" />
    <result msg="Other control flow for @ com.surelogic.Unique   /* is UNASSOCIATED */  @ com.surelogic.Aggregate ( Instance into volatileField ) final private java.lang.Object aggIntoVolatile = new # #;  at  Test.java line 62" source="/NewRegionRules/src/test/Test.java.html" line="62" baseImage="promise.gif" flags="26" reddots="1" />
    <result msg="Unique  on  aggIntoFinal  at  Test.java line 58" source="/NewRegionRules/src/test/Test.java.html" line="58" baseImage="promise.gif" flags="10" reddots="1">
      <result msg="Borrowed parameters of call &quot;new java.lang.Object&quot;  at  Test.java line 60" source="/NewRegionRules/src/test/Test.java.html" line="60" baseImage="plus.gif" flags="2">
        <result msg="1 precondition:" baseImage="choice_item.gif" flags="2">
          <result msg="Borrowed this on java.lang.Object.Object()  at  java.lang.Object" baseImage="promise.gif" flags="2" />
        </result>
      </result>
      <result msg="Conservative dependency  at  Test.java line 60" source="/NewRegionRules/src/test/Test.java.html" line="60" baseImage="plus.gif" flags="10" reddots="1">
        <result msg="1 precondition:" baseImage="choice_item.gif" flags="10" reddots="1">
          <result msg="Other control flow for @ com.surelogic.Unique   /* is UNASSOCIATED */  @ com.surelogic.Aggregate ( Instance into finalField ) final private java.lang.Object aggIntoFinal = new # #;  at  Test.java line 58" source="/NewRegionRules/src/test/Test.java.html" line="58" baseImage="promise.gif" flags="26" reddots="1" />
        </result>
      </result>
      <result msg="Effects of call &quot;new java.lang.Object&quot;  at  Test.java line 60" source="/NewRegionRules/src/test/Test.java.html" line="60" baseImage="plus.gif" flags="2">
        <result msg="1 precondition:" baseImage="choice_item.gif" flags="2">
          <result msg="No effects on java.lang.Object.Object()  at  java.lang.Object" baseImage="promise.gif" flags="2" />
        </result>
      </result>
    </result>
    <result msg="Unique  on  aggIntoRegular  at  Test.java line 66" source="/NewRegionRules/src/test/Test.java.html" line="66" baseImage="promise.gif" flags="10" reddots="1">
      <result msg="Borrowed parameters of call &quot;new java.lang.Object&quot;  at  Test.java line 68" source="/NewRegionRules/src/test/Test.java.html" line="68" baseImage="plus.gif" flags="2">
        <result msg="1 precondition:" baseImage="choice_item.gif" flags="2">
          <result msg="Borrowed this on java.lang.Object.Object()  at  java.lang.Object" baseImage="promise.gif" flags="2" />
        </result>
      </result>
      <result msg="Conservative dependency  at  Test.java line 68" source="/NewRegionRules/src/test/Test.java.html" line="68" baseImage="plus.gif" flags="10" reddots="1">
        <result msg="1 precondition:" baseImage="choice_item.gif" flags="10" reddots="1">
          <result msg="Other control flow for @ com.surelogic.Unique   /* is CONSISTENT */  @ com.surelogic.Aggregate ( Instance into regularField ) final private java.lang.Object aggIntoRegular = new # #;  at  Test.java line 66" source="/NewRegionRules/src/test/Test.java.html" line="66" baseImage="promise.gif" flags="26" reddots="1" />
        </result>
      </result>
      <result msg="Effects of call &quot;new java.lang.Object&quot;  at  Test.java line 68" source="/NewRegionRules/src/test/Test.java.html" line="68" baseImage="plus.gif" flags="2">
        <result msg="1 precondition:" baseImage="choice_item.gif" flags="2">
          <result msg="No effects on java.lang.Object.Object()  at  java.lang.Object" baseImage="promise.gif" flags="2" />
        </result>
      </result>
    </result>
    <result msg="Unique  on  aggIntoVolatile  at  Test.java line 62" source="/NewRegionRules/src/test/Test.java.html" line="62" baseImage="promise.gif" flags="10" reddots="1">
      <result msg="Borrowed parameters of call &quot;new java.lang.Object&quot;  at  Test.java line 64" source="/NewRegionRules/src/test/Test.java.html" line="64" baseImage="plus.gif" flags="2">
        <result msg="1 precondition:" baseImage="choice_item.gif" flags="2">
          <result msg="Borrowed this on java.lang.Object.Object()  at  java.lang.Object" baseImage="promise.gif" flags="2" />
        </result>
      </result>
      <result msg="Conservative dependency  at  Test.java line 64" source="/NewRegionRules/src/test/Test.java.html" line="64" baseImage="plus.gif" flags="10" reddots="1">
        <result msg="1 precondition:" baseImage="choice_item.gif" flags="10" reddots="1">
          <result msg="Other control flow for @ com.surelogic.Unique   /* is UNASSOCIATED */  @ com.surelogic.Aggregate ( Instance into volatileField ) final private java.lang.Object aggIntoVolatile = new # #;  at  Test.java line 62" source="/NewRegionRules/src/test/Test.java.html" line="62" baseImage="promise.gif" flags="26" reddots="1" />
        </result>
      </result>
      <result msg="Effects of call &quot;new java.lang.Object&quot;  at  Test.java line 64" source="/NewRegionRules/src/test/Test.java.html" line="64" baseImage="plus.gif" flags="2">
        <result msg="1 precondition:" baseImage="choice_item.gif" flags="2">
          <result msg="No effects on java.lang.Object.Object()  at  java.lang.Object" baseImage="promise.gif" flags="2" />
        </result>
      </result>
    </result>
    <result msg="Unique  on  goodUnique1  at  Test.java line 32" source="/NewRegionRules/src/test/Test.java.html" line="32" baseImage="promise.gif" flags="2" />
    <result msg="Unique  on  goodUnique2  at  Test.java line 35" source="/NewRegionRules/src/test/Test.java.html" line="35" baseImage="promise.gif" flags="10" reddots="1">
      <result msg="Borrowed parameters of call &quot;new java.lang.Object&quot;  at  Test.java line 36" source="/NewRegionRules/src/test/Test.java.html" line="36" baseImage="plus.gif" flags="2">
        <result msg="1 precondition:" baseImage="choice_item.gif" flags="2">
          <result msg="Borrowed this on java.lang.Object.Object()  at  java.lang.Object" baseImage="promise.gif" flags="2" />
        </result>
      </result>
      <result msg="Conservative dependency  at  Test.java line 36" source="/NewRegionRules/src/test/Test.java.html" line="36" baseImage="plus.gif" flags="10" reddots="1">
        <result msg="1 precondition:" baseImage="choice_item.gif" flags="10" reddots="1">
          <result msg="Other control flow for   /* is CONSISTENT */  @ com.surelogic.Unique () final private java.lang.Object goodUnique2 = new # #;  at  Test.java line 35" source="/NewRegionRules/src/test/Test.java.html" line="35" baseImage="promise.gif" flags="26" reddots="1" />
        </result>
      </result>
      <result msg="Effects of call &quot;new java.lang.Object&quot;  at  Test.java line 36" source="/NewRegionRules/src/test/Test.java.html" line="36" baseImage="plus.gif" flags="2">
        <result msg="1 precondition:" baseImage="choice_item.gif" flags="2">
          <result msg="No effects on java.lang.Object.Object()  at  java.lang.Object" baseImage="promise.gif" flags="2" />
        </result>
      </result>
    </result>
  </result>
  <result msg="Aggregate  Instance into finalField  at  Test.java line 59" source="/NewRegionRules/src/test/Test.java.html" line="59" baseImage="promise.gif" flags="26" reddots="1" />
  <result msg="Aggregate  Instance into finalField  at  Test.java line 59" source="/NewRegionRules/src/test/Test.java.html" line="59" baseImage="promise.gif" flags="26" reddots="1" />
  <result msg="Aggregate  Instance into volatileField  at  Test.java line 63" source="/NewRegionRules/src/test/Test.java.html" line="63" baseImage="promise.gif" flags="26" reddots="1" />
  <result msg="Aggregate  Instance into volatileField  at  Test.java line 63" source="/NewRegionRules/src/test/Test.java.html" line="63" baseImage="promise.gif" flags="26" reddots="1" />
  <result msg="InRegion otherOne on thisOne  at  Test.java line 78" source="/NewRegionRules/src/test/Test.java.html" line="78" baseImage="promise.gif" flags="0" />
  <result msg="InRegion regularField on z  at  Test.java line 52" source="/NewRegionRules/src/test/Test.java.html" line="52" baseImage="promise.gif" flags="0" />
</root>