<sourceFiles>
	<package name="com.surelogic">
		<class name="Aggregate.java" source="/promises/src/com/surelogic/Aggregate.java.html"/>
		<class name="AllowsReferencesFrom.java" source="/promises/src/com/surelogic/AllowsReferencesFrom.java.html"/>
		<class name="Assume.java" source="/promises/src/com/surelogic/Assume.java.html"/>
		<class name="Assumes.java" source="/promises/src/com/surelogic/Assumes.java.html"/>
		<class name="Borrowed.java" source="/promises/src/com/surelogic/Borrowed.java.html"/>
		<class name="Component.java" source="/promises/src/com/surelogic/Component.java.html"/>
		<class name="Components.java" source="/promises/src/com/surelogic/Components.java.html"/>
		<class name="InLayer.java" source="/promises/src/com/surelogic/InLayer.java.html"/>
		<class name="IsLock.java" source="/promises/src/com/surelogic/IsLock.java.html"/>
		<class name="Layer.java" source="/promises/src/com/surelogic/Layer.java.html"/>
		<class name="Layers.java" source="/promises/src/com/surelogic/Layers.java.html"/>
		<class name="Lock.java" source="/promises/src/com/surelogic/Lock.java.html"/>
		<class name="Locks.java" source="/promises/src/com/surelogic/Locks.java.html"/>
		<class name="MapFields.java" source="/promises/src/com/surelogic/MapFields.java.html"/>
		<class name="MapInto.java" source="/promises/src/com/surelogic/MapInto.java.html"/>
		<class name="MapsFields.java" source="/promises/src/com/surelogic/MapsFields.java.html"/>
		<class name="MayReferTo.java" source="/promises/src/com/surelogic/MayReferTo.java.html"/>
		<class name="PolicyLock.java" source="/promises/src/com/surelogic/PolicyLock.java.html"/>
		<class name="PolicyLocks.java" source="/promises/src/com/surelogic/PolicyLocks.java.html"/>
		<class name="Promise.java" source="/promises/src/com/surelogic/Promise.java.html"/>
		<class name="Promises.java" source="/promises/src/com/surelogic/Promises.java.html"/>
		<class name="Reads.java" source="/promises/src/com/surelogic/Reads.java.html"/>
		<class name="Region.java" source="/promises/src/com/surelogic/Region.java.html"/>
		<class name="Regions.java" source="/promises/src/com/surelogic/Regions.java.html"/>
		<class name="RequiresLock.java" source="/promises/src/com/surelogic/RequiresLock.java.html"/>
		<class name="ReturnsLock.java" source="/promises/src/com/surelogic/ReturnsLock.java.html"/>
		<class name="SelfProtected.java" source="/promises/src/com/surelogic/SelfProtected.java.html"/>
		<class name="SingleThreaded.java" source="/promises/src/com/surelogic/SingleThreaded.java.html"/>
		<class name="Starts.java" source="/promises/src/com/surelogic/Starts.java.html"/>
		<class name="TypeSet.java" source="/promises/src/com/surelogic/TypeSet.java.html"/>
		<class name="TypeSets.java" source="/promises/src/com/surelogic/TypeSets.java.html"/>
		<class name="Unique.java" source="/promises/src/com/surelogic/Unique.java.html"/>
		<class name="Writes.java" source="/promises/src/com/surelogic/Writes.java.html"/>
	</package>
	<package name="net.jcip.annotations">
		<class name="GuardedBy.java" source="/promises/src/net/jcip/annotations/GuardedBy.java.html"/>
		<class name="Immutable.java" source="/promises/src/net/jcip/annotations/Immutable.java.html"/>
		<class name="NotThreadSafe.java" source="/promises/src/net/jcip/annotations/NotThreadSafe.java.html"/>
		<class name="ThreadSafe.java" source="/promises/src/net/jcip/annotations/ThreadSafe.java.html"/>
	</package>
	<package name="test_aggregated_arrays">
		<class name="Test.java" source="/aaa/original/test_aggregated_arrays/Test.java.html"/>
	</package>
	<package name="test_array_length">
		<class name="Test.java" source="/aaa/original/test_array_length/Test.java.html"/>
	</package>
	<package name="test_lockingPlusAggregationPlusEffects.nestedRegions">
		<class name="C.java" source="/TestInstrinsicLockAnalysis_Java5/src/test_lockingPlusAggregationPlusEffects/nestedRegions/C.java.html"/>
		<class name="D.java" source="/TestInstrinsicLockAnalysis_Java5/src/test_lockingPlusAggregationPlusEffects/nestedRegions/D.java.html"/>
	</package>
	<package name="test_lockingPlusAggregationPlusEffects.siblingRegions">
		<class name="C2.java" source="/TestInstrinsicLockAnalysis_Java5/src/test_lockingPlusAggregationPlusEffects/siblingRegions/C2.java.html"/>
		<class name="D2.java" source="/TestInstrinsicLockAnalysis_Java5/src/test_lockingPlusAggregationPlusEffects/siblingRegions/D2.java.html"/>
	</package>
	<package name="test_policyLock_requiresLock">
		<class name="Test.java" source="/aaa/original/test_policyLock_requiresLock/Test.java.html"/>
	</package>
	<package name="test_requiresLock_for_parameters">
		<class name="C.java" source="/aaa/original/test_requiresLock_for_parameters/C.java.html"/>
		<class name="Test.java" source="/aaa/original/test_requiresLock_for_parameters/Test.java.html"/>
	</package>
	<package name="test_selfProtected">
		<class name="C.java" source="/aaa/original/test_selfProtected/C.java.html"/>
		<class name="D.java" source="/aaa/original/test_selfProtected/D.java.html"/>
		<class name="E.java" source="/aaa/original/test_selfProtected/E.java.html"/>
		<class name="F.java" source="/aaa/original/test_selfProtected/F.java.html"/>
		<class name="G.java" source="/aaa/original/test_selfProtected/G.java.html"/>
		<class name="I.java" source="/aaa/original/test_selfProtected/I.java.html"/>
		<class name="Main.java" source="/aaa/original/test_selfProtected/Main.java.html"/>
	</package>
	<package name="test_singleThreaded_constructor">
		<class name="TestBorrowed.java" source="/aaa/original/test_singleThreaded_constructor/TestBorrowed.java.html"/>
		<class name="TestEffects.java" source="/aaa/original/test_singleThreaded_constructor/TestEffects.java.html"/>
	</package>
	<package name="test_static_lock_semantics.parent_child">
		<class name="A.java" source="/aaa/original/test_static_lock_semantics/parent_child/A.java.html"/>
		<class name="B.java" source="/aaa/original/test_static_lock_semantics/parent_child/B.java.html"/>
	</package>
	<package name="test_static_lock_semantics.sibling">
		<class name="X.java" source="/aaa/original/test_static_lock_semantics/sibling/X.java.html"/>
		<class name="Y.java" source="/aaa/original/test_static_lock_semantics/sibling/Y.java.html"/>
		<class name="Z.java" source="/aaa/original/test_static_lock_semantics/sibling/Z.java.html"/>
	</package>
	<package name="test_static_lock_semantics.unrelated">
		<class name="C.java" source="/aaa/original/test_static_lock_semantics/unrelated/C.java.html"/>
		<class name="D.java" source="/aaa/original/test_static_lock_semantics/unrelated/D.java.html"/>
	</package>
	<package name="test_synchronization_around_inner_classes">
		<class name="Outer.java" source="/aaa/original/test_synchronization_around_inner_classes/Outer.java.html"/>
	</package>
</sourceFiles>
