<sourceFiles>
	<package name="NestedAnonymous">
		<class name="OuterMost.java" source="/Bug1493/src/NestedAnonymous/OuterMost.java.html"/>
	</package>
	<package name="aggregated_fields">
		<class name="Inner.java" source="/FX_break_uniqueness/src/aggregated_fields/Inner.java.html"/>
		<class name="Test.java" source="/FX_break_uniqueness/src/aggregated_fields/Test.java.html"/>
	</package>
	<package name="com.surelogic">
		<class name="Aggregate.java" source="/promises/src/com/surelogic/Aggregate.java.html"/>
		<class name="AllowsReferencesFrom.java" source="/promises/src/com/surelogic/AllowsReferencesFrom.java.html"/>
		<class name="Assume.java" source="/promises/src/com/surelogic/Assume.java.html"/>
		<class name="Assumes.java" source="/promises/src/com/surelogic/Assumes.java.html"/>
		<class name="Borrowed.java" source="/promises/src/com/surelogic/Borrowed.java.html"/>
		<class name="InLayer.java" source="/promises/src/com/surelogic/InLayer.java.html"/>
		<class name="InRegion.java" source="/promises/src/com/surelogic/InRegion.java.html"/>
		<class name="IsLock.java" source="/promises/src/com/surelogic/IsLock.java.html"/>
		<class name="Layer.java" source="/promises/src/com/surelogic/Layer.java.html"/>
		<class name="Layers.java" source="/promises/src/com/surelogic/Layers.java.html"/>
		<class name="MapFields.java" source="/promises/src/com/surelogic/MapFields.java.html"/>
		<class name="MapsFields.java" source="/promises/src/com/surelogic/MapsFields.java.html"/>
		<class name="MayReferTo.java" source="/promises/src/com/surelogic/MayReferTo.java.html"/>
		<class name="NotUnique.java" source="/promises/src/com/surelogic/NotUnique.java.html"/>
		<class name="PolicyLock.java" source="/promises/src/com/surelogic/PolicyLock.java.html"/>
		<class name="PolicyLocks.java" source="/promises/src/com/surelogic/PolicyLocks.java.html"/>
		<class name="Promise.java" source="/promises/src/com/surelogic/Promise.java.html"/>
		<class name="Promises.java" source="/promises/src/com/surelogic/Promises.java.html"/>
		<class name="Region.java" source="/promises/src/com/surelogic/Region.java.html"/>
		<class name="RegionEffects.java" source="/promises/src/com/surelogic/RegionEffects.java.html"/>
		<class name="RegionLock.java" source="/promises/src/com/surelogic/RegionLock.java.html"/>
		<class name="RegionLocks.java" source="/promises/src/com/surelogic/RegionLocks.java.html"/>
		<class name="Regions.java" source="/promises/src/com/surelogic/Regions.java.html"/>
		<class name="RequiresLock.java" source="/promises/src/com/surelogic/RequiresLock.java.html"/>
		<class name="ReturnsLock.java" source="/promises/src/com/surelogic/ReturnsLock.java.html"/>
		<class name="SelfProtected.java" source="/promises/src/com/surelogic/SelfProtected.java.html"/>
		<class name="SingleThreaded.java" source="/promises/src/com/surelogic/SingleThreaded.java.html"/>
		<class name="Starts.java" source="/promises/src/com/surelogic/Starts.java.html"/>
		<class name="TypeSet.java" source="/promises/src/com/surelogic/TypeSet.java.html"/>
		<class name="TypeSets.java" source="/promises/src/com/surelogic/TypeSets.java.html"/>
		<class name="Unique.java" source="/promises/src/com/surelogic/Unique.java.html"/>
	</package>
	<package name="instanceLock.diffClass">
		<class name="C.java" source="/TestCachedJUCRWLocks/src/instanceLock/diffClass/C.java.html"/>
		<class name="Test.java" source="/TestCachedJUCRWLocks/src/instanceLock/diffClass/Test.java.html"/>
	</package>
	<package name="instanceLock.duelingLocks">
		<class name="C.java" source="/TestCachedJUCRWLocks/src/instanceLock/duelingLocks/C.java.html"/>
		<class name="Test.java" source="/TestCachedJUCRWLocks/src/instanceLock/duelingLocks/Test.java.html"/>
	</package>
	<package name="instanceLock.sameClass">
		<class name="Test.java" source="/TestCachedJUCRWLocks/src/instanceLock/sameClass/Test.java.html"/>
	</package>
	<package name="net.jcip.annotations">
		<class name="GuardedBy.java" source="/promises/src/net/jcip/annotations/GuardedBy.java.html"/>
		<class name="Immutable.java" source="/promises/src/net/jcip/annotations/Immutable.java.html"/>
		<class name="NotThreadSafe.java" source="/promises/src/net/jcip/annotations/NotThreadSafe.java.html"/>
		<class name="ThreadSafe.java" source="/promises/src/net/jcip/annotations/ThreadSafe.java.html"/>
	</package>
	<package name="staticLock.diffClass">
		<class name="C.java" source="/TestCachedJUCRWLocks/src/staticLock/diffClass/C.java.html"/>
		<class name="Test.java" source="/TestCachedJUCRWLocks/src/staticLock/diffClass/Test.java.html"/>
	</package>
	<package name="staticLock.duelingLocks">
		<class name="C.java" source="/TestCachedJUCRWLocks/src/staticLock/duelingLocks/C.java.html"/>
		<class name="Test.java" source="/TestCachedJUCRWLocks/src/staticLock/duelingLocks/Test.java.html"/>
	</package>
	<package name="staticLock.sameClass">
		<class name="Test.java" source="/TestCachedJUCRWLocks/src/staticLock/sameClass/Test.java.html"/>
	</package>
	<package name="test">
		<class name="BorrowedAndEffects.java" source="/ComprehensiveUniquenessTests_JavaDoc/test/BorrowedAndEffects.java.html"/>
		<class name="BorrowedParams.java" source="/ComprehensiveUniquenessTests_JavaDoc/test/BorrowedParams.java.html"/>
		<class name="MoreUniqueReturnValues.java" source="/Nondeterministic/src/test/MoreUniqueReturnValues.java.html"/>
		<class name="UniqueParams.java" source="/ComprehensiveUniquenessTests_JavaDoc/test/UniqueParams.java.html"/>
		<class name="UniquenessTests.java" source="/ComprehensiveUniquenessTests_JavaDoc/test/UniquenessTests.java.html"/>
	</package>
	<package name="test_abstraction.sameClass">
		<class name="Test.java" source="/TestEffectSanityChecks/src/test_abstraction/sameClass/Test.java.html"/>
	</package>
	<package name="test_abstraction.subclass.diffPackage.p1">
		<class name="S.java" source="/TestEffectSanityChecks/src/test_abstraction/subclass/diffPackage/p1/S.java.html"/>
	</package>
	<package name="test_abstraction.subclass.diffPackage.p2">
		<class name="Test.java" source="/TestEffectSanityChecks/src/test_abstraction/subclass/diffPackage/p2/Test.java.html"/>
	</package>
	<package name="test_abstraction.subclass.samePackage">
		<class name="S.java" source="/TestEffectSanityChecks/src/test_abstraction/subclass/samePackage/S.java.html"/>
		<class name="Test.java" source="/TestEffectSanityChecks/src/test_abstraction/subclass/samePackage/Test.java.html"/>
	</package>
	<package name="test_abstraction.unrelatedClasses.diffPackage.p1">
		<class name="Test.java" source="/TestEffectSanityChecks/src/test_abstraction/unrelatedClasses/diffPackage/p1/Test.java.html"/>
	</package>
	<package name="test_abstraction.unrelatedClasses.diffPackage.p2">
		<class name="Other.java" source="/TestEffectSanityChecks/src/test_abstraction/unrelatedClasses/diffPackage/p2/Other.java.html"/>
	</package>
	<package name="test_abstraction.unrelatedClasses.nested">
		<class name="Other.java" source="/TestEffectSanityChecks/src/test_abstraction/unrelatedClasses/nested/Other.java.html"/>
		<class name="Test.java" source="/TestEffectSanityChecks/src/test_abstraction/unrelatedClasses/nested/Test.java.html"/>
	</package>
	<package name="test_abstraction.unrelatedClasses.samePackage">
		<class name="Other.java" source="/TestEffectSanityChecks/src/test_abstraction/unrelatedClasses/samePackage/Other.java.html"/>
		<class name="Test.java" source="/TestEffectSanityChecks/src/test_abstraction/unrelatedClasses/samePackage/Test.java.html"/>
	</package>
	<package name="test_class">
		<class name="C.java" source="/TestEffectSanityChecks/src/test_class/C.java.html"/>
		<class name="D.java" source="/TestEffectSanityChecks/src/test_class/D.java.html"/>
		<class name="Test.java" source="/TestEffectSanityChecks/src/test_class/Test.java.html"/>
	</package>
	<package name="test_class.nested">
		<class name="C.java" source="/TestEffectSanityChecks/src/test_class/nested/C.java.html"/>
	</package>
	<package name="test_constructorVisibility">
		<class name="C.java" source="/TestEffectSanityChecks/src/test_constructorVisibility/C.java.html"/>
		<class name="Test.java" source="/TestEffectSanityChecks/src/test_constructorVisibility/Test.java.html"/>
	</package>
	<package name="test_explicitThis">
		<class name="C.java" source="/TestEffectSanityChecks/src/test_explicitThis/C.java.html"/>
		<class name="D.java" source="/TestEffectSanityChecks/src/test_explicitThis/D.java.html"/>
	</package>
	<package name="test_final_exprs">
		<class name="TestArrayRefs.java" source="/TestFinalExpressions/src/test_final_exprs/TestArrayRefs.java.html"/>
		<class name="TestClassExprs.java" source="/TestFinalExpressions/src/test_final_exprs/TestClassExprs.java.html"/>
		<class name="TestInstanceFieldRefs.java" source="/TestFinalExpressions/src/test_final_exprs/TestInstanceFieldRefs.java.html"/>
		<class name="TestLocalVars.java" source="/TestFinalExpressions/src/test_final_exprs/TestLocalVars.java.html"/>
		<class name="TestMethodCall.java" source="/TestFinalExpressions/src/test_final_exprs/TestMethodCall.java.html"/>
		<class name="TestReceiver.java" source="/TestFinalExpressions/src/test_final_exprs/TestReceiver.java.html"/>
		<class name="TestStaticFieldRefs.java" source="/TestFinalExpressions/src/test_final_exprs/TestStaticFieldRefs.java.html"/>
	</package>
	<package name="test_implicitThis">
		<class name="C.java" source="/TestEffectSanityChecks/src/test_implicitThis/C.java.html"/>
		<class name="D.java" source="/TestEffectSanityChecks/src/test_implicitThis/D.java.html"/>
	</package>
	<package name="test_parameter">
		<class name="C.java" source="/TestEffectSanityChecks/src/test_parameter/C.java.html"/>
		<class name="D.java" source="/TestEffectSanityChecks/src/test_parameter/D.java.html"/>
		<class name="Test.java" source="/TestEffectSanityChecks/src/test_parameter/Test.java.html"/>
	</package>
	<package name="test_qualifiedThis">
		<class name="C.java" source="/TestEffectSanityChecks/src/test_qualifiedThis/C.java.html"/>
		<class name="D.java" source="/TestEffectSanityChecks/src/test_qualifiedThis/D.java.html"/>
	</package>
	<package name="test_returns_lock">
		<class name="C.java" source="/RequiresLock/src/test_returns_lock/C.java.html"/>
	</package>
</sourceFiles>
