<root msg="Assurance Results">
  <result msg="Concurrency (2 issues)" baseImage="folder.gif" flags="74" reddots="1">
    <result msg="RegionLock java.lang.Object.MUTEX is this protects WaitQueue  on  Object  at  java.lang.Object" baseImage="annotation.gif" flags="26" reddots="1">
      <result msg="5 lock precondition(s)" baseImage="folder.gif" flags="2">
        <result msg="RequiresLock RequiresLock MUTEX  on  java.lang.Object.notify()  at  java.lang.Object" baseImage="annotation.gif" flags="2" />
        <result msg="RequiresLock RequiresLock MUTEX  on  java.lang.Object.notifyAll()  at  java.lang.Object" baseImage="annotation.gif" flags="2" />
        <result msg="RequiresLock RequiresLock MUTEX  on  java.lang.Object.wait()  at  java.lang.Object" baseImage="annotation.gif" flags="2" />
        <result msg="RequiresLock RequiresLock MUTEX  on  java.lang.Object.wait(long)  at  java.lang.Object" baseImage="annotation.gif" flags="2" />
        <result msg="RequiresLock RequiresLock MUTEX  on  java.lang.Object.wait(long,int)  at  java.lang.Object" baseImage="annotation.gif" flags="2" />
      </result>
      <result msg="Region public java.lang.Object.WaitQueue  at  java.lang.Object" baseImage="annotation.gif" flags="0">
        <result msg="Region public java.lang.Object.Instance  at  java.lang.Object" baseImage="annotation.gif" flags="0">
          <result msg="Region public static java.lang.Object.All  at  java.lang.Object" baseImage="annotation.gif" flags="0" />
        </result>
      </result>
    </result>
    <result msg="RegionLock test.C.L is this.lock protects Instance  on  C  at  C.java line 11" source="/MultipleReachingLockCalls/src/test/C.java.html" line="11" baseImage="annotation.gif" flags="66">
      <result msg="1 protected field access(es)" baseImage="folder.gif" flags="2">
        <result msg="test (1 issue)" baseImage="package.gif" flags="2">
          <result msg="test.C (1 issue)" baseImage="class.gif" flags="2">
            <result msg="Lock &quot;&lt;this&gt;:L&quot; held when accessing this.something  at  C.java line 23" source="/MultipleReachingLockCalls/src/test/C.java.html" line="23" baseImage="plus.gif" flags="0">
              <result msg="supporting information: java.util.concurrent lock &quot;&lt;this&gt;:L&quot; is held" baseImage="info.gif" flags="0" />
            </result>
          </result>
        </result>
      </result>
      <result msg="Region public java.lang.Object.Instance  at  java.lang.Object" baseImage="annotation.gif" flags="0">
        <result msg="Region public static java.lang.Object.All  at  java.lang.Object" baseImage="annotation.gif" flags="0" />
      </result>
      <result msg="lock()�unlock() matches (4 issues)" baseImage="info.gif" flags="0">
        <result msg="test (4 issues)" baseImage="package.gif" flags="64">
          <result msg="test.C (4 issues)" baseImage="class.gif" flags="64">
            <result msg="lock() call has matching unlock() call at line 25  at  C.java line 18" source="/MultipleReachingLockCalls/src/test/C.java.html" line="18" baseImage="info.gif" flags="0" />
            <result msg="lockInterruptibly() call has matching unlock() call at line 25  at  C.java line 20" source="/MultipleReachingLockCalls/src/test/C.java.html" line="20" baseImage="info.gif" flags="0" />
            <result msg="unlock() call has matching lock() call at line 18  at  C.java line 25" source="/MultipleReachingLockCalls/src/test/C.java.html" line="25" baseImage="info.gif" flags="0" />
            <result msg="unlock() call has matching lockInterruptibly() call at line 20  at  C.java line 25" source="/MultipleReachingLockCalls/src/test/C.java.html" line="25" baseImage="info.gif" flags="0" />
          </result>
        </result>
      </result>
    </result>
  </result>
  <result msg="Regions (2 issues)" baseImage="folder.gif" flags="2">
    <result msg="Region public []  at  java.lang.[]" baseImage="annotation.gif" flags="0" />
    <result msg="Region public length  at  java.lang.[]" baseImage="annotation.gif" flags="0" />
  </result>
  <result msg="Suggestions and warnings (4 issues)" baseImage="info.gif" flags="0">
    <result msg="lock()�unlock() matches (4 issues)" baseImage="info.gif" flags="0">
      <result msg="test (4 issues)" baseImage="package.gif" flags="64">
        <result msg="test.C (4 issues)" baseImage="class.gif" flags="64">
          <result msg="lock() call has matching unlock() call at line 25  at  C.java line 18" source="/MultipleReachingLockCalls/src/test/C.java.html" line="18" baseImage="info.gif" flags="0" />
          <result msg="lockInterruptibly() call has matching unlock() call at line 25  at  C.java line 20" source="/MultipleReachingLockCalls/src/test/C.java.html" line="20" baseImage="info.gif" flags="0" />
          <result msg="unlock() call has matching lock() call at line 18  at  C.java line 25" source="/MultipleReachingLockCalls/src/test/C.java.html" line="25" baseImage="info.gif" flags="0" />
          <result msg="unlock() call has matching lockInterruptibly() call at line 20  at  C.java line 25" source="/MultipleReachingLockCalls/src/test/C.java.html" line="25" baseImage="info.gif" flags="0" />
        </result>
      </result>
    </result>
  </result>
</root>