<root msg="Assurance Results">
  <result msg="Concurrency (6 issues)" baseImage="folder.gif" flags="4">
    <result msg="RegionLock java.lang.Object.MUTEX is this protects WaitQueue on Object at java.lang.Object" baseImage="annotation.gif" flags="2">
      <result msg="5 lock precondition(s)" baseImage="folder.gif" flags="2">
        <result msg="RequiresLock MUTEX on java.lang.Object.notify() at java.lang.Object" baseImage="annotation.gif" flags="2" />
        <result msg="RequiresLock MUTEX on java.lang.Object.notifyAll() at java.lang.Object" baseImage="annotation.gif" flags="2" />
        <result msg="RequiresLock MUTEX on java.lang.Object.wait() at java.lang.Object" baseImage="annotation.gif" flags="2" />
        <result msg="RequiresLock MUTEX on java.lang.Object.wait(long) at java.lang.Object" baseImage="annotation.gif" flags="2" />
        <result msg="RequiresLock MUTEX on java.lang.Object.wait(long,int) at java.lang.Object" baseImage="annotation.gif" flags="2" />
      </result>
      <result msg="java.lang.Object.MUTEX is consistent with the code in java.lang.Object" baseImage="plus.gif" flags="0" />
      <result msg="Region public java.lang.Object.WaitQueue at java.lang.Object" baseImage="annotation.gif" flags="0">
        <result msg="Region public java.lang.Object.Instance at java.lang.Object" baseImage="annotation.gif" flags="0">
          <result msg="Region public static java.lang.Object.All at java.lang.Object" baseImage="annotation.gif" flags="0" />
        </result>
      </result>
    </result>
    <result msg="RegionLock t.A.ALock is this protects A_R2 on A at A.java line 15" source="/BCALockingTest/src/t/A.java.html" line="15" baseImage="annotation.gif" flags="4">
      <result msg="3 unprotected field access(es); possible race condition detected" baseImage="folder.gif" flags="4">
        <result msg="t (3 issues)" baseImage="package.gif" flags="4">
          <result msg="A (3 issues)" baseImage="class.gif" flags="4">
            <result msg="Lock &quot;&lt;this&gt;:ALock&quot; not held when accessing #.b.c.d.e.f2 at line 31" source="/BCALockingTest/src/t/A.java.html" line="31" baseImage="red_x.gif" flags="0">
              <result msg="proposed promise: @RequiresLock(&quot;ALock&quot;) at A.java line 27" source="/BCALockingTest/src/t/A.java.html" line="27" baseImage="annotation_proposed.gif" flags="0" />
            </result>
            <result msg="Lock &quot;&lt;this&gt;:ALock&quot; not held when accessing local_e.f2 at line 42" source="/BCALockingTest/src/t/A.java.html" line="42" baseImage="red_x.gif" flags="0">
              <result msg="proposed promise: @RequiresLock(&quot;ALock&quot;) at A.java line 34" source="/BCALockingTest/src/t/A.java.html" line="34" baseImage="annotation_proposed.gif" flags="0" />
            </result>
            <result msg="Lock &quot;&lt;this&gt;:ALock&quot; not held when accessing local_b.c.d.e.f2 at line 63" source="/BCALockingTest/src/t/A.java.html" line="63" baseImage="red_x.gif" flags="0">
              <result msg="proposed promise: @RequiresLock(&quot;ALock&quot;) at A.java line 45" source="/BCALockingTest/src/t/A.java.html" line="45" baseImage="annotation_proposed.gif" flags="0" />
            </result>
          </result>
        </result>
      </result>
      <result msg="Region protected t.A.A_R2 at A.java line 13" source="/BCALockingTest/src/t/A.java.html" line="13" baseImage="annotation.gif" flags="0">
        <result msg="Region public java.lang.Object.Instance at java.lang.Object" baseImage="annotation.gif" flags="0">
          <result msg="Region public static java.lang.Object.All at java.lang.Object" baseImage="annotation.gif" flags="0" />
        </result>
      </result>
    </result>
    <result msg="RegionLock t.B.BLock is this protects B_R2 on B at B.java line 15" source="/BCALockingTest/src/t/B.java.html" line="15" baseImage="annotation.gif" flags="4">
      <result msg="4 unprotected field access(es); possible race condition detected" baseImage="folder.gif" flags="4">
        <result msg="t (4 issues)" baseImage="package.gif" flags="4">
          <result msg="A (1 issue)" baseImage="class.gif" flags="4">
            <result msg="Lock &quot;&lt;local_b&gt;:BLock&quot; not held when accessing local_b.c.d.e.f2 at line 63" source="/BCALockingTest/src/t/A.java.html" line="63" baseImage="red_x.gif" flags="0">
              <result msg="proposed promise: @RequiresLock(&quot;BLock&quot;) at A.java line 45" source="/BCALockingTest/src/t/A.java.html" line="45" baseImage="annotation_proposed.gif" flags="0" />
            </result>
          </result>
          <result msg="B (3 issues)" baseImage="class.gif" flags="4">
            <result msg="Lock &quot;&lt;this&gt;:BLock&quot; not held when accessing this.c.d.e.f2 at line 35" source="/BCALockingTest/src/t/B.java.html" line="35" baseImage="red_x.gif" flags="0">
              <result msg="proposed promise: @RequiresLock(&quot;BLock&quot;) at B.java line 31" source="/BCALockingTest/src/t/B.java.html" line="31" baseImage="annotation_proposed.gif" flags="0" />
            </result>
            <result msg="Lock &quot;&lt;this&gt;:BLock&quot; not held when accessing local_e.f2 at line 45" source="/BCALockingTest/src/t/B.java.html" line="45" baseImage="red_x.gif" flags="0">
              <result msg="proposed promise: @RequiresLock(&quot;BLock&quot;) at B.java line 38" source="/BCALockingTest/src/t/B.java.html" line="38" baseImage="annotation_proposed.gif" flags="0" />
            </result>
            <result msg="Lock &quot;&lt;this&gt;:BLock&quot; not held when accessing local_c.d.e.f2 at line 66" source="/BCALockingTest/src/t/B.java.html" line="66" baseImage="red_x.gif" flags="0">
              <result msg="proposed promise: @RequiresLock(&quot;BLock&quot;) at B.java line 48" source="/BCALockingTest/src/t/B.java.html" line="48" baseImage="annotation_proposed.gif" flags="0" />
            </result>
          </result>
        </result>
      </result>
      <result msg="Region protected t.B.B_R2 at B.java line 13" source="/BCALockingTest/src/t/B.java.html" line="13" baseImage="annotation.gif" flags="0">
        <result msg="Region public java.lang.Object.Instance at java.lang.Object" baseImage="annotation.gif" flags="0">
          <result msg="Region public static java.lang.Object.All at java.lang.Object" baseImage="annotation.gif" flags="0" />
        </result>
      </result>
    </result>
    <result msg="RegionLock t.C.CLock is this protects C_R2 on C at C.java line 15" source="/BCALockingTest/src/t/C.java.html" line="15" baseImage="annotation.gif" flags="4">
      <result msg="4 unprotected field access(es); possible race condition detected" baseImage="folder.gif" flags="4">
        <result msg="t (4 issues)" baseImage="package.gif" flags="4">
          <result msg="B (1 issue)" baseImage="class.gif" flags="4">
            <result msg="Lock &quot;&lt;local_c&gt;:CLock&quot; not held when accessing local_c.d.e.f2 at line 66" source="/BCALockingTest/src/t/B.java.html" line="66" baseImage="red_x.gif" flags="0">
              <result msg="proposed promise: @RequiresLock(&quot;CLock&quot;) at B.java line 48" source="/BCALockingTest/src/t/B.java.html" line="48" baseImage="annotation_proposed.gif" flags="0" />
            </result>
          </result>
          <result msg="C (3 issues)" baseImage="class.gif" flags="4">
            <result msg="Lock &quot;&lt;this&gt;:CLock&quot; not held when accessing this.d.e.f2 at line 35" source="/BCALockingTest/src/t/C.java.html" line="35" baseImage="red_x.gif" flags="0">
              <result msg="proposed promise: @RequiresLock(&quot;CLock&quot;) at C.java line 31" source="/BCALockingTest/src/t/C.java.html" line="31" baseImage="annotation_proposed.gif" flags="0" />
            </result>
            <result msg="Lock &quot;&lt;this&gt;:CLock&quot; not held when accessing local_e.f2 at line 44" source="/BCALockingTest/src/t/C.java.html" line="44" baseImage="red_x.gif" flags="0">
              <result msg="proposed promise: @RequiresLock(&quot;CLock&quot;) at C.java line 38" source="/BCALockingTest/src/t/C.java.html" line="38" baseImage="annotation_proposed.gif" flags="0" />
            </result>
            <result msg="Lock &quot;&lt;this&gt;:CLock&quot; not held when accessing local_d.e.f2 at line 65" source="/BCALockingTest/src/t/C.java.html" line="65" baseImage="red_x.gif" flags="0">
              <result msg="proposed promise: @RequiresLock(&quot;CLock&quot;) at C.java line 47" source="/BCALockingTest/src/t/C.java.html" line="47" baseImage="annotation_proposed.gif" flags="0" />
            </result>
          </result>
        </result>
      </result>
      <result msg="Region protected t.C.C_R2 at C.java line 13" source="/BCALockingTest/src/t/C.java.html" line="13" baseImage="annotation.gif" flags="0">
        <result msg="Region public java.lang.Object.Instance at java.lang.Object" baseImage="annotation.gif" flags="0">
          <result msg="Region public static java.lang.Object.All at java.lang.Object" baseImage="annotation.gif" flags="0" />
        </result>
      </result>
    </result>
    <result msg="RegionLock t.D.DLock is this protects D_R2 on D at D.java line 18" source="/BCALockingTest/src/t/D.java.html" line="18" baseImage="annotation.gif" flags="4">
      <result msg="5 unprotected field access(es); possible race condition detected" baseImage="folder.gif" flags="4">
        <result msg="t (5 issues)" baseImage="package.gif" flags="4">
          <result msg="C (1 issue)" baseImage="class.gif" flags="4">
            <result msg="Lock &quot;&lt;local_d&gt;:DLock&quot; not held when accessing local_d.e.f2 at line 65" source="/BCALockingTest/src/t/C.java.html" line="65" baseImage="red_x.gif" flags="0">
              <result msg="proposed promise: @RequiresLock(&quot;DLock&quot;) at C.java line 47" source="/BCALockingTest/src/t/C.java.html" line="47" baseImage="annotation_proposed.gif" flags="0" />
            </result>
          </result>
          <result msg="D (4 issues)" baseImage="class.gif" flags="4">
            <result msg="Lock &quot;&lt;this&gt;:DLock&quot; not held when accessing this.e.f2 at line 44" source="/BCALockingTest/src/t/D.java.html" line="44" baseImage="red_x.gif" flags="0">
              <result msg="proposed promise: @RequiresLock(&quot;DLock&quot;) at D.java line 40" source="/BCALockingTest/src/t/D.java.html" line="40" baseImage="annotation_proposed.gif" flags="0" />
            </result>
            <result msg="Lock &quot;&lt;this&gt;:DLock&quot; not held when accessing local_e.f2 at line 53" source="/BCALockingTest/src/t/D.java.html" line="53" baseImage="red_x.gif" flags="0">
              <result msg="proposed promise: @RequiresLock(&quot;DLock&quot;) at D.java line 48" source="/BCALockingTest/src/t/D.java.html" line="48" baseImage="annotation_proposed.gif" flags="0" />
            </result>
            <result msg="Lock &quot;&lt;this&gt;:DLock&quot; not held when accessing local_e.f2 at line 69" source="/BCALockingTest/src/t/D.java.html" line="69" baseImage="red_x.gif" flags="0">
              <result msg="proposed promise: @RequiresLock(&quot;DLock&quot;) at D.java line 56" source="/BCALockingTest/src/t/D.java.html" line="56" baseImage="annotation_proposed.gif" flags="0" />
            </result>
            <result msg="Lock &quot;&lt;this&gt;:DLock&quot; not held when accessing local_e.f2 at line 89" source="/BCALockingTest/src/t/D.java.html" line="89" baseImage="red_x.gif" flags="0">
              <result msg="proposed promise: @RequiresLock(&quot;DLock&quot;) at D.java line 72" source="/BCALockingTest/src/t/D.java.html" line="72" baseImage="annotation_proposed.gif" flags="0" />
            </result>
          </result>
        </result>
      </result>
      <result msg="Region protected t.D.D_R2 at D.java line 14" source="/BCALockingTest/src/t/D.java.html" line="14" baseImage="annotation.gif" flags="0">
        <result msg="Region public java.lang.Object.Instance at java.lang.Object" baseImage="annotation.gif" flags="0">
          <result msg="Region public static java.lang.Object.All at java.lang.Object" baseImage="annotation.gif" flags="0" />
        </result>
      </result>
    </result>
    <result msg="RegionLock t.D.OLock is this protects OTHER on D at D.java line 19" source="/BCALockingTest/src/t/D.java.html" line="19" baseImage="annotation.gif" flags="4">
      <result msg="2 unprotected field access(es); possible race condition detected" baseImage="folder.gif" flags="4">
        <result msg="t (2 issues)" baseImage="package.gif" flags="4">
          <result msg="D (2 issues)" baseImage="class.gif" flags="4">
            <result msg="Lock &quot;&lt;this&gt;:OLock&quot; not held when accessing local_e.f1 at line 83" source="/BCALockingTest/src/t/D.java.html" line="83" baseImage="red_x.gif" flags="0">
              <result msg="proposed promise: @RequiresLock(&quot;OLock&quot;) at D.java line 72" source="/BCALockingTest/src/t/D.java.html" line="72" baseImage="annotation_proposed.gif" flags="0" />
            </result>
            <result msg="Lock &quot;&lt;this&gt;:OLock&quot; not held when accessing local_e.f2 at line 89" source="/BCALockingTest/src/t/D.java.html" line="89" baseImage="red_x.gif" flags="0">
              <result msg="proposed promise: @RequiresLock(&quot;OLock&quot;) at D.java line 72" source="/BCALockingTest/src/t/D.java.html" line="72" baseImage="annotation_proposed.gif" flags="0" />
            </result>
          </result>
        </result>
      </result>
      <result msg="Region protected t.D.OTHER at D.java line 15" source="/BCALockingTest/src/t/D.java.html" line="15" baseImage="annotation.gif" flags="0">
        <result msg="Region public java.lang.Object.Instance at java.lang.Object" baseImage="annotation.gif" flags="0">
          <result msg="Region public static java.lang.Object.All at java.lang.Object" baseImage="annotation.gif" flags="0" />
        </result>
      </result>
    </result>
  </result>
  <result msg="Effects (6 issues)" baseImage="folder.gif" flags="2">
    <result msg="No effects on t.A.A() at A.java line 22" source="/BCALockingTest/src/t/A.java.html" line="22" baseImage="annotation.gif" flags="2">
      <result msg="No effects from calling new t.B at line 19" source="/BCALockingTest/src/t/A.java.html" line="19" baseImage="plus.gif" flags="2">
        <result msg="1 prerequisite assertion:" baseImage="choice_item.gif" flags="2">
          <result msg="No effects on t.B.B() at B.java line 22" source="/BCALockingTest/src/t/B.java.html" line="22" baseImage="annotation.gif" flags="2">
            <result msg="No effects from calling new t.C at line 19" source="/BCALockingTest/src/t/B.java.html" line="19" baseImage="plus.gif" flags="2">
              <result msg="1 prerequisite assertion:" baseImage="choice_item.gif" flags="2">
                <result msg="No effects on t.C.C() at C.java line 22" source="/BCALockingTest/src/t/C.java.html" line="22" baseImage="annotation.gif" flags="2">
                  <result msg="No effects from calling new t.D at line 19" source="/BCALockingTest/src/t/C.java.html" line="19" baseImage="plus.gif" flags="2">
                    <result msg="1 prerequisite assertion:" baseImage="choice_item.gif" flags="2">
                      <result msg="No effects on t.D.D() at D.java line 31" source="/BCALockingTest/src/t/D.java.html" line="31" baseImage="annotation.gif" flags="2">
                        <result msg="No effects from calling new t.E at line 24" source="/BCALockingTest/src/t/D.java.html" line="24" baseImage="plus.gif" flags="2">
                          <result msg="1 prerequisite assertion:" baseImage="choice_item.gif" flags="2">
                            <result msg="No effects on t.E.E() at E.java line 11" source="/BCALockingTest/src/t/E.java.html" line="11" baseImage="annotation.gif" flags="2">
                              <result msg="&quot;writes &lt;this&gt;:f1&quot; checked by constructor rule: writes to a newly created object are invisible at line 7" source="/BCALockingTest/src/t/E.java.html" line="7" baseImage="plus.gif" flags="0" />
                              <result msg="&quot;writes &lt;this&gt;:f2&quot; checked by constructor rule: writes to a newly created object are invisible at line 8" source="/BCALockingTest/src/t/E.java.html" line="8" baseImage="plus.gif" flags="0" />
                              <result msg="No effects from calling super at line 13" source="/BCALockingTest/src/t/E.java.html" line="13" baseImage="plus.gif" flags="2">
                                <result msg="1 prerequisite assertion:" baseImage="choice_item.gif" flags="2">
                                  <result msg="No effects on java.lang.Object.Object() at java.lang.Object" baseImage="annotation.gif" flags="2" />
                                </result>
                              </result>
                            </result>
                          </result>
                        </result>
                        <result msg="No effects from calling new t.E at line 28" source="/BCALockingTest/src/t/D.java.html" line="28" baseImage="plus.gif" flags="2">
                          <result msg="1 prerequisite assertion:" baseImage="choice_item.gif" flags="2">
                            <result msg="No effects on t.E.E() at E.java line 11" source="/BCALockingTest/src/t/E.java.html" line="11" baseImage="annotation.gif" flags="2">
                              <result msg="&quot;writes &lt;this&gt;:f1&quot; checked by constructor rule: writes to a newly created object are invisible at line 7" source="/BCALockingTest/src/t/E.java.html" line="7" baseImage="plus.gif" flags="0" />
                              <result msg="&quot;writes &lt;this&gt;:f2&quot; checked by constructor rule: writes to a newly created object are invisible at line 8" source="/BCALockingTest/src/t/E.java.html" line="8" baseImage="plus.gif" flags="0" />
                              <result msg="No effects from calling super at line 13" source="/BCALockingTest/src/t/E.java.html" line="13" baseImage="plus.gif" flags="2">
                                <result msg="1 prerequisite assertion:" baseImage="choice_item.gif" flags="2">
                                  <result msg="No effects on java.lang.Object.Object() at java.lang.Object" baseImage="annotation.gif" flags="2" />
                                </result>
                              </result>
                            </result>
                          </result>
                        </result>
                        <result msg="No effects from calling super at line 33" source="/BCALockingTest/src/t/D.java.html" line="33" baseImage="plus.gif" flags="2">
                          <result msg="1 prerequisite assertion:" baseImage="choice_item.gif" flags="2">
                            <result msg="No effects on java.lang.Object.Object() at java.lang.Object" baseImage="annotation.gif" flags="2" />
                          </result>
                        </result>
                      </result>
                    </result>
                  </result>
                  <result msg="No effects from calling super at line 24" source="/BCALockingTest/src/t/C.java.html" line="24" baseImage="plus.gif" flags="2">
                    <result msg="1 prerequisite assertion:" baseImage="choice_item.gif" flags="2">
                      <result msg="No effects on java.lang.Object.Object() at java.lang.Object" baseImage="annotation.gif" flags="2" />
                    </result>
                  </result>
                </result>
              </result>
            </result>
            <result msg="No effects from calling super at line 24" source="/BCALockingTest/src/t/B.java.html" line="24" baseImage="plus.gif" flags="2">
              <result msg="1 prerequisite assertion:" baseImage="choice_item.gif" flags="2">
                <result msg="No effects on java.lang.Object.Object() at java.lang.Object" baseImage="annotation.gif" flags="2" />
              </result>
            </result>
          </result>
        </result>
      </result>
      <result msg="No effects from calling super at line 24" source="/BCALockingTest/src/t/A.java.html" line="24" baseImage="plus.gif" flags="2">
        <result msg="1 prerequisite assertion:" baseImage="choice_item.gif" flags="2">
          <result msg="No effects on java.lang.Object.Object() at java.lang.Object" baseImage="annotation.gif" flags="2" />
        </result>
      </result>
    </result>
    <result msg="No effects on t.B.B() at B.java line 22" source="/BCALockingTest/src/t/B.java.html" line="22" baseImage="annotation.gif" flags="2">
      <result msg="No effects from calling new t.C at line 19" source="/BCALockingTest/src/t/B.java.html" line="19" baseImage="plus.gif" flags="2">
        <result msg="1 prerequisite assertion:" baseImage="choice_item.gif" flags="2">
          <result msg="No effects on t.C.C() at C.java line 22" source="/BCALockingTest/src/t/C.java.html" line="22" baseImage="annotation.gif" flags="2">
            <result msg="No effects from calling new t.D at line 19" source="/BCALockingTest/src/t/C.java.html" line="19" baseImage="plus.gif" flags="2">
              <result msg="1 prerequisite assertion:" baseImage="choice_item.gif" flags="2">
                <result msg="No effects on t.D.D() at D.java line 31" source="/BCALockingTest/src/t/D.java.html" line="31" baseImage="annotation.gif" flags="2">
                  <result msg="No effects from calling new t.E at line 24" source="/BCALockingTest/src/t/D.java.html" line="24" baseImage="plus.gif" flags="2">
                    <result msg="1 prerequisite assertion:" baseImage="choice_item.gif" flags="2">
                      <result msg="No effects on t.E.E() at E.java line 11" source="/BCALockingTest/src/t/E.java.html" line="11" baseImage="annotation.gif" flags="2">
                        <result msg="&quot;writes &lt;this&gt;:f1&quot; checked by constructor rule: writes to a newly created object are invisible at line 7" source="/BCALockingTest/src/t/E.java.html" line="7" baseImage="plus.gif" flags="0" />
                        <result msg="&quot;writes &lt;this&gt;:f2&quot; checked by constructor rule: writes to a newly created object are invisible at line 8" source="/BCALockingTest/src/t/E.java.html" line="8" baseImage="plus.gif" flags="0" />
                        <result msg="No effects from calling super at line 13" source="/BCALockingTest/src/t/E.java.html" line="13" baseImage="plus.gif" flags="2">
                          <result msg="1 prerequisite assertion:" baseImage="choice_item.gif" flags="2">
                            <result msg="No effects on java.lang.Object.Object() at java.lang.Object" baseImage="annotation.gif" flags="2" />
                          </result>
                        </result>
                      </result>
                    </result>
                  </result>
                  <result msg="No effects from calling new t.E at line 28" source="/BCALockingTest/src/t/D.java.html" line="28" baseImage="plus.gif" flags="2">
                    <result msg="1 prerequisite assertion:" baseImage="choice_item.gif" flags="2">
                      <result msg="No effects on t.E.E() at E.java line 11" source="/BCALockingTest/src/t/E.java.html" line="11" baseImage="annotation.gif" flags="2">
                        <result msg="&quot;writes &lt;this&gt;:f1&quot; checked by constructor rule: writes to a newly created object are invisible at line 7" source="/BCALockingTest/src/t/E.java.html" line="7" baseImage="plus.gif" flags="0" />
                        <result msg="&quot;writes &lt;this&gt;:f2&quot; checked by constructor rule: writes to a newly created object are invisible at line 8" source="/BCALockingTest/src/t/E.java.html" line="8" baseImage="plus.gif" flags="0" />
                        <result msg="No effects from calling super at line 13" source="/BCALockingTest/src/t/E.java.html" line="13" baseImage="plus.gif" flags="2">
                          <result msg="1 prerequisite assertion:" baseImage="choice_item.gif" flags="2">
                            <result msg="No effects on java.lang.Object.Object() at java.lang.Object" baseImage="annotation.gif" flags="2" />
                          </result>
                        </result>
                      </result>
                    </result>
                  </result>
                  <result msg="No effects from calling super at line 33" source="/BCALockingTest/src/t/D.java.html" line="33" baseImage="plus.gif" flags="2">
                    <result msg="1 prerequisite assertion:" baseImage="choice_item.gif" flags="2">
                      <result msg="No effects on java.lang.Object.Object() at java.lang.Object" baseImage="annotation.gif" flags="2" />
                    </result>
                  </result>
                </result>
              </result>
            </result>
            <result msg="No effects from calling super at line 24" source="/BCALockingTest/src/t/C.java.html" line="24" baseImage="plus.gif" flags="2">
              <result msg="1 prerequisite assertion:" baseImage="choice_item.gif" flags="2">
                <result msg="No effects on java.lang.Object.Object() at java.lang.Object" baseImage="annotation.gif" flags="2" />
              </result>
            </result>
          </result>
        </result>
      </result>
      <result msg="No effects from calling super at line 24" source="/BCALockingTest/src/t/B.java.html" line="24" baseImage="plus.gif" flags="2">
        <result msg="1 prerequisite assertion:" baseImage="choice_item.gif" flags="2">
          <result msg="No effects on java.lang.Object.Object() at java.lang.Object" baseImage="annotation.gif" flags="2" />
        </result>
      </result>
    </result>
    <result msg="No effects on t.C.C() at C.java line 22" source="/BCALockingTest/src/t/C.java.html" line="22" baseImage="annotation.gif" flags="2">
      <result msg="No effects from calling new t.D at line 19" source="/BCALockingTest/src/t/C.java.html" line="19" baseImage="plus.gif" flags="2">
        <result msg="1 prerequisite assertion:" baseImage="choice_item.gif" flags="2">
          <result msg="No effects on t.D.D() at D.java line 31" source="/BCALockingTest/src/t/D.java.html" line="31" baseImage="annotation.gif" flags="2">
            <result msg="No effects from calling new t.E at line 24" source="/BCALockingTest/src/t/D.java.html" line="24" baseImage="plus.gif" flags="2">
              <result msg="1 prerequisite assertion:" baseImage="choice_item.gif" flags="2">
                <result msg="No effects on t.E.E() at E.java line 11" source="/BCALockingTest/src/t/E.java.html" line="11" baseImage="annotation.gif" flags="2">
                  <result msg="&quot;writes &lt;this&gt;:f1&quot; checked by constructor rule: writes to a newly created object are invisible at line 7" source="/BCALockingTest/src/t/E.java.html" line="7" baseImage="plus.gif" flags="0" />
                  <result msg="&quot;writes &lt;this&gt;:f2&quot; checked by constructor rule: writes to a newly created object are invisible at line 8" source="/BCALockingTest/src/t/E.java.html" line="8" baseImage="plus.gif" flags="0" />
                  <result msg="No effects from calling super at line 13" source="/BCALockingTest/src/t/E.java.html" line="13" baseImage="plus.gif" flags="2">
                    <result msg="1 prerequisite assertion:" baseImage="choice_item.gif" flags="2">
                      <result msg="No effects on java.lang.Object.Object() at java.lang.Object" baseImage="annotation.gif" flags="2" />
                    </result>
                  </result>
                </result>
              </result>
            </result>
            <result msg="No effects from calling new t.E at line 28" source="/BCALockingTest/src/t/D.java.html" line="28" baseImage="plus.gif" flags="2">
              <result msg="1 prerequisite assertion:" baseImage="choice_item.gif" flags="2">
                <result msg="No effects on t.E.E() at E.java line 11" source="/BCALockingTest/src/t/E.java.html" line="11" baseImage="annotation.gif" flags="2">
                  <result msg="&quot;writes &lt;this&gt;:f1&quot; checked by constructor rule: writes to a newly created object are invisible at line 7" source="/BCALockingTest/src/t/E.java.html" line="7" baseImage="plus.gif" flags="0" />
                  <result msg="&quot;writes &lt;this&gt;:f2&quot; checked by constructor rule: writes to a newly created object are invisible at line 8" source="/BCALockingTest/src/t/E.java.html" line="8" baseImage="plus.gif" flags="0" />
                  <result msg="No effects from calling super at line 13" source="/BCALockingTest/src/t/E.java.html" line="13" baseImage="plus.gif" flags="2">
                    <result msg="1 prerequisite assertion:" baseImage="choice_item.gif" flags="2">
                      <result msg="No effects on java.lang.Object.Object() at java.lang.Object" baseImage="annotation.gif" flags="2" />
                    </result>
                  </result>
                </result>
              </result>
            </result>
            <result msg="No effects from calling super at line 33" source="/BCALockingTest/src/t/D.java.html" line="33" baseImage="plus.gif" flags="2">
              <result msg="1 prerequisite assertion:" baseImage="choice_item.gif" flags="2">
                <result msg="No effects on java.lang.Object.Object() at java.lang.Object" baseImage="annotation.gif" flags="2" />
              </result>
            </result>
          </result>
        </result>
      </result>
      <result msg="No effects from calling super at line 24" source="/BCALockingTest/src/t/C.java.html" line="24" baseImage="plus.gif" flags="2">
        <result msg="1 prerequisite assertion:" baseImage="choice_item.gif" flags="2">
          <result msg="No effects on java.lang.Object.Object() at java.lang.Object" baseImage="annotation.gif" flags="2" />
        </result>
      </result>
    </result>
    <result msg="No effects on t.D.D() at D.java line 31" source="/BCALockingTest/src/t/D.java.html" line="31" baseImage="annotation.gif" flags="2">
      <result msg="No effects from calling new t.E at line 24" source="/BCALockingTest/src/t/D.java.html" line="24" baseImage="plus.gif" flags="2">
        <result msg="1 prerequisite assertion:" baseImage="choice_item.gif" flags="2">
          <result msg="No effects on t.E.E() at E.java line 11" source="/BCALockingTest/src/t/E.java.html" line="11" baseImage="annotation.gif" flags="2">
            <result msg="&quot;writes &lt;this&gt;:f1&quot; checked by constructor rule: writes to a newly created object are invisible at line 7" source="/BCALockingTest/src/t/E.java.html" line="7" baseImage="plus.gif" flags="0" />
            <result msg="&quot;writes &lt;this&gt;:f2&quot; checked by constructor rule: writes to a newly created object are invisible at line 8" source="/BCALockingTest/src/t/E.java.html" line="8" baseImage="plus.gif" flags="0" />
            <result msg="No effects from calling super at line 13" source="/BCALockingTest/src/t/E.java.html" line="13" baseImage="plus.gif" flags="2">
              <result msg="1 prerequisite assertion:" baseImage="choice_item.gif" flags="2">
                <result msg="No effects on java.lang.Object.Object() at java.lang.Object" baseImage="annotation.gif" flags="2" />
              </result>
            </result>
          </result>
        </result>
      </result>
      <result msg="No effects from calling new t.E at line 28" source="/BCALockingTest/src/t/D.java.html" line="28" baseImage="plus.gif" flags="2">
        <result msg="1 prerequisite assertion:" baseImage="choice_item.gif" flags="2">
          <result msg="No effects on t.E.E() at E.java line 11" source="/BCALockingTest/src/t/E.java.html" line="11" baseImage="annotation.gif" flags="2">
            <result msg="&quot;writes &lt;this&gt;:f1&quot; checked by constructor rule: writes to a newly created object are invisible at line 7" source="/BCALockingTest/src/t/E.java.html" line="7" baseImage="plus.gif" flags="0" />
            <result msg="&quot;writes &lt;this&gt;:f2&quot; checked by constructor rule: writes to a newly created object are invisible at line 8" source="/BCALockingTest/src/t/E.java.html" line="8" baseImage="plus.gif" flags="0" />
            <result msg="No effects from calling super at line 13" source="/BCALockingTest/src/t/E.java.html" line="13" baseImage="plus.gif" flags="2">
              <result msg="1 prerequisite assertion:" baseImage="choice_item.gif" flags="2">
                <result msg="No effects on java.lang.Object.Object() at java.lang.Object" baseImage="annotation.gif" flags="2" />
              </result>
            </result>
          </result>
        </result>
      </result>
      <result msg="No effects from calling super at line 33" source="/BCALockingTest/src/t/D.java.html" line="33" baseImage="plus.gif" flags="2">
        <result msg="1 prerequisite assertion:" baseImage="choice_item.gif" flags="2">
          <result msg="No effects on java.lang.Object.Object() at java.lang.Object" baseImage="annotation.gif" flags="2" />
        </result>
      </result>
    </result>
    <result msg="No effects on t.E.E() at E.java line 11" source="/BCALockingTest/src/t/E.java.html" line="11" baseImage="annotation.gif" flags="2">
      <result msg="&quot;writes &lt;this&gt;:f1&quot; checked by constructor rule: writes to a newly created object are invisible at line 7" source="/BCALockingTest/src/t/E.java.html" line="7" baseImage="plus.gif" flags="0" />
      <result msg="&quot;writes &lt;this&gt;:f2&quot; checked by constructor rule: writes to a newly created object are invisible at line 8" source="/BCALockingTest/src/t/E.java.html" line="8" baseImage="plus.gif" flags="0" />
      <result msg="No effects from calling super at line 13" source="/BCALockingTest/src/t/E.java.html" line="13" baseImage="plus.gif" flags="2">
        <result msg="1 prerequisite assertion:" baseImage="choice_item.gif" flags="2">
          <result msg="No effects on java.lang.Object.Object() at java.lang.Object" baseImage="annotation.gif" flags="2" />
        </result>
      </result>
    </result>
    <result msg="Writes this:f1, this:f2 on t.E.doStuff(int,int) at E.java line 21" source="/BCALockingTest/src/t/E.java.html" line="21" baseImage="annotation.gif" flags="2">
      <result msg="&quot;writes &lt;this&gt;:f1&quot; checked by &quot;writes &lt;this&gt;:f1&quot; at line 23" source="/BCALockingTest/src/t/E.java.html" line="23" baseImage="plus.gif" flags="0" />
      <result msg="&quot;writes &lt;this&gt;:f2&quot; checked by &quot;writes &lt;this&gt;:f2&quot; at line 24" source="/BCALockingTest/src/t/E.java.html" line="24" baseImage="plus.gif" flags="0" />
    </result>
  </result>
  <result msg="Regions (13 issues)" baseImage="folder.gif" flags="10" reddots="1">
    <result msg="Region protected t.A.A_R1 at A.java line 12" source="/BCALockingTest/src/t/A.java.html" line="12" baseImage="annotation.gif" flags="0">
      <result msg="Region public java.lang.Object.Instance at java.lang.Object" baseImage="annotation.gif" flags="0">
        <result msg="Region public static java.lang.Object.All at java.lang.Object" baseImage="annotation.gif" flags="0" />
      </result>
    </result>
    <result msg="Region protected t.A.b at A.java line 19" source="/BCALockingTest/src/t/A.java.html" line="19" baseImage="annotation.gif" flags="0">
      <result msg="Aggregate B_R1 into A_R1, B_R2 into A_R2, Instance into Instance at A.java line 18" source="/BCALockingTest/src/t/A.java.html" line="18" baseImage="annotation.gif" flags="26" reddots="1">
        <result msg="Unique on b at A.java line 17" source="/BCALockingTest/src/t/A.java.html" line="17" baseImage="annotation.gif" flags="2" />
      </result>
    </result>
    <result msg="Region protected t.B.B_R1 at B.java line 12" source="/BCALockingTest/src/t/B.java.html" line="12" baseImage="annotation.gif" flags="0">
      <result msg="Region public java.lang.Object.Instance at java.lang.Object" baseImage="annotation.gif" flags="0">
        <result msg="Region public static java.lang.Object.All at java.lang.Object" baseImage="annotation.gif" flags="0" />
      </result>
    </result>
    <result msg="Region protected t.B.c at B.java line 19" source="/BCALockingTest/src/t/B.java.html" line="19" baseImage="annotation.gif" flags="0">
      <result msg="Aggregate C_R1 into B_R1, C_R2 into B_R2, Instance into Instance at B.java line 18" source="/BCALockingTest/src/t/B.java.html" line="18" baseImage="annotation.gif" flags="26" reddots="1">
        <result msg="Unique on c at B.java line 17" source="/BCALockingTest/src/t/B.java.html" line="17" baseImage="annotation.gif" flags="2" />
      </result>
    </result>
    <result msg="Region protected t.C.C_R1 at C.java line 12" source="/BCALockingTest/src/t/C.java.html" line="12" baseImage="annotation.gif" flags="0">
      <result msg="Region public java.lang.Object.Instance at java.lang.Object" baseImage="annotation.gif" flags="0">
        <result msg="Region public static java.lang.Object.All at java.lang.Object" baseImage="annotation.gif" flags="0" />
      </result>
    </result>
    <result msg="Region protected t.C.d at C.java line 19" source="/BCALockingTest/src/t/C.java.html" line="19" baseImage="annotation.gif" flags="0">
      <result msg="Aggregate D_R1 into C_R1, D_R2 into C_R2, Instance into Instance at C.java line 18" source="/BCALockingTest/src/t/C.java.html" line="18" baseImage="annotation.gif" flags="26" reddots="1">
        <result msg="Unique on d at C.java line 17" source="/BCALockingTest/src/t/C.java.html" line="17" baseImage="annotation.gif" flags="2" />
      </result>
    </result>
    <result msg="Region protected t.D.D_R1 at D.java line 13" source="/BCALockingTest/src/t/D.java.html" line="13" baseImage="annotation.gif" flags="0">
      <result msg="Region public java.lang.Object.Instance at java.lang.Object" baseImage="annotation.gif" flags="0">
        <result msg="Region public static java.lang.Object.All at java.lang.Object" baseImage="annotation.gif" flags="0" />
      </result>
    </result>
    <result msg="Region protected t.D.e at D.java line 24" source="/BCALockingTest/src/t/D.java.html" line="24" baseImage="annotation.gif" flags="0">
      <result msg="Aggregate f1 into D_R1, f2 into D_R2, Instance into Instance at D.java line 23" source="/BCALockingTest/src/t/D.java.html" line="23" baseImage="annotation.gif" flags="26" reddots="1">
        <result msg="Unique on e at D.java line 22" source="/BCALockingTest/src/t/D.java.html" line="22" baseImage="annotation.gif" flags="2" />
      </result>
    </result>
    <result msg="Region protected t.D.e2 at D.java line 28" source="/BCALockingTest/src/t/D.java.html" line="28" baseImage="annotation.gif" flags="0">
      <result msg="Aggregate Instance into OTHER at D.java line 27" source="/BCALockingTest/src/t/D.java.html" line="27" baseImage="annotation.gif" flags="26" reddots="1">
        <result msg="Unique on e2 at D.java line 26" source="/BCALockingTest/src/t/D.java.html" line="26" baseImage="annotation.gif" flags="2" />
      </result>
    </result>
    <result msg="Region protected t.E.f1 at E.java line 7" source="/BCALockingTest/src/t/E.java.html" line="7" baseImage="annotation.gif" flags="0" />
    <result msg="Region protected t.E.f2 at E.java line 8" source="/BCALockingTest/src/t/E.java.html" line="8" baseImage="annotation.gif" flags="0" />
    <result msg="Region public [] at java.lang.[]" baseImage="annotation.gif" flags="0" />
    <result msg="Region public length at java.lang.[]" baseImage="annotation.gif" flags="0" />
  </result>
  <result msg="Uniqueness (24 issues)" baseImage="folder.gif" flags="10" reddots="1">
    <result msg="Borrowed(this) on t.A.A() at A.java line 21" source="/BCALockingTest/src/t/A.java.html" line="21" baseImage="annotation.gif" flags="26" reddots="1" />
    <result msg="Borrowed(this) on t.A.doStuff1(int,int) at A.java line 27" source="/BCALockingTest/src/t/A.java.html" line="27" baseImage="annotation.gif" flags="26" reddots="1" />
    <result msg="Borrowed(this) on t.A.doStuff2(int,int) at A.java line 34" source="/BCALockingTest/src/t/A.java.html" line="34" baseImage="annotation.gif" flags="26" reddots="1" />
    <result msg="Borrowed(this) on t.A.doStuff3(int,int) at A.java line 45" source="/BCALockingTest/src/t/A.java.html" line="45" baseImage="annotation.gif" flags="26" reddots="1" />
    <result msg="Borrowed(this) on t.B.B() at B.java line 21" source="/BCALockingTest/src/t/B.java.html" line="21" baseImage="annotation.gif" flags="26" reddots="1" />
    <result msg="Borrowed(this) on t.B.doStuff1(int,int) at B.java line 31" source="/BCALockingTest/src/t/B.java.html" line="31" baseImage="annotation.gif" flags="26" reddots="1" />
    <result msg="Borrowed(this) on t.B.doStuff2(int,int) at B.java line 38" source="/BCALockingTest/src/t/B.java.html" line="38" baseImage="annotation.gif" flags="26" reddots="1" />
    <result msg="Borrowed(this) on t.B.doStuff3(int,int) at B.java line 48" source="/BCALockingTest/src/t/B.java.html" line="48" baseImage="annotation.gif" flags="26" reddots="1" />
    <result msg="Borrowed(this) on t.C.C() at C.java line 21" source="/BCALockingTest/src/t/C.java.html" line="21" baseImage="annotation.gif" flags="26" reddots="1" />
    <result msg="Borrowed(this) on t.C.doStuff1(int,int) at C.java line 31" source="/BCALockingTest/src/t/C.java.html" line="31" baseImage="annotation.gif" flags="26" reddots="1" />
    <result msg="Borrowed(this) on t.C.doStuff2(int,int) at C.java line 38" source="/BCALockingTest/src/t/C.java.html" line="38" baseImage="annotation.gif" flags="26" reddots="1" />
    <result msg="Borrowed(this) on t.C.doStuff3(int,int) at C.java line 47" source="/BCALockingTest/src/t/C.java.html" line="47" baseImage="annotation.gif" flags="26" reddots="1" />
    <result msg="Borrowed(this) on t.D.D() at D.java line 30" source="/BCALockingTest/src/t/D.java.html" line="30" baseImage="annotation.gif" flags="26" reddots="1" />
    <result msg="Borrowed(this) on t.D.doStuff1(int,int) at D.java line 40" source="/BCALockingTest/src/t/D.java.html" line="40" baseImage="annotation.gif" flags="26" reddots="1" />
    <result msg="Borrowed(this) on t.D.doStuff2(int,int) at D.java line 48" source="/BCALockingTest/src/t/D.java.html" line="48" baseImage="annotation.gif" flags="26" reddots="1" />
    <result msg="Borrowed(this) on t.D.doStuff3(int,int) at D.java line 56" source="/BCALockingTest/src/t/D.java.html" line="56" baseImage="annotation.gif" flags="26" reddots="1" />
    <result msg="Borrowed(this) on t.D.doStuff4(int,int) at D.java line 72" source="/BCALockingTest/src/t/D.java.html" line="72" baseImage="annotation.gif" flags="26" reddots="1" />
    <result msg="Borrowed(this) on t.E.E() at E.java line 10" source="/BCALockingTest/src/t/E.java.html" line="10" baseImage="annotation.gif" flags="26" reddots="1" />
    <result msg="Borrowed(this) on t.E.doStuff(int,int) at E.java line 20" source="/BCALockingTest/src/t/E.java.html" line="20" baseImage="annotation.gif" flags="26" reddots="1" />
    <result msg="Unique on b at A.java line 17" source="/BCALockingTest/src/t/A.java.html" line="17" baseImage="annotation.gif" flags="2" />
    <result msg="Unique on c at B.java line 17" source="/BCALockingTest/src/t/B.java.html" line="17" baseImage="annotation.gif" flags="2" />
    <result msg="Unique on d at C.java line 17" source="/BCALockingTest/src/t/C.java.html" line="17" baseImage="annotation.gif" flags="2" />
    <result msg="Unique on e at D.java line 22" source="/BCALockingTest/src/t/D.java.html" line="22" baseImage="annotation.gif" flags="2" />
    <result msg="Unique on e2 at D.java line 26" source="/BCALockingTest/src/t/D.java.html" line="26" baseImage="annotation.gif" flags="2" />
  </result>
</root>