<root msg="Assurance Results">
  <result msg="Concurrency (1 issue)" baseImage="tallyho.gif" flags="10" reddots="1">
    <result msg="RegionLock java.lang.Object.MUTEX is this protects WaitQueue  on  Object  at  java.lang.Object" baseImage="promise.gif" flags="26" reddots="1">
      <result msg="5 lock precondition(s)" baseImage="folder.gif" flags="2">
        <result msg="requiresLock RequiresLock MUTEX  on  java.lang.Object.notify()  at  java.lang.Object" baseImage="promise.gif" flags="2" />
        <result msg="requiresLock RequiresLock MUTEX  on  java.lang.Object.notifyAll()  at  java.lang.Object" baseImage="promise.gif" flags="2" />
        <result msg="requiresLock RequiresLock MUTEX  on  java.lang.Object.wait()  at  java.lang.Object" baseImage="promise.gif" flags="2" />
        <result msg="requiresLock RequiresLock MUTEX  on  java.lang.Object.wait(long)  at  java.lang.Object" baseImage="promise.gif" flags="2" />
        <result msg="requiresLock RequiresLock MUTEX  on  java.lang.Object.wait(long,int)  at  java.lang.Object" baseImage="promise.gif" flags="2" />
      </result>
      <result msg="region public java.lang.Object.WaitQueue  at  java.lang.Object" baseImage="promise.gif" flags="0">
        <result msg="region public java.lang.Object.Instance  at  java.lang.Object" baseImage="promise.gif" flags="0">
          <result msg="region public static java.lang.Object.All  at  java.lang.Object" baseImage="promise.gif" flags="0" />
        </result>
      </result>
    </result>
  </result>
  <result msg="Regions (6 issues)" baseImage="tallyho.gif" flags="10" reddots="1">
    <result msg="region private test.Test.aggIntoRegular  at  Test.java line 49" source="/NewRegionRules/src/test/Test.java.html" line="49" baseImage="promise.gif" flags="0">
      <result msg="aggregate  Instance into regularField  at  Test.java line 48" source="/NewRegionRules/src/test/Test.java.html" line="48" baseImage="promise.gif" flags="26" reddots="1" />
    </result>
    <result msg="region private test.Test.finalField  at  Test.java line 24" source="/NewRegionRules/src/test/Test.java.html" line="24" baseImage="promise.gif" flags="0" />
    <result msg="region private test.Test.volatileField  at  Test.java line 23" source="/NewRegionRules/src/test/Test.java.html" line="23" baseImage="promise.gif" flags="0" />
    <result msg="region private test.Test.z  at  Test.java line 34" source="/NewRegionRules/src/test/Test.java.html" line="34" baseImage="promise.gif" flags="0">
      <result msg="supporting information: via @InRegion annotation  at  Test.java line 34" source="/NewRegionRules/src/test/Test.java.html" line="34" baseImage="info.gif" flags="0" />
      <result msg="region private test.Test.regularField  at  Test.java line 25" source="/NewRegionRules/src/test/Test.java.html" line="25" baseImage="promise.gif" flags="0" />
    </result>
    <result msg="region public []  at  java.lang.[]" baseImage="promise.gif" flags="0" />
    <result msg="region public length  at  java.lang.[]" baseImage="promise.gif" flags="0" />
  </result>
  <result msg="Uniqueness (9 issues)" baseImage="tallyho.gif" flags="10" reddots="1">
    <result msg="Other control flow for   /* is CONSISTENT */  @ com.surelogic.Unique () final private java.lang.Object goodUnique2 = new # #;  at  Test.java line 16" source="/NewRegionRules/src/test/Test.java.html" line="16" baseImage="promise.gif" flags="26" reddots="1" />
    <result msg="Other control flow for @ com.surelogic.Unique   /* is CONSISTENT */  @ com.surelogic.Aggregate ( Instance into regularField ) final private java.lang.Object aggIntoRegular = new # #;  at  Test.java line 47" source="/NewRegionRules/src/test/Test.java.html" line="47" baseImage="promise.gif" flags="26" reddots="1" />
    <result msg="Other control flow for @ com.surelogic.Unique   /* is UNASSOCIATED */  @ com.surelogic.Aggregate ( Instance into finalField ) final private java.lang.Object aggIntoFinal = new # #;  at  Test.java line 39" source="/NewRegionRules/src/test/Test.java.html" line="39" baseImage="promise.gif" flags="26" reddots="1" />
    <result msg="Other control flow for @ com.surelogic.Unique   /* is UNASSOCIATED */  @ com.surelogic.Aggregate ( Instance into volatileField ) final private java.lang.Object aggIntoVolatile = new # #;  at  Test.java line 43" source="/NewRegionRules/src/test/Test.java.html" line="43" baseImage="promise.gif" flags="26" reddots="1" />
    <result msg="unique  on  aggIntoFinal  at  Test.java line 39" source="/NewRegionRules/src/test/Test.java.html" line="39" baseImage="promise.gif" flags="10" reddots="1">
      <result msg="Borrowed parameters of call &quot;new java.lang.Object&quot;  at  Test.java line 41" source="/NewRegionRules/src/test/Test.java.html" line="41" baseImage="plus.gif" flags="2">
        <result msg="1 precondition:" baseImage="choice_item.gif" flags="2">
          <result msg="borrowed this on java.lang.Object.Object()  at  java.lang.Object" baseImage="promise.gif" flags="2" />
        </result>
      </result>
      <result msg="Conservative dependency  at  Test.java line 41" source="/NewRegionRules/src/test/Test.java.html" line="41" baseImage="plus.gif" flags="10" reddots="1">
        <result msg="1 precondition:" baseImage="choice_item.gif" flags="10" reddots="1">
          <result msg="Other control flow for @ com.surelogic.Unique   /* is UNASSOCIATED */  @ com.surelogic.Aggregate ( Instance into finalField ) final private java.lang.Object aggIntoFinal = new # #;  at  Test.java line 39" source="/NewRegionRules/src/test/Test.java.html" line="39" baseImage="promise.gif" flags="26" reddots="1" />
        </result>
      </result>
      <result msg="Effects of call &quot;new java.lang.Object&quot;  at  Test.java line 41" source="/NewRegionRules/src/test/Test.java.html" line="41" baseImage="plus.gif" flags="2">
        <result msg="1 precondition:" baseImage="choice_item.gif" flags="2">
          <result msg="No effects on java.lang.Object.Object()  at  java.lang.Object" baseImage="promise.gif" flags="2" />
        </result>
      </result>
    </result>
    <result msg="unique  on  aggIntoRegular  at  Test.java line 47" source="/NewRegionRules/src/test/Test.java.html" line="47" baseImage="promise.gif" flags="10" reddots="1">
      <result msg="Borrowed parameters of call &quot;new java.lang.Object&quot;  at  Test.java line 49" source="/NewRegionRules/src/test/Test.java.html" line="49" baseImage="plus.gif" flags="2">
        <result msg="1 precondition:" baseImage="choice_item.gif" flags="2">
          <result msg="borrowed this on java.lang.Object.Object()  at  java.lang.Object" baseImage="promise.gif" flags="2" />
        </result>
      </result>
      <result msg="Conservative dependency  at  Test.java line 49" source="/NewRegionRules/src/test/Test.java.html" line="49" baseImage="plus.gif" flags="10" reddots="1">
        <result msg="1 precondition:" baseImage="choice_item.gif" flags="10" reddots="1">
          <result msg="Other control flow for @ com.surelogic.Unique   /* is CONSISTENT */  @ com.surelogic.Aggregate ( Instance into regularField ) final private java.lang.Object aggIntoRegular = new # #;  at  Test.java line 47" source="/NewRegionRules/src/test/Test.java.html" line="47" baseImage="promise.gif" flags="26" reddots="1" />
        </result>
      </result>
      <result msg="Effects of call &quot;new java.lang.Object&quot;  at  Test.java line 49" source="/NewRegionRules/src/test/Test.java.html" line="49" baseImage="plus.gif" flags="2">
        <result msg="1 precondition:" baseImage="choice_item.gif" flags="2">
          <result msg="No effects on java.lang.Object.Object()  at  java.lang.Object" baseImage="promise.gif" flags="2" />
        </result>
      </result>
    </result>
    <result msg="unique  on  aggIntoVolatile  at  Test.java line 43" source="/NewRegionRules/src/test/Test.java.html" line="43" baseImage="promise.gif" flags="10" reddots="1">
      <result msg="Borrowed parameters of call &quot;new java.lang.Object&quot;  at  Test.java line 45" source="/NewRegionRules/src/test/Test.java.html" line="45" baseImage="plus.gif" flags="2">
        <result msg="1 precondition:" baseImage="choice_item.gif" flags="2">
          <result msg="borrowed this on java.lang.Object.Object()  at  java.lang.Object" baseImage="promise.gif" flags="2" />
        </result>
      </result>
      <result msg="Conservative dependency  at  Test.java line 45" source="/NewRegionRules/src/test/Test.java.html" line="45" baseImage="plus.gif" flags="10" reddots="1">
        <result msg="1 precondition:" baseImage="choice_item.gif" flags="10" reddots="1">
          <result msg="Other control flow for @ com.surelogic.Unique   /* is UNASSOCIATED */  @ com.surelogic.Aggregate ( Instance into volatileField ) final private java.lang.Object aggIntoVolatile = new # #;  at  Test.java line 43" source="/NewRegionRules/src/test/Test.java.html" line="43" baseImage="promise.gif" flags="26" reddots="1" />
        </result>
      </result>
      <result msg="Effects of call &quot;new java.lang.Object&quot;  at  Test.java line 45" source="/NewRegionRules/src/test/Test.java.html" line="45" baseImage="plus.gif" flags="2">
        <result msg="1 precondition:" baseImage="choice_item.gif" flags="2">
          <result msg="No effects on java.lang.Object.Object()  at  java.lang.Object" baseImage="promise.gif" flags="2" />
        </result>
      </result>
    </result>
    <result msg="unique  on  goodUnique1  at  Test.java line 13" source="/NewRegionRules/src/test/Test.java.html" line="13" baseImage="promise.gif" flags="2" />
    <result msg="unique  on  goodUnique2  at  Test.java line 16" source="/NewRegionRules/src/test/Test.java.html" line="16" baseImage="promise.gif" flags="10" reddots="1">
      <result msg="Borrowed parameters of call &quot;new java.lang.Object&quot;  at  Test.java line 17" source="/NewRegionRules/src/test/Test.java.html" line="17" baseImage="plus.gif" flags="2">
        <result msg="1 precondition:" baseImage="choice_item.gif" flags="2">
          <result msg="borrowed this on java.lang.Object.Object()  at  java.lang.Object" baseImage="promise.gif" flags="2" />
        </result>
      </result>
      <result msg="Conservative dependency  at  Test.java line 17" source="/NewRegionRules/src/test/Test.java.html" line="17" baseImage="plus.gif" flags="10" reddots="1">
        <result msg="1 precondition:" baseImage="choice_item.gif" flags="10" reddots="1">
          <result msg="Other control flow for   /* is CONSISTENT */  @ com.surelogic.Unique () final private java.lang.Object goodUnique2 = new # #;  at  Test.java line 16" source="/NewRegionRules/src/test/Test.java.html" line="16" baseImage="promise.gif" flags="26" reddots="1" />
        </result>
      </result>
      <result msg="Effects of call &quot;new java.lang.Object&quot;  at  Test.java line 17" source="/NewRegionRules/src/test/Test.java.html" line="17" baseImage="plus.gif" flags="2">
        <result msg="1 precondition:" baseImage="choice_item.gif" flags="2">
          <result msg="No effects on java.lang.Object.Object()  at  java.lang.Object" baseImage="promise.gif" flags="2" />
        </result>
      </result>
    </result>
  </result>
  <result msg="InRegion regularField on z  at  Test.java line 33" source="/NewRegionRules/src/test/Test.java.html" line="33" baseImage="promise.gif" flags="0" />
  <result msg="aggregate  Instance into finalField  at  Test.java line 40" source="/NewRegionRules/src/test/Test.java.html" line="40" baseImage="promise.gif" flags="26" reddots="1" />
  <result msg="aggregate  Instance into volatileField  at  Test.java line 44" source="/NewRegionRules/src/test/Test.java.html" line="44" baseImage="promise.gif" flags="26" reddots="1" />
  <result msg="Modeling problems (5 issues)" baseImage="warning.gif" flags="0">
    <result msg="Destination region &quot;finalField&quot; is final on AggregateNode
  Instance into finalField  at  Test.java line 41" source="/NewRegionRules/src/test/Test.java.html" line="41" baseImage="warning.gif" flags="0" />
    <result msg="Destination region &quot;volatileField&quot; is volatile on AggregateNode
  Instance into volatileField  at  Test.java line 45" source="/NewRegionRules/src/test/Test.java.html" line="45" baseImage="warning.gif" flags="0" />
    <result msg="Parent region &quot;finalField&quot; is final on InRegionNode
  finalField  at  Test.java line 31" source="/NewRegionRules/src/test/Test.java.html" line="31" baseImage="warning.gif" flags="0" />
    <result msg="Parent region &quot;volatileField&quot; is volatile on InRegionNode
  volatileField  at  Test.java line 28" source="/NewRegionRules/src/test/Test.java.html" line="28" baseImage="warning.gif" flags="0" />
    <result msg="Volatile fields cannot be unique on Unique  at  Test.java line 11" source="/NewRegionRules/src/test/Test.java.html" line="11" baseImage="warning.gif" flags="0" />
  </result>
</root>