<root msg="Assurance Results">
  <result msg="Concurrency (6 issues)" baseImage="tallyho.gif" flags="12" reddots="1">
    <result msg="RegionLock java.lang.Object.MUTEX is this protects WaitQueue  on  Object  at  java.lang.Object" baseImage="promise.gif" flags="26" reddots="1">
      <result msg="5 lock precondition(s)" baseImage="folder.gif" flags="2">
        <result msg="requiresLock RequiresLock MUTEX  on  java.lang.Object.notify()  at  java.lang.Object" baseImage="promise.gif" flags="2" />
        <result msg="requiresLock RequiresLock MUTEX  on  java.lang.Object.notifyAll()  at  java.lang.Object" baseImage="promise.gif" flags="2" />
        <result msg="requiresLock RequiresLock MUTEX  on  java.lang.Object.wait()  at  java.lang.Object" baseImage="promise.gif" flags="2" />
        <result msg="requiresLock RequiresLock MUTEX  on  java.lang.Object.wait(long)  at  java.lang.Object" baseImage="promise.gif" flags="2" />
        <result msg="requiresLock RequiresLock MUTEX  on  java.lang.Object.wait(long,int)  at  java.lang.Object" baseImage="promise.gif" flags="2" />
      </result>
      <result msg="region  public  java.lang.Object.WaitQueue on (unknown)  at  java.lang.Object" baseImage="promise.gif" flags="0" />
    </result>
    <result msg="RegionLock test_final_exprs.TestInstanceFieldRefs.InstanceLock is this protects InstanceRegion  on  TestInstanceFieldRefs  at  TestInstanceFieldRefs.java line 15" source="/TestFinalExpressions/src/test_final_exprs/TestInstanceFieldRefs.java.html" line="15" baseImage="promise.gif" flags="4">
      <result msg="8 unprotected field access(es); possible race condition detected" baseImage="folder.gif" flags="4">
        <result msg="test_final_exprs (8 issues)" baseImage="package.gif" flags="4">
          <result msg="test_final_exprs.TestInstanceFieldRefs (8 issues)" baseImage="class.gif" flags="4">
            <result msg="Lock &quot;&lt;p&gt;:InstanceLock&quot; not held when accessing p.protectedField  at  TestInstanceFieldRefs.java line 139" source="/TestFinalExpressions/src/test_final_exprs/TestInstanceFieldRefs.java.html" line="139" baseImage="redx.gif" flags="0">
              <result msg="supporting information: Intrinsic lock &quot;&lt;p.protectedField&gt;:MUTEX&quot; is held  at  TestInstanceFieldRefs.java line 139" source="/TestFinalExpressions/src/test_final_exprs/TestInstanceFieldRefs.java.html" line="139" baseImage="info.gif" flags="0" />
            </result>
            <result msg="Lock &quot;&lt;p&gt;:InstanceLock&quot; not held when accessing p.protectedField  at  TestInstanceFieldRefs.java line 153" source="/TestFinalExpressions/src/test_final_exprs/TestInstanceFieldRefs.java.html" line="153" baseImage="redx.gif" flags="0">
              <result msg="supporting information: Intrinsic lock &quot;&lt;p.protectedField&gt;:MUTEX&quot; is held  at  TestInstanceFieldRefs.java line 153" source="/TestFinalExpressions/src/test_final_exprs/TestInstanceFieldRefs.java.html" line="153" baseImage="info.gif" flags="0" />
            </result>
            <result msg="Lock &quot;&lt;p&gt;:InstanceLock&quot; not held when accessing p.protectedField  at  TestInstanceFieldRefs.java line 244" source="/TestFinalExpressions/src/test_final_exprs/TestInstanceFieldRefs.java.html" line="244" baseImage="redx.gif" flags="0" />
            <result msg="Lock &quot;&lt;p&gt;:InstanceLock&quot; not held when accessing p.protectedField  at  TestInstanceFieldRefs.java line 257" source="/TestFinalExpressions/src/test_final_exprs/TestInstanceFieldRefs.java.html" line="257" baseImage="redx.gif" flags="0" />
            <result msg="Lock &quot;&lt;this&gt;:InstanceLock&quot; not held when accessing this.protectedField  at  TestInstanceFieldRefs.java line 115" source="/TestFinalExpressions/src/test_final_exprs/TestInstanceFieldRefs.java.html" line="115" baseImage="redx.gif" flags="0">
              <result msg="supporting information: Intrinsic lock &quot;&lt;this.protectedField&gt;:MUTEX&quot; is held  at  TestInstanceFieldRefs.java line 115" source="/TestFinalExpressions/src/test_final_exprs/TestInstanceFieldRefs.java.html" line="115" baseImage="info.gif" flags="0" />
            </result>
            <result msg="Lock &quot;&lt;this&gt;:InstanceLock&quot; not held when accessing this.protectedField  at  TestInstanceFieldRefs.java line 127" source="/TestFinalExpressions/src/test_final_exprs/TestInstanceFieldRefs.java.html" line="127" baseImage="redx.gif" flags="0">
              <result msg="supporting information: Intrinsic lock &quot;&lt;this.protectedField&gt;:MUTEX&quot; is held  at  TestInstanceFieldRefs.java line 127" source="/TestFinalExpressions/src/test_final_exprs/TestInstanceFieldRefs.java.html" line="127" baseImage="info.gif" flags="0" />
            </result>
            <result msg="Lock &quot;&lt;this&gt;:InstanceLock&quot; not held when accessing this.protectedField  at  TestInstanceFieldRefs.java line 222" source="/TestFinalExpressions/src/test_final_exprs/TestInstanceFieldRefs.java.html" line="222" baseImage="redx.gif" flags="0" />
            <result msg="Lock &quot;&lt;this&gt;:InstanceLock&quot; not held when accessing this.protectedField  at  TestInstanceFieldRefs.java line 233" source="/TestFinalExpressions/src/test_final_exprs/TestInstanceFieldRefs.java.html" line="233" baseImage="redx.gif" flags="0" />
          </result>
        </result>
      </result>
      <result msg="9 protected field access(es)" baseImage="folder.gif" flags="2">
        <result msg="test_final_exprs (9 issues)" baseImage="package.gif" flags="2">
          <result msg="test_final_exprs.TestInstanceFieldRefs (9 issues)" baseImage="class.gif" flags="2">
            <result msg="Lock &quot;&lt;p&gt;:InstanceLock&quot; held when accessing p.protectedField  at  TestInstanceFieldRefs.java line 192" source="/TestFinalExpressions/src/test_final_exprs/TestInstanceFieldRefs.java.html" line="192" baseImage="plus.gif" flags="0">
              <result msg="supporting information:" baseImage="folder.gif" flags="0">
                <result msg="Intrinsic lock &quot;&lt;p.protectedField&gt;:MUTEX&quot; is held  at  TestInstanceFieldRefs.java line 192" source="/TestFinalExpressions/src/test_final_exprs/TestInstanceFieldRefs.java.html" line="192" baseImage="info.gif" flags="0" />
                <result msg="Intrinsic lock &quot;&lt;p&gt;:InstanceLock&quot; is held  at  TestInstanceFieldRefs.java line 186" source="/TestFinalExpressions/src/test_final_exprs/TestInstanceFieldRefs.java.html" line="186" baseImage="info.gif" flags="0" />
                <result msg="Intrinsic lock &quot;&lt;p&gt;:MUTEX&quot; is held  at  TestInstanceFieldRefs.java line 186" source="/TestFinalExpressions/src/test_final_exprs/TestInstanceFieldRefs.java.html" line="186" baseImage="info.gif" flags="0" />
              </result>
            </result>
            <result msg="Lock &quot;&lt;p&gt;:InstanceLock&quot; held when accessing p.protectedField  at  TestInstanceFieldRefs.java line 208" source="/TestFinalExpressions/src/test_final_exprs/TestInstanceFieldRefs.java.html" line="208" baseImage="plus.gif" flags="0">
              <result msg="supporting information:" baseImage="folder.gif" flags="0">
                <result msg="Intrinsic lock &quot;&lt;p.protectedField&gt;:MUTEX&quot; is held  at  TestInstanceFieldRefs.java line 208" source="/TestFinalExpressions/src/test_final_exprs/TestInstanceFieldRefs.java.html" line="208" baseImage="info.gif" flags="0" />
                <result msg="Intrinsic lock &quot;&lt;p&gt;:InstanceLock&quot; is held  at  TestInstanceFieldRefs.java line 200" source="/TestFinalExpressions/src/test_final_exprs/TestInstanceFieldRefs.java.html" line="200" baseImage="info.gif" flags="0" />
                <result msg="Intrinsic lock &quot;&lt;p&gt;:MUTEX&quot; is held  at  TestInstanceFieldRefs.java line 200" source="/TestFinalExpressions/src/test_final_exprs/TestInstanceFieldRefs.java.html" line="200" baseImage="info.gif" flags="0" />
              </result>
            </result>
            <result msg="Lock &quot;&lt;p&gt;:InstanceLock&quot; held when accessing p.protectedField  at  TestInstanceFieldRefs.java line 293" source="/TestFinalExpressions/src/test_final_exprs/TestInstanceFieldRefs.java.html" line="293" baseImage="plus.gif" flags="0">
              <result msg="supporting information:" baseImage="folder.gif" flags="0">
                <result msg="Intrinsic lock &quot;&lt;p&gt;:InstanceLock&quot; is held  at  TestInstanceFieldRefs.java line 288" source="/TestFinalExpressions/src/test_final_exprs/TestInstanceFieldRefs.java.html" line="288" baseImage="info.gif" flags="0" />
                <result msg="Intrinsic lock &quot;&lt;p&gt;:MUTEX&quot; is held  at  TestInstanceFieldRefs.java line 288" source="/TestFinalExpressions/src/test_final_exprs/TestInstanceFieldRefs.java.html" line="288" baseImage="info.gif" flags="0" />
              </result>
            </result>
            <result msg="Lock &quot;&lt;p&gt;:InstanceLock&quot; held when accessing p.protectedField  at  TestInstanceFieldRefs.java line 308" source="/TestFinalExpressions/src/test_final_exprs/TestInstanceFieldRefs.java.html" line="308" baseImage="plus.gif" flags="0">
              <result msg="supporting information:" baseImage="folder.gif" flags="0">
                <result msg="Intrinsic lock &quot;&lt;p&gt;:InstanceLock&quot; is held  at  TestInstanceFieldRefs.java line 301" source="/TestFinalExpressions/src/test_final_exprs/TestInstanceFieldRefs.java.html" line="301" baseImage="info.gif" flags="0" />
                <result msg="Intrinsic lock &quot;&lt;p&gt;:MUTEX&quot; is held  at  TestInstanceFieldRefs.java line 301" source="/TestFinalExpressions/src/test_final_exprs/TestInstanceFieldRefs.java.html" line="301" baseImage="info.gif" flags="0" />
              </result>
            </result>
            <result msg="Lock &quot;&lt;this&gt;:InstanceLock&quot; held when accessing protectedField = new java.lang.Object  at  TestInstanceFieldRefs.java line 21" source="/TestFinalExpressions/src/test_final_exprs/TestInstanceFieldRefs.java.html" line="21" baseImage="plus.gif" flags="2">
              <result msg="1 precondition:" baseImage="choice_item.gif" flags="2">
                <result msg="singleThreaded  on  test_final_exprs.TestInstanceFieldRefs.TestInstanceFieldRefs()  at  TestInstanceFieldRefs.java line 24" source="/TestFinalExpressions/src/test_final_exprs/TestInstanceFieldRefs.java.html" line="24" baseImage="promise.gif" flags="2">
                  <result msg="singleThreaded constructor supported  at  TestInstanceFieldRefs.java line 24" source="/TestFinalExpressions/src/test_final_exprs/TestInstanceFieldRefs.java.html" line="24" baseImage="plus.gif" flags="2">
                    <result msg="1 precondition choice(s):" baseImage="choice.gif" flags="2">
                      <result msg="by borrowed receiver:" baseImage="choice_item.gif" flags="2">
                        <result msg="borrowed this on test_final_exprs.TestInstanceFieldRefs.TestInstanceFieldRefs()  at  TestInstanceFieldRefs.java line 25" source="/TestFinalExpressions/src/test_final_exprs/TestInstanceFieldRefs.java.html" line="25" baseImage="promise.gif" flags="2">
                          <result msg="Borrowed parameters of call &quot;super&quot;  at  TestInstanceFieldRefs.java" source="/TestFinalExpressions/src/test_final_exprs/TestInstanceFieldRefs.java.html" line="0" baseImage="plus.gif" flags="2">
                            <result msg="1 precondition:" baseImage="choice_item.gif" flags="2">
                              <result msg="borrowed this on java.lang.Object.Object()  at  java.lang.Object" baseImage="promise.gif" flags="2" />
                            </result>
                          </result>
                          <result msg="Conservative dependency  at  TestInstanceFieldRefs.java line 24" source="/TestFinalExpressions/src/test_final_exprs/TestInstanceFieldRefs.java.html" line="24" baseImage="plus.gif" flags="2">
                            <result msg="1 precondition:" baseImage="choice_item.gif" flags="2">
                              <result msg="Other control flow for test_final_exprs.TestInstanceFieldRefs.TestInstanceFieldRefs()  at  TestInstanceFieldRefs.java line 24" source="/TestFinalExpressions/src/test_final_exprs/TestInstanceFieldRefs.java.html" line="24" baseImage="promise.gif" flags="2">
                                <result msg="Method body respects uniqueness constraints  at  TestInstanceFieldRefs.java line 26" source="/TestFinalExpressions/src/test_final_exprs/TestInstanceFieldRefs.java.html" line="26" baseImage="plus.gif" flags="0" />
                              </result>
                            </result>
                          </result>
                        </result>
                      </result>
                    </result>
                  </result>
                </result>
              </result>
              <result msg="supporting information:" baseImage="folder.gif" flags="0">
                <result msg="Analyzed on behalf of constructor &quot;test_final_exprs.TestInstanceFieldRefs.TestInstanceFieldRefs()&quot;  at  TestInstanceFieldRefs.java line 24" source="/TestFinalExpressions/src/test_final_exprs/TestInstanceFieldRefs.java.html" line="24" baseImage="info.gif" flags="0" />
                <result msg="Intrinsic lock &quot;&lt;this&gt;:InstanceLock&quot; is held  at  TestInstanceFieldRefs.java line 24" source="/TestFinalExpressions/src/test_final_exprs/TestInstanceFieldRefs.java.html" line="24" baseImage="info.gif" flags="0" />
              </result>
            </result>
            <result msg="Lock &quot;&lt;this&gt;:InstanceLock&quot; held when accessing this.protectedField  at  TestInstanceFieldRefs.java line 167" source="/TestFinalExpressions/src/test_final_exprs/TestInstanceFieldRefs.java.html" line="167" baseImage="plus.gif" flags="0">
              <result msg="supporting information:" baseImage="folder.gif" flags="0">
                <result msg="Intrinsic lock &quot;&lt;this.protectedField&gt;:MUTEX&quot; is held  at  TestInstanceFieldRefs.java line 167" source="/TestFinalExpressions/src/test_final_exprs/TestInstanceFieldRefs.java.html" line="167" baseImage="info.gif" flags="0" />
                <result msg="Intrinsic lock &quot;&lt;this&gt;:InstanceLock&quot; is held  at  TestInstanceFieldRefs.java line 161" source="/TestFinalExpressions/src/test_final_exprs/TestInstanceFieldRefs.java.html" line="161" baseImage="info.gif" flags="0" />
                <result msg="Intrinsic lock &quot;&lt;this&gt;:MUTEX&quot; is held  at  TestInstanceFieldRefs.java line 161" source="/TestFinalExpressions/src/test_final_exprs/TestInstanceFieldRefs.java.html" line="161" baseImage="info.gif" flags="0" />
              </result>
            </result>
            <result msg="Lock &quot;&lt;this&gt;:InstanceLock&quot; held when accessing this.protectedField  at  TestInstanceFieldRefs.java line 179" source="/TestFinalExpressions/src/test_final_exprs/TestInstanceFieldRefs.java.html" line="179" baseImage="plus.gif" flags="0">
              <result msg="supporting information:" baseImage="folder.gif" flags="0">
                <result msg="Intrinsic lock &quot;&lt;this.protectedField&gt;:MUTEX&quot; is held  at  TestInstanceFieldRefs.java line 179" source="/TestFinalExpressions/src/test_final_exprs/TestInstanceFieldRefs.java.html" line="179" baseImage="info.gif" flags="0" />
                <result msg="Intrinsic lock &quot;&lt;this&gt;:InstanceLock&quot; is held  at  TestInstanceFieldRefs.java line 173" source="/TestFinalExpressions/src/test_final_exprs/TestInstanceFieldRefs.java.html" line="173" baseImage="info.gif" flags="0" />
                <result msg="Intrinsic lock &quot;&lt;this&gt;:MUTEX&quot; is held  at  TestInstanceFieldRefs.java line 173" source="/TestFinalExpressions/src/test_final_exprs/TestInstanceFieldRefs.java.html" line="173" baseImage="info.gif" flags="0" />
              </result>
            </result>
            <result msg="Lock &quot;&lt;this&gt;:InstanceLock&quot; held when accessing this.protectedField  at  TestInstanceFieldRefs.java line 270" source="/TestFinalExpressions/src/test_final_exprs/TestInstanceFieldRefs.java.html" line="270" baseImage="plus.gif" flags="0">
              <result msg="supporting information:" baseImage="folder.gif" flags="0">
                <result msg="Intrinsic lock &quot;&lt;this&gt;:InstanceLock&quot; is held  at  TestInstanceFieldRefs.java line 265" source="/TestFinalExpressions/src/test_final_exprs/TestInstanceFieldRefs.java.html" line="265" baseImage="info.gif" flags="0" />
                <result msg="Intrinsic lock &quot;&lt;this&gt;:MUTEX&quot; is held  at  TestInstanceFieldRefs.java line 265" source="/TestFinalExpressions/src/test_final_exprs/TestInstanceFieldRefs.java.html" line="265" baseImage="info.gif" flags="0" />
              </result>
            </result>
            <result msg="Lock &quot;&lt;this&gt;:InstanceLock&quot; held when accessing this.protectedField  at  TestInstanceFieldRefs.java line 281" source="/TestFinalExpressions/src/test_final_exprs/TestInstanceFieldRefs.java.html" line="281" baseImage="plus.gif" flags="0">
              <result msg="supporting information:" baseImage="folder.gif" flags="0">
                <result msg="Intrinsic lock &quot;&lt;this&gt;:InstanceLock&quot; is held  at  TestInstanceFieldRefs.java line 276" source="/TestFinalExpressions/src/test_final_exprs/TestInstanceFieldRefs.java.html" line="276" baseImage="info.gif" flags="0" />
                <result msg="Intrinsic lock &quot;&lt;this&gt;:MUTEX&quot; is held  at  TestInstanceFieldRefs.java line 276" source="/TestFinalExpressions/src/test_final_exprs/TestInstanceFieldRefs.java.html" line="276" baseImage="info.gif" flags="0" />
              </result>
            </result>
          </result>
        </result>
      </result>
      <result msg="region   test_final_exprs.TestInstanceFieldRefs.InstanceRegion on (unknown)  at  TestInstanceFieldRefs.java line 14" source="/TestFinalExpressions/src/test_final_exprs/TestInstanceFieldRefs.java.html" line="14" baseImage="promise.gif" flags="0">
        <result msg="InRegion InstanceRegion on protectedField  at  TestInstanceFieldRefs.java line 20" source="/TestFinalExpressions/src/test_final_exprs/TestInstanceFieldRefs.java.html" line="20" baseImage="promise.gif" flags="0" />
      </result>
    </result>
    <result msg="RegionLock test_final_exprs.TestStaticFieldRefs.StaticLock is ImplicitClassLockExpression
 protects StaticRegion  on  TestStaticFieldRefs  at  TestStaticFieldRefs.java line 13" source="/TestFinalExpressions/src/test_final_exprs/TestStaticFieldRefs.java.html" line="13" baseImage="promise.gif" flags="4">
      <result msg="3 unprotected field access(es); possible race condition detected" baseImage="folder.gif" flags="4">
        <result msg="test_final_exprs (3 issues)" baseImage="package.gif" flags="4">
          <result msg="test_final_exprs.TestStaticFieldRefs (3 issues)" baseImage="class.gif" flags="4">
            <result msg="Lock &quot;StaticLock&quot; not held when accessing test_final_exprs.TestStaticFieldRefs.staticProtectedField  at  TestStaticFieldRefs.java line 40" source="/TestFinalExpressions/src/test_final_exprs/TestStaticFieldRefs.java.html" line="40" baseImage="redx.gif" flags="0">
              <result msg="supporting information: Intrinsic lock &quot;&lt;test_final_exprs.TestStaticFieldRefs.staticProtectedField&gt;:MUTEX&quot; is held  at  TestStaticFieldRefs.java line 40" source="/TestFinalExpressions/src/test_final_exprs/TestStaticFieldRefs.java.html" line="40" baseImage="info.gif" flags="0" />
            </result>
            <result msg="Lock &quot;StaticLock&quot; not held when accessing test_final_exprs.TestStaticFieldRefs.staticProtectedField  at  TestStaticFieldRefs.java line 59" source="/TestFinalExpressions/src/test_final_exprs/TestStaticFieldRefs.java.html" line="59" baseImage="redx.gif" flags="0" />
            <result msg="Lock &quot;StaticLock&quot; not held when accessing test_final_exprs.TestStaticFieldRefs.staticProtectedField  at  TestStaticFieldRefs.java line 61" source="/TestFinalExpressions/src/test_final_exprs/TestStaticFieldRefs.java.html" line="61" baseImage="redx.gif" flags="0" />
          </result>
        </result>
      </result>
      <result msg="4 protected field access(es)" baseImage="folder.gif" flags="2">
        <result msg="test_final_exprs (4 issues)" baseImage="package.gif" flags="2">
          <result msg="test_final_exprs.TestStaticFieldRefs (4 issues)" baseImage="class.gif" flags="2">
            <result msg="Lock &quot;StaticLock&quot; held when accessing staticProtectedField = new java.lang.Object  at  TestStaticFieldRefs.java line 19" source="/TestFinalExpressions/src/test_final_exprs/TestStaticFieldRefs.java.html" line="19" baseImage="plus.gif" flags="0">
              <result msg="supporting information: Intrinsic lock &quot;StaticLock&quot; is held  at  TestStaticFieldRefs.java line 19" source="/TestFinalExpressions/src/test_final_exprs/TestStaticFieldRefs.java.html" line="19" baseImage="info.gif" flags="0" />
            </result>
            <result msg="Lock &quot;StaticLock&quot; held when accessing test_final_exprs.TestStaticFieldRefs.staticProtectedField  at  TestStaticFieldRefs.java line 50" source="/TestFinalExpressions/src/test_final_exprs/TestStaticFieldRefs.java.html" line="50" baseImage="plus.gif" flags="0">
              <result msg="supporting information:" baseImage="folder.gif" flags="0">
                <result msg="Intrinsic lock &quot;&lt;test_final_exprs.TestStaticFieldRefs . class&gt;:MUTEX&quot; is held  at  TestStaticFieldRefs.java line 46" source="/TestFinalExpressions/src/test_final_exprs/TestStaticFieldRefs.java.html" line="46" baseImage="info.gif" flags="0" />
                <result msg="Intrinsic lock &quot;&lt;test_final_exprs.TestStaticFieldRefs.staticProtectedField&gt;:MUTEX&quot; is held  at  TestStaticFieldRefs.java line 50" source="/TestFinalExpressions/src/test_final_exprs/TestStaticFieldRefs.java.html" line="50" baseImage="info.gif" flags="0" />
                <result msg="Intrinsic lock &quot;StaticLock&quot; is held  at  TestStaticFieldRefs.java line 46" source="/TestFinalExpressions/src/test_final_exprs/TestStaticFieldRefs.java.html" line="46" baseImage="info.gif" flags="0" />
              </result>
            </result>
            <result msg="Lock &quot;StaticLock&quot; held when accessing test_final_exprs.TestStaticFieldRefs.staticProtectedField  at  TestStaticFieldRefs.java line 69" source="/TestFinalExpressions/src/test_final_exprs/TestStaticFieldRefs.java.html" line="69" baseImage="plus.gif" flags="0">
              <result msg="supporting information:" baseImage="folder.gif" flags="0">
                <result msg="Intrinsic lock &quot;&lt;test_final_exprs.TestStaticFieldRefs . class&gt;:MUTEX&quot; is held  at  TestStaticFieldRefs.java line 66" source="/TestFinalExpressions/src/test_final_exprs/TestStaticFieldRefs.java.html" line="66" baseImage="info.gif" flags="0" />
                <result msg="Intrinsic lock &quot;StaticLock&quot; is held  at  TestStaticFieldRefs.java line 66" source="/TestFinalExpressions/src/test_final_exprs/TestStaticFieldRefs.java.html" line="66" baseImage="info.gif" flags="0" />
              </result>
            </result>
            <result msg="Lock &quot;StaticLock&quot; held when accessing test_final_exprs.TestStaticFieldRefs.staticProtectedField  at  TestStaticFieldRefs.java line 71" source="/TestFinalExpressions/src/test_final_exprs/TestStaticFieldRefs.java.html" line="71" baseImage="plus.gif" flags="0">
              <result msg="supporting information:" baseImage="folder.gif" flags="0">
                <result msg="Intrinsic lock &quot;&lt;test_final_exprs.TestStaticFieldRefs . class&gt;:MUTEX&quot; is held  at  TestStaticFieldRefs.java line 66" source="/TestFinalExpressions/src/test_final_exprs/TestStaticFieldRefs.java.html" line="66" baseImage="info.gif" flags="0" />
                <result msg="Intrinsic lock &quot;StaticLock&quot; is held  at  TestStaticFieldRefs.java line 66" source="/TestFinalExpressions/src/test_final_exprs/TestStaticFieldRefs.java.html" line="66" baseImage="info.gif" flags="0" />
              </result>
            </result>
          </result>
        </result>
      </result>
      <result msg="region   test_final_exprs.TestStaticFieldRefs.StaticRegion on (unknown)  at  TestStaticFieldRefs.java line 12" source="/TestFinalExpressions/src/test_final_exprs/TestStaticFieldRefs.java.html" line="12" baseImage="promise.gif" flags="0">
        <result msg="InRegion StaticRegion on staticProtectedField  at  TestStaticFieldRefs.java line 18" source="/TestFinalExpressions/src/test_final_exprs/TestStaticFieldRefs.java.html" line="18" baseImage="promise.gif" flags="0" />
      </result>
    </result>
    <result msg="policy lock test_final_exprs.TestMethodCall.LL is this  on TestMethodCall  at  TestMethodCall.java line 15" source="/TestFinalExpressions/src/test_final_exprs/TestMethodCall.java.html" line="15" baseImage="promise.gif" flags="2">
      <result msg="returnsLock LL  on  test_final_exprs.TestMethodCall.instanceMethod_returnsLock()  at  TestMethodCall.java line 45" source="/TestFinalExpressions/src/test_final_exprs/TestMethodCall.java.html" line="45" baseImage="promise.gif" flags="2">
        <result msg="1 return statement(s) returning the correct lock" baseImage="folder.gif" flags="2">
          <result msg="test_final_exprs (1 issue)" baseImage="package.gif" flags="2">
            <result msg="test_final_exprs.TestMethodCall (1 issue)" baseImage="class.gif" flags="2">
              <result msg="Return statement correctly returns lock &quot;&lt;this&gt;:LL&quot;  at  TestMethodCall.java line 48" source="/TestFinalExpressions/src/test_final_exprs/TestMethodCall.java.html" line="48" baseImage="plus.gif" flags="0" />
            </result>
          </result>
        </result>
      </result>
    </result>
    <result msg="policy lock test_final_exprs.TestMethodCall.PL is ImplicitClassLockExpression
  on TestMethodCall  at  TestMethodCall.java line 14" source="/TestFinalExpressions/src/test_final_exprs/TestMethodCall.java.html" line="14" baseImage="promise.gif" flags="2">
      <result msg="returnsLock PL  on  test_final_exprs.TestMethodCall.staticMethod_returnsLock()  at  TestMethodCall.java line 29" source="/TestFinalExpressions/src/test_final_exprs/TestMethodCall.java.html" line="29" baseImage="promise.gif" flags="2">
        <result msg="1 return statement(s) returning the correct lock" baseImage="folder.gif" flags="2">
          <result msg="test_final_exprs (1 issue)" baseImage="package.gif" flags="2">
            <result msg="test_final_exprs.TestMethodCall (1 issue)" baseImage="class.gif" flags="2">
              <result msg="Return statement correctly returns lock &quot;PL&quot;  at  TestMethodCall.java line 32" source="/TestFinalExpressions/src/test_final_exprs/TestMethodCall.java.html" line="32" baseImage="plus.gif" flags="0" />
            </result>
          </result>
        </result>
      </result>
    </result>
    <result msg="singleThreaded  on  test_final_exprs.TestInstanceFieldRefs.TestInstanceFieldRefs()  at  TestInstanceFieldRefs.java line 24" source="/TestFinalExpressions/src/test_final_exprs/TestInstanceFieldRefs.java.html" line="24" baseImage="promise.gif" flags="2">
      <result msg="singleThreaded constructor supported  at  TestInstanceFieldRefs.java line 24" source="/TestFinalExpressions/src/test_final_exprs/TestInstanceFieldRefs.java.html" line="24" baseImage="plus.gif" flags="2">
        <result msg="1 precondition choice(s):" baseImage="choice.gif" flags="2">
          <result msg="by borrowed receiver:" baseImage="choice_item.gif" flags="2">
            <result msg="borrowed this on test_final_exprs.TestInstanceFieldRefs.TestInstanceFieldRefs()  at  TestInstanceFieldRefs.java line 25" source="/TestFinalExpressions/src/test_final_exprs/TestInstanceFieldRefs.java.html" line="25" baseImage="promise.gif" flags="2">
              <result msg="Borrowed parameters of call &quot;super&quot;  at  TestInstanceFieldRefs.java" source="/TestFinalExpressions/src/test_final_exprs/TestInstanceFieldRefs.java.html" line="0" baseImage="plus.gif" flags="2">
                <result msg="1 precondition:" baseImage="choice_item.gif" flags="2">
                  <result msg="borrowed this on java.lang.Object.Object()  at  java.lang.Object" baseImage="promise.gif" flags="2" />
                </result>
              </result>
              <result msg="Conservative dependency  at  TestInstanceFieldRefs.java line 24" source="/TestFinalExpressions/src/test_final_exprs/TestInstanceFieldRefs.java.html" line="24" baseImage="plus.gif" flags="2">
                <result msg="1 precondition:" baseImage="choice_item.gif" flags="2">
                  <result msg="Other control flow for test_final_exprs.TestInstanceFieldRefs.TestInstanceFieldRefs()  at  TestInstanceFieldRefs.java line 24" source="/TestFinalExpressions/src/test_final_exprs/TestInstanceFieldRefs.java.html" line="24" baseImage="promise.gif" flags="2">
                    <result msg="Method body respects uniqueness constraints  at  TestInstanceFieldRefs.java line 26" source="/TestFinalExpressions/src/test_final_exprs/TestInstanceFieldRefs.java.html" line="26" baseImage="plus.gif" flags="0" />
                  </result>
                </result>
              </result>
            </result>
          </result>
        </result>
      </result>
    </result>
  </result>
  <result msg="Effects (3 issues)" baseImage="tallyho.gif" flags="2">
    <result msg="Reads test_final_exprs.TestStaticFieldRefs:staticProtectedField on test_final_exprs.TestStaticFieldRefs.readField_staticProtectedField()  at  TestStaticFieldRefs.java line 78" source="/TestFinalExpressions/src/test_final_exprs/TestStaticFieldRefs.java.html" line="78" baseImage="promise.gif" flags="2">
      <result msg="Empty effects trivially satisfy declared effects  at  TestStaticFieldRefs.java line 78" source="/TestFinalExpressions/src/test_final_exprs/TestStaticFieldRefs.java.html" line="78" baseImage="plus.gif" flags="0" />
    </result>
    <result msg="Reads this:Instance on test_final_exprs.TestInstanceFieldRefs.readInstance()  at  TestInstanceFieldRefs.java line 317" source="/TestFinalExpressions/src/test_final_exprs/TestInstanceFieldRefs.java.html" line="317" baseImage="promise.gif" flags="2">
      <result msg="Empty effects trivially satisfy declared effects  at  TestInstanceFieldRefs.java line 317" source="/TestFinalExpressions/src/test_final_exprs/TestInstanceFieldRefs.java.html" line="317" baseImage="plus.gif" flags="0" />
    </result>
    <result msg="Writes this:Instance on test_final_exprs.TestInstanceFieldRefs.writeInstance()  at  TestInstanceFieldRefs.java line 322" source="/TestFinalExpressions/src/test_final_exprs/TestInstanceFieldRefs.java.html" line="322" baseImage="promise.gif" flags="2">
      <result msg="Empty effects trivially satisfy declared effects  at  TestInstanceFieldRefs.java line 322" source="/TestFinalExpressions/src/test_final_exprs/TestInstanceFieldRefs.java.html" line="322" baseImage="plus.gif" flags="0" />
    </result>
  </result>
  <result msg="Regions (3 issues)" baseImage="tallyho.gif" flags="2">
    <result msg="region  public  [] on (unknown)  at  java.lang.[]" baseImage="promise.gif" flags="0" />
    <result msg="region  public  length on (unknown)  at  java.lang.[]" baseImage="promise.gif" flags="0" />
    <result msg="region test_final_exprs.TestStaticFieldRefs.staticProtectedField  at  TestStaticFieldRefs.java line 19" source="/TestFinalExpressions/src/test_final_exprs/TestStaticFieldRefs.java.html" line="19" baseImage="promise.gif" flags="0" />
  </result>
  <result msg="Uniqueness (2 issues)" baseImage="tallyho.gif" flags="2">
    <result msg="Other control flow for test_final_exprs.TestInstanceFieldRefs.TestInstanceFieldRefs()  at  TestInstanceFieldRefs.java line 24" source="/TestFinalExpressions/src/test_final_exprs/TestInstanceFieldRefs.java.html" line="24" baseImage="promise.gif" flags="2">
      <result msg="Method body respects uniqueness constraints  at  TestInstanceFieldRefs.java line 26" source="/TestFinalExpressions/src/test_final_exprs/TestInstanceFieldRefs.java.html" line="26" baseImage="plus.gif" flags="0" />
    </result>
    <result msg="borrowed this on test_final_exprs.TestInstanceFieldRefs.TestInstanceFieldRefs()  at  TestInstanceFieldRefs.java line 25" source="/TestFinalExpressions/src/test_final_exprs/TestInstanceFieldRefs.java.html" line="25" baseImage="promise.gif" flags="2">
      <result msg="Borrowed parameters of call &quot;super&quot;  at  TestInstanceFieldRefs.java" source="/TestFinalExpressions/src/test_final_exprs/TestInstanceFieldRefs.java.html" line="0" baseImage="plus.gif" flags="2">
        <result msg="1 precondition:" baseImage="choice_item.gif" flags="2">
          <result msg="borrowed this on java.lang.Object.Object()  at  java.lang.Object" baseImage="promise.gif" flags="2" />
        </result>
      </result>
      <result msg="Conservative dependency  at  TestInstanceFieldRefs.java line 24" source="/TestFinalExpressions/src/test_final_exprs/TestInstanceFieldRefs.java.html" line="24" baseImage="plus.gif" flags="2">
        <result msg="1 precondition:" baseImage="choice_item.gif" flags="2">
          <result msg="Other control flow for test_final_exprs.TestInstanceFieldRefs.TestInstanceFieldRefs()  at  TestInstanceFieldRefs.java line 24" source="/TestFinalExpressions/src/test_final_exprs/TestInstanceFieldRefs.java.html" line="24" baseImage="promise.gif" flags="2">
            <result msg="Method body respects uniqueness constraints  at  TestInstanceFieldRefs.java line 26" source="/TestFinalExpressions/src/test_final_exprs/TestInstanceFieldRefs.java.html" line="26" baseImage="plus.gif" flags="0" />
          </result>
        </result>
      </result>
    </result>
  </result>
  <result msg="Suggestions and warnings (54 issues)" baseImage="warning.gif" flags="128">
    <result msg="2 synchronized block(s) not protecting any state; what state is being protected?" baseImage="warning.gif" flags="128">
      <result msg="test_final_exprs (2 issues)" baseImage="package.gif" flags="128">
        <result msg="test_final_exprs.TestMethodCall (2 issues)" baseImage="class.gif" flags="128">
          <result msg="Locks [&lt;t&gt;:LL] not needed by body of synchronized block  at  TestMethodCall.java line 110" source="/TestFinalExpressions/src/test_final_exprs/TestMethodCall.java.html" line="110" baseImage="warning.gif" flags="128" />
          <result msg="Locks [PL] not needed by body of synchronized block  at  TestMethodCall.java line 63" source="/TestFinalExpressions/src/test_final_exprs/TestMethodCall.java.html" line="63" baseImage="warning.gif" flags="128" />
        </result>
      </result>
    </result>
    <result msg="24 non-final lock expression(s); analysis cannot determine which lock is being acquired" baseImage="warning.gif" flags="128">
      <result msg="test_final_exprs (24 issues)" baseImage="package.gif" flags="128">
        <result msg="test_final_exprs.TestArrayRefs (3 issues)" baseImage="class.gif" flags="128">
          <result msg="Lock expression &quot;array [ idx ]&quot; is not final  at  TestArrayRefs.java line 112" source="/TestFinalExpressions/src/test_final_exprs/TestArrayRefs.java.html" line="112" baseImage="warning.gif" flags="128" />
          <result msg="Lock expression &quot;array [ idx ]&quot; is not final  at  TestArrayRefs.java line 82" source="/TestFinalExpressions/src/test_final_exprs/TestArrayRefs.java.html" line="82" baseImage="warning.gif" flags="128" />
          <result msg="Lock expression &quot;array [ idx ]&quot; is not final  at  TestArrayRefs.java line 97" source="/TestFinalExpressions/src/test_final_exprs/TestArrayRefs.java.html" line="97" baseImage="warning.gif" flags="128" />
        </result>
        <result msg="test_final_exprs.TestInstanceFieldRefs (12 issues)" baseImage="class.gif" flags="128">
          <result msg="Lock expression &quot;p.protectedField&quot; is not final  at  TestInstanceFieldRefs.java line 244" source="/TestFinalExpressions/src/test_final_exprs/TestInstanceFieldRefs.java.html" line="244" baseImage="warning.gif" flags="128" />
          <result msg="Lock expression &quot;p.protectedField&quot; is not final  at  TestInstanceFieldRefs.java line 257" source="/TestFinalExpressions/src/test_final_exprs/TestInstanceFieldRefs.java.html" line="257" baseImage="warning.gif" flags="128" />
          <result msg="Lock expression &quot;p.protectedField&quot; is not final  at  TestInstanceFieldRefs.java line 293" source="/TestFinalExpressions/src/test_final_exprs/TestInstanceFieldRefs.java.html" line="293" baseImage="warning.gif" flags="128" />
          <result msg="Lock expression &quot;p.protectedField&quot; is not final  at  TestInstanceFieldRefs.java line 308" source="/TestFinalExpressions/src/test_final_exprs/TestInstanceFieldRefs.java.html" line="308" baseImage="warning.gif" flags="128" />
          <result msg="Lock expression &quot;p.unprotectedField&quot; is not final  at  TestInstanceFieldRefs.java line 102" source="/TestFinalExpressions/src/test_final_exprs/TestInstanceFieldRefs.java.html" line="102" baseImage="warning.gif" flags="128" />
          <result msg="Lock expression &quot;p.unprotectedField&quot; is not final  at  TestInstanceFieldRefs.java line 91" source="/TestFinalExpressions/src/test_final_exprs/TestInstanceFieldRefs.java.html" line="91" baseImage="warning.gif" flags="128" />
          <result msg="Lock expression &quot;this.protectedField&quot; is not final  at  TestInstanceFieldRefs.java line 222" source="/TestFinalExpressions/src/test_final_exprs/TestInstanceFieldRefs.java.html" line="222" baseImage="warning.gif" flags="128" />
          <result msg="Lock expression &quot;this.protectedField&quot; is not final  at  TestInstanceFieldRefs.java line 233" source="/TestFinalExpressions/src/test_final_exprs/TestInstanceFieldRefs.java.html" line="233" baseImage="warning.gif" flags="128" />
          <result msg="Lock expression &quot;this.protectedField&quot; is not final  at  TestInstanceFieldRefs.java line 270" source="/TestFinalExpressions/src/test_final_exprs/TestInstanceFieldRefs.java.html" line="270" baseImage="warning.gif" flags="128" />
          <result msg="Lock expression &quot;this.protectedField&quot; is not final  at  TestInstanceFieldRefs.java line 281" source="/TestFinalExpressions/src/test_final_exprs/TestInstanceFieldRefs.java.html" line="281" baseImage="warning.gif" flags="128" />
          <result msg="Lock expression &quot;this.unprotectedField&quot; is not final  at  TestInstanceFieldRefs.java line 73" source="/TestFinalExpressions/src/test_final_exprs/TestInstanceFieldRefs.java.html" line="73" baseImage="warning.gif" flags="128" />
          <result msg="Lock expression &quot;this.unprotectedField&quot; is not final  at  TestInstanceFieldRefs.java line 82" source="/TestFinalExpressions/src/test_final_exprs/TestInstanceFieldRefs.java.html" line="82" baseImage="warning.gif" flags="128" />
        </result>
        <result msg="test_final_exprs.TestLocalVars (2 issues)" baseImage="class.gif" flags="128">
          <result msg="Lock expression &quot;o&quot; is not final  at  TestLocalVars.java line 63" source="/TestFinalExpressions/src/test_final_exprs/TestLocalVars.java.html" line="63" baseImage="warning.gif" flags="128" />
          <result msg="Lock expression &quot;p&quot; is not final  at  TestLocalVars.java line 53" source="/TestFinalExpressions/src/test_final_exprs/TestLocalVars.java.html" line="53" baseImage="warning.gif" flags="128" />
        </result>
        <result msg="test_final_exprs.TestMethodCall (4 issues)" baseImage="class.gif" flags="128">
          <result msg="Lock expression &quot;t.instanceMethod_noReturnsLock&quot; is not final  at  TestMethodCall.java line 75" source="/TestFinalExpressions/src/test_final_exprs/TestMethodCall.java.html" line="75" baseImage="warning.gif" flags="128" />
          <result msg="Lock expression &quot;t.instanceMethod_noReturnsLock&quot; is not final  at  TestMethodCall.java line 99" source="/TestFinalExpressions/src/test_final_exprs/TestMethodCall.java.html" line="99" baseImage="warning.gif" flags="128" />
          <result msg="Lock expression &quot;t.instanceMethod_returnsLock&quot; is not final  at  TestMethodCall.java line 86" source="/TestFinalExpressions/src/test_final_exprs/TestMethodCall.java.html" line="86" baseImage="warning.gif" flags="128" />
          <result msg="Lock expression &quot;this.staticMethod_noReturnsLock&quot; is not final  at  TestMethodCall.java line 55" source="/TestFinalExpressions/src/test_final_exprs/TestMethodCall.java.html" line="55" baseImage="warning.gif" flags="128" />
        </result>
        <result msg="test_final_exprs.TestStaticFieldRefs (3 issues)" baseImage="class.gif" flags="128">
          <result msg="Lock expression &quot;test_final_exprs.TestStaticFieldRefs.staticProtectedField&quot; is not final  at  TestStaticFieldRefs.java line 59" source="/TestFinalExpressions/src/test_final_exprs/TestStaticFieldRefs.java.html" line="59" baseImage="warning.gif" flags="128" />
          <result msg="Lock expression &quot;test_final_exprs.TestStaticFieldRefs.staticProtectedField&quot; is not final  at  TestStaticFieldRefs.java line 69" source="/TestFinalExpressions/src/test_final_exprs/TestStaticFieldRefs.java.html" line="69" baseImage="warning.gif" flags="128" />
          <result msg="Lock expression &quot;test_final_exprs.TestStaticFieldRefs.staticUnprotectedField&quot; is not final  at  TestStaticFieldRefs.java line 31" source="/TestFinalExpressions/src/test_final_exprs/TestStaticFieldRefs.java.html" line="31" baseImage="warning.gif" flags="128" />
        </result>
      </result>
    </result>
    <result msg="28 unidentifiable lock(s); what is the name of the lock? what state is being protected?" baseImage="warning.gif" flags="128">
      <result msg="test_final_exprs (28 issues)" baseImage="package.gif" flags="128">
        <result msg="test_final_exprs.TestArrayRefs (6 issues)" baseImage="class.gif" flags="128">
          <result msg="Lock expression &quot;array [ 0 ]&quot; does not name a programmer-declared lock; consider declaring the state protected by the referenced lock  at  TestArrayRefs.java line 14" source="/TestFinalExpressions/src/test_final_exprs/TestArrayRefs.java.html" line="14" baseImage="warning.gif" flags="128" />
          <result msg="Lock expression &quot;array [ 0 ]&quot; does not name a programmer-declared lock; consider declaring the state protected by the referenced lock  at  TestArrayRefs.java line 22" source="/TestFinalExpressions/src/test_final_exprs/TestArrayRefs.java.html" line="22" baseImage="warning.gif" flags="128" />
          <result msg="Lock expression &quot;array [ idx ]&quot; does not name a programmer-declared lock; consider declaring the state protected by the referenced lock  at  TestArrayRefs.java line 35" source="/TestFinalExpressions/src/test_final_exprs/TestArrayRefs.java.html" line="35" baseImage="warning.gif" flags="128" />
          <result msg="Lock expression &quot;array [ idx ]&quot; does not name a programmer-declared lock; consider declaring the state protected by the referenced lock  at  TestArrayRefs.java line 43" source="/TestFinalExpressions/src/test_final_exprs/TestArrayRefs.java.html" line="43" baseImage="warning.gif" flags="128" />
          <result msg="Lock expression &quot;array [ idx ]&quot; does not name a programmer-declared lock; consider declaring the state protected by the referenced lock  at  TestArrayRefs.java line 58" source="/TestFinalExpressions/src/test_final_exprs/TestArrayRefs.java.html" line="58" baseImage="warning.gif" flags="128" />
          <result msg="Lock expression &quot;array [ idx ]&quot; does not name a programmer-declared lock; consider declaring the state protected by the referenced lock  at  TestArrayRefs.java line 68" source="/TestFinalExpressions/src/test_final_exprs/TestArrayRefs.java.html" line="68" baseImage="warning.gif" flags="128" />
        </result>
        <result msg="test_final_exprs.TestClassExprs (1 issue)" baseImage="class.gif" flags="128">
          <result msg="Lock expression &quot;java.lang.Object . class&quot; does not name a programmer-declared lock; consider declaring the state protected by the referenced lock  at  TestClassExprs.java line 11" source="/TestFinalExpressions/src/test_final_exprs/TestClassExprs.java.html" line="11" baseImage="warning.gif" flags="128" />
        </result>
        <result msg="test_final_exprs.TestInstanceFieldRefs (12 issues)" baseImage="class.gif" flags="128">
          <result msg="Lock expression &quot;p.finalField&quot; does not name a programmer-declared lock; consider declaring the state protected by the referenced lock  at  TestInstanceFieldRefs.java line 51" source="/TestFinalExpressions/src/test_final_exprs/TestInstanceFieldRefs.java.html" line="51" baseImage="warning.gif" flags="128" />
          <result msg="Lock expression &quot;p.finalField&quot; does not name a programmer-declared lock; consider declaring the state protected by the referenced lock  at  TestInstanceFieldRefs.java line 62" source="/TestFinalExpressions/src/test_final_exprs/TestInstanceFieldRefs.java.html" line="62" baseImage="warning.gif" flags="128" />
          <result msg="Lock expression &quot;p.protectedField&quot; does not name a programmer-declared lock; consider declaring the state protected by the referenced lock  at  TestInstanceFieldRefs.java line 139" source="/TestFinalExpressions/src/test_final_exprs/TestInstanceFieldRefs.java.html" line="139" baseImage="warning.gif" flags="128" />
          <result msg="Lock expression &quot;p.protectedField&quot; does not name a programmer-declared lock; consider declaring the state protected by the referenced lock  at  TestInstanceFieldRefs.java line 153" source="/TestFinalExpressions/src/test_final_exprs/TestInstanceFieldRefs.java.html" line="153" baseImage="warning.gif" flags="128" />
          <result msg="Lock expression &quot;p.protectedField&quot; does not name a programmer-declared lock; consider declaring the state protected by the referenced lock  at  TestInstanceFieldRefs.java line 192" source="/TestFinalExpressions/src/test_final_exprs/TestInstanceFieldRefs.java.html" line="192" baseImage="warning.gif" flags="128" />
          <result msg="Lock expression &quot;p.protectedField&quot; does not name a programmer-declared lock; consider declaring the state protected by the referenced lock  at  TestInstanceFieldRefs.java line 208" source="/TestFinalExpressions/src/test_final_exprs/TestInstanceFieldRefs.java.html" line="208" baseImage="warning.gif" flags="128" />
          <result msg="Lock expression &quot;this.finalField&quot; does not name a programmer-declared lock; consider declaring the state protected by the referenced lock  at  TestInstanceFieldRefs.java line 35" source="/TestFinalExpressions/src/test_final_exprs/TestInstanceFieldRefs.java.html" line="35" baseImage="warning.gif" flags="128" />
          <result msg="Lock expression &quot;this.finalField&quot; does not name a programmer-declared lock; consider declaring the state protected by the referenced lock  at  TestInstanceFieldRefs.java line 43" source="/TestFinalExpressions/src/test_final_exprs/TestInstanceFieldRefs.java.html" line="43" baseImage="warning.gif" flags="128" />
          <result msg="Lock expression &quot;this.protectedField&quot; does not name a programmer-declared lock; consider declaring the state protected by the referenced lock  at  TestInstanceFieldRefs.java line 115" source="/TestFinalExpressions/src/test_final_exprs/TestInstanceFieldRefs.java.html" line="115" baseImage="warning.gif" flags="128" />
          <result msg="Lock expression &quot;this.protectedField&quot; does not name a programmer-declared lock; consider declaring the state protected by the referenced lock  at  TestInstanceFieldRefs.java line 127" source="/TestFinalExpressions/src/test_final_exprs/TestInstanceFieldRefs.java.html" line="127" baseImage="warning.gif" flags="128" />
          <result msg="Lock expression &quot;this.protectedField&quot; does not name a programmer-declared lock; consider declaring the state protected by the referenced lock  at  TestInstanceFieldRefs.java line 167" source="/TestFinalExpressions/src/test_final_exprs/TestInstanceFieldRefs.java.html" line="167" baseImage="warning.gif" flags="128" />
          <result msg="Lock expression &quot;this.protectedField&quot; does not name a programmer-declared lock; consider declaring the state protected by the referenced lock  at  TestInstanceFieldRefs.java line 179" source="/TestFinalExpressions/src/test_final_exprs/TestInstanceFieldRefs.java.html" line="179" baseImage="warning.gif" flags="128" />
        </result>
        <result msg="test_final_exprs.TestLocalVars (4 issues)" baseImage="class.gif" flags="128">
          <result msg="Lock expression &quot;o&quot; does not name a programmer-declared lock; consider declaring the state protected by the referenced lock  at  TestLocalVars.java line 19" source="/TestFinalExpressions/src/test_final_exprs/TestLocalVars.java.html" line="19" baseImage="warning.gif" flags="128" />
          <result msg="Lock expression &quot;o&quot; does not name a programmer-declared lock; consider declaring the state protected by the referenced lock  at  TestLocalVars.java line 41" source="/TestFinalExpressions/src/test_final_exprs/TestLocalVars.java.html" line="41" baseImage="warning.gif" flags="128" />
          <result msg="Lock expression &quot;p&quot; does not name a programmer-declared lock; consider declaring the state protected by the referenced lock  at  TestLocalVars.java line 10" source="/TestFinalExpressions/src/test_final_exprs/TestLocalVars.java.html" line="10" baseImage="warning.gif" flags="128" />
          <result msg="Lock expression &quot;p&quot; does not name a programmer-declared lock; consider declaring the state protected by the referenced lock  at  TestLocalVars.java line 29" source="/TestFinalExpressions/src/test_final_exprs/TestLocalVars.java.html" line="29" baseImage="warning.gif" flags="128" />
        </result>
        <result msg="test_final_exprs.TestReceiver (1 issue)" baseImage="class.gif" flags="128">
          <result msg="Lock expression &quot;this&quot; does not name a programmer-declared lock; consider declaring the state protected by the referenced lock  at  TestReceiver.java line 11" source="/TestFinalExpressions/src/test_final_exprs/TestReceiver.java.html" line="11" baseImage="warning.gif" flags="128" />
        </result>
        <result msg="test_final_exprs.TestReceiver.C (1 issue)" baseImage="class.gif" flags="128">
          <result msg="Lock expression &quot;test_final_exprs.TestReceiver . C.this&quot; does not name a programmer-declared lock; consider declaring the state protected by the referenced lock  at  TestReceiver.java line 21" source="/TestFinalExpressions/src/test_final_exprs/TestReceiver.java.html" line="21" baseImage="warning.gif" flags="128" />
        </result>
        <result msg="test_final_exprs.TestStaticFieldRefs (3 issues)" baseImage="class.gif" flags="128">
          <result msg="Lock expression &quot;test_final_exprs.TestStaticFieldRefs.staticFinalField&quot; does not name a programmer-declared lock; consider declaring the state protected by the referenced lock  at  TestStaticFieldRefs.java line 24" source="/TestFinalExpressions/src/test_final_exprs/TestStaticFieldRefs.java.html" line="24" baseImage="warning.gif" flags="128" />
          <result msg="Lock expression &quot;test_final_exprs.TestStaticFieldRefs.staticProtectedField&quot; does not name a programmer-declared lock; consider declaring the state protected by the referenced lock  at  TestStaticFieldRefs.java line 40" source="/TestFinalExpressions/src/test_final_exprs/TestStaticFieldRefs.java.html" line="40" baseImage="warning.gif" flags="128" />
          <result msg="Lock expression &quot;test_final_exprs.TestStaticFieldRefs.staticProtectedField&quot; does not name a programmer-declared lock; consider declaring the state protected by the referenced lock  at  TestStaticFieldRefs.java line 50" source="/TestFinalExpressions/src/test_final_exprs/TestStaticFieldRefs.java.html" line="50" baseImage="warning.gif" flags="128" />
        </result>
      </result>
    </result>
  </result>
</root>