<?xml version='1.0' encoding='UTF-8' standalone='yes'?>
<sea-summary time='Oct 22, 2010 4:02:53 PM'
	 project='workspace'>

<count SelfProtectedPromiseDrop='3'/>
<count PromisePromiseDrop='2'/>
<count RegionModel='2'/>
<count RequiresLockPromiseDrop='1'/>
<count LockModel='2'/>
<promise-drop type='RequiresLockPromiseDrop'
	 line='8'
	 file='/TestDependencies/src/testDeps2/Dependent2.java'
	 offset='150'
	 hash='783810549'
	 context='-1269498242'
	 message='RequiresLock L on testDeps2.Dependent2.foo()'
	 message-id='(102,RequiresLock L,testDeps2.Dependent2.foo())'
	 category='lock precondition(s)'
	 proved-consistent='true'
	 checked-by-analysis='true'
	 from-src='true'/>

<promise-drop type='PromisePromiseDrop'
	 line='4'
	 file='/TestDependencies/src/testDeps2/package-info.java'
	 offset='102'
	 hash='-666215719'
	 context='476132679'
	 message='Promise @ThreadSafe for *'
	 category='Scoped promises'
	 used-red-dot='true'
	 proved-consistent='true'
	 checked-by-analysis='true'
	 from-src='true'/>

<promise-drop type='SelfProtectedPromiseDrop'
	 line='7'
	 file='/TestDependencies/src/testDeps2/Dependent2.java'
	 offset='90'
	 hash='-126844311'
	 context='-11667099'
	 message='ThreadSafe on Dependent2'
	 message-id='(112,Dependent2)'
	 category='Concurrency'
	 used-red-dot='true'
	 proved-consistent='true'
	 from-src='true'
	 virtual='true'/>

<promise-drop type='LockModel'
	 line='0'
	 file='java.lang.Object'
	 offset='2147483647'
	 hash='1709211273'
	 context='1063877011'
	 message='RegionLock java.lang.Object.MUTEX is this protects WaitQueue on Object'
	 message-id='(100,java.lang.Object.MUTEX,this,WaitQueue,Object)'
	 category='Concurrency'
	 proved-consistent='true'
	 checked-by-analysis='true'
	 from-src='true'/>

<promise-drop type='SelfProtectedPromiseDrop'
	 line='5'
	 file='/TestDependencies/src/testDeps/Deponent.java'
	 offset='48'
	 hash='1790527468'
	 context='1726280981'
	 message='ThreadSafe on Deponent'
	 message-id='(112,Deponent)'
	 category='Concurrency'
	 used-red-dot='true'
	 proved-consistent='true'
	 from-src='true'
	 virtual='true'/>

<promise-drop type='PromisePromiseDrop'
	 line='4'
	 file='/TestDependencies/src/testDeps/package-info.java'
	 offset='103'
	 hash='1641077163'
	 context='476132679'
	 message='Promise @ThreadSafe for *'
	 category='Scoped promises'
	 used-red-dot='true'
	 proved-consistent='true'
	 checked-by-analysis='true'
	 from-src='true'/>

<promise-drop type='SelfProtectedPromiseDrop'
	 line='5'
	 file='/TestDependencies/src/testDeps/Dependent.java'
	 offset='48'
	 hash='2034565679'
	 context='1688772839'
	 message='ThreadSafe on Dependent'
	 message-id='(112,Dependent)'
	 category='Concurrency'
	 used-red-dot='true'
	 proved-consistent='true'
	 from-src='true'
	 virtual='true'/>

<promise-drop type='RegionModel'
	 line='0'
	 file='java.lang.[]'
	 offset='-1'
	 hash='-1305411288'
	 context='156839830'
	 message='Region public []'
	 message-id='(117,public,,[])'
	 category='Regions'
	 proved-consistent='true'
	 checked-by-analysis='true'
	 from-src='true'/>

<promise-drop type='LockModel'
	 line='5'
	 file='/TestDependencies/src/testDeps/Deponent.java'
	 offset='60'
	 hash='1790527468'
	 context='1726280981'
	 message='RegionLock testDeps.Deponent.L is this protects Instance on Deponent'
	 message-id='(100,testDeps.Deponent.L,this,Instance,Deponent)'
	 category='Concurrency'
	 used-red-dot='true'
	 proved-consistent='true'
	 from-src='true'/>

<promise-drop type='RegionModel'
	 line='0'
	 file='java.lang.[]'
	 offset='-1'
	 hash='-1305411288'
	 context='156839830'
	 message='Region public length'
	 message-id='(117,public,,length)'
	 category='Regions'
	 proved-consistent='true'
	 checked-by-analysis='true'
	 from-src='true'/>

</sea-summary>

