<?xml version='1.0' encoding='UTF-8' standalone='yes'?>
<sea-summary time='Dec 17, 2010 11:33:56 AM'
	 project='TestDependencies'>

<count LockModel='2'/>
<count SelfProtectedPromiseDrop='3'/>
<count RegionModel='2'/>
<count RequiresLockPromiseDrop='2'/>
<count PromisePromiseDrop='2'/>
<count ProposedPromiseDrop='5'/>
<ir-drop type='ProposedPromiseDrop'
	 offset='136'
	 line='8'
	 path='TestDependencies/src/testDeps2/Dependent2.java'
	 uri='file:/C:/work/jsure-test-update-script-workspace/.jsure-data/TestDependencies%202010-12-17%2011-33-49/srcs/TestDependencies/TestDependencies/src/testDeps2/Dependent2.java'
	 file='file:/C:/work/jsure-test-update-script-workspace/.jsure-data/TestDependencies%202010-12-17%2011-33-49/srcs/TestDependencies/TestDependencies/src/testDeps2/Dependent2.java'
	 hash='783810549'
	 context='-1269498242'
	 message='ProposedPromiseDrop @RegionEffects(none)'
	 java-annotation='@RegionEffects(&quot;none&quot;)'
	 annotation-type='RegionEffects'
	 contents='none'
	 target-project='TestDependencies'
	 from-project='TestDependencies'/>

<promise-drop type='PromisePromiseDrop'
	 offset='102'
	 line='4'
	 path='TestDependencies/src/testDeps2/package-info.java'
	 uri='file:/C:/work/jsure-test-update-script-workspace/.jsure-data/TestDependencies%202010-12-17%2011-33-49/srcs/TestDependencies/TestDependencies/src/testDeps2/package-info.java'
	 file='file:/C:/work/jsure-test-update-script-workspace/.jsure-data/TestDependencies%202010-12-17%2011-33-49/srcs/TestDependencies/TestDependencies/src/testDeps2/package-info.java'
	 hash='-666215719'
	 context='476132679'
	 message='Promise @ThreadSafe for *'
	 category='Scoped promises'
	 uses-red-dot='true'
	 proved-consistent='true'
	 checked-by-analysis='true'
	 from-src='true'
	 to-be-checked-by-analysis='true'/>

<ir-drop type='ProposedPromiseDrop'
	 offset='136'
	 line='8'
	 path='TestDependencies/src/testDeps2/Dependent2.java'
	 uri='file:/C:/work/jsure-test-update-script-workspace/.jsure-data/TestDependencies%202010-12-17%2011-33-49/srcs/TestDependencies/TestDependencies/src/testDeps2/Dependent2.java'
	 file='file:/C:/work/jsure-test-update-script-workspace/.jsure-data/TestDependencies%202010-12-17%2011-33-49/srcs/TestDependencies/TestDependencies/src/testDeps2/Dependent2.java'
	 hash='-1994608590'
	 context='-556559523'
	 message='ProposedPromiseDrop @RegionEffects(writes java.lang.Object:All)'
	 java-annotation='@RegionEffects(&quot;writes java.lang.Object:All&quot;)'
	 annotation-type='RegionEffects'
	 contents='writes java.lang.Object:All'
	 target-project='TestDependencies'
	 from-project='TestDependencies'/>

<promise-drop type='RequiresLockPromiseDrop'
	 offset='150'
	 line='8'
	 path='TestDependencies/src/testDeps2/Dependent2.java'
	 uri='file:/C:/work/jsure-test-update-script-workspace/.jsure-data/TestDependencies%202010-12-17%2011-33-49/srcs/TestDependencies/TestDependencies/src/testDeps2/Dependent2.java'
	 file='file:/C:/work/jsure-test-update-script-workspace/.jsure-data/TestDependencies%202010-12-17%2011-33-49/srcs/TestDependencies/TestDependencies/src/testDeps2/Dependent2.java'
	 hash='783810549'
	 context='-1269498242'
	 message='RequiresLock L on testDeps2.Dependent2.foo()'
	 message-id='(102,RequiresLock L,testDeps2.Dependent2.foo())'
	 category='lock precondition(s)'
	 proved-consistent='true'
	 checked-by-analysis='true'
	 from-src='true'
	 to-be-checked-by-analysis='true'/>

<promise-drop type='RegionModel'
	 line='0'
	 file='java.lang.[]'
	 hash='-1305411288'
	 context='156839830'
	 message='Region public []'
	 message-id='(117,public,,[])'
	 category='Regions'
	 proved-consistent='true'
	 checked-by-analysis='true'
	 from-src='true'/>

<ir-drop type='ProposedPromiseDrop'
	 offset='48'
	 line='5'
	 path='TestDependencies/src/testDeps/Deponent.java'
	 uri='file:/C:/work/jsure-test-update-script-workspace/.jsure-data/TestDependencies%202010-12-17%2011-33-49/srcs/TestDependencies/TestDependencies/src/testDeps/Deponent.java'
	 file='file:/C:/work/jsure-test-update-script-workspace/.jsure-data/TestDependencies%202010-12-17%2011-33-49/srcs/TestDependencies/TestDependencies/src/testDeps/Deponent.java'
	 hash='1142587996'
	 context='249288791'
	 message='ProposedPromiseDrop @RegionEffects(none)'
	 java-annotation='@RegionEffects(&quot;none&quot;)'
	 annotation-type='RegionEffects'
	 contents='none'
	 target-project='TestDependencies'
	 from-project='TestDependencies'/>

<ir-drop type='ProposedPromiseDrop'
	 offset='92'
	 line='6'
	 path='TestDependencies/src/testDeps/Dependent.java'
	 uri='file:/C:/work/jsure-test-update-script-workspace/.jsure-data/TestDependencies%202010-12-17%2011-33-49/srcs/TestDependencies/TestDependencies/src/testDeps/Dependent.java'
	 file='file:/C:/work/jsure-test-update-script-workspace/.jsure-data/TestDependencies%202010-12-17%2011-33-49/srcs/TestDependencies/TestDependencies/src/testDeps/Dependent.java'
	 hash='783810549'
	 context='1002470528'
	 message='ProposedPromiseDrop @RegionEffects(none)'
	 java-annotation='@RegionEffects(&quot;none&quot;)'
	 annotation-type='RegionEffects'
	 contents='none'
	 target-project='TestDependencies'
	 from-project='TestDependencies'/>

<promise-drop type='RegionModel'
	 line='0'
	 file='java.lang.[]'
	 hash='-1305411288'
	 context='156839830'
	 message='Region public length'
	 message-id='(117,public,,length)'
	 category='Regions'
	 proved-consistent='true'
	 checked-by-analysis='true'
	 from-src='true'/>

<promise-drop type='RequiresLockPromiseDrop'
	 offset='106'
	 line='6'
	 path='TestDependencies/src/testDeps/Dependent.java'
	 uri='file:/C:/work/jsure-test-update-script-workspace/.jsure-data/TestDependencies%202010-12-17%2011-33-49/srcs/TestDependencies/TestDependencies/src/testDeps/Dependent.java'
	 file='file:/C:/work/jsure-test-update-script-workspace/.jsure-data/TestDependencies%202010-12-17%2011-33-49/srcs/TestDependencies/TestDependencies/src/testDeps/Dependent.java'
	 hash='783810549'
	 context='1002470528'
	 message='RequiresLock L on testDeps.Dependent.foo()'
	 message-id='(102,RequiresLock L,testDeps.Dependent.foo())'
	 category='lock precondition(s)'
	 proved-consistent='true'
	 checked-by-analysis='true'
	 from-src='true'
	 to-be-checked-by-analysis='true'/>

<promise-drop type='SelfProtectedPromiseDrop'
	 offset='48'
	 line='5'
	 path='TestDependencies/src/testDeps/Deponent.java'
	 uri='file:/C:/work/jsure-test-update-script-workspace/.jsure-data/TestDependencies%202010-12-17%2011-33-49/srcs/TestDependencies/TestDependencies/src/testDeps/Deponent.java'
	 file='file:/C:/work/jsure-test-update-script-workspace/.jsure-data/TestDependencies%202010-12-17%2011-33-49/srcs/TestDependencies/TestDependencies/src/testDeps/Deponent.java'
	 hash='1790527468'
	 context='1726280981'
	 message='ThreadSafe on Deponent'
	 message-id='(112,Deponent)'
	 category='Concurrency'
	 uses-red-dot='true'
	 proved-consistent='true'
	 from-src='true'
	 virtual='true'
	 to-be-checked-by-analysis='true'/>

<promise-drop type='PromisePromiseDrop'
	 offset='103'
	 line='4'
	 path='TestDependencies/src/testDeps/package-info.java'
	 uri='file:/C:/work/jsure-test-update-script-workspace/.jsure-data/TestDependencies%202010-12-17%2011-33-49/srcs/TestDependencies/TestDependencies/src/testDeps/package-info.java'
	 file='file:/C:/work/jsure-test-update-script-workspace/.jsure-data/TestDependencies%202010-12-17%2011-33-49/srcs/TestDependencies/TestDependencies/src/testDeps/package-info.java'
	 hash='1641077163'
	 context='476132679'
	 message='Promise @ThreadSafe for *'
	 category='Scoped promises'
	 uses-red-dot='true'
	 proved-consistent='true'
	 checked-by-analysis='true'
	 from-src='true'
	 to-be-checked-by-analysis='true'/>

<promise-drop type='SelfProtectedPromiseDrop'
	 offset='48'
	 line='5'
	 path='TestDependencies/src/testDeps/Dependent.java'
	 uri='file:/C:/work/jsure-test-update-script-workspace/.jsure-data/TestDependencies%202010-12-17%2011-33-49/srcs/TestDependencies/TestDependencies/src/testDeps/Dependent.java'
	 file='file:/C:/work/jsure-test-update-script-workspace/.jsure-data/TestDependencies%202010-12-17%2011-33-49/srcs/TestDependencies/TestDependencies/src/testDeps/Dependent.java'
	 hash='2034565679'
	 context='1688772839'
	 message='ThreadSafe on Dependent'
	 message-id='(112,Dependent)'
	 category='Concurrency'
	 uses-red-dot='true'
	 proved-consistent='true'
	 from-src='true'
	 virtual='true'
	 to-be-checked-by-analysis='true'/>

<promise-drop type='LockModel'
	 offset='2147483647'
	 line='0'
	 file='java.lang.Object'
	 hash='1709211273'
	 context='1063877011'
	 message='RegionLock java.lang.Object.MUTEX is this protects WaitQueue on Object'
	 message-id='(100,java.lang.Object.MUTEX,this,WaitQueue,Object)'
	 category='Concurrency'
	 proved-consistent='true'
	 checked-by-analysis='true'
	 from-src='true'
	 to-be-checked-by-analysis='true'/>

<promise-drop type='SelfProtectedPromiseDrop'
	 offset='90'
	 line='7'
	 path='TestDependencies/src/testDeps2/Dependent2.java'
	 uri='file:/C:/work/jsure-test-update-script-workspace/.jsure-data/TestDependencies%202010-12-17%2011-33-49/srcs/TestDependencies/TestDependencies/src/testDeps2/Dependent2.java'
	 file='file:/C:/work/jsure-test-update-script-workspace/.jsure-data/TestDependencies%202010-12-17%2011-33-49/srcs/TestDependencies/TestDependencies/src/testDeps2/Dependent2.java'
	 hash='-126844311'
	 context='-11667099'
	 message='ThreadSafe on Dependent2'
	 message-id='(112,Dependent2)'
	 category='Concurrency'
	 uses-red-dot='true'
	 proved-consistent='true'
	 from-src='true'
	 virtual='true'
	 to-be-checked-by-analysis='true'/>

<ir-drop type='ProposedPromiseDrop'
	 offset='92'
	 line='6'
	 path='TestDependencies/src/testDeps/Dependent.java'
	 uri='file:/C:/work/jsure-test-update-script-workspace/.jsure-data/TestDependencies%202010-12-17%2011-33-49/srcs/TestDependencies/TestDependencies/src/testDeps/Dependent.java'
	 file='file:/C:/work/jsure-test-update-script-workspace/.jsure-data/TestDependencies%202010-12-17%2011-33-49/srcs/TestDependencies/TestDependencies/src/testDeps/Dependent.java'
	 hash='-501784596'
	 context='1505012121'
	 message='ProposedPromiseDrop @RegionEffects(writes java.lang.Object:All)'
	 java-annotation='@RegionEffects(&quot;writes java.lang.Object:All&quot;)'
	 annotation-type='RegionEffects'
	 contents='writes java.lang.Object:All'
	 target-project='TestDependencies'
	 from-project='TestDependencies'/>

<promise-drop type='LockModel'
	 offset='60'
	 line='5'
	 path='TestDependencies/src/testDeps/Deponent.java'
	 uri='file:/C:/work/jsure-test-update-script-workspace/.jsure-data/TestDependencies%202010-12-17%2011-33-49/srcs/TestDependencies/TestDependencies/src/testDeps/Deponent.java'
	 file='file:/C:/work/jsure-test-update-script-workspace/.jsure-data/TestDependencies%202010-12-17%2011-33-49/srcs/TestDependencies/TestDependencies/src/testDeps/Deponent.java'
	 hash='1790527468'
	 context='1726280981'
	 message='RegionLock testDeps.Deponent.L is this protects Instance on Deponent'
	 message-id='(100,testDeps.Deponent.L,this,Instance,Deponent)'
	 category='Concurrency'
	 uses-red-dot='true'
	 proved-consistent='true'
	 from-src='true'
	 to-be-checked-by-analysis='true'/>

</sea-summary>

