<?xml version='1.0' encoding='UTF-8' standalone='yes'?>
<sea-summary time='Mar 17, 2011 9:44:55 AM'
	 project='TestDependencies'>

<count LockModel='1'/>
<count PromisePromiseDrop='2'/>
<count ThreadSafePromiseDrop='3'/>
<count ProposedPromiseDrop='5'/>
<count RegionModel='2'/>
<count PromiseWarningDrop='1'/>
<promise-drop type='LockModel'
	 offset='2147483647'
	 line='0'
	 path='Object'
	 file='java.lang.Object'
	 hash='1709211273'
	 context='1063877011'
	 id='96'
	 message='RegionLock java.lang.Object.MUTEX is this protects WaitQueue on Object'
	 category='Concurrency'
	 to-be-checked-by-analysis='true'
	 from-src='true'
	 message-id='(100,java.lang.Object.MUTEX,this,WaitQueue,Object)'
	 checked-by-analysis='true'
	 proved-consistent='true'
	 full-type='edu.cmu.cs.fluid.sea.drops.promises.LockModel'/>

<ir-drop type='ProposedPromiseDrop'
	 offset='136'
	 line='8'
	 path='TestDependencies/src/testDeps2/Dependent2.java'
	 uri='file:/C:/work/jsure-test-update-script-workspace/TestDependencies/src/testDeps2/Dependent2.java'
	 file='file:/C:/work/jsure-test-update-script-workspace/TestDependencies/src/testDeps2/Dependent2.java'
	 hash='-1994608590'
	 context='-556559523'
	 id='225'
	 message='ProposedPromiseDrop @RegionEffects(writes java.lang.Object:All)'
	 target-project='TestDependencies'
	 java-annotation='@RegionEffects(&quot;writes java.lang.Object:All&quot;)'
	 annotation-type='RegionEffects'
	 contents='writes java.lang.Object:All'
	 from-project='TestDependencies'
	 full-type='edu.cmu.cs.fluid.sea.ProposedPromiseDrop'/>

<promise-drop type='ThreadSafePromiseDrop'
	 offset='94'
	 line='6'
	 path='TestDependencies/src/testDeps/Deponent.java'
	 uri='file:/C:/work/jsure-test-update-script-workspace/TestDependencies/src/testDeps/Deponent.java'
	 file='file:/C:/work/jsure-test-update-script-workspace/TestDependencies/src/testDeps/Deponent.java'
	 hash='1790527468'
	 context='1726280981'
	 virtual='true'
	 id='297'
	 message='ThreadSafe on Deponent'
	 category='Concurrency'
	 to-be-checked-by-analysis='true'
	 uses-red-dot='true'
	 from-src='true'
	 message-id='(112,Deponent)'
	 proved-consistent='true'
	 full-type='edu.cmu.cs.fluid.sea.drops.promises.ThreadSafePromiseDrop'/>

<promise-drop type='PromisePromiseDrop'
	 offset='103'
	 line='4'
	 path='TestDependencies/src/testDeps/package-info.java'
	 uri='file:/C:/work/jsure-test-update-script-workspace/TestDependencies/src/testDeps/package-info.java'
	 file='file:/C:/work/jsure-test-update-script-workspace/TestDependencies/src/testDeps/package-info.java'
	 hash='1641077163'
	 context='476132679'
	 id='298'
	 message='Promise @ThreadSafe for *'
	 category='Scoped promises'
	 to-be-checked-by-analysis='true'
	 uses-red-dot='true'
	 from-src='true'
	 checked-by-analysis='true'
	 proved-consistent='true'
	 full-type='edu.cmu.cs.fluid.sea.drops.promises.PromisePromiseDrop'/>

<ir-drop type='ProposedPromiseDrop'
	 offset='136'
	 line='8'
	 path='TestDependencies/src/testDeps2/Dependent2.java'
	 uri='file:/C:/work/jsure-test-update-script-workspace/TestDependencies/src/testDeps2/Dependent2.java'
	 file='file:/C:/work/jsure-test-update-script-workspace/TestDependencies/src/testDeps2/Dependent2.java'
	 hash='783810549'
	 context='-1269498242'
	 id='612'
	 message='ProposedPromiseDrop @RegionEffects(none)'
	 target-project='TestDependencies'
	 java-annotation='@RegionEffects(&quot;none&quot;)'
	 annotation-type='RegionEffects'
	 contents='none'
	 from-project='TestDependencies'
	 full-type='edu.cmu.cs.fluid.sea.ProposedPromiseDrop'/>

<promise-drop type='RegionModel'
	 line='0'
	 path='[]'
	 file='java.lang.[]'
	 hash='-1305411288'
	 context='156839830'
	 id='618'
	 message='Region public length'
	 category='Regions'
	 from-src='true'
	 message-id='(117,public,,length)'
	 checked-by-analysis='true'
	 proved-consistent='true'
	 full-type='edu.cmu.cs.fluid.sea.drops.promises.RegionModel'/>

<promise-drop type='PromisePromiseDrop'
	 offset='102'
	 line='4'
	 path='TestDependencies/src/testDeps2/package-info.java'
	 uri='file:/C:/work/jsure-test-update-script-workspace/TestDependencies/src/testDeps2/package-info.java'
	 file='file:/C:/work/jsure-test-update-script-workspace/TestDependencies/src/testDeps2/package-info.java'
	 hash='-666215719'
	 context='476132679'
	 id='676'
	 message='Promise @ThreadSafe for *'
	 category='Scoped promises'
	 to-be-checked-by-analysis='true'
	 uses-red-dot='true'
	 from-src='true'
	 checked-by-analysis='true'
	 proved-consistent='true'
	 full-type='edu.cmu.cs.fluid.sea.drops.promises.PromisePromiseDrop'/>

<ir-drop type='ProposedPromiseDrop'
	 offset='116'
	 line='7'
	 path='TestDependencies/src/testDeps/Dependent.java'
	 uri='file:/C:/work/jsure-test-update-script-workspace/TestDependencies/src/testDeps/Dependent.java'
	 file='file:/C:/work/jsure-test-update-script-workspace/TestDependencies/src/testDeps/Dependent.java'
	 hash='783810549'
	 context='1002470528'
	 id='752'
	 message='ProposedPromiseDrop @RegionEffects(none)'
	 target-project='TestDependencies'
	 java-annotation='@RegionEffects(&quot;none&quot;)'
	 annotation-type='RegionEffects'
	 contents='none'
	 from-project='TestDependencies'
	 full-type='edu.cmu.cs.fluid.sea.ProposedPromiseDrop'/>

<promise-drop type='RegionModel'
	 line='0'
	 path='[]'
	 file='java.lang.[]'
	 hash='-1305411288'
	 context='156839830'
	 id='1300'
	 message='Region public []'
	 category='Regions'
	 from-src='true'
	 message-id='(117,public,,[])'
	 checked-by-analysis='true'
	 proved-consistent='true'
	 full-type='edu.cmu.cs.fluid.sea.drops.promises.RegionModel'/>

<promise-drop type='ThreadSafePromiseDrop'
	 offset='48'
	 line='5'
	 path='TestDependencies/src/testDeps/Dependent.java'
	 uri='file:/C:/work/jsure-test-update-script-workspace/TestDependencies/src/testDeps/Dependent.java'
	 file='file:/C:/work/jsure-test-update-script-workspace/TestDependencies/src/testDeps/Dependent.java'
	 hash='2034565679'
	 context='1688772839'
	 virtual='true'
	 id='1352'
	 message='ThreadSafe on Dependent'
	 category='Concurrency'
	 to-be-checked-by-analysis='true'
	 uses-red-dot='true'
	 from-src='true'
	 message-id='(112,Dependent)'
	 proved-consistent='true'
	 full-type='edu.cmu.cs.fluid.sea.drops.promises.ThreadSafePromiseDrop'/>

<ir-drop type='ProposedPromiseDrop'
	 offset='94'
	 line='6'
	 path='TestDependencies/src/testDeps/Deponent.java'
	 uri='file:/C:/work/jsure-test-update-script-workspace/TestDependencies/src/testDeps/Deponent.java'
	 file='file:/C:/work/jsure-test-update-script-workspace/TestDependencies/src/testDeps/Deponent.java'
	 hash='1142587996'
	 context='249288791'
	 id='1468'
	 message='ProposedPromiseDrop @RegionEffects(none)'
	 target-project='TestDependencies'
	 java-annotation='@RegionEffects(&quot;none&quot;)'
	 annotation-type='RegionEffects'
	 contents='none'
	 from-project='TestDependencies'
	 full-type='edu.cmu.cs.fluid.sea.ProposedPromiseDrop'/>

<promise-drop type='ThreadSafePromiseDrop'
	 offset='90'
	 line='7'
	 path='TestDependencies/src/testDeps2/Dependent2.java'
	 uri='file:/C:/work/jsure-test-update-script-workspace/TestDependencies/src/testDeps2/Dependent2.java'
	 file='file:/C:/work/jsure-test-update-script-workspace/TestDependencies/src/testDeps2/Dependent2.java'
	 hash='-126844311'
	 context='-11667099'
	 virtual='true'
	 id='1511'
	 message='ThreadSafe on Dependent2'
	 category='Concurrency'
	 to-be-checked-by-analysis='true'
	 uses-red-dot='true'
	 from-src='true'
	 message-id='(112,Dependent2)'
	 proved-consistent='true'
	 full-type='edu.cmu.cs.fluid.sea.drops.promises.ThreadSafePromiseDrop'/>

<ir-drop type='PromiseWarningDrop'
	 offset='150'
	 line='8'
	 path='TestDependencies/src/testDeps2/Dependent2.java'
	 uri='file:/C:/work/jsure-test-update-script-workspace/TestDependencies/src/testDeps2/Dependent2.java'
	 file='file:/C:/work/jsure-test-update-script-workspace/TestDependencies/src/testDeps2/Dependent2.java'
	 hash='783810549'
	 context='-1269498242'
	 message='Couldn&apos;t resolve a binding for L on RequiresLock L on L'
	 id='1545'
	 category='Modeling problems'
	 full-type='edu.cmu.cs.fluid.sea.PromiseWarningDrop'/>

<ir-drop type='ProposedPromiseDrop'
	 offset='116'
	 line='7'
	 path='TestDependencies/src/testDeps/Dependent.java'
	 uri='file:/C:/work/jsure-test-update-script-workspace/TestDependencies/src/testDeps/Dependent.java'
	 file='file:/C:/work/jsure-test-update-script-workspace/TestDependencies/src/testDeps/Dependent.java'
	 hash='-501784596'
	 context='1505012121'
	 id='1582'
	 message='ProposedPromiseDrop @RegionEffects(writes java.lang.Object:All)'
	 target-project='TestDependencies'
	 java-annotation='@RegionEffects(&quot;writes java.lang.Object:All&quot;)'
	 annotation-type='RegionEffects'
	 contents='writes java.lang.Object:All'
	 from-project='TestDependencies'
	 full-type='edu.cmu.cs.fluid.sea.ProposedPromiseDrop'/>

</sea-summary>

