<?xml version='1.0' encoding='UTF-8' standalone='yes'?>
<sea-summary time='Apr 20, 2011 10:44:11 AM'
	 project='TestDependencies'>

<count LockModel='2'/>
<count PromisePromiseDrop='2'/>
<count ProposedPromiseDrop='5'/>
<count ThreadSafePromiseDrop='3'/>
<count ResultDrop='3'/>
<count RequiresLockPromiseDrop='1'/>
<promise-drop type='RequiresLockPromiseDrop'
	 offset='150'
	 line='8'
	 path='TestDependencies/src/testDeps2/Dependent2.java'
	 uri='file:/D:/work/update-script-workspace/TestDependencies/src/testDeps2/Dependent2.java'
	 file='file:/D:/work/update-script-workspace/TestDependencies/src/testDeps2/Dependent2.java'
	 hash='783810549'
	 context='-1269498242'
	 id='2'
	 message='RequiresLock L on testDeps2.Dependent2.foo()'
	 category='lock precondition(s)'
	 to-be-checked-by-analysis='true'
	 from-src='true'
	 message-id='(102,RequiresLock L,testDeps2.Dependent2.foo())'
	 checked-by-analysis='true'
	 proved-consistent='true'
	 full-type='edu.cmu.cs.fluid.sea.drops.promises.RequiresLockPromiseDrop'/>

<promise-drop type='LockModel'
	 offset='60'
	 line='5'
	 path='TestDependencies/src/testDeps/Deponent.java'
	 uri='file:/D:/work/update-script-workspace/TestDependencies/src/testDeps/Deponent.java'
	 file='file:/D:/work/update-script-workspace/TestDependencies/src/testDeps/Deponent.java'
	 hash='1790527468'
	 context='1726280981'
	 id='3'
	 message='RegionLock testDeps.Deponent.L is this protects Instance on Deponent'
	 category='Concurrency'
	 to-be-checked-by-analysis='true'
	 uses-red-dot='true'
	 from-src='true'
	 message-id='(100,testDeps.Deponent.L,this,Instance,Deponent)'
	 proved-consistent='true'
	 full-type='edu.cmu.cs.fluid.sea.drops.promises.LockModel'/>

<promise-drop type='LockModel'
	 offset='2147483647'
	 line='0'
	 path='Object'
	 file='java.lang.Object'
	 hash='1709211273'
	 context='1063877011'
	 id='34'
	 message='RegionLock java.lang.Object.MUTEX is this protects WaitQueue on Object'
	 category='Concurrency'
	 to-be-checked-by-analysis='true'
	 from-src='true'
	 message-id='(100,java.lang.Object.MUTEX,this,WaitQueue,Object)'
	 checked-by-analysis='true'
	 proved-consistent='true'
	 full-type='edu.cmu.cs.fluid.sea.drops.promises.LockModel'/>

<result-drop type='ResultDrop'
	 offset='48'
	 line='5'
	 path='TestDependencies/src/testDeps/Deponent.java'
	 uri='file:/D:/work/update-script-workspace/TestDependencies/src/testDeps/Deponent.java'
	 file='file:/D:/work/update-script-workspace/TestDependencies/src/testDeps/Deponent.java'
	 hash='-1031168735'
	 context='1726280981'
	 id='71'
	 message='Class is trivially thread safe: it has no state'
	 result-type='TRIVIALLY_THREADSAFE'
	 message-id='(408)'
	 proved-consistent='true'
	 consistent='true'
	 full-type='edu.cmu.cs.fluid.sea.ResultDrop'/>

<promise-drop type='ThreadSafePromiseDrop'
	 offset='48'
	 line='5'
	 path='TestDependencies/src/testDeps/Deponent.java'
	 uri='file:/D:/work/update-script-workspace/TestDependencies/src/testDeps/Deponent.java'
	 file='file:/D:/work/update-script-workspace/TestDependencies/src/testDeps/Deponent.java'
	 hash='1790527468'
	 context='1726280981'
	 virtual='true'
	 id='72'
	 message='ThreadSafe on Deponent'
	 category='Concurrency'
	 to-be-checked-by-analysis='true'
	 from-src='true'
	 message-id='(112,Deponent)'
	 checked-by-analysis='true'
	 proved-consistent='true'
	 full-type='edu.cmu.cs.fluid.sea.drops.promises.ThreadSafePromiseDrop'/>

<ir-drop type='ProposedPromiseDrop'
	 offset='116'
	 line='7'
	 path='TestDependencies/src/testDeps/Dependent.java'
	 uri='file:/D:/work/update-script-workspace/TestDependencies/src/testDeps/Dependent.java'
	 file='file:/D:/work/update-script-workspace/TestDependencies/src/testDeps/Dependent.java'
	 hash='-501784596'
	 context='1505012121'
	 id='133'
	 message='ProposedPromiseDrop @RegionEffects(writes java.lang.Object:All)'
	 target-project='TestDependencies'
	 java-annotation='@RegionEffects(&quot;writes java.lang.Object:All&quot;)'
	 annotation-type='RegionEffects'
	 contents='writes java.lang.Object:All'
	 from-project='TestDependencies'
	 full-type='edu.cmu.cs.fluid.sea.ProposedPromiseDrop'/>

<ir-drop type='ProposedPromiseDrop'
	 offset='116'
	 line='7'
	 path='TestDependencies/src/testDeps/Dependent.java'
	 uri='file:/D:/work/update-script-workspace/TestDependencies/src/testDeps/Dependent.java'
	 file='file:/D:/work/update-script-workspace/TestDependencies/src/testDeps/Dependent.java'
	 hash='783810549'
	 context='1002470528'
	 id='163'
	 message='ProposedPromiseDrop @RegionEffects(none)'
	 target-project='TestDependencies'
	 java-annotation='@RegionEffects(&quot;none&quot;)'
	 annotation-type='RegionEffects'
	 contents='none'
	 from-project='TestDependencies'
	 full-type='edu.cmu.cs.fluid.sea.ProposedPromiseDrop'/>

<ir-drop type='ProposedPromiseDrop'
	 offset='48'
	 line='5'
	 path='TestDependencies/src/testDeps/Deponent.java'
	 uri='file:/D:/work/update-script-workspace/TestDependencies/src/testDeps/Deponent.java'
	 file='file:/D:/work/update-script-workspace/TestDependencies/src/testDeps/Deponent.java'
	 hash='1142587996'
	 context='249288791'
	 id='315'
	 message='ProposedPromiseDrop @RegionEffects(none)'
	 target-project='TestDependencies'
	 java-annotation='@RegionEffects(&quot;none&quot;)'
	 annotation-type='RegionEffects'
	 contents='none'
	 from-project='TestDependencies'
	 full-type='edu.cmu.cs.fluid.sea.ProposedPromiseDrop'/>

<ir-drop type='ProposedPromiseDrop'
	 offset='136'
	 line='8'
	 path='TestDependencies/src/testDeps2/Dependent2.java'
	 uri='file:/D:/work/update-script-workspace/TestDependencies/src/testDeps2/Dependent2.java'
	 file='file:/D:/work/update-script-workspace/TestDependencies/src/testDeps2/Dependent2.java'
	 hash='783810549'
	 context='-1269498242'
	 id='325'
	 message='ProposedPromiseDrop @RegionEffects(none)'
	 target-project='TestDependencies'
	 java-annotation='@RegionEffects(&quot;none&quot;)'
	 annotation-type='RegionEffects'
	 contents='none'
	 from-project='TestDependencies'
	 full-type='edu.cmu.cs.fluid.sea.ProposedPromiseDrop'/>

<ir-drop type='ProposedPromiseDrop'
	 offset='136'
	 line='8'
	 path='TestDependencies/src/testDeps2/Dependent2.java'
	 uri='file:/D:/work/update-script-workspace/TestDependencies/src/testDeps2/Dependent2.java'
	 file='file:/D:/work/update-script-workspace/TestDependencies/src/testDeps2/Dependent2.java'
	 hash='-1994608590'
	 context='-556559523'
	 id='631'
	 message='ProposedPromiseDrop @RegionEffects(writes java.lang.Object:All)'
	 target-project='TestDependencies'
	 java-annotation='@RegionEffects(&quot;writes java.lang.Object:All&quot;)'
	 annotation-type='RegionEffects'
	 contents='writes java.lang.Object:All'
	 from-project='TestDependencies'
	 full-type='edu.cmu.cs.fluid.sea.ProposedPromiseDrop'/>

<promise-drop type='PromisePromiseDrop'
	 offset='103'
	 line='4'
	 path='TestDependencies/src/testDeps/package-info.java'
	 uri='file:/D:/work/update-script-workspace/TestDependencies/src/testDeps/package-info.java'
	 file='file:/D:/work/update-script-workspace/TestDependencies/src/testDeps/package-info.java'
	 hash='1641077163'
	 context='476132679'
	 id='920'
	 message='Promise @ThreadSafe for *'
	 category='Scoped promises'
	 to-be-checked-by-analysis='true'
	 from-src='true'
	 checked-by-analysis='true'
	 proved-consistent='true'
	 full-type='edu.cmu.cs.fluid.sea.drops.promises.PromisePromiseDrop'/>

<result-drop type='ResultDrop'
	 offset='48'
	 line='5'
	 path='TestDependencies/src/testDeps/Dependent.java'
	 uri='file:/D:/work/update-script-workspace/TestDependencies/src/testDeps/Dependent.java'
	 file='file:/D:/work/update-script-workspace/TestDependencies/src/testDeps/Dependent.java'
	 hash='1098347100'
	 context='1688772839'
	 id='1129'
	 message='Class is trivially thread safe: it has no state'
	 result-type='TRIVIALLY_THREADSAFE'
	 message-id='(408)'
	 proved-consistent='true'
	 consistent='true'
	 full-type='edu.cmu.cs.fluid.sea.ResultDrop'/>

<promise-drop type='ThreadSafePromiseDrop'
	 offset='48'
	 line='5'
	 path='TestDependencies/src/testDeps/Dependent.java'
	 uri='file:/D:/work/update-script-workspace/TestDependencies/src/testDeps/Dependent.java'
	 file='file:/D:/work/update-script-workspace/TestDependencies/src/testDeps/Dependent.java'
	 hash='2034565679'
	 context='1688772839'
	 virtual='true'
	 id='1130'
	 message='ThreadSafe on Dependent'
	 category='Concurrency'
	 to-be-checked-by-analysis='true'
	 from-src='true'
	 message-id='(112,Dependent)'
	 checked-by-analysis='true'
	 proved-consistent='true'
	 full-type='edu.cmu.cs.fluid.sea.drops.promises.ThreadSafePromiseDrop'/>

<result-drop type='ResultDrop'
	 offset='90'
	 line='7'
	 path='TestDependencies/src/testDeps2/Dependent2.java'
	 uri='file:/D:/work/update-script-workspace/TestDependencies/src/testDeps2/Dependent2.java'
	 file='file:/D:/work/update-script-workspace/TestDependencies/src/testDeps2/Dependent2.java'
	 hash='-1323047988'
	 context='-11667099'
	 id='1181'
	 message='Class is trivially thread safe: it has no state'
	 result-type='TRIVIALLY_THREADSAFE'
	 message-id='(408)'
	 proved-consistent='true'
	 consistent='true'
	 full-type='edu.cmu.cs.fluid.sea.ResultDrop'/>

<promise-drop type='ThreadSafePromiseDrop'
	 offset='90'
	 line='7'
	 path='TestDependencies/src/testDeps2/Dependent2.java'
	 uri='file:/D:/work/update-script-workspace/TestDependencies/src/testDeps2/Dependent2.java'
	 file='file:/D:/work/update-script-workspace/TestDependencies/src/testDeps2/Dependent2.java'
	 hash='-126844311'
	 context='-11667099'
	 virtual='true'
	 id='1182'
	 message='ThreadSafe on Dependent2'
	 category='Concurrency'
	 to-be-checked-by-analysis='true'
	 from-src='true'
	 message-id='(112,Dependent2)'
	 checked-by-analysis='true'
	 proved-consistent='true'
	 full-type='edu.cmu.cs.fluid.sea.drops.promises.ThreadSafePromiseDrop'/>

<promise-drop type='PromisePromiseDrop'
	 offset='102'
	 line='4'
	 path='TestDependencies/src/testDeps2/package-info.java'
	 uri='file:/D:/work/update-script-workspace/TestDependencies/src/testDeps2/package-info.java'
	 file='file:/D:/work/update-script-workspace/TestDependencies/src/testDeps2/package-info.java'
	 hash='-666215719'
	 context='476132679'
	 id='1209'
	 message='Promise @ThreadSafe for *'
	 category='Scoped promises'
	 to-be-checked-by-analysis='true'
	 from-src='true'
	 checked-by-analysis='true'
	 proved-consistent='true'
	 full-type='edu.cmu.cs.fluid.sea.drops.promises.PromisePromiseDrop'/>

</sea-summary>

