<sourceFiles>
	<package name="EDU.oswego.cs.dl.util.concurrent">
		<class name="Barrier.java" source="/util.concurrent_regression/src/EDU/oswego/cs/dl/util/concurrent/Barrier.java.html"/>
		<class name="BoundedBuffer.java" source="/util.concurrent_regression/src/EDU/oswego/cs/dl/util/concurrent/BoundedBuffer.java.html"/>
		<class name="BoundedChannel.java" source="/util.concurrent_regression/src/EDU/oswego/cs/dl/util/concurrent/BoundedChannel.java.html"/>
		<class name="BoundedLinkedQueue.java" source="/util.concurrent_regression/src/EDU/oswego/cs/dl/util/concurrent/BoundedLinkedQueue.java.html"/>
		<class name="BoundedPriorityQueue.java" source="/util.concurrent_regression/src/EDU/oswego/cs/dl/util/concurrent/BoundedPriorityQueue.java.html"/>
		<class name="BrokenBarrierException.java" source="/util.concurrent_regression/src/EDU/oswego/cs/dl/util/concurrent/BrokenBarrierException.java.html"/>
		<class name="Callable.java" source="/util.concurrent_regression/src/EDU/oswego/cs/dl/util/concurrent/Callable.java.html"/>
		<class name="Channel.java" source="/util.concurrent_regression/src/EDU/oswego/cs/dl/util/concurrent/Channel.java.html"/>
		<class name="ClockDaemon.java" source="/util.concurrent_regression/src/EDU/oswego/cs/dl/util/concurrent/ClockDaemon.java.html"/>
		<class name="ConcurrentHashMap.java" source="/util.concurrent_regression/src/EDU/oswego/cs/dl/util/concurrent/ConcurrentHashMap.java.html"/>
		<class name="ConcurrentReaderHashMap.java" source="/util.concurrent_regression/src/EDU/oswego/cs/dl/util/concurrent/ConcurrentReaderHashMap.java.html"/>
		<class name="CondVar.java" source="/util.concurrent_regression/src/EDU/oswego/cs/dl/util/concurrent/CondVar.java.html"/>
		<class name="CopyOnWriteArrayList.java" source="/util.concurrent_regression/src/EDU/oswego/cs/dl/util/concurrent/CopyOnWriteArrayList.java.html"/>
		<class name="CopyOnWriteArraySet.java" source="/util.concurrent_regression/src/EDU/oswego/cs/dl/util/concurrent/CopyOnWriteArraySet.java.html"/>
		<class name="CountDown.java" source="/util.concurrent_regression/src/EDU/oswego/cs/dl/util/concurrent/CountDown.java.html"/>
		<class name="CyclicBarrier.java" source="/util.concurrent_regression/src/EDU/oswego/cs/dl/util/concurrent/CyclicBarrier.java.html"/>
		<class name="DefaultChannelCapacity.java" source="/util.concurrent_regression/src/EDU/oswego/cs/dl/util/concurrent/DefaultChannelCapacity.java.html"/>
		<class name="DirectExecutor.java" source="/util.concurrent_regression/src/EDU/oswego/cs/dl/util/concurrent/DirectExecutor.java.html"/>
		<class name="Executor.java" source="/util.concurrent_regression/src/EDU/oswego/cs/dl/util/concurrent/Executor.java.html"/>
		<class name="FIFOReadWriteLock.java" source="/util.concurrent_regression/src/EDU/oswego/cs/dl/util/concurrent/FIFOReadWriteLock.java.html"/>
		<class name="FIFOSemaphore.java" source="/util.concurrent_regression/src/EDU/oswego/cs/dl/util/concurrent/FIFOSemaphore.java.html"/>
		<class name="FJTask.java" source="/util.concurrent_regression/src/EDU/oswego/cs/dl/util/concurrent/FJTask.java.html"/>
		<class name="FJTaskRunner.java" source="/util.concurrent_regression/src/EDU/oswego/cs/dl/util/concurrent/FJTaskRunner.java.html"/>
		<class name="FJTaskRunnerGroup.java" source="/util.concurrent_regression/src/EDU/oswego/cs/dl/util/concurrent/FJTaskRunnerGroup.java.html"/>
		<class name="FutureResult.java" source="/util.concurrent_regression/src/EDU/oswego/cs/dl/util/concurrent/FutureResult.java.html"/>
		<class name="Heap.java" source="/util.concurrent_regression/src/EDU/oswego/cs/dl/util/concurrent/Heap.java.html"/>
		<class name="Latch.java" source="/util.concurrent_regression/src/EDU/oswego/cs/dl/util/concurrent/Latch.java.html"/>
		<class name="LayeredSync.java" source="/util.concurrent_regression/src/EDU/oswego/cs/dl/util/concurrent/LayeredSync.java.html"/>
		<class name="LinkedNode.java" source="/util.concurrent_regression/src/EDU/oswego/cs/dl/util/concurrent/LinkedNode.java.html"/>
		<class name="LinkedQueue.java" source="/util.concurrent_regression/src/EDU/oswego/cs/dl/util/concurrent/LinkedQueue.java.html"/>
		<class name="LockedExecutor.java" source="/util.concurrent_regression/src/EDU/oswego/cs/dl/util/concurrent/LockedExecutor.java.html"/>
		<class name="Mutex.java" source="/util.concurrent_regression/src/EDU/oswego/cs/dl/util/concurrent/Mutex.java.html"/>
		<class name="NullSync.java" source="/util.concurrent_regression/src/EDU/oswego/cs/dl/util/concurrent/NullSync.java.html"/>
		<class name="ObservableSync.java" source="/util.concurrent_regression/src/EDU/oswego/cs/dl/util/concurrent/ObservableSync.java.html"/>
		<class name="PooledExecutor.java" source="/util.concurrent_regression/src/EDU/oswego/cs/dl/util/concurrent/PooledExecutor.java.html"/>
		<class name="PrioritySemaphore.java" source="/util.concurrent_regression/src/EDU/oswego/cs/dl/util/concurrent/PrioritySemaphore.java.html"/>
		<class name="PropertyChangeMulticaster.java" source="/util.concurrent_regression/src/EDU/oswego/cs/dl/util/concurrent/PropertyChangeMulticaster.java.html"/>
		<class name="Puttable.java" source="/util.concurrent_regression/src/EDU/oswego/cs/dl/util/concurrent/Puttable.java.html"/>
		<class name="QueuedExecutor.java" source="/util.concurrent_regression/src/EDU/oswego/cs/dl/util/concurrent/QueuedExecutor.java.html"/>
		<class name="QueuedSemaphore.java" source="/util.concurrent_regression/src/EDU/oswego/cs/dl/util/concurrent/QueuedSemaphore.java.html"/>
		<class name="ReadWriteLock.java" source="/util.concurrent_regression/src/EDU/oswego/cs/dl/util/concurrent/ReadWriteLock.java.html"/>
		<class name="ReaderPreferenceReadWriteLock.java" source="/util.concurrent_regression/src/EDU/oswego/cs/dl/util/concurrent/ReaderPreferenceReadWriteLock.java.html"/>
		<class name="ReentrantLock.java" source="/util.concurrent_regression/src/EDU/oswego/cs/dl/util/concurrent/ReentrantLock.java.html"/>
		<class name="ReentrantWriterPreferenceReadWriteLock.java" source="/util.concurrent_regression/src/EDU/oswego/cs/dl/util/concurrent/ReentrantWriterPreferenceReadWriteLock.java.html"/>
		<class name="Rendezvous.java" source="/util.concurrent_regression/src/EDU/oswego/cs/dl/util/concurrent/Rendezvous.java.html"/>
		<class name="Semaphore.java" source="/util.concurrent_regression/src/EDU/oswego/cs/dl/util/concurrent/Semaphore.java.html"/>
		<class name="SemaphoreControlledChannel.java" source="/util.concurrent_regression/src/EDU/oswego/cs/dl/util/concurrent/SemaphoreControlledChannel.java.html"/>
		<class name="Slot.java" source="/util.concurrent_regression/src/EDU/oswego/cs/dl/util/concurrent/Slot.java.html"/>
		<class name="Sync.java" source="/util.concurrent_regression/src/EDU/oswego/cs/dl/util/concurrent/Sync.java.html"/>
		<class name="SyncCollection.java" source="/util.concurrent_regression/src/EDU/oswego/cs/dl/util/concurrent/SyncCollection.java.html"/>
		<class name="SyncList.java" source="/util.concurrent_regression/src/EDU/oswego/cs/dl/util/concurrent/SyncList.java.html"/>
		<class name="SyncMap.java" source="/util.concurrent_regression/src/EDU/oswego/cs/dl/util/concurrent/SyncMap.java.html"/>
		<class name="SyncSet.java" source="/util.concurrent_regression/src/EDU/oswego/cs/dl/util/concurrent/SyncSet.java.html"/>
		<class name="SyncSortedMap.java" source="/util.concurrent_regression/src/EDU/oswego/cs/dl/util/concurrent/SyncSortedMap.java.html"/>
		<class name="SyncSortedSet.java" source="/util.concurrent_regression/src/EDU/oswego/cs/dl/util/concurrent/SyncSortedSet.java.html"/>
		<class name="SynchronizedBoolean.java" source="/util.concurrent_regression/src/EDU/oswego/cs/dl/util/concurrent/SynchronizedBoolean.java.html"/>
		<class name="SynchronizedByte.java" source="/util.concurrent_regression/src/EDU/oswego/cs/dl/util/concurrent/SynchronizedByte.java.html"/>
		<class name="SynchronizedChar.java" source="/util.concurrent_regression/src/EDU/oswego/cs/dl/util/concurrent/SynchronizedChar.java.html"/>
		<class name="SynchronizedDouble.java" source="/util.concurrent_regression/src/EDU/oswego/cs/dl/util/concurrent/SynchronizedDouble.java.html"/>
		<class name="SynchronizedFloat.java" source="/util.concurrent_regression/src/EDU/oswego/cs/dl/util/concurrent/SynchronizedFloat.java.html"/>
		<class name="SynchronizedInt.java" source="/util.concurrent_regression/src/EDU/oswego/cs/dl/util/concurrent/SynchronizedInt.java.html"/>
		<class name="SynchronizedLong.java" source="/util.concurrent_regression/src/EDU/oswego/cs/dl/util/concurrent/SynchronizedLong.java.html"/>
		<class name="SynchronizedRef.java" source="/util.concurrent_regression/src/EDU/oswego/cs/dl/util/concurrent/SynchronizedRef.java.html"/>
		<class name="SynchronizedShort.java" source="/util.concurrent_regression/src/EDU/oswego/cs/dl/util/concurrent/SynchronizedShort.java.html"/>
		<class name="SynchronizedVariable.java" source="/util.concurrent_regression/src/EDU/oswego/cs/dl/util/concurrent/SynchronizedVariable.java.html"/>
		<class name="SynchronousChannel.java" source="/util.concurrent_regression/src/EDU/oswego/cs/dl/util/concurrent/SynchronousChannel.java.html"/>
		<class name="Takable.java" source="/util.concurrent_regression/src/EDU/oswego/cs/dl/util/concurrent/Takable.java.html"/>
		<class name="ThreadFactory.java" source="/util.concurrent_regression/src/EDU/oswego/cs/dl/util/concurrent/ThreadFactory.java.html"/>
		<class name="ThreadFactoryUser.java" source="/util.concurrent_regression/src/EDU/oswego/cs/dl/util/concurrent/ThreadFactoryUser.java.html"/>
		<class name="ThreadedExecutor.java" source="/util.concurrent_regression/src/EDU/oswego/cs/dl/util/concurrent/ThreadedExecutor.java.html"/>
		<class name="TimedCallable.java" source="/util.concurrent_regression/src/EDU/oswego/cs/dl/util/concurrent/TimedCallable.java.html"/>
		<class name="TimeoutException.java" source="/util.concurrent_regression/src/EDU/oswego/cs/dl/util/concurrent/TimeoutException.java.html"/>
		<class name="TimeoutSync.java" source="/util.concurrent_regression/src/EDU/oswego/cs/dl/util/concurrent/TimeoutSync.java.html"/>
		<class name="VetoableChangeMulticaster.java" source="/util.concurrent_regression/src/EDU/oswego/cs/dl/util/concurrent/VetoableChangeMulticaster.java.html"/>
		<class name="WaitFreeQueue.java" source="/util.concurrent_regression/src/EDU/oswego/cs/dl/util/concurrent/WaitFreeQueue.java.html"/>
		<class name="WaitableBoolean.java" source="/util.concurrent_regression/src/EDU/oswego/cs/dl/util/concurrent/WaitableBoolean.java.html"/>
		<class name="WaitableByte.java" source="/util.concurrent_regression/src/EDU/oswego/cs/dl/util/concurrent/WaitableByte.java.html"/>
		<class name="WaitableChar.java" source="/util.concurrent_regression/src/EDU/oswego/cs/dl/util/concurrent/WaitableChar.java.html"/>
		<class name="WaitableDouble.java" source="/util.concurrent_regression/src/EDU/oswego/cs/dl/util/concurrent/WaitableDouble.java.html"/>
		<class name="WaitableFloat.java" source="/util.concurrent_regression/src/EDU/oswego/cs/dl/util/concurrent/WaitableFloat.java.html"/>
		<class name="WaitableInt.java" source="/util.concurrent_regression/src/EDU/oswego/cs/dl/util/concurrent/WaitableInt.java.html"/>
		<class name="WaitableLong.java" source="/util.concurrent_regression/src/EDU/oswego/cs/dl/util/concurrent/WaitableLong.java.html"/>
		<class name="WaitableRef.java" source="/util.concurrent_regression/src/EDU/oswego/cs/dl/util/concurrent/WaitableRef.java.html"/>
		<class name="WaitableShort.java" source="/util.concurrent_regression/src/EDU/oswego/cs/dl/util/concurrent/WaitableShort.java.html"/>
		<class name="WaiterPreferenceSemaphore.java" source="/util.concurrent_regression/src/EDU/oswego/cs/dl/util/concurrent/WaiterPreferenceSemaphore.java.html"/>
		<class name="WriterPreferenceReadWriteLock.java" source="/util.concurrent_regression/src/EDU/oswego/cs/dl/util/concurrent/WriterPreferenceReadWriteLock.java.html"/>
	</package>
	<package name="EDU.oswego.cs.dl.util.concurrent.misc">
		<class name="CVBuffer.java" source="/util.concurrent_regression/src/EDU/oswego/cs/dl/util/concurrent/misc/CVBuffer.java.html"/>
		<class name="FIFOSlot.java" source="/util.concurrent_regression/src/EDU/oswego/cs/dl/util/concurrent/misc/FIFOSlot.java.html"/>
		<class name="Fraction.java" source="/util.concurrent_regression/src/EDU/oswego/cs/dl/util/concurrent/misc/Fraction.java.html"/>
		<class name="PipedChannel.java" source="/util.concurrent_regression/src/EDU/oswego/cs/dl/util/concurrent/misc/PipedChannel.java.html"/>
		<class name="SwingWorker.java" source="/util.concurrent_regression/src/EDU/oswego/cs/dl/util/concurrent/misc/SwingWorker.java.html"/>
		<class name="SynchronizationTimer.java" source="/util.concurrent_regression/src/EDU/oswego/cs/dl/util/concurrent/misc/SynchronizationTimer.java.html"/>
	</package>
	<package name="NestedAnonymous">
		<class name="OuterMost.java" source="/Bug1493/src/NestedAnonymous/OuterMost.java.html"/>
	</package>
	<package name="aggregate.accessibility.differentPackages.p1">
		<class name="DefaultDelegate.java" source="/TestRegionSanityChecks/src/aggregate/accessibility/differentPackages/p1/DefaultDelegate.java.html"/>
		<class name="PrivateDelegate.java" source="/TestRegionSanityChecks/src/aggregate/accessibility/differentPackages/p1/PrivateDelegate.java.html"/>
		<class name="ProtectedDelegate.java" source="/TestRegionSanityChecks/src/aggregate/accessibility/differentPackages/p1/ProtectedDelegate.java.html"/>
		<class name="PublicDelegate.java" source="/TestRegionSanityChecks/src/aggregate/accessibility/differentPackages/p1/PublicDelegate.java.html"/>
		<class name="Super.java" source="/TestRegionSanityChecks/src/aggregate/accessibility/differentPackages/p1/Super.java.html"/>
	</package>
	<package name="aggregate.accessibility.differentPackages.p2">
		<class name="ParentIsSuper.java" source="/TestRegionSanityChecks/src/aggregate/accessibility/differentPackages/p2/ParentIsSuper.java.html"/>
	</package>
	<package name="aggregate.accessibility.samePackage">
		<class name="DefaultDelegate.java" source="/TestRegionSanityChecks/src/aggregate/accessibility/samePackage/DefaultDelegate.java.html"/>
		<class name="ParentIsSuper.java" source="/TestRegionSanityChecks/src/aggregate/accessibility/samePackage/ParentIsSuper.java.html"/>
		<class name="PrivateDelegate.java" source="/TestRegionSanityChecks/src/aggregate/accessibility/samePackage/PrivateDelegate.java.html"/>
		<class name="ProtectedDelegate.java" source="/TestRegionSanityChecks/src/aggregate/accessibility/samePackage/ProtectedDelegate.java.html"/>
		<class name="PublicDelegate.java" source="/TestRegionSanityChecks/src/aggregate/accessibility/samePackage/PublicDelegate.java.html"/>
		<class name="Super.java" source="/TestRegionSanityChecks/src/aggregate/accessibility/samePackage/Super.java.html"/>
	</package>
	<package name="aggregate.dstRegionExists">
		<class name="C.java" source="/TestRegionSanityChecks/src/aggregate/dstRegionExists/C.java.html"/>
		<class name="Child.java" source="/TestRegionSanityChecks/src/aggregate/dstRegionExists/Child.java.html"/>
		<class name="Other.java" source="/TestRegionSanityChecks/src/aggregate/dstRegionExists/Other.java.html"/>
		<class name="Parent.java" source="/TestRegionSanityChecks/src/aggregate/dstRegionExists/Parent.java.html"/>
		<class name="Test.java" source="/TestRegionSanityChecks/src/aggregate/dstRegionExists/Test.java.html"/>
	</package>
	<package name="aggregate.dstStatic">
		<class name="C.java" source="/TestRegionSanityChecks/src/aggregate/dstStatic/C.java.html"/>
		<class name="Parent.java" source="/TestRegionSanityChecks/src/aggregate/dstStatic/Parent.java.html"/>
		<class name="Test.java" source="/TestRegionSanityChecks/src/aggregate/dstStatic/Test.java.html"/>
	</package>
	<package name="aggregate.fieldIsObject">
		<class name="Test.java" source="/TestRegionSanityChecks/src/aggregate/fieldIsObject/Test.java.html"/>
	</package>
	<package name="aggregate.fieldMustBeUnique">
		<class name="C.java" source="/TestRegionSanityChecks/src/aggregate/fieldMustBeUnique/C.java.html"/>
		<class name="Test.java" source="/TestRegionSanityChecks/src/aggregate/fieldMustBeUnique/Test.java.html"/>
	</package>
	<package name="aggregate.mustMapInstance">
		<class name="C.java" source="/TestRegionSanityChecks/src/aggregate/mustMapInstance/C.java.html"/>
		<class name="D.java" source="/TestRegionSanityChecks/src/aggregate/mustMapInstance/D.java.html"/>
		<class name="Test.java" source="/TestRegionSanityChecks/src/aggregate/mustMapInstance/Test.java.html"/>
	</package>
	<package name="aggregate.nonFinalField">
		<class name="C.java" source="/TestRegionSanityChecks/src/aggregate/nonFinalField/C.java.html"/>
		<class name="Test.java" source="/TestRegionSanityChecks/src/aggregate/nonFinalField/Test.java.html"/>
	</package>
	<package name="aggregate.respectsHierarchy">
		<class name="C.java" source="/TestRegionSanityChecks/src/aggregate/respectsHierarchy/C.java.html"/>
		<class name="Test.java" source="/TestRegionSanityChecks/src/aggregate/respectsHierarchy/Test.java.html"/>
	</package>
	<package name="aggregate.srcRegionExists">
		<class name="C.java" source="/TestRegionSanityChecks/src/aggregate/srcRegionExists/C.java.html"/>
		<class name="D.java" source="/TestRegionSanityChecks/src/aggregate/srcRegionExists/D.java.html"/>
		<class name="Other.java" source="/TestRegionSanityChecks/src/aggregate/srcRegionExists/Other.java.html"/>
		<class name="Test.java" source="/TestRegionSanityChecks/src/aggregate/srcRegionExists/Test.java.html"/>
	</package>
	<package name="aggregate.srcRegionIsntStatic">
		<class name="C.java" source="/TestRegionSanityChecks/src/aggregate/srcRegionIsntStatic/C.java.html"/>
		<class name="Test.java" source="/TestRegionSanityChecks/src/aggregate/srcRegionIsntStatic/Test.java.html"/>
	</package>
	<package name="aggregate.srcRepeated">
		<class name="C.java" source="/TestRegionSanityChecks/src/aggregate/srcRepeated/C.java.html"/>
		<class name="Test.java" source="/TestRegionSanityChecks/src/aggregate/srcRepeated/Test.java.html"/>
	</package>
	<package name="aggregated_fields">
		<class name="Inner.java" source="/TestJUCRWLocks/src/aggregated_fields/Inner.java.html"/>
		<class name="Test.java" source="/TestJUCRWLocks/src/aggregated_fields/Test.java.html"/>
	</package>
	<package name="basic_usage">
		<class name="Test.java" source="/TestJUCRWLocks/src/basic_usage/Test.java.html"/>
	</package>
	<package name="borrowed">
		<class name="TestBadArgs.java" source="/TestUniquenessSanityChecks/src/borrowed/TestBadArgs.java.html"/>
	</package>
	<package name="com.surelogic">
		<class name="Aggregate.java" source="/promises/src/com/surelogic/Aggregate.java.html"/>
		<class name="AllowsReferencesFrom.java" source="/promises/src/com/surelogic/AllowsReferencesFrom.java.html"/>
		<class name="Assume.java" source="/promises/src/com/surelogic/Assume.java.html"/>
		<class name="Assumes.java" source="/promises/src/com/surelogic/Assumes.java.html"/>
		<class name="Borrowed.java" source="/promises/src/com/surelogic/Borrowed.java.html"/>
		<class name="InLayer.java" source="/promises/src/com/surelogic/InLayer.java.html"/>
		<class name="InRegion.java" source="/promises/src/com/surelogic/InRegion.java.html"/>
		<class name="IsLock.java" source="/promises/src/com/surelogic/IsLock.java.html"/>
		<class name="Layer.java" source="/promises/src/com/surelogic/Layer.java.html"/>
		<class name="Layers.java" source="/promises/src/com/surelogic/Layers.java.html"/>
		<class name="MapFields.java" source="/promises/src/com/surelogic/MapFields.java.html"/>
		<class name="MapsFields.java" source="/promises/src/com/surelogic/MapsFields.java.html"/>
		<class name="MayReferTo.java" source="/promises/src/com/surelogic/MayReferTo.java.html"/>
		<class name="NotUnique.java" source="/promises/src/com/surelogic/NotUnique.java.html"/>
		<class name="PolicyLock.java" source="/promises/src/com/surelogic/PolicyLock.java.html"/>
		<class name="PolicyLocks.java" source="/promises/src/com/surelogic/PolicyLocks.java.html"/>
		<class name="Promise.java" source="/promises/src/com/surelogic/Promise.java.html"/>
		<class name="Promises.java" source="/promises/src/com/surelogic/Promises.java.html"/>
		<class name="Region.java" source="/promises/src/com/surelogic/Region.java.html"/>
		<class name="RegionEffects.java" source="/promises/src/com/surelogic/RegionEffects.java.html"/>
		<class name="RegionLock.java" source="/promises/src/com/surelogic/RegionLock.java.html"/>
		<class name="RegionLocks.java" source="/promises/src/com/surelogic/RegionLocks.java.html"/>
		<class name="Regions.java" source="/promises/src/com/surelogic/Regions.java.html"/>
		<class name="RequiresLock.java" source="/promises/src/com/surelogic/RequiresLock.java.html"/>
		<class name="ReturnsLock.java" source="/promises/src/com/surelogic/ReturnsLock.java.html"/>
		<class name="SelfProtected.java" source="/promises/src/com/surelogic/SelfProtected.java.html"/>
		<class name="SingleThreaded.java" source="/promises/src/com/surelogic/SingleThreaded.java.html"/>
		<class name="Starts.java" source="/promises/src/com/surelogic/Starts.java.html"/>
		<class name="TypeSet.java" source="/promises/src/com/surelogic/TypeSet.java.html"/>
		<class name="TypeSets.java" source="/promises/src/com/surelogic/TypeSets.java.html"/>
		<class name="Unique.java" source="/promises/src/com/surelogic/Unique.java.html"/>
	</package>
	<package name="conflicts">
		<class name="Test.java" source="/TestUniquenessSanityChecks/src/conflicts/Test.java.html"/>
	</package>
	<package name="dont_sync_on_JUC_locks">
		<class name="Test.java" source="/TestJUCRWLocks/src/dont_sync_on_JUC_locks/Test.java.html"/>
	</package>
	<package name="inRegion.accessibility.differentPackages.p1">
		<class name="DefaultSuper.java" source="/TestRegionSanityChecks/src/inRegion/accessibility/differentPackages/p1/DefaultSuper.java.html"/>
		<class name="ParentIsDefaultSuper.java" source="/TestRegionSanityChecks/src/inRegion/accessibility/differentPackages/p1/ParentIsDefaultSuper.java.html"/>
		<class name="PublicSuper.java" source="/TestRegionSanityChecks/src/inRegion/accessibility/differentPackages/p1/PublicSuper.java.html"/>
	</package>
	<package name="inRegion.accessibility.differentPackages.p2">
		<class name="ParentIsDefaultSuper2.java" source="/TestRegionSanityChecks/src/inRegion/accessibility/differentPackages/p2/ParentIsDefaultSuper2.java.html"/>
		<class name="ParentIsPublicSuper.java" source="/TestRegionSanityChecks/src/inRegion/accessibility/differentPackages/p2/ParentIsPublicSuper.java.html"/>
	</package>
	<package name="inRegion.accessibility.samePackage">
		<class name="DefaultSuper.java" source="/TestRegionSanityChecks/src/inRegion/accessibility/samePackage/DefaultSuper.java.html"/>
		<class name="ParentIsDefaultSuper.java" source="/TestRegionSanityChecks/src/inRegion/accessibility/samePackage/ParentIsDefaultSuper.java.html"/>
		<class name="ParentIsPublicSuper.java" source="/TestRegionSanityChecks/src/inRegion/accessibility/samePackage/ParentIsPublicSuper.java.html"/>
		<class name="PublicSuper.java" source="/TestRegionSanityChecks/src/inRegion/accessibility/samePackage/PublicSuper.java.html"/>
	</package>
	<package name="inRegion.finalFields">
		<class name="C.java" source="/TestRegionSanityChecks/src/inRegion/finalFields/C.java.html"/>
	</package>
	<package name="inRegion.nonFieldParent">
		<class name="Super.java" source="/TestRegionSanityChecks/src/inRegion/nonFieldParent/Super.java.html"/>
		<class name="Test.java" source="/TestRegionSanityChecks/src/inRegion/nonFieldParent/Test.java.html"/>
	</package>
	<package name="inRegion.parentMustExist">
		<class name="Child.java" source="/TestRegionSanityChecks/src/inRegion/parentMustExist/Child.java.html"/>
		<class name="Other.java" source="/TestRegionSanityChecks/src/inRegion/parentMustExist/Other.java.html"/>
		<class name="Super.java" source="/TestRegionSanityChecks/src/inRegion/parentMustExist/Super.java.html"/>
		<class name="Test.java" source="/TestRegionSanityChecks/src/inRegion/parentMustExist/Test.java.html"/>
	</package>
	<package name="inRegion.staticParents">
		<class name="Super.java" source="/TestRegionSanityChecks/src/inRegion/staticParents/Super.java.html"/>
		<class name="Test.java" source="/TestRegionSanityChecks/src/inRegion/staticParents/Test.java.html"/>
	</package>
	<package name="inRegion.visibility">
		<class name="Super.java" source="/TestRegionSanityChecks/src/inRegion/visibility/Super.java.html"/>
		<class name="Test.java" source="/TestRegionSanityChecks/src/inRegion/visibility/Test.java.html"/>
	</package>
	<package name="inherited_region.Instance">
		<class name="Bad1.java" source="/TestLockSanityChecks_JavaDoc/src/inherited_region/Instance/Bad1.java.html"/>
		<class name="BadRoot1.java" source="/TestLockSanityChecks_JavaDoc/src/inherited_region/Instance/BadRoot1.java.html"/>
	</package>
	<package name="inherited_region.Subregion">
		<class name="Bad2.java" source="/TestLockSanityChecks_JavaDoc/src/inherited_region/Subregion/Bad2.java.html"/>
		<class name="Bad3.java" source="/TestLockSanityChecks_JavaDoc/src/inherited_region/Subregion/Bad3.java.html"/>
		<class name="BadRoot2.java" source="/TestLockSanityChecks_JavaDoc/src/inherited_region/Subregion/BadRoot2.java.html"/>
	</package>
	<package name="inherited_region.baseCase">
		<class name="Good1.java" source="/TestLockSanityChecks_JavaDoc/src/inherited_region/baseCase/Good1.java.html"/>
	</package>
	<package name="inherited_region.good">
		<class name="Good2.java" source="/TestLockSanityChecks_JavaDoc/src/inherited_region/good/Good2.java.html"/>
		<class name="Good3.java" source="/TestLockSanityChecks_JavaDoc/src/inherited_region/good/Good3.java.html"/>
		<class name="Good4.java" source="/TestLockSanityChecks_JavaDoc/src/inherited_region/good/Good4.java.html"/>
		<class name="GoodRoot.java" source="/TestLockSanityChecks_JavaDoc/src/inherited_region/good/GoodRoot.java.html"/>
	</package>
	<package name="locals_and_params">
		<class name="LocalsAndParams.java" source="/TestJUCLocks/src/locals_and_params/LocalsAndParams.java.html"/>
	</package>
	<package name="lockInterruptibly">
		<class name="C.java" source="/TestJUCLocks/src/lockInterruptibly/C.java.html"/>
	</package>
	<package name="matching_lock_with_unlock">
		<class name="Test.java" source="/TestJUCLocks/src/matching_lock_with_unlock/Test.java.html"/>
		<class name="Tricky.java" source="/TestJUCLocks/src/matching_lock_with_unlock/Tricky.java.html"/>
	</package>
	<package name="misc.anonClassMethods">
		<class name="Test.java" source="/TestQualifiedReceiverSubstitutionsAndAnonymousClassLocks/src/misc/anonClassMethods/Test.java.html"/>
	</package>
	<package name="misc.heldAs_unresolvable_tests">
		<class name="C.java" source="/TestQualifiedReceiverSubstitutionsAndAnonymousClassLocks/src/misc/heldAs_unresolvable_tests/C.java.html"/>
		<class name="Test.java" source="/TestQualifiedReceiverSubstitutionsAndAnonymousClassLocks/src/misc/heldAs_unresolvable_tests/Test.java.html"/>
	</package>
	<package name="net.jcip.annotations">
		<class name="GuardedBy.java" source="/promises/src/net/jcip/annotations/GuardedBy.java.html"/>
		<class name="Immutable.java" source="/promises/src/net/jcip/annotations/Immutable.java.html"/>
		<class name="NotThreadSafe.java" source="/promises/src/net/jcip/annotations/NotThreadSafe.java.html"/>
		<class name="ThreadSafe.java" source="/promises/src/net/jcip/annotations/ThreadSafe.java.html"/>
	</package>
	<package name="nonReference">
		<class name="Test.java" source="/TestUniquenessSanityChecks/src/nonReference/Test.java.html"/>
	</package>
	<package name="non_final_lock_expressions">
		<class name="Test.java" source="/TestJUCLocks/src/non_final_lock_expressions/Test.java.html"/>
	</package>
	<package name="not_just_any_Lock_class">
		<class name="Lock.java" source="/TestJUCLocks/src/not_just_any_Lock_class/Lock.java.html"/>
		<class name="Main.java" source="/TestJUCLocks/src/not_just_any_Lock_class/Main.java.html"/>
	</package>
	<package name="not_just_any_RWLock_class">
		<class name="Main.java" source="/TestJUCRWLocks/src/not_just_any_RWLock_class/Main.java.html"/>
		<class name="ReaderWriterLock.java" source="/TestJUCRWLocks/src/not_just_any_RWLock_class/ReaderWriterLock.java.html"/>
	</package>
	<package name="protecting_with_JUC_locks">
		<class name="Test.java" source="/TestJUCLocks/src/protecting_with_JUC_locks/Test.java.html"/>
	</package>
	<package name="qualified_receivers_as_locks">
		<class name="Outer.java" source="/TestLockSanityChecks/src/qualified_receivers_as_locks/Outer.java.html"/>
	</package>
	<package name="region.accessibility.differentPackages.p1">
		<class name="DefaultSuper.java" source="/TestRegionSanityChecks/src/region/accessibility/differentPackages/p1/DefaultSuper.java.html"/>
		<class name="ParentIsDefaultSuper.java" source="/TestRegionSanityChecks/src/region/accessibility/differentPackages/p1/ParentIsDefaultSuper.java.html"/>
		<class name="PublicSuper.java" source="/TestRegionSanityChecks/src/region/accessibility/differentPackages/p1/PublicSuper.java.html"/>
	</package>
	<package name="region.accessibility.differentPackages.p2">
		<class name="ParentIsDefaultSuper2.java" source="/TestRegionSanityChecks/src/region/accessibility/differentPackages/p2/ParentIsDefaultSuper2.java.html"/>
		<class name="ParentIsPublicSuper.java" source="/TestRegionSanityChecks/src/region/accessibility/differentPackages/p2/ParentIsPublicSuper.java.html"/>
	</package>
	<package name="region.accessibility.samePackage">
		<class name="DefaultSuper.java" source="/TestRegionSanityChecks/src/region/accessibility/samePackage/DefaultSuper.java.html"/>
		<class name="ParentIsDefaultSuper.java" source="/TestRegionSanityChecks/src/region/accessibility/samePackage/ParentIsDefaultSuper.java.html"/>
		<class name="ParentIsPublicSuper.java" source="/TestRegionSanityChecks/src/region/accessibility/samePackage/ParentIsPublicSuper.java.html"/>
		<class name="PublicSuper.java" source="/TestRegionSanityChecks/src/region/accessibility/samePackage/PublicSuper.java.html"/>
	</package>
	<package name="region.noCycles">
		<class name="Test.java" source="/TestRegionSanityChecks/src/region/noCycles/Test.java.html"/>
	</package>
	<package name="region.nonFieldParent">
		<class name="Super.java" source="/TestRegionSanityChecks/src/region/nonFieldParent/Super.java.html"/>
		<class name="Test.java" source="/TestRegionSanityChecks/src/region/nonFieldParent/Test.java.html"/>
	</package>
	<package name="region.parentMustExist">
		<class name="Child.java" source="/TestRegionSanityChecks/src/region/parentMustExist/Child.java.html"/>
		<class name="Other.java" source="/TestRegionSanityChecks/src/region/parentMustExist/Other.java.html"/>
		<class name="Super.java" source="/TestRegionSanityChecks/src/region/parentMustExist/Super.java.html"/>
		<class name="Test.java" source="/TestRegionSanityChecks/src/region/parentMustExist/Test.java.html"/>
	</package>
	<package name="region.staticParents">
		<class name="Super.java" source="/TestRegionSanityChecks/src/region/staticParents/Super.java.html"/>
		<class name="Test.java" source="/TestRegionSanityChecks/src/region/staticParents/Test.java.html"/>
	</package>
	<package name="region.uniqueRegion">
		<class name="Super.java" source="/TestRegionSanityChecks/src/region/uniqueRegion/Super.java.html"/>
		<class name="Test.java" source="/TestRegionSanityChecks/src/region/uniqueRegion/Test.java.html"/>
	</package>
	<package name="region.visibility">
		<class name="Super.java" source="/TestRegionSanityChecks/src/region/visibility/Super.java.html"/>
		<class name="Test.java" source="/TestRegionSanityChecks/src/region/visibility/Test.java.html"/>
	</package>
	<package name="requiresLock">
		<class name="C.java" source="/TestJUCRWLocks/src/requiresLock/C.java.html"/>
		<class name="Spy.java" source="/TestJUCRWLocks/src/requiresLock/Spy.java.html"/>
		<class name="Warnings.java" source="/TestJUCRWLocks/src/requiresLock/Warnings.java.html"/>
	</package>
	<package name="requiresLock_and_JUC">
		<class name="Other.java" source="/TestJUCLocks/src/requiresLock_and_JUC/Other.java.html"/>
		<class name="Test.java" source="/TestJUCLocks/src/requiresLock_and_JUC/Test.java.html"/>
	</package>
	<package name="returnsLock_and_JUC">
		<class name="Test.java" source="/TestJUCRWLocks/src/returnsLock_and_JUC/Test.java.html"/>
		<class name="Test2.java" source="/TestJUCRWLocks/src/returnsLock_and_JUC/Test2.java.html"/>
	</package>
	<package name="singleThreaded">
		<class name="SingleThreadedTest.java" source="/TestJUCRWLocks/src/singleThreaded/SingleThreadedTest.java.html"/>
	</package>
	<package name="suggest_juc_lock_fields">
		<class name="C1.java" source="/TestJUCLocks/src/suggest_juc_lock_fields/C1.java.html"/>
		<class name="C2.java" source="/TestJUCLocks/src/suggest_juc_lock_fields/C2.java.html"/>
		<class name="C3.java" source="/TestJUCLocks/src/suggest_juc_lock_fields/C3.java.html"/>
		<class name="C4.java" source="/TestJUCLocks/src/suggest_juc_lock_fields/C4.java.html"/>
		<class name="Other.java" source="/TestJUCLocks/src/suggest_juc_lock_fields/Other.java.html"/>
	</package>
	<package name="test">
		<class name="Blooper.java" source="/TestRegionAndFieldHiding/src/test/Blooper.java.html"/>
		<class name="C.java" source="/TestSyntacticEquality_JavaDoc/test/C.java.html"/>
		<class name="Duper.java" source="/TestRegionAndFieldHiding/src/test/Duper.java.html"/>
		<class name="MoreUniqueReturnValues.java" source="/Nondeterministic/src/test/MoreUniqueReturnValues.java.html"/>
		<class name="NoExplicitStaticInit.java" source="/TestLocksInStaticInitializers/src/test/NoExplicitStaticInit.java.html"/>
		<class name="StaticTest.java" source="/TestLocksInStaticInitializers/src/test/StaticTest.java.html"/>
		<class name="Super.java" source="/TestRegionAndFieldHiding/src/test/Super.java.html"/>
	</package>
	<package name="test.AnonymousClass.SuperIsLocal.OneLevel">
		<class name="Outer.java" source="/TestQualifiedReceiverSubstitutionsAndAnonymousClassLocks/src/test/AnonymousClass/SuperIsLocal/OneLevel/Outer.java.html"/>
	</package>
	<package name="test.AnonymousClass.SuperIsLocal.ThreeLevels.DirectInner">
		<class name="Outer1.java" source="/TestQualifiedReceiverSubstitutionsAndAnonymousClassLocks/src/test/AnonymousClass/SuperIsLocal/ThreeLevels/DirectInner/Outer1.java.html"/>
	</package>
	<package name="test.AnonymousClass.SuperIsLocal.ThreeLevels.Local">
		<class name="Outer.java" source="/TestQualifiedReceiverSubstitutionsAndAnonymousClassLocks/src/test/AnonymousClass/SuperIsLocal/ThreeLevels/Local/Outer.java.html"/>
	</package>
	<package name="test.AnonymousClass.SuperIsLocal.ThreeLevels.Mixed">
		<class name="Outer1.java" source="/TestQualifiedReceiverSubstitutionsAndAnonymousClassLocks/src/test/AnonymousClass/SuperIsLocal/ThreeLevels/Mixed/Outer1.java.html"/>
	</package>
	<package name="test.AnonymousClass.SuperIsLocal.TwoLevels.DirectInner">
		<class name="Outer1.java" source="/TestQualifiedReceiverSubstitutionsAndAnonymousClassLocks/src/test/AnonymousClass/SuperIsLocal/TwoLevels/DirectInner/Outer1.java.html"/>
	</package>
	<package name="test.AnonymousClass.SuperIsLocal.TwoLevels.Local">
		<class name="Outer.java" source="/TestQualifiedReceiverSubstitutionsAndAnonymousClassLocks/src/test/AnonymousClass/SuperIsLocal/TwoLevels/Local/Outer.java.html"/>
	</package>
	<package name="test.AnonymousClass.SuperIsMember.Qualified.OneLevel">
		<class name="Test.java" source="/TestQualifiedReceiverSubstitutionsAndAnonymousClassLocks/src/test/AnonymousClass/SuperIsMember/Qualified/OneLevel/Test.java.html"/>
	</package>
	<package name="test.AnonymousClass.SuperIsMember.Qualified.TwoLevels">
		<class name="Test.java" source="/TestQualifiedReceiverSubstitutionsAndAnonymousClassLocks/src/test/AnonymousClass/SuperIsMember/Qualified/TwoLevels/Test.java.html"/>
	</package>
	<package name="test.AnonymousClass.SuperIsMember.Unqualified.OneLevel">
		<class name="Test.java" source="/TestQualifiedReceiverSubstitutionsAndAnonymousClassLocks/src/test/AnonymousClass/SuperIsMember/Unqualified/OneLevel/Test.java.html"/>
		<class name="TestFieldInit.java" source="/TestQualifiedReceiverSubstitutionsAndAnonymousClassLocks/src/test/AnonymousClass/SuperIsMember/Unqualified/OneLevel/TestFieldInit.java.html"/>
		<class name="TestInstanceInit.java" source="/TestQualifiedReceiverSubstitutionsAndAnonymousClassLocks/src/test/AnonymousClass/SuperIsMember/Unqualified/OneLevel/TestInstanceInit.java.html"/>
	</package>
	<package name="test.AnonymousClass.SuperIsMember.Unqualified.TwoLevels">
		<class name="Test.java" source="/TestQualifiedReceiverSubstitutionsAndAnonymousClassLocks/src/test/AnonymousClass/SuperIsMember/Unqualified/TwoLevels/Test.java.html"/>
		<class name="TestFieldInit.java" source="/TestQualifiedReceiverSubstitutionsAndAnonymousClassLocks/src/test/AnonymousClass/SuperIsMember/Unqualified/TwoLevels/TestFieldInit.java.html"/>
		<class name="TestInstanceInit.java" source="/TestQualifiedReceiverSubstitutionsAndAnonymousClassLocks/src/test/AnonymousClass/SuperIsMember/Unqualified/TwoLevels/TestInstanceInit.java.html"/>
	</package>
	<package name="test.AnonymousClass.SuperIsNotInner">
		<class name="StaticContext.java" source="/TestQualifiedReceiverSubstitutionsAndAnonymousClassLocks/src/test/AnonymousClass/SuperIsNotInner/StaticContext.java.html"/>
		<class name="Super.java" source="/TestQualifiedReceiverSubstitutionsAndAnonymousClassRequiresLocks/src/test/AnonymousClass/SuperIsNotInner/Super.java.html"/>
		<class name="Test.java" source="/TestQualifiedReceiverSubstitutionsAndAnonymousClassRequiresLocks/src/test/AnonymousClass/SuperIsNotInner/Test.java.html"/>
		<class name="TestFieldInit.java" source="/TestQualifiedReceiverSubstitutionsAndAnonymousClassRequiresLocks/src/test/AnonymousClass/SuperIsNotInner/TestFieldInit.java.html"/>
		<class name="TestInstanceInit.java" source="/TestQualifiedReceiverSubstitutionsAndAnonymousClassRequiresLocks/src/test/AnonymousClass/SuperIsNotInner/TestInstanceInit.java.html"/>
	</package>
	<package name="test.ConstructorCall.Qualified.DoubleNesting">
		<class name="E2.java" source="/TestQualifiedReceiverSubstitutionsAndAnonymousClassLocks/src/test/ConstructorCall/Qualified/DoubleNesting/E2.java.html"/>
		<class name="E3.java" source="/TestQualifiedReceiverSubstitutionsAndAnonymousClassLocks/src/test/ConstructorCall/Qualified/DoubleNesting/E3.java.html"/>
		<class name="Outer1.java" source="/TestQualifiedReceiverSubstitutionsAndAnonymousClassLocks/src/test/ConstructorCall/Qualified/DoubleNesting/Outer1.java.html"/>
	</package>
	<package name="test.ConstructorCall.Qualified.SingleNesting">
		<class name="E2.java" source="/TestQualifiedReceiverSubstitutionsAndAnonymousClassLocks/src/test/ConstructorCall/Qualified/SingleNesting/E2.java.html"/>
		<class name="Outer1.java" source="/TestQualifiedReceiverSubstitutionsAndAnonymousClassLocks/src/test/ConstructorCall/Qualified/SingleNesting/Outer1.java.html"/>
	</package>
	<package name="test.ConstructorCall.Unqualified.DoubleNesting">
		<class name="Outer1.java" source="/TestQualifiedReceiverSubstitutionsAndAnonymousClassLocks/src/test/ConstructorCall/Unqualified/DoubleNesting/Outer1.java.html"/>
	</package>
	<package name="test.ConstructorCall.Unqualified.SingleNesting">
		<class name="Outer1.java" source="/TestQualifiedReceiverSubstitutionsAndAnonymousClassLocks/src/test/ConstructorCall/Unqualified/SingleNesting/Outer1.java.html"/>
		<class name="Outer2.java" source="/TestQualifiedReceiverSubstitutionsAndAnonymousClassLocks/src/test/ConstructorCall/Unqualified/SingleNesting/Outer2.java.html"/>
	</package>
	<package name="test.MethodCall.DoubleNesting">
		<class name="E2.java" source="/TestQualifiedReceiverSubstitutionsAndAnonymousClassLocks/src/test/MethodCall/DoubleNesting/E2.java.html"/>
		<class name="Outer1.java" source="/TestQualifiedReceiverSubstitutionsAndAnonymousClassLocks/src/test/MethodCall/DoubleNesting/Outer1.java.html"/>
	</package>
	<package name="test.MethodCall.NoNesting">
		<class name="NormalCall.java" source="/TestQualifiedReceiverSubstitutionsAndAnonymousClassLocks/src/test/MethodCall/NoNesting/NormalCall.java.html"/>
		<class name="TestDefinitionAndSynchronization.java" source="/TestQualifiedReceiverSubstitutionsAndAnonymousClassLocks/src/test/MethodCall/NoNesting/TestDefinitionAndSynchronization.java.html"/>
	</package>
	<package name="test.MethodCall.SingleNesting">
		<class name="E2.java" source="/TestQualifiedReceiverSubstitutionsAndAnonymousClassLocks/src/test/MethodCall/SingleNesting/E2.java.html"/>
		<class name="Outer1.java" source="/TestQualifiedReceiverSubstitutionsAndAnonymousClassLocks/src/test/MethodCall/SingleNesting/Outer1.java.html"/>
		<class name="Outer2.java" source="/TestQualifiedReceiverSubstitutionsAndAnonymousClassLocks/src/test/MethodCall/SingleNesting/Outer2.java.html"/>
	</package>
	<package name="test.NewExpression.LocalClass">
		<class name="Outer.java" source="/TestQualifiedReceiverSubstitutionsAndAnonymousClassLocks/src/test/NewExpression/LocalClass/Outer.java.html"/>
	</package>
	<package name="test.NewExpression.MemberClass.Qualified">
		<class name="Outer.java" source="/TestQualifiedReceiverSubstitutionsAndAnonymousClassLocks/src/test/NewExpression/MemberClass/Qualified/Outer.java.html"/>
	</package>
	<package name="test.NewExpression.MemberClass.Unqualified">
		<class name="Outer.java" source="/TestQualifiedReceiverSubstitutionsAndAnonymousClassLocks/src/test/NewExpression/MemberClass/Unqualified/Outer.java.html"/>
	</package>
	<package name="test_lock_field">
		<class name="A.java" source="/TestLockSanityChecks_JavaDoc/src/test_lock_field/A.java.html"/>
		<class name="B.java" source="/TestLockSanityChecks_JavaDoc/src/test_lock_field/B.java.html"/>
		<class name="C.java" source="/TestLockSanityChecks_JavaDoc/src/test_lock_field/C.java.html"/>
		<class name="D.java" source="/TestLockSanityChecks_JavaDoc/src/test_lock_field/D.java.html"/>
		<class name="Other.java" source="/TestLockSanityChecks_JavaDoc/src/test_lock_field/Other.java.html"/>
	</package>
	<package name="test_lock_region">
		<class name="B.java" source="/TestLockSanityChecks_JavaDoc/src/test_lock_region/B.java.html"/>
		<class name="C.java" source="/TestLockSanityChecks_JavaDoc/src/test_lock_region/C.java.html"/>
		<class name="D.java" source="/TestLockSanityChecks_JavaDoc/src/test_lock_region/D.java.html"/>
		<class name="Grandparent.java" source="/TestLockSanityChecks_JavaDoc/src/test_lock_region/Grandparent.java.html"/>
		<class name="GreatGrandparent.java" source="/TestLockSanityChecks_JavaDoc/src/test_lock_region/GreatGrandparent.java.html"/>
		<class name="LockViz.java" source="/TestLockSanityChecks_JavaDoc/src/test_lock_region/LockViz.java.html"/>
		<class name="LockVizJUC.java" source="/TestLockSanityChecks_JavaDoc/src/test_lock_region/LockVizJUC.java.html"/>
		<class name="Other.java" source="/TestLockSanityChecks_JavaDoc/src/test_lock_region/Other.java.html"/>
		<class name="Parent.java" source="/TestLockSanityChecks_JavaDoc/src/test_lock_region/Parent.java.html"/>
		<class name="ProtectInheritedRegion.java" source="/TestLockSanityChecks_JavaDoc/src/test_lock_region/ProtectInheritedRegion.java.html"/>
	</package>
	<package name="test_requires_lock">
		<class name="C.java" source="/TestLockSanityChecks_JavaDoc/src/test_requires_lock/C.java.html"/>
		<class name="C_Policy.java" source="/TestLockSanityChecks_JavaDoc/src/test_requires_lock/C_Policy.java.html"/>
		<class name="CannotRequireRWLock.java" source="/TestLockSanityChecks_JavaDoc/src/test_requires_lock/CannotRequireRWLock.java.html"/>
		<class name="D.java" source="/TestLockSanityChecks_JavaDoc/src/test_requires_lock/D.java.html"/>
		<class name="Other1.java" source="/TestLockSanityChecks/src/test_requires_lock/Other1.java.html"/>
		<class name="PolicyLock_Constructor.java" source="/TestLockSanityChecks_JavaDoc/src/test_requires_lock/PolicyLock_Constructor.java.html"/>
		<class name="PolicyLock_LockNames.java" source="/TestLockSanityChecks_JavaDoc/src/test_requires_lock/PolicyLock_LockNames.java.html"/>
		<class name="PolicyLock_visibility.java" source="/TestLockSanityChecks_JavaDoc/src/test_requires_lock/PolicyLock_visibility.java.html"/>
		<class name="Root.java" source="/TestLockSanityChecks_JavaDoc/src/test_requires_lock/Root.java.html"/>
		<class name="StateLock_Constructor.java" source="/TestLockSanityChecks_JavaDoc/src/test_requires_lock/StateLock_Constructor.java.html"/>
		<class name="StateLock_LockNames.java" source="/TestLockSanityChecks_JavaDoc/src/test_requires_lock/StateLock_LockNames.java.html"/>
		<class name="StateLock_visibility.java" source="/TestLockSanityChecks_JavaDoc/src/test_requires_lock/StateLock_visibility.java.html"/>
		<class name="TestDuplicates.java" source="/TestLockSanityChecks_JavaDoc/src/test_requires_lock/TestDuplicates.java.html"/>
		<class name="TestImprovedMessages.java" source="/TestLockSanityChecks_JavaDoc/src/test_requires_lock/TestImprovedMessages.java.html"/>
	</package>
	<package name="test_returns_lock">
		<class name="C.java" source="/TestLockSanityChecks_JavaDoc/src/test_returns_lock/C.java.html"/>
		<class name="C_Policy.java" source="/TestLockSanityChecks_JavaDoc/src/test_returns_lock/C_Policy.java.html"/>
		<class name="PLock.java" source="/TestLockSanityChecks/src/test_returns_lock/PLock.java.html"/>
		<class name="PolicyLock.java" source="/TestLockSanityChecks_JavaDoc/src/test_returns_lock/PolicyLock.java.html"/>
		<class name="StateLock.java" source="/TestLockSanityChecks_JavaDoc/src/test_returns_lock/StateLock.java.html"/>
	</package>
	<package name="test_unique_names">
		<class name="BadC2.java" source="/TestLockSanityChecks_JavaDoc/src/test_unique_names/BadC2.java.html"/>
		<class name="BadC3.java" source="/TestLockSanityChecks_JavaDoc/src/test_unique_names/BadC3.java.html"/>
		<class name="C1.java" source="/TestLockSanityChecks_JavaDoc/src/test_unique_names/C1.java.html"/>
		<class name="GoodC2.java" source="/TestLockSanityChecks_JavaDoc/src/test_unique_names/GoodC2.java.html"/>
		<class name="GoodC3.java" source="/TestLockSanityChecks_JavaDoc/src/test_unique_names/GoodC3.java.html"/>
		<class name="StateVsPolicyLocks.java" source="/TestLockSanityChecks_JavaDoc/src/test_unique_names/StateVsPolicyLocks.java.html"/>
	</package>
	<package name="tryLock">
		<class name="C.java" source="/TestJUCLocks/src/tryLock/C.java.html"/>
	</package>
	<package name="twoLocksOneRegion.inherited">
		<class name="Duper.java" source="/TestLockSanityChecks/src/twoLocksOneRegion/inherited/Duper.java.html"/>
		<class name="Super.java" source="/TestLockSanityChecks/src/twoLocksOneRegion/inherited/Super.java.html"/>
	</package>
	<package name="twoLocksOneRegion.sameClass">
		<class name="Bad.java" source="/TestLockSanityChecks/src/twoLocksOneRegion/sameClass/Bad.java.html"/>
	</package>
	<package name="twoLocksOneRegion.unrelatedClasses">
		<class name="Test.java" source="/TestLockSanityChecks/src/twoLocksOneRegion/unrelatedClasses/Test.java.html"/>
		<class name="Test2.java" source="/TestLockSanityChecks/src/twoLocksOneRegion/unrelatedClasses/Test2.java.html"/>
	</package>
	<package name="unidentifiable_locks">
		<class name="Test.java" source="/TestJUCLocks/src/unidentifiable_locks/Test.java.html"/>
	</package>
	<package name="unique">
		<class name="TestBadArgs.java" source="/TestUniquenessSanityChecks/src/unique/TestBadArgs.java.html"/>
		<class name="TestUniqueConstructorJavaDoc.java" source="/TestUniquenessSanityChecks/src/unique/TestUniqueConstructorJavaDoc.java.html"/>
	</package>
</sourceFiles>
