<root msg="Assurance Results">
  <result msg="Concurrency (1 issue)" baseImage="folder.gif" flags="2">
    <result msg="RegionLock java.lang.Object.MUTEX is this protects WaitQueue on Object at java.lang.Object" baseImage="annotation.gif" flags="2">
      <result msg="5 lock precondition(s)" baseImage="folder.gif" flags="2">
        <result msg="RequiresLock MUTEX on java.lang.Object.notify() at java.lang.Object" baseImage="annotation.gif" flags="2" />
        <result msg="RequiresLock MUTEX on java.lang.Object.notifyAll() at java.lang.Object" baseImage="annotation.gif" flags="2" />
        <result msg="RequiresLock MUTEX on java.lang.Object.wait() at java.lang.Object" baseImage="annotation.gif" flags="2" />
        <result msg="RequiresLock MUTEX on java.lang.Object.wait(long) at java.lang.Object" baseImage="annotation.gif" flags="2" />
        <result msg="RequiresLock MUTEX on java.lang.Object.wait(long,int) at java.lang.Object" baseImage="annotation.gif" flags="2" />
      </result>
      <result msg="java.lang.Object.MUTEX is consistent with the code in java.lang.Object" baseImage="plus.gif" flags="0" />
      <result msg="Region public java.lang.Object.WaitQueue at java.lang.Object" baseImage="annotation.gif" flags="0">
        <result msg="Region public java.lang.Object.Instance at java.lang.Object" baseImage="annotation.gif" flags="0">
          <result msg="Region public static java.lang.Object.All at java.lang.Object" baseImage="annotation.gif" flags="0" />
        </result>
      </result>
    </result>
  </result>
  <result msg="Regions (2 issues)" baseImage="folder.gif" flags="2">
    <result msg="Region public [] at java.lang.[]" baseImage="annotation.gif" flags="0" />
    <result msg="Region public length at java.lang.[]" baseImage="annotation.gif" flags="0" />
  </result>
  <result msg="Uniqueness (41 issues)" baseImage="folder.gif" flags="10" reddots="1">
    <result msg="Borrowed(p) on borrowed.TestBadArgs.method1(java.lang.Object) at TestBadArgs.java line 6" source="/TestUniquenessSanityChecks/src/borrowed/TestBadArgs.java.html" line="6" baseImage="annotation.gif" flags="2">
      <result msg="Control flow of method borrowed.TestBadArgs.method1(java.lang.Object) at line 6" source="/TestUniquenessSanityChecks/src/borrowed/TestBadArgs.java.html" line="6" baseImage="plus.gif" flags="0" />
    </result>
    <result msg="Borrowed(p) on borrowed.TestBadArgs.method2(java.lang.Object) at TestBadArgs.java line 7" source="/TestUniquenessSanityChecks/src/borrowed/TestBadArgs.java.html" line="7" baseImage="annotation.gif" flags="2">
      <result msg="Control flow of method borrowed.TestBadArgs.method2(java.lang.Object) at line 7" source="/TestUniquenessSanityChecks/src/borrowed/TestBadArgs.java.html" line="7" baseImage="plus.gif" flags="0" />
    </result>
    <result msg="Borrowed(p) on borrowed.TestBadArgs.method3(java.lang.Object) at TestBadArgs.java line 8" source="/TestUniquenessSanityChecks/src/borrowed/TestBadArgs.java.html" line="8" baseImage="annotation.gif" flags="2">
      <result msg="Control flow of method borrowed.TestBadArgs.method3(java.lang.Object) at line 8" source="/TestUniquenessSanityChecks/src/borrowed/TestBadArgs.java.html" line="8" baseImage="plus.gif" flags="0" />
    </result>
    <result msg="Borrowed(p) on borrowed.TestBadArgs.method3a(java.lang.Object) at TestBadArgs.java line 14" source="/TestUniquenessSanityChecks/src/borrowed/TestBadArgs.java.html" line="14" baseImage="annotation.gif" flags="2">
      <result msg="Control flow of method borrowed.TestBadArgs.method3a(java.lang.Object) at line 14" source="/TestUniquenessSanityChecks/src/borrowed/TestBadArgs.java.html" line="14" baseImage="plus.gif" flags="0" />
    </result>
    <result msg="Borrowed(p) on conflicts.Test.method2_good(java.lang.Object) at Test.java line 10" source="/TestUniquenessSanityChecks/src/conflicts/Test.java.html" line="10" baseImage="annotation.gif" flags="2">
      <result msg="Control flow of method conflicts.Test.method2_good(java.lang.Object) at line 10" source="/TestUniquenessSanityChecks/src/conflicts/Test.java.html" line="10" baseImage="plus.gif" flags="0" />
    </result>
    <result msg="Borrowed(p) on conflicts.Test.method6_good(java.lang.Object) at Test.java line 14" source="/TestUniquenessSanityChecks/src/conflicts/Test.java.html" line="14" baseImage="annotation.gif" flags="2">
      <result msg="Control flow of method conflicts.Test.method6_good(java.lang.Object) at line 14" source="/TestUniquenessSanityChecks/src/conflicts/Test.java.html" line="14" baseImage="plus.gif" flags="0" />
    </result>
    <result msg="Borrowed(p) on nonReference.Test.goodBorrowed(nonReference.Test) at Test.java line 52" source="/TestUniquenessSanityChecks/src/nonReference/Test.java.html" line="52" baseImage="annotation.gif" flags="2">
      <result msg="Control flow of method nonReference.Test.goodBorrowed(nonReference.Test) at line 52" source="/TestUniquenessSanityChecks/src/nonReference/Test.java.html" line="52" baseImage="plus.gif" flags="0" />
    </result>
    <result msg="Borrowed(this) on borrowed.BorrowedStaticMethod.foo() at BorrowedStaticMethod.java line 6" source="/TestUniquenessSanityChecks/src/borrowed/BorrowedStaticMethod.java.html" line="6" baseImage="annotation.gif" flags="2">
      <result msg="Control flow of method borrowed.BorrowedStaticMethod.foo() at line 6" source="/TestUniquenessSanityChecks/src/borrowed/BorrowedStaticMethod.java.html" line="6" baseImage="plus.gif" flags="0" />
    </result>
    <result msg="Borrowed(this) on borrowed.TestBadArgs.Constructor4.Constructor4() at TestBadArgs.java line 82" source="/TestUniquenessSanityChecks/src/borrowed/TestBadArgs.java.html" line="82" baseImage="annotation.gif" flags="2">
      <result msg="Control flow of constructor borrowed.TestBadArgs.Constructor4.Constructor4() at line 82" source="/TestUniquenessSanityChecks/src/borrowed/TestBadArgs.java.html" line="82" baseImage="plus.gif" flags="0" />
      <result msg="Unique return value of call super at line 83" source="/TestUniquenessSanityChecks/src/borrowed/TestBadArgs.java.html" line="83" baseImage="plus.gif" flags="2">
        <result msg="1 prerequisite assertion:" baseImage="choice_item.gif" flags="2">
          <result msg="Unique(return) on java.lang.Object.Object() at java.lang.Object" baseImage="annotation.gif" flags="2" />
        </result>
      </result>
    </result>
    <result msg="Borrowed(this) on borrowed.TestBadArgs.Constructor4a.Constructor4a() at TestBadArgs.java line 112" source="/TestUniquenessSanityChecks/src/borrowed/TestBadArgs.java.html" line="112" baseImage="annotation.gif" flags="2">
      <result msg="Control flow of constructor borrowed.TestBadArgs.Constructor4a.Constructor4a() at line 112" source="/TestUniquenessSanityChecks/src/borrowed/TestBadArgs.java.html" line="112" baseImage="plus.gif" flags="0" />
      <result msg="Unique return value of call super at line 113" source="/TestUniquenessSanityChecks/src/borrowed/TestBadArgs.java.html" line="113" baseImage="plus.gif" flags="2">
        <result msg="1 prerequisite assertion:" baseImage="choice_item.gif" flags="2">
          <result msg="Unique(return) on java.lang.Object.Object() at java.lang.Object" baseImage="annotation.gif" flags="2" />
        </result>
      </result>
    </result>
    <result msg="Borrowed(this) on borrowed.TestBadArgs.annotatedMethod4() at TestBadArgs.java line 31" source="/TestUniquenessSanityChecks/src/borrowed/TestBadArgs.java.html" line="31" baseImage="annotation.gif" flags="2">
      <result msg="Control flow of method borrowed.TestBadArgs.annotatedMethod4() at line 31" source="/TestUniquenessSanityChecks/src/borrowed/TestBadArgs.java.html" line="31" baseImage="plus.gif" flags="0" />
    </result>
    <result msg="Borrowed(this) on borrowed.TestBadArgs.annotatedMethod4a() at TestBadArgs.java line 49" source="/TestUniquenessSanityChecks/src/borrowed/TestBadArgs.java.html" line="49" baseImage="annotation.gif" flags="2">
      <result msg="Control flow of method borrowed.TestBadArgs.annotatedMethod4a() at line 49" source="/TestUniquenessSanityChecks/src/borrowed/TestBadArgs.java.html" line="49" baseImage="plus.gif" flags="0" />
    </result>
    <result msg="Borrowed(this) on conflicts.Test.xxx2_good() at Test.java line 24" source="/TestUniquenessSanityChecks/src/conflicts/Test.java.html" line="24" baseImage="annotation.gif" flags="2">
      <result msg="Control flow of method conflicts.Test.xxx2_good() at line 24" source="/TestUniquenessSanityChecks/src/conflicts/Test.java.html" line="24" baseImage="plus.gif" flags="0" />
    </result>
    <result msg="Borrowed(this) on conflicts.Test.xxx6_good() at Test.java line 38" source="/TestUniquenessSanityChecks/src/conflicts/Test.java.html" line="38" baseImage="annotation.gif" flags="2">
      <result msg="Control flow of method conflicts.Test.xxx6_good() at line 38" source="/TestUniquenessSanityChecks/src/conflicts/Test.java.html" line="38" baseImage="plus.gif" flags="0" />
    </result>
    <result msg="Borrowed(this) on nonReference.Test.goodBorrowedReceiver() at Test.java line 45" source="/TestUniquenessSanityChecks/src/nonReference/Test.java.html" line="45" baseImage="annotation.gif" flags="2">
      <result msg="Control flow of method nonReference.Test.goodBorrowedReceiver() at line 45" source="/TestUniquenessSanityChecks/src/nonReference/Test.java.html" line="45" baseImage="plus.gif" flags="0" />
    </result>
    <result msg="NotUnique on conflicts.Test(ParameterDeclaration) at Test.java line 11" source="/TestUniquenessSanityChecks/src/conflicts/Test.java.html" line="11" baseImage="annotation.gif" flags="26" reddots="1" />
    <result msg="NotUnique on conflicts.Test(ParameterDeclaration) at Test.java line 14" source="/TestUniquenessSanityChecks/src/conflicts/Test.java.html" line="14" baseImage="annotation.gif" flags="26" reddots="1" />
    <result msg="NotUnique on conflicts.Test(ReceiverDeclaration) at Test.java line 27" source="/TestUniquenessSanityChecks/src/conflicts/Test.java.html" line="27" baseImage="annotation.gif" flags="26" reddots="1" />
    <result msg="NotUnique on conflicts.Test(ReceiverDeclaration) at Test.java line 39" source="/TestUniquenessSanityChecks/src/conflicts/Test.java.html" line="39" baseImage="annotation.gif" flags="26" reddots="1" />
    <result msg="NotUnique on nonReference.Test(ParameterDeclaration) at Test.java line 69" source="/TestUniquenessSanityChecks/src/nonReference/Test.java.html" line="69" baseImage="annotation.gif" flags="26" reddots="1" />
    <result msg="NotUnique on nonReference.Test(ReceiverDeclaration) at Test.java line 62" source="/TestUniquenessSanityChecks/src/nonReference/Test.java.html" line="62" baseImage="annotation.gif" flags="26" reddots="1" />
    <result msg="Unique on good at Test.java line 11" source="/TestUniquenessSanityChecks/src/nonReference/Test.java.html" line="11" baseImage="annotation.gif" flags="2">
      <result msg="Assurance conservatively depends on the unique fields accessed in method nonReference.Test.Test() at line 8" source="/TestUniquenessSanityChecks/src/nonReference/Test.java.html" line="8" baseImage="plus.gif" flags="2">
        <result msg="1 prerequisite assertion:" baseImage="choice_item.gif" flags="2">
          <result msg="Unique on good at Test.java line 11 -- BACKEDGE" source="/TestUniquenessSanityChecks/src/nonReference/Test.java.html" line="11" baseImage="annotation.gif" flags="2" />
        </result>
      </result>
      <result msg="Control flow of constructor nonReference.Test.Test() at line 8" source="/TestUniquenessSanityChecks/src/nonReference/Test.java.html" line="8" baseImage="plus.gif" flags="0" />
      <result msg="Effects of call super at line 8" source="/TestUniquenessSanityChecks/src/nonReference/Test.java.html" line="8" baseImage="plus.gif" flags="2">
        <result msg="1 prerequisite assertion:" baseImage="choice_item.gif" flags="2">
          <result msg="No effects on java.lang.Object.Object() at java.lang.Object" baseImage="annotation.gif" flags="2" />
        </result>
      </result>
      <result msg="Unique return value of call super at line 8" source="/TestUniquenessSanityChecks/src/nonReference/Test.java.html" line="8" baseImage="plus.gif" flags="2">
        <result msg="1 prerequisite assertion:" baseImage="choice_item.gif" flags="2">
          <result msg="Unique(return) on java.lang.Object.Object() at java.lang.Object" baseImage="annotation.gif" flags="2" />
        </result>
      </result>
    </result>
    <result msg="Unique on uniqueField1 at TestBadArgs.java line 8" source="/TestUniquenessSanityChecks/src/unique/TestBadArgs.java.html" line="8" baseImage="annotation.gif" flags="2">
      <result msg="Assurance conservatively depends on the unique fields accessed in method unique.TestBadArgs.TestBadArgs() at line 8" source="/TestUniquenessSanityChecks/src/unique/TestBadArgs.java.html" line="8" baseImage="plus.gif" flags="2">
        <result msg="4 prerequisite assertions:" baseImage="choice_item.gif" flags="2">
          <result msg="Unique on uniqueField1 at TestBadArgs.java line 8 -- BACKEDGE" source="/TestUniquenessSanityChecks/src/unique/TestBadArgs.java.html" line="8" baseImage="annotation.gif" flags="2" />
          <result msg="Unique on uniqueField2 at TestBadArgs.java line 11" source="/TestUniquenessSanityChecks/src/unique/TestBadArgs.java.html" line="11" baseImage="annotation.gif" flags="2">
            <result msg="Assurance conservatively depends on the unique fields accessed in method unique.TestBadArgs.TestBadArgs() at line 8 -- BACKEDGE" source="/TestUniquenessSanityChecks/src/unique/TestBadArgs.java.html" line="8" baseImage="plus.gif" flags="2" />
            <result msg="Control flow of constructor unique.TestBadArgs.TestBadArgs() at line 8" source="/TestUniquenessSanityChecks/src/unique/TestBadArgs.java.html" line="8" baseImage="plus.gif" flags="0" />
            <result msg="Effects of call super at line 8" source="/TestUniquenessSanityChecks/src/unique/TestBadArgs.java.html" line="8" baseImage="plus.gif" flags="2">
              <result msg="1 prerequisite assertion:" baseImage="choice_item.gif" flags="2">
                <result msg="No effects on java.lang.Object.Object() at java.lang.Object" baseImage="annotation.gif" flags="2" />
              </result>
            </result>
            <result msg="Unique return value of call super at line 8" source="/TestUniquenessSanityChecks/src/unique/TestBadArgs.java.html" line="8" baseImage="plus.gif" flags="2">
              <result msg="1 prerequisite assertion:" baseImage="choice_item.gif" flags="2">
                <result msg="Unique(return) on java.lang.Object.Object() at java.lang.Object" baseImage="annotation.gif" flags="2" />
              </result>
            </result>
          </result>
          <result msg="Unique on uniqueField3 at TestBadArgs.java line 14" source="/TestUniquenessSanityChecks/src/unique/TestBadArgs.java.html" line="14" baseImage="annotation.gif" flags="2">
            <result msg="Assurance conservatively depends on the unique fields accessed in method unique.TestBadArgs.TestBadArgs() at line 8 -- BACKEDGE" source="/TestUniquenessSanityChecks/src/unique/TestBadArgs.java.html" line="8" baseImage="plus.gif" flags="2" />
            <result msg="Control flow of constructor unique.TestBadArgs.TestBadArgs() at line 8" source="/TestUniquenessSanityChecks/src/unique/TestBadArgs.java.html" line="8" baseImage="plus.gif" flags="0" />
            <result msg="Effects of call super at line 8" source="/TestUniquenessSanityChecks/src/unique/TestBadArgs.java.html" line="8" baseImage="plus.gif" flags="2">
              <result msg="1 prerequisite assertion:" baseImage="choice_item.gif" flags="2">
                <result msg="No effects on java.lang.Object.Object() at java.lang.Object" baseImage="annotation.gif" flags="2" />
              </result>
            </result>
            <result msg="Unique return value of call super at line 8" source="/TestUniquenessSanityChecks/src/unique/TestBadArgs.java.html" line="8" baseImage="plus.gif" flags="2">
              <result msg="1 prerequisite assertion:" baseImage="choice_item.gif" flags="2">
                <result msg="Unique(return) on java.lang.Object.Object() at java.lang.Object" baseImage="annotation.gif" flags="2" />
              </result>
            </result>
          </result>
          <result msg="Unique on uniqueField3a at TestBadArgs.java line 32" source="/TestUniquenessSanityChecks/src/unique/TestBadArgs.java.html" line="32" baseImage="annotation.gif" flags="2">
            <result msg="Assurance conservatively depends on the unique fields accessed in method unique.TestBadArgs.TestBadArgs() at line 8 -- BACKEDGE" source="/TestUniquenessSanityChecks/src/unique/TestBadArgs.java.html" line="8" baseImage="plus.gif" flags="2" />
            <result msg="Control flow of constructor unique.TestBadArgs.TestBadArgs() at line 8" source="/TestUniquenessSanityChecks/src/unique/TestBadArgs.java.html" line="8" baseImage="plus.gif" flags="0" />
            <result msg="Effects of call super at line 8" source="/TestUniquenessSanityChecks/src/unique/TestBadArgs.java.html" line="8" baseImage="plus.gif" flags="2">
              <result msg="1 prerequisite assertion:" baseImage="choice_item.gif" flags="2">
                <result msg="No effects on java.lang.Object.Object() at java.lang.Object" baseImage="annotation.gif" flags="2" />
              </result>
            </result>
            <result msg="Unique return value of call super at line 8" source="/TestUniquenessSanityChecks/src/unique/TestBadArgs.java.html" line="8" baseImage="plus.gif" flags="2">
              <result msg="1 prerequisite assertion:" baseImage="choice_item.gif" flags="2">
                <result msg="Unique(return) on java.lang.Object.Object() at java.lang.Object" baseImage="annotation.gif" flags="2" />
              </result>
            </result>
          </result>
        </result>
      </result>
      <result msg="Control flow of constructor unique.TestBadArgs.TestBadArgs() at line 8" source="/TestUniquenessSanityChecks/src/unique/TestBadArgs.java.html" line="8" baseImage="plus.gif" flags="0" />
      <result msg="Effects of call super at line 8" source="/TestUniquenessSanityChecks/src/unique/TestBadArgs.java.html" line="8" baseImage="plus.gif" flags="2">
        <result msg="1 prerequisite assertion:" baseImage="choice_item.gif" flags="2">
          <result msg="No effects on java.lang.Object.Object() at java.lang.Object" baseImage="annotation.gif" flags="2" />
        </result>
      </result>
      <result msg="Unique return value of call super at line 8" source="/TestUniquenessSanityChecks/src/unique/TestBadArgs.java.html" line="8" baseImage="plus.gif" flags="2">
        <result msg="1 prerequisite assertion:" baseImage="choice_item.gif" flags="2">
          <result msg="Unique(return) on java.lang.Object.Object() at java.lang.Object" baseImage="annotation.gif" flags="2" />
        </result>
      </result>
    </result>
    <result msg="Unique on uniqueField2 at TestBadArgs.java line 11" source="/TestUniquenessSanityChecks/src/unique/TestBadArgs.java.html" line="11" baseImage="annotation.gif" flags="2">
      <result msg="Assurance conservatively depends on the unique fields accessed in method unique.TestBadArgs.TestBadArgs() at line 8 -- BACKEDGE" source="/TestUniquenessSanityChecks/src/unique/TestBadArgs.java.html" line="8" baseImage="plus.gif" flags="2" />
      <result msg="Control flow of constructor unique.TestBadArgs.TestBadArgs() at line 8" source="/TestUniquenessSanityChecks/src/unique/TestBadArgs.java.html" line="8" baseImage="plus.gif" flags="0" />
      <result msg="Effects of call super at line 8" source="/TestUniquenessSanityChecks/src/unique/TestBadArgs.java.html" line="8" baseImage="plus.gif" flags="2">
        <result msg="1 prerequisite assertion:" baseImage="choice_item.gif" flags="2">
          <result msg="No effects on java.lang.Object.Object() at java.lang.Object" baseImage="annotation.gif" flags="2" />
        </result>
      </result>
      <result msg="Unique return value of call super at line 8" source="/TestUniquenessSanityChecks/src/unique/TestBadArgs.java.html" line="8" baseImage="plus.gif" flags="2">
        <result msg="1 prerequisite assertion:" baseImage="choice_item.gif" flags="2">
          <result msg="Unique(return) on java.lang.Object.Object() at java.lang.Object" baseImage="annotation.gif" flags="2" />
        </result>
      </result>
    </result>
    <result msg="Unique on uniqueField3 at TestBadArgs.java line 14" source="/TestUniquenessSanityChecks/src/unique/TestBadArgs.java.html" line="14" baseImage="annotation.gif" flags="2">
      <result msg="Assurance conservatively depends on the unique fields accessed in method unique.TestBadArgs.TestBadArgs() at line 8 -- BACKEDGE" source="/TestUniquenessSanityChecks/src/unique/TestBadArgs.java.html" line="8" baseImage="plus.gif" flags="2" />
      <result msg="Control flow of constructor unique.TestBadArgs.TestBadArgs() at line 8" source="/TestUniquenessSanityChecks/src/unique/TestBadArgs.java.html" line="8" baseImage="plus.gif" flags="0" />
      <result msg="Effects of call super at line 8" source="/TestUniquenessSanityChecks/src/unique/TestBadArgs.java.html" line="8" baseImage="plus.gif" flags="2">
        <result msg="1 prerequisite assertion:" baseImage="choice_item.gif" flags="2">
          <result msg="No effects on java.lang.Object.Object() at java.lang.Object" baseImage="annotation.gif" flags="2" />
        </result>
      </result>
      <result msg="Unique return value of call super at line 8" source="/TestUniquenessSanityChecks/src/unique/TestBadArgs.java.html" line="8" baseImage="plus.gif" flags="2">
        <result msg="1 prerequisite assertion:" baseImage="choice_item.gif" flags="2">
          <result msg="Unique(return) on java.lang.Object.Object() at java.lang.Object" baseImage="annotation.gif" flags="2" />
        </result>
      </result>
    </result>
    <result msg="Unique on uniqueField3a at TestBadArgs.java line 32" source="/TestUniquenessSanityChecks/src/unique/TestBadArgs.java.html" line="32" baseImage="annotation.gif" flags="2">
      <result msg="Assurance conservatively depends on the unique fields accessed in method unique.TestBadArgs.TestBadArgs() at line 8 -- BACKEDGE" source="/TestUniquenessSanityChecks/src/unique/TestBadArgs.java.html" line="8" baseImage="plus.gif" flags="2" />
      <result msg="Control flow of constructor unique.TestBadArgs.TestBadArgs() at line 8" source="/TestUniquenessSanityChecks/src/unique/TestBadArgs.java.html" line="8" baseImage="plus.gif" flags="0" />
      <result msg="Effects of call super at line 8" source="/TestUniquenessSanityChecks/src/unique/TestBadArgs.java.html" line="8" baseImage="plus.gif" flags="2">
        <result msg="1 prerequisite assertion:" baseImage="choice_item.gif" flags="2">
          <result msg="No effects on java.lang.Object.Object() at java.lang.Object" baseImage="annotation.gif" flags="2" />
        </result>
      </result>
      <result msg="Unique return value of call super at line 8" source="/TestUniquenessSanityChecks/src/unique/TestBadArgs.java.html" line="8" baseImage="plus.gif" flags="2">
        <result msg="1 prerequisite assertion:" baseImage="choice_item.gif" flags="2">
          <result msg="Unique(return) on java.lang.Object.Object() at java.lang.Object" baseImage="annotation.gif" flags="2" />
        </result>
      </result>
    </result>
    <result msg="Unique(p) on conflicts.Test.method1_good(java.lang.Object) at Test.java line 9" source="/TestUniquenessSanityChecks/src/conflicts/Test.java.html" line="9" baseImage="annotation.gif" flags="2">
      <result msg="Control flow of method conflicts.Test.method1_good(java.lang.Object) at line 9" source="/TestUniquenessSanityChecks/src/conflicts/Test.java.html" line="9" baseImage="plus.gif" flags="0" />
    </result>
    <result msg="Unique(p) on nonReference.Test.goodUnique(nonReference.Test) at Test.java line 35" source="/TestUniquenessSanityChecks/src/nonReference/Test.java.html" line="35" baseImage="annotation.gif" flags="2">
      <result msg="Control flow of method nonReference.Test.goodUnique(nonReference.Test) at line 35" source="/TestUniquenessSanityChecks/src/nonReference/Test.java.html" line="35" baseImage="plus.gif" flags="0" />
    </result>
    <result msg="Unique(p) on unique.TestBadArgs.method1(java.lang.Object) at TestBadArgs.java line 53" source="/TestUniquenessSanityChecks/src/unique/TestBadArgs.java.html" line="53" baseImage="annotation.gif" flags="2">
      <result msg="Control flow of method unique.TestBadArgs.method1(java.lang.Object) at line 53" source="/TestUniquenessSanityChecks/src/unique/TestBadArgs.java.html" line="53" baseImage="plus.gif" flags="0" />
    </result>
    <result msg="Unique(p) on unique.TestBadArgs.method2(java.lang.Object) at TestBadArgs.java line 55" source="/TestUniquenessSanityChecks/src/unique/TestBadArgs.java.html" line="55" baseImage="annotation.gif" flags="2">
      <result msg="Control flow of method unique.TestBadArgs.method2(java.lang.Object) at line 55" source="/TestUniquenessSanityChecks/src/unique/TestBadArgs.java.html" line="55" baseImage="plus.gif" flags="0" />
    </result>
    <result msg="Unique(p) on unique.TestBadArgs.method3(java.lang.Object) at TestBadArgs.java line 57" source="/TestUniquenessSanityChecks/src/unique/TestBadArgs.java.html" line="57" baseImage="annotation.gif" flags="2">
      <result msg="Control flow of method unique.TestBadArgs.method3(java.lang.Object) at line 57" source="/TestUniquenessSanityChecks/src/unique/TestBadArgs.java.html" line="57" baseImage="plus.gif" flags="0" />
    </result>
    <result msg="Unique(p) on unique.TestBadArgs.method3a(java.lang.Object) at TestBadArgs.java line 69" source="/TestUniquenessSanityChecks/src/unique/TestBadArgs.java.html" line="69" baseImage="annotation.gif" flags="2">
      <result msg="Control flow of method unique.TestBadArgs.method3a(java.lang.Object) at line 69" source="/TestUniquenessSanityChecks/src/unique/TestBadArgs.java.html" line="69" baseImage="plus.gif" flags="0" />
    </result>
    <result msg="Unique(return) on nonReference.Test.goodReturn() at Test.java line 21" source="/TestUniquenessSanityChecks/src/nonReference/Test.java.html" line="21" baseImage="annotation.gif" flags="2">
      <result msg="Control flow of method nonReference.Test.goodReturn() at line 21" source="/TestUniquenessSanityChecks/src/nonReference/Test.java.html" line="21" baseImage="plus.gif" flags="0" />
    </result>
    <result msg="Unique(this) on conflicts.Test.xxx1_good() at Test.java line 21" source="/TestUniquenessSanityChecks/src/conflicts/Test.java.html" line="21" baseImage="annotation.gif" flags="2">
      <result msg="Control flow of method conflicts.Test.xxx1_good() at line 21" source="/TestUniquenessSanityChecks/src/conflicts/Test.java.html" line="21" baseImage="plus.gif" flags="0" />
    </result>
    <result msg="Unique(this) on nonReference.Test.goodUniqueReceiver() at Test.java line 28" source="/TestUniquenessSanityChecks/src/nonReference/Test.java.html" line="28" baseImage="annotation.gif" flags="2">
      <result msg="Control flow of method nonReference.Test.goodUniqueReceiver() at line 28" source="/TestUniquenessSanityChecks/src/nonReference/Test.java.html" line="28" baseImage="plus.gif" flags="0" />
    </result>
    <result msg="Unique(this) on unique.TestBadArgs.annotatedMethod4() at TestBadArgs.java line 94" source="/TestUniquenessSanityChecks/src/unique/TestBadArgs.java.html" line="94" baseImage="annotation.gif" flags="2">
      <result msg="Control flow of method unique.TestBadArgs.annotatedMethod4() at line 94" source="/TestUniquenessSanityChecks/src/unique/TestBadArgs.java.html" line="94" baseImage="plus.gif" flags="0" />
    </result>
    <result msg="Unique(this) on unique.TestBadArgs.annotatedMethod4a() at TestBadArgs.java line 112" source="/TestUniquenessSanityChecks/src/unique/TestBadArgs.java.html" line="112" baseImage="annotation.gif" flags="2">
      <result msg="Control flow of method unique.TestBadArgs.annotatedMethod4a() at line 112" source="/TestUniquenessSanityChecks/src/unique/TestBadArgs.java.html" line="112" baseImage="plus.gif" flags="0" />
    </result>
    <result msg="Unique(this) on unique.TestBadArgs.annotatedMethod6() at TestBadArgs.java line 100" source="/TestUniquenessSanityChecks/src/unique/TestBadArgs.java.html" line="100" baseImage="annotation.gif" flags="2">
      <result msg="Control flow of method unique.TestBadArgs.annotatedMethod6() at line 100" source="/TestUniquenessSanityChecks/src/unique/TestBadArgs.java.html" line="100" baseImage="plus.gif" flags="0" />
    </result>
    <result msg="Unique(this) on unique.TestBadArgs.annotatedMethod6a() at TestBadArgs.java line 118" source="/TestUniquenessSanityChecks/src/unique/TestBadArgs.java.html" line="118" baseImage="annotation.gif" flags="2">
      <result msg="Control flow of method unique.TestBadArgs.annotatedMethod6a() at line 118" source="/TestUniquenessSanityChecks/src/unique/TestBadArgs.java.html" line="118" baseImage="plus.gif" flags="0" />
    </result>
    <result msg="Unique(this) on unique.TestBadArgs.annotatedMethod7() at TestBadArgs.java line 103" source="/TestUniquenessSanityChecks/src/unique/TestBadArgs.java.html" line="103" baseImage="annotation.gif" flags="2">
      <result msg="Control flow of method unique.TestBadArgs.annotatedMethod7() at line 103" source="/TestUniquenessSanityChecks/src/unique/TestBadArgs.java.html" line="103" baseImage="plus.gif" flags="0" />
    </result>
    <result msg="Unique(this) on unique.TestBadArgs.annotatedMethod7a() at TestBadArgs.java line 121" source="/TestUniquenessSanityChecks/src/unique/TestBadArgs.java.html" line="121" baseImage="annotation.gif" flags="2">
      <result msg="Control flow of method unique.TestBadArgs.annotatedMethod7a() at line 121" source="/TestUniquenessSanityChecks/src/unique/TestBadArgs.java.html" line="121" baseImage="plus.gif" flags="0" />
    </result>
  </result>
</root>