<root msg="Assurance Results">
  <result msg="Concurrency (6 issues)" baseImage="tallyho.gif" flags="12" reddots="1">
    <result msg="RegionLock java.lang.Object.MUTEX is this protects WaitQueue  on  Object  at  java.lang.Object" baseImage="promise.gif" flags="26" reddots="1">
      <result msg="5 lock precondition(s)" baseImage="folder.gif" flags="2">
        <result msg="requiresLock RequiresLock MUTEX  on  java.lang.Object.notify()  at  java.lang.Object" baseImage="promise.gif" flags="2" />
        <result msg="requiresLock RequiresLock MUTEX  on  java.lang.Object.notifyAll()  at  java.lang.Object" baseImage="promise.gif" flags="2" />
        <result msg="requiresLock RequiresLock MUTEX  on  java.lang.Object.wait()  at  java.lang.Object" baseImage="promise.gif" flags="2" />
        <result msg="requiresLock RequiresLock MUTEX  on  java.lang.Object.wait(long)  at  java.lang.Object" baseImage="promise.gif" flags="2" />
        <result msg="requiresLock RequiresLock MUTEX  on  java.lang.Object.wait(long,int)  at  java.lang.Object" baseImage="promise.gif" flags="2" />
      </result>
      <result msg="region  public  java.lang.Object.WaitQueue on (unknown)  at  java.lang.Object" baseImage="promise.gif" flags="0" />
    </result>
    <result msg="RegionLock test_final_exprs.TestInstanceFieldRefs.InstanceLock is this protects InstanceRegion  on  TestInstanceFieldRefs  at  TestInstanceFieldRefs.java line 8" source="/TestFinalExpressions_JavaDoc/test_final_exprs/TestInstanceFieldRefs.java.html" line="8" baseImage="promise.gif" flags="4">
      <result msg="8 unprotected field access(es); possible race condition detected" baseImage="folder.gif" flags="4">
        <result msg="test_final_exprs (8 issues)" baseImage="package.gif" flags="4">
          <result msg="test_final_exprs.TestInstanceFieldRefs (8 issues)" baseImage="class.gif" flags="4">
            <result msg="Lock &quot;&lt;p&gt;:InstanceLock&quot; not held when accessing p.protectedField  at  TestInstanceFieldRefs.java line 136" source="/TestFinalExpressions_JavaDoc/test_final_exprs/TestInstanceFieldRefs.java.html" line="136" baseImage="redx.gif" flags="0">
              <result msg="supporting information: Intrinsic lock &quot;&lt;p.protectedField&gt;:MUTEX&quot; is held  at  TestInstanceFieldRefs.java line 136" source="/TestFinalExpressions_JavaDoc/test_final_exprs/TestInstanceFieldRefs.java.html" line="136" baseImage="info.gif" flags="0" />
            </result>
            <result msg="Lock &quot;&lt;p&gt;:InstanceLock&quot; not held when accessing p.protectedField  at  TestInstanceFieldRefs.java line 150" source="/TestFinalExpressions_JavaDoc/test_final_exprs/TestInstanceFieldRefs.java.html" line="150" baseImage="redx.gif" flags="0">
              <result msg="supporting information: Intrinsic lock &quot;&lt;p.protectedField&gt;:MUTEX&quot; is held  at  TestInstanceFieldRefs.java line 150" source="/TestFinalExpressions_JavaDoc/test_final_exprs/TestInstanceFieldRefs.java.html" line="150" baseImage="info.gif" flags="0" />
            </result>
            <result msg="Lock &quot;&lt;p&gt;:InstanceLock&quot; not held when accessing p.protectedField  at  TestInstanceFieldRefs.java line 241" source="/TestFinalExpressions_JavaDoc/test_final_exprs/TestInstanceFieldRefs.java.html" line="241" baseImage="redx.gif" flags="0" />
            <result msg="Lock &quot;&lt;p&gt;:InstanceLock&quot; not held when accessing p.protectedField  at  TestInstanceFieldRefs.java line 254" source="/TestFinalExpressions_JavaDoc/test_final_exprs/TestInstanceFieldRefs.java.html" line="254" baseImage="redx.gif" flags="0" />
            <result msg="Lock &quot;&lt;this&gt;:InstanceLock&quot; not held when accessing this.protectedField  at  TestInstanceFieldRefs.java line 112" source="/TestFinalExpressions_JavaDoc/test_final_exprs/TestInstanceFieldRefs.java.html" line="112" baseImage="redx.gif" flags="0">
              <result msg="supporting information: Intrinsic lock &quot;&lt;this.protectedField&gt;:MUTEX&quot; is held  at  TestInstanceFieldRefs.java line 112" source="/TestFinalExpressions_JavaDoc/test_final_exprs/TestInstanceFieldRefs.java.html" line="112" baseImage="info.gif" flags="0" />
            </result>
            <result msg="Lock &quot;&lt;this&gt;:InstanceLock&quot; not held when accessing this.protectedField  at  TestInstanceFieldRefs.java line 124" source="/TestFinalExpressions_JavaDoc/test_final_exprs/TestInstanceFieldRefs.java.html" line="124" baseImage="redx.gif" flags="0">
              <result msg="supporting information: Intrinsic lock &quot;&lt;this.protectedField&gt;:MUTEX&quot; is held  at  TestInstanceFieldRefs.java line 124" source="/TestFinalExpressions_JavaDoc/test_final_exprs/TestInstanceFieldRefs.java.html" line="124" baseImage="info.gif" flags="0" />
            </result>
            <result msg="Lock &quot;&lt;this&gt;:InstanceLock&quot; not held when accessing this.protectedField  at  TestInstanceFieldRefs.java line 219" source="/TestFinalExpressions_JavaDoc/test_final_exprs/TestInstanceFieldRefs.java.html" line="219" baseImage="redx.gif" flags="0" />
            <result msg="Lock &quot;&lt;this&gt;:InstanceLock&quot; not held when accessing this.protectedField  at  TestInstanceFieldRefs.java line 230" source="/TestFinalExpressions_JavaDoc/test_final_exprs/TestInstanceFieldRefs.java.html" line="230" baseImage="redx.gif" flags="0" />
          </result>
        </result>
      </result>
      <result msg="9 protected field access(es)" baseImage="folder.gif" flags="2">
        <result msg="test_final_exprs (9 issues)" baseImage="package.gif" flags="2">
          <result msg="test_final_exprs.TestInstanceFieldRefs (9 issues)" baseImage="class.gif" flags="2">
            <result msg="Lock &quot;&lt;p&gt;:InstanceLock&quot; held when accessing p.protectedField  at  TestInstanceFieldRefs.java line 189" source="/TestFinalExpressions_JavaDoc/test_final_exprs/TestInstanceFieldRefs.java.html" line="189" baseImage="plus.gif" flags="0">
              <result msg="supporting information:" baseImage="folder.gif" flags="0">
                <result msg="Intrinsic lock &quot;&lt;p.protectedField&gt;:MUTEX&quot; is held  at  TestInstanceFieldRefs.java line 189" source="/TestFinalExpressions_JavaDoc/test_final_exprs/TestInstanceFieldRefs.java.html" line="189" baseImage="info.gif" flags="0" />
                <result msg="Intrinsic lock &quot;&lt;p&gt;:InstanceLock&quot; is held  at  TestInstanceFieldRefs.java line 183" source="/TestFinalExpressions_JavaDoc/test_final_exprs/TestInstanceFieldRefs.java.html" line="183" baseImage="info.gif" flags="0" />
                <result msg="Intrinsic lock &quot;&lt;p&gt;:MUTEX&quot; is held  at  TestInstanceFieldRefs.java line 183" source="/TestFinalExpressions_JavaDoc/test_final_exprs/TestInstanceFieldRefs.java.html" line="183" baseImage="info.gif" flags="0" />
              </result>
            </result>
            <result msg="Lock &quot;&lt;p&gt;:InstanceLock&quot; held when accessing p.protectedField  at  TestInstanceFieldRefs.java line 205" source="/TestFinalExpressions_JavaDoc/test_final_exprs/TestInstanceFieldRefs.java.html" line="205" baseImage="plus.gif" flags="0">
              <result msg="supporting information:" baseImage="folder.gif" flags="0">
                <result msg="Intrinsic lock &quot;&lt;p.protectedField&gt;:MUTEX&quot; is held  at  TestInstanceFieldRefs.java line 205" source="/TestFinalExpressions_JavaDoc/test_final_exprs/TestInstanceFieldRefs.java.html" line="205" baseImage="info.gif" flags="0" />
                <result msg="Intrinsic lock &quot;&lt;p&gt;:InstanceLock&quot; is held  at  TestInstanceFieldRefs.java line 197" source="/TestFinalExpressions_JavaDoc/test_final_exprs/TestInstanceFieldRefs.java.html" line="197" baseImage="info.gif" flags="0" />
                <result msg="Intrinsic lock &quot;&lt;p&gt;:MUTEX&quot; is held  at  TestInstanceFieldRefs.java line 197" source="/TestFinalExpressions_JavaDoc/test_final_exprs/TestInstanceFieldRefs.java.html" line="197" baseImage="info.gif" flags="0" />
              </result>
            </result>
            <result msg="Lock &quot;&lt;p&gt;:InstanceLock&quot; held when accessing p.protectedField  at  TestInstanceFieldRefs.java line 290" source="/TestFinalExpressions_JavaDoc/test_final_exprs/TestInstanceFieldRefs.java.html" line="290" baseImage="plus.gif" flags="0">
              <result msg="supporting information:" baseImage="folder.gif" flags="0">
                <result msg="Intrinsic lock &quot;&lt;p&gt;:InstanceLock&quot; is held  at  TestInstanceFieldRefs.java line 285" source="/TestFinalExpressions_JavaDoc/test_final_exprs/TestInstanceFieldRefs.java.html" line="285" baseImage="info.gif" flags="0" />
                <result msg="Intrinsic lock &quot;&lt;p&gt;:MUTEX&quot; is held  at  TestInstanceFieldRefs.java line 285" source="/TestFinalExpressions_JavaDoc/test_final_exprs/TestInstanceFieldRefs.java.html" line="285" baseImage="info.gif" flags="0" />
              </result>
            </result>
            <result msg="Lock &quot;&lt;p&gt;:InstanceLock&quot; held when accessing p.protectedField  at  TestInstanceFieldRefs.java line 305" source="/TestFinalExpressions_JavaDoc/test_final_exprs/TestInstanceFieldRefs.java.html" line="305" baseImage="plus.gif" flags="0">
              <result msg="supporting information:" baseImage="folder.gif" flags="0">
                <result msg="Intrinsic lock &quot;&lt;p&gt;:InstanceLock&quot; is held  at  TestInstanceFieldRefs.java line 298" source="/TestFinalExpressions_JavaDoc/test_final_exprs/TestInstanceFieldRefs.java.html" line="298" baseImage="info.gif" flags="0" />
                <result msg="Intrinsic lock &quot;&lt;p&gt;:MUTEX&quot; is held  at  TestInstanceFieldRefs.java line 298" source="/TestFinalExpressions_JavaDoc/test_final_exprs/TestInstanceFieldRefs.java.html" line="298" baseImage="info.gif" flags="0" />
              </result>
            </result>
            <result msg="Lock &quot;&lt;this&gt;:InstanceLock&quot; held when accessing protectedField = new java.lang.Object  at  TestInstanceFieldRefs.java line 15" source="/TestFinalExpressions_JavaDoc/test_final_exprs/TestInstanceFieldRefs.java.html" line="15" baseImage="plus.gif" flags="2">
              <result msg="1 precondition:" baseImage="choice_item.gif" flags="2">
                <result msg="singleThreaded  on  test_final_exprs.TestInstanceFieldRefs.TestInstanceFieldRefs()  at  TestInstanceFieldRefs.java line 20" source="/TestFinalExpressions_JavaDoc/test_final_exprs/TestInstanceFieldRefs.java.html" line="20" baseImage="promise.gif" flags="2">
                  <result msg="singleThreaded constructor supported  at  TestInstanceFieldRefs.java line 19" source="/TestFinalExpressions_JavaDoc/test_final_exprs/TestInstanceFieldRefs.java.html" line="19" baseImage="plus.gif" flags="2">
                    <result msg="1 precondition choice(s):" baseImage="choice.gif" flags="2">
                      <result msg="by borrowed receiver:" baseImage="choice_item.gif" flags="2">
                        <result msg="borrowed this on test_final_exprs.TestInstanceFieldRefs.TestInstanceFieldRefs()  at  TestInstanceFieldRefs.java line 21" source="/TestFinalExpressions_JavaDoc/test_final_exprs/TestInstanceFieldRefs.java.html" line="21" baseImage="promise.gif" flags="2">
                          <result msg="Borrowed parameters of call &quot;super&quot;  at  TestInstanceFieldRefs.java" source="/TestFinalExpressions_JavaDoc/test_final_exprs/TestInstanceFieldRefs.java.html" line="0" baseImage="plus.gif" flags="2">
                            <result msg="1 precondition:" baseImage="choice_item.gif" flags="2">
                              <result msg="borrowed this on java.lang.Object.Object()  at  java.lang.Object" baseImage="promise.gif" flags="2" />
                            </result>
                          </result>
                          <result msg="Conservative dependency  at  TestInstanceFieldRefs.java line 19" source="/TestFinalExpressions_JavaDoc/test_final_exprs/TestInstanceFieldRefs.java.html" line="19" baseImage="plus.gif" flags="2">
                            <result msg="1 precondition:" baseImage="choice_item.gif" flags="2">
                              <result msg="Other control flow for test_final_exprs.TestInstanceFieldRefs.TestInstanceFieldRefs()  at  TestInstanceFieldRefs.java line 19" source="/TestFinalExpressions_JavaDoc/test_final_exprs/TestInstanceFieldRefs.java.html" line="19" baseImage="promise.gif" flags="2">
                                <result msg="Method body respects uniqueness constraints  at  TestInstanceFieldRefs.java line 23" source="/TestFinalExpressions_JavaDoc/test_final_exprs/TestInstanceFieldRefs.java.html" line="23" baseImage="plus.gif" flags="0" />
                              </result>
                            </result>
                          </result>
                        </result>
                      </result>
                    </result>
                  </result>
                </result>
              </result>
              <result msg="supporting information:" baseImage="folder.gif" flags="0">
                <result msg="Analyzed on behalf of constructor &quot;test_final_exprs.TestInstanceFieldRefs.TestInstanceFieldRefs()&quot;  at  TestInstanceFieldRefs.java line 19" source="/TestFinalExpressions_JavaDoc/test_final_exprs/TestInstanceFieldRefs.java.html" line="19" baseImage="info.gif" flags="0" />
                <result msg="Intrinsic lock &quot;&lt;this&gt;:InstanceLock&quot; is held  at  TestInstanceFieldRefs.java line 19" source="/TestFinalExpressions_JavaDoc/test_final_exprs/TestInstanceFieldRefs.java.html" line="19" baseImage="info.gif" flags="0" />
              </result>
            </result>
            <result msg="Lock &quot;&lt;this&gt;:InstanceLock&quot; held when accessing this.protectedField  at  TestInstanceFieldRefs.java line 164" source="/TestFinalExpressions_JavaDoc/test_final_exprs/TestInstanceFieldRefs.java.html" line="164" baseImage="plus.gif" flags="0">
              <result msg="supporting information:" baseImage="folder.gif" flags="0">
                <result msg="Intrinsic lock &quot;&lt;this.protectedField&gt;:MUTEX&quot; is held  at  TestInstanceFieldRefs.java line 164" source="/TestFinalExpressions_JavaDoc/test_final_exprs/TestInstanceFieldRefs.java.html" line="164" baseImage="info.gif" flags="0" />
                <result msg="Intrinsic lock &quot;&lt;this&gt;:InstanceLock&quot; is held  at  TestInstanceFieldRefs.java line 158" source="/TestFinalExpressions_JavaDoc/test_final_exprs/TestInstanceFieldRefs.java.html" line="158" baseImage="info.gif" flags="0" />
                <result msg="Intrinsic lock &quot;&lt;this&gt;:MUTEX&quot; is held  at  TestInstanceFieldRefs.java line 158" source="/TestFinalExpressions_JavaDoc/test_final_exprs/TestInstanceFieldRefs.java.html" line="158" baseImage="info.gif" flags="0" />
              </result>
            </result>
            <result msg="Lock &quot;&lt;this&gt;:InstanceLock&quot; held when accessing this.protectedField  at  TestInstanceFieldRefs.java line 176" source="/TestFinalExpressions_JavaDoc/test_final_exprs/TestInstanceFieldRefs.java.html" line="176" baseImage="plus.gif" flags="0">
              <result msg="supporting information:" baseImage="folder.gif" flags="0">
                <result msg="Intrinsic lock &quot;&lt;this.protectedField&gt;:MUTEX&quot; is held  at  TestInstanceFieldRefs.java line 176" source="/TestFinalExpressions_JavaDoc/test_final_exprs/TestInstanceFieldRefs.java.html" line="176" baseImage="info.gif" flags="0" />
                <result msg="Intrinsic lock &quot;&lt;this&gt;:InstanceLock&quot; is held  at  TestInstanceFieldRefs.java line 170" source="/TestFinalExpressions_JavaDoc/test_final_exprs/TestInstanceFieldRefs.java.html" line="170" baseImage="info.gif" flags="0" />
                <result msg="Intrinsic lock &quot;&lt;this&gt;:MUTEX&quot; is held  at  TestInstanceFieldRefs.java line 170" source="/TestFinalExpressions_JavaDoc/test_final_exprs/TestInstanceFieldRefs.java.html" line="170" baseImage="info.gif" flags="0" />
              </result>
            </result>
            <result msg="Lock &quot;&lt;this&gt;:InstanceLock&quot; held when accessing this.protectedField  at  TestInstanceFieldRefs.java line 267" source="/TestFinalExpressions_JavaDoc/test_final_exprs/TestInstanceFieldRefs.java.html" line="267" baseImage="plus.gif" flags="0">
              <result msg="supporting information:" baseImage="folder.gif" flags="0">
                <result msg="Intrinsic lock &quot;&lt;this&gt;:InstanceLock&quot; is held  at  TestInstanceFieldRefs.java line 262" source="/TestFinalExpressions_JavaDoc/test_final_exprs/TestInstanceFieldRefs.java.html" line="262" baseImage="info.gif" flags="0" />
                <result msg="Intrinsic lock &quot;&lt;this&gt;:MUTEX&quot; is held  at  TestInstanceFieldRefs.java line 262" source="/TestFinalExpressions_JavaDoc/test_final_exprs/TestInstanceFieldRefs.java.html" line="262" baseImage="info.gif" flags="0" />
              </result>
            </result>
            <result msg="Lock &quot;&lt;this&gt;:InstanceLock&quot; held when accessing this.protectedField  at  TestInstanceFieldRefs.java line 278" source="/TestFinalExpressions_JavaDoc/test_final_exprs/TestInstanceFieldRefs.java.html" line="278" baseImage="plus.gif" flags="0">
              <result msg="supporting information:" baseImage="folder.gif" flags="0">
                <result msg="Intrinsic lock &quot;&lt;this&gt;:InstanceLock&quot; is held  at  TestInstanceFieldRefs.java line 273" source="/TestFinalExpressions_JavaDoc/test_final_exprs/TestInstanceFieldRefs.java.html" line="273" baseImage="info.gif" flags="0" />
                <result msg="Intrinsic lock &quot;&lt;this&gt;:MUTEX&quot; is held  at  TestInstanceFieldRefs.java line 273" source="/TestFinalExpressions_JavaDoc/test_final_exprs/TestInstanceFieldRefs.java.html" line="273" baseImage="info.gif" flags="0" />
              </result>
            </result>
          </result>
        </result>
      </result>
      <result msg="region   test_final_exprs.TestInstanceFieldRefs.InstanceRegion on (unknown)  at  TestInstanceFieldRefs.java line 7" source="/TestFinalExpressions_JavaDoc/test_final_exprs/TestInstanceFieldRefs.java.html" line="7" baseImage="promise.gif" flags="0">
        <result msg="InRegion InstanceRegion on protectedField  at  TestInstanceFieldRefs.java line 14" source="/TestFinalExpressions_JavaDoc/test_final_exprs/TestInstanceFieldRefs.java.html" line="14" baseImage="promise.gif" flags="0" />
      </result>
    </result>
    <result msg="RegionLock test_final_exprs.TestStaticFieldRefs.StaticLock is ImplicitClassLockExpression
 protects StaticRegion  on  TestStaticFieldRefs  at  TestStaticFieldRefs.java line 8" source="/TestFinalExpressions_JavaDoc/test_final_exprs/TestStaticFieldRefs.java.html" line="8" baseImage="promise.gif" flags="4">
      <result msg="3 unprotected field access(es); possible race condition detected" baseImage="folder.gif" flags="4">
        <result msg="test_final_exprs (3 issues)" baseImage="package.gif" flags="4">
          <result msg="test_final_exprs.TestStaticFieldRefs (3 issues)" baseImage="class.gif" flags="4">
            <result msg="Lock &quot;StaticLock&quot; not held when accessing test_final_exprs.TestStaticFieldRefs.staticProtectedField  at  TestStaticFieldRefs.java line 36" source="/TestFinalExpressions_JavaDoc/test_final_exprs/TestStaticFieldRefs.java.html" line="36" baseImage="redx.gif" flags="0">
              <result msg="supporting information: Intrinsic lock &quot;&lt;test_final_exprs.TestStaticFieldRefs.staticProtectedField&gt;:MUTEX&quot; is held  at  TestStaticFieldRefs.java line 36" source="/TestFinalExpressions_JavaDoc/test_final_exprs/TestStaticFieldRefs.java.html" line="36" baseImage="info.gif" flags="0" />
            </result>
            <result msg="Lock &quot;StaticLock&quot; not held when accessing test_final_exprs.TestStaticFieldRefs.staticProtectedField  at  TestStaticFieldRefs.java line 55" source="/TestFinalExpressions_JavaDoc/test_final_exprs/TestStaticFieldRefs.java.html" line="55" baseImage="redx.gif" flags="0" />
            <result msg="Lock &quot;StaticLock&quot; not held when accessing test_final_exprs.TestStaticFieldRefs.staticProtectedField  at  TestStaticFieldRefs.java line 57" source="/TestFinalExpressions_JavaDoc/test_final_exprs/TestStaticFieldRefs.java.html" line="57" baseImage="redx.gif" flags="0" />
          </result>
        </result>
      </result>
      <result msg="4 protected field access(es)" baseImage="folder.gif" flags="2">
        <result msg="test_final_exprs (4 issues)" baseImage="package.gif" flags="2">
          <result msg="test_final_exprs.TestStaticFieldRefs (4 issues)" baseImage="class.gif" flags="2">
            <result msg="Lock &quot;StaticLock&quot; held when accessing staticProtectedField = new java.lang.Object  at  TestStaticFieldRefs.java line 15" source="/TestFinalExpressions_JavaDoc/test_final_exprs/TestStaticFieldRefs.java.html" line="15" baseImage="plus.gif" flags="0">
              <result msg="supporting information: Intrinsic lock &quot;StaticLock&quot; is held  at  TestStaticFieldRefs.java line 15" source="/TestFinalExpressions_JavaDoc/test_final_exprs/TestStaticFieldRefs.java.html" line="15" baseImage="info.gif" flags="0" />
            </result>
            <result msg="Lock &quot;StaticLock&quot; held when accessing test_final_exprs.TestStaticFieldRefs.staticProtectedField  at  TestStaticFieldRefs.java line 46" source="/TestFinalExpressions_JavaDoc/test_final_exprs/TestStaticFieldRefs.java.html" line="46" baseImage="plus.gif" flags="0">
              <result msg="supporting information:" baseImage="folder.gif" flags="0">
                <result msg="Intrinsic lock &quot;&lt;test_final_exprs.TestStaticFieldRefs . class&gt;:MUTEX&quot; is held  at  TestStaticFieldRefs.java line 42" source="/TestFinalExpressions_JavaDoc/test_final_exprs/TestStaticFieldRefs.java.html" line="42" baseImage="info.gif" flags="0" />
                <result msg="Intrinsic lock &quot;&lt;test_final_exprs.TestStaticFieldRefs.staticProtectedField&gt;:MUTEX&quot; is held  at  TestStaticFieldRefs.java line 46" source="/TestFinalExpressions_JavaDoc/test_final_exprs/TestStaticFieldRefs.java.html" line="46" baseImage="info.gif" flags="0" />
                <result msg="Intrinsic lock &quot;StaticLock&quot; is held  at  TestStaticFieldRefs.java line 42" source="/TestFinalExpressions_JavaDoc/test_final_exprs/TestStaticFieldRefs.java.html" line="42" baseImage="info.gif" flags="0" />
              </result>
            </result>
            <result msg="Lock &quot;StaticLock&quot; held when accessing test_final_exprs.TestStaticFieldRefs.staticProtectedField  at  TestStaticFieldRefs.java line 65" source="/TestFinalExpressions_JavaDoc/test_final_exprs/TestStaticFieldRefs.java.html" line="65" baseImage="plus.gif" flags="0">
              <result msg="supporting information:" baseImage="folder.gif" flags="0">
                <result msg="Intrinsic lock &quot;&lt;test_final_exprs.TestStaticFieldRefs . class&gt;:MUTEX&quot; is held  at  TestStaticFieldRefs.java line 62" source="/TestFinalExpressions_JavaDoc/test_final_exprs/TestStaticFieldRefs.java.html" line="62" baseImage="info.gif" flags="0" />
                <result msg="Intrinsic lock &quot;StaticLock&quot; is held  at  TestStaticFieldRefs.java line 62" source="/TestFinalExpressions_JavaDoc/test_final_exprs/TestStaticFieldRefs.java.html" line="62" baseImage="info.gif" flags="0" />
              </result>
            </result>
            <result msg="Lock &quot;StaticLock&quot; held when accessing test_final_exprs.TestStaticFieldRefs.staticProtectedField  at  TestStaticFieldRefs.java line 67" source="/TestFinalExpressions_JavaDoc/test_final_exprs/TestStaticFieldRefs.java.html" line="67" baseImage="plus.gif" flags="0">
              <result msg="supporting information:" baseImage="folder.gif" flags="0">
                <result msg="Intrinsic lock &quot;&lt;test_final_exprs.TestStaticFieldRefs . class&gt;:MUTEX&quot; is held  at  TestStaticFieldRefs.java line 62" source="/TestFinalExpressions_JavaDoc/test_final_exprs/TestStaticFieldRefs.java.html" line="62" baseImage="info.gif" flags="0" />
                <result msg="Intrinsic lock &quot;StaticLock&quot; is held  at  TestStaticFieldRefs.java line 62" source="/TestFinalExpressions_JavaDoc/test_final_exprs/TestStaticFieldRefs.java.html" line="62" baseImage="info.gif" flags="0" />
              </result>
            </result>
          </result>
        </result>
      </result>
      <result msg="region   test_final_exprs.TestStaticFieldRefs.StaticRegion on (unknown)  at  TestStaticFieldRefs.java line 7" source="/TestFinalExpressions_JavaDoc/test_final_exprs/TestStaticFieldRefs.java.html" line="7" baseImage="promise.gif" flags="0">
        <result msg="InRegion StaticRegion on staticProtectedField  at  TestStaticFieldRefs.java line 14" source="/TestFinalExpressions_JavaDoc/test_final_exprs/TestStaticFieldRefs.java.html" line="14" baseImage="promise.gif" flags="0" />
      </result>
    </result>
    <result msg="policy lock test_final_exprs.TestMethodCall.LL is this  on TestMethodCall  at  TestMethodCall.java line 9" source="/TestFinalExpressions_JavaDoc/test_final_exprs/TestMethodCall.java.html" line="9" baseImage="promise.gif" flags="2">
      <result msg="returnsLock LL  on  test_final_exprs.TestMethodCall.instanceMethod_returnsLock()  at  TestMethodCall.java line 38" source="/TestFinalExpressions_JavaDoc/test_final_exprs/TestMethodCall.java.html" line="38" baseImage="promise.gif" flags="2">
        <result msg="1 return statement(s) returning the correct lock" baseImage="folder.gif" flags="2">
          <result msg="test_final_exprs (1 issue)" baseImage="package.gif" flags="2">
            <result msg="test_final_exprs.TestMethodCall (1 issue)" baseImage="class.gif" flags="2">
              <result msg="Return statement correctly returns lock &quot;&lt;this&gt;:LL&quot;  at  TestMethodCall.java line 42" source="/TestFinalExpressions_JavaDoc/test_final_exprs/TestMethodCall.java.html" line="42" baseImage="plus.gif" flags="0" />
            </result>
          </result>
        </result>
      </result>
    </result>
    <result msg="policy lock test_final_exprs.TestMethodCall.PL is ImplicitClassLockExpression
  on TestMethodCall  at  TestMethodCall.java line 8" source="/TestFinalExpressions_JavaDoc/test_final_exprs/TestMethodCall.java.html" line="8" baseImage="promise.gif" flags="2">
      <result msg="returnsLock PL  on  test_final_exprs.TestMethodCall.staticMethod_returnsLock()  at  TestMethodCall.java line 22" source="/TestFinalExpressions_JavaDoc/test_final_exprs/TestMethodCall.java.html" line="22" baseImage="promise.gif" flags="2">
        <result msg="1 return statement(s) returning the correct lock" baseImage="folder.gif" flags="2">
          <result msg="test_final_exprs (1 issue)" baseImage="package.gif" flags="2">
            <result msg="test_final_exprs.TestMethodCall (1 issue)" baseImage="class.gif" flags="2">
              <result msg="Return statement correctly returns lock &quot;PL&quot;  at  TestMethodCall.java line 26" source="/TestFinalExpressions_JavaDoc/test_final_exprs/TestMethodCall.java.html" line="26" baseImage="plus.gif" flags="0" />
            </result>
          </result>
        </result>
      </result>
    </result>
    <result msg="singleThreaded  on  test_final_exprs.TestInstanceFieldRefs.TestInstanceFieldRefs()  at  TestInstanceFieldRefs.java line 20" source="/TestFinalExpressions_JavaDoc/test_final_exprs/TestInstanceFieldRefs.java.html" line="20" baseImage="promise.gif" flags="2">
      <result msg="singleThreaded constructor supported  at  TestInstanceFieldRefs.java line 19" source="/TestFinalExpressions_JavaDoc/test_final_exprs/TestInstanceFieldRefs.java.html" line="19" baseImage="plus.gif" flags="2">
        <result msg="1 precondition choice(s):" baseImage="choice.gif" flags="2">
          <result msg="by borrowed receiver:" baseImage="choice_item.gif" flags="2">
            <result msg="borrowed this on test_final_exprs.TestInstanceFieldRefs.TestInstanceFieldRefs()  at  TestInstanceFieldRefs.java line 21" source="/TestFinalExpressions_JavaDoc/test_final_exprs/TestInstanceFieldRefs.java.html" line="21" baseImage="promise.gif" flags="2">
              <result msg="Borrowed parameters of call &quot;super&quot;  at  TestInstanceFieldRefs.java" source="/TestFinalExpressions_JavaDoc/test_final_exprs/TestInstanceFieldRefs.java.html" line="0" baseImage="plus.gif" flags="2">
                <result msg="1 precondition:" baseImage="choice_item.gif" flags="2">
                  <result msg="borrowed this on java.lang.Object.Object()  at  java.lang.Object" baseImage="promise.gif" flags="2" />
                </result>
              </result>
              <result msg="Conservative dependency  at  TestInstanceFieldRefs.java line 19" source="/TestFinalExpressions_JavaDoc/test_final_exprs/TestInstanceFieldRefs.java.html" line="19" baseImage="plus.gif" flags="2">
                <result msg="1 precondition:" baseImage="choice_item.gif" flags="2">
                  <result msg="Other control flow for test_final_exprs.TestInstanceFieldRefs.TestInstanceFieldRefs()  at  TestInstanceFieldRefs.java line 19" source="/TestFinalExpressions_JavaDoc/test_final_exprs/TestInstanceFieldRefs.java.html" line="19" baseImage="promise.gif" flags="2">
                    <result msg="Method body respects uniqueness constraints  at  TestInstanceFieldRefs.java line 23" source="/TestFinalExpressions_JavaDoc/test_final_exprs/TestInstanceFieldRefs.java.html" line="23" baseImage="plus.gif" flags="0" />
                  </result>
                </result>
              </result>
            </result>
          </result>
        </result>
      </result>
    </result>
  </result>
  <result msg="Effects (3 issues)" baseImage="tallyho.gif" flags="2">
    <result msg="Reads test_final_exprs.TestStaticFieldRefs:staticProtectedField on test_final_exprs.TestStaticFieldRefs.readField_staticProtectedField()  at  TestStaticFieldRefs.java line 75" source="/TestFinalExpressions_JavaDoc/test_final_exprs/TestStaticFieldRefs.java.html" line="75" baseImage="promise.gif" flags="2">
      <result msg="Empty effects trivially satisfy declared effects  at  TestStaticFieldRefs.java line 74" source="/TestFinalExpressions_JavaDoc/test_final_exprs/TestStaticFieldRefs.java.html" line="74" baseImage="plus.gif" flags="0" />
    </result>
    <result msg="Reads this:Instance on test_final_exprs.TestInstanceFieldRefs.readInstance()  at  TestInstanceFieldRefs.java line 315" source="/TestFinalExpressions_JavaDoc/test_final_exprs/TestInstanceFieldRefs.java.html" line="315" baseImage="promise.gif" flags="2">
      <result msg="Empty effects trivially satisfy declared effects  at  TestInstanceFieldRefs.java line 314" source="/TestFinalExpressions_JavaDoc/test_final_exprs/TestInstanceFieldRefs.java.html" line="314" baseImage="plus.gif" flags="0" />
    </result>
    <result msg="Writes this:Instance on test_final_exprs.TestInstanceFieldRefs.writeInstance()  at  TestInstanceFieldRefs.java line 322" source="/TestFinalExpressions_JavaDoc/test_final_exprs/TestInstanceFieldRefs.java.html" line="322" baseImage="promise.gif" flags="2">
      <result msg="Empty effects trivially satisfy declared effects  at  TestInstanceFieldRefs.java line 321" source="/TestFinalExpressions_JavaDoc/test_final_exprs/TestInstanceFieldRefs.java.html" line="321" baseImage="plus.gif" flags="0" />
    </result>
  </result>
  <result msg="Regions (3 issues)" baseImage="tallyho.gif" flags="2">
    <result msg="region  public  [] on (unknown)  at  java.lang.[]" baseImage="promise.gif" flags="0" />
    <result msg="region  public  length on (unknown)  at  java.lang.[]" baseImage="promise.gif" flags="0" />
    <result msg="region test_final_exprs.TestStaticFieldRefs.staticProtectedField  at  TestStaticFieldRefs.java line 15" source="/TestFinalExpressions_JavaDoc/test_final_exprs/TestStaticFieldRefs.java.html" line="15" baseImage="promise.gif" flags="0" />
  </result>
  <result msg="Uniqueness (2 issues)" baseImage="tallyho.gif" flags="2">
    <result msg="Other control flow for test_final_exprs.TestInstanceFieldRefs.TestInstanceFieldRefs()  at  TestInstanceFieldRefs.java line 19" source="/TestFinalExpressions_JavaDoc/test_final_exprs/TestInstanceFieldRefs.java.html" line="19" baseImage="promise.gif" flags="2">
      <result msg="Method body respects uniqueness constraints  at  TestInstanceFieldRefs.java line 23" source="/TestFinalExpressions_JavaDoc/test_final_exprs/TestInstanceFieldRefs.java.html" line="23" baseImage="plus.gif" flags="0" />
    </result>
    <result msg="borrowed this on test_final_exprs.TestInstanceFieldRefs.TestInstanceFieldRefs()  at  TestInstanceFieldRefs.java line 21" source="/TestFinalExpressions_JavaDoc/test_final_exprs/TestInstanceFieldRefs.java.html" line="21" baseImage="promise.gif" flags="2">
      <result msg="Borrowed parameters of call &quot;super&quot;  at  TestInstanceFieldRefs.java" source="/TestFinalExpressions_JavaDoc/test_final_exprs/TestInstanceFieldRefs.java.html" line="0" baseImage="plus.gif" flags="2">
        <result msg="1 precondition:" baseImage="choice_item.gif" flags="2">
          <result msg="borrowed this on java.lang.Object.Object()  at  java.lang.Object" baseImage="promise.gif" flags="2" />
        </result>
      </result>
      <result msg="Conservative dependency  at  TestInstanceFieldRefs.java line 19" source="/TestFinalExpressions_JavaDoc/test_final_exprs/TestInstanceFieldRefs.java.html" line="19" baseImage="plus.gif" flags="2">
        <result msg="1 precondition:" baseImage="choice_item.gif" flags="2">
          <result msg="Other control flow for test_final_exprs.TestInstanceFieldRefs.TestInstanceFieldRefs()  at  TestInstanceFieldRefs.java line 19" source="/TestFinalExpressions_JavaDoc/test_final_exprs/TestInstanceFieldRefs.java.html" line="19" baseImage="promise.gif" flags="2">
            <result msg="Method body respects uniqueness constraints  at  TestInstanceFieldRefs.java line 23" source="/TestFinalExpressions_JavaDoc/test_final_exprs/TestInstanceFieldRefs.java.html" line="23" baseImage="plus.gif" flags="0" />
          </result>
        </result>
      </result>
    </result>
  </result>
  <result msg="Suggestions and warnings (54 issues)" baseImage="warning.gif" flags="128">
    <result msg="2 synchronized block(s) not protecting any state; what state is being protected?" baseImage="warning.gif" flags="128">
      <result msg="test_final_exprs (2 issues)" baseImage="package.gif" flags="128">
        <result msg="test_final_exprs.TestMethodCall (2 issues)" baseImage="class.gif" flags="128">
          <result msg="Locks [&lt;t&gt;:LL] not needed by body of synchronized block  at  TestMethodCall.java line 104" source="/TestFinalExpressions_JavaDoc/test_final_exprs/TestMethodCall.java.html" line="104" baseImage="warning.gif" flags="128" />
          <result msg="Locks [PL] not needed by body of synchronized block  at  TestMethodCall.java line 57" source="/TestFinalExpressions_JavaDoc/test_final_exprs/TestMethodCall.java.html" line="57" baseImage="warning.gif" flags="128" />
        </result>
      </result>
    </result>
    <result msg="24 non-final lock expression(s); analysis cannot determine which lock is being acquired" baseImage="warning.gif" flags="128">
      <result msg="test_final_exprs (24 issues)" baseImage="package.gif" flags="128">
        <result msg="test_final_exprs.TestArrayRefs (3 issues)" baseImage="class.gif" flags="128">
          <result msg="Lock expression &quot;array [ idx ]&quot; is not final  at  TestArrayRefs.java line 112" source="/TestFinalExpressions_JavaDoc/test_final_exprs/TestArrayRefs.java.html" line="112" baseImage="warning.gif" flags="128" />
          <result msg="Lock expression &quot;array [ idx ]&quot; is not final  at  TestArrayRefs.java line 82" source="/TestFinalExpressions_JavaDoc/test_final_exprs/TestArrayRefs.java.html" line="82" baseImage="warning.gif" flags="128" />
          <result msg="Lock expression &quot;array [ idx ]&quot; is not final  at  TestArrayRefs.java line 97" source="/TestFinalExpressions_JavaDoc/test_final_exprs/TestArrayRefs.java.html" line="97" baseImage="warning.gif" flags="128" />
        </result>
        <result msg="test_final_exprs.TestInstanceFieldRefs (12 issues)" baseImage="class.gif" flags="128">
          <result msg="Lock expression &quot;p.protectedField&quot; is not final  at  TestInstanceFieldRefs.java line 241" source="/TestFinalExpressions_JavaDoc/test_final_exprs/TestInstanceFieldRefs.java.html" line="241" baseImage="warning.gif" flags="128" />
          <result msg="Lock expression &quot;p.protectedField&quot; is not final  at  TestInstanceFieldRefs.java line 254" source="/TestFinalExpressions_JavaDoc/test_final_exprs/TestInstanceFieldRefs.java.html" line="254" baseImage="warning.gif" flags="128" />
          <result msg="Lock expression &quot;p.protectedField&quot; is not final  at  TestInstanceFieldRefs.java line 290" source="/TestFinalExpressions_JavaDoc/test_final_exprs/TestInstanceFieldRefs.java.html" line="290" baseImage="warning.gif" flags="128" />
          <result msg="Lock expression &quot;p.protectedField&quot; is not final  at  TestInstanceFieldRefs.java line 305" source="/TestFinalExpressions_JavaDoc/test_final_exprs/TestInstanceFieldRefs.java.html" line="305" baseImage="warning.gif" flags="128" />
          <result msg="Lock expression &quot;p.unprotectedField&quot; is not final  at  TestInstanceFieldRefs.java line 88" source="/TestFinalExpressions_JavaDoc/test_final_exprs/TestInstanceFieldRefs.java.html" line="88" baseImage="warning.gif" flags="128" />
          <result msg="Lock expression &quot;p.unprotectedField&quot; is not final  at  TestInstanceFieldRefs.java line 99" source="/TestFinalExpressions_JavaDoc/test_final_exprs/TestInstanceFieldRefs.java.html" line="99" baseImage="warning.gif" flags="128" />
          <result msg="Lock expression &quot;this.protectedField&quot; is not final  at  TestInstanceFieldRefs.java line 219" source="/TestFinalExpressions_JavaDoc/test_final_exprs/TestInstanceFieldRefs.java.html" line="219" baseImage="warning.gif" flags="128" />
          <result msg="Lock expression &quot;this.protectedField&quot; is not final  at  TestInstanceFieldRefs.java line 230" source="/TestFinalExpressions_JavaDoc/test_final_exprs/TestInstanceFieldRefs.java.html" line="230" baseImage="warning.gif" flags="128" />
          <result msg="Lock expression &quot;this.protectedField&quot; is not final  at  TestInstanceFieldRefs.java line 267" source="/TestFinalExpressions_JavaDoc/test_final_exprs/TestInstanceFieldRefs.java.html" line="267" baseImage="warning.gif" flags="128" />
          <result msg="Lock expression &quot;this.protectedField&quot; is not final  at  TestInstanceFieldRefs.java line 278" source="/TestFinalExpressions_JavaDoc/test_final_exprs/TestInstanceFieldRefs.java.html" line="278" baseImage="warning.gif" flags="128" />
          <result msg="Lock expression &quot;this.unprotectedField&quot; is not final  at  TestInstanceFieldRefs.java line 70" source="/TestFinalExpressions_JavaDoc/test_final_exprs/TestInstanceFieldRefs.java.html" line="70" baseImage="warning.gif" flags="128" />
          <result msg="Lock expression &quot;this.unprotectedField&quot; is not final  at  TestInstanceFieldRefs.java line 79" source="/TestFinalExpressions_JavaDoc/test_final_exprs/TestInstanceFieldRefs.java.html" line="79" baseImage="warning.gif" flags="128" />
        </result>
        <result msg="test_final_exprs.TestLocalVars (2 issues)" baseImage="class.gif" flags="128">
          <result msg="Lock expression &quot;o&quot; is not final  at  TestLocalVars.java line 63" source="/TestFinalExpressions_JavaDoc/test_final_exprs/TestLocalVars.java.html" line="63" baseImage="warning.gif" flags="128" />
          <result msg="Lock expression &quot;p&quot; is not final  at  TestLocalVars.java line 53" source="/TestFinalExpressions_JavaDoc/test_final_exprs/TestLocalVars.java.html" line="53" baseImage="warning.gif" flags="128" />
        </result>
        <result msg="test_final_exprs.TestMethodCall (4 issues)" baseImage="class.gif" flags="128">
          <result msg="Lock expression &quot;t.instanceMethod_noReturnsLock&quot; is not final  at  TestMethodCall.java line 69" source="/TestFinalExpressions_JavaDoc/test_final_exprs/TestMethodCall.java.html" line="69" baseImage="warning.gif" flags="128" />
          <result msg="Lock expression &quot;t.instanceMethod_noReturnsLock&quot; is not final  at  TestMethodCall.java line 93" source="/TestFinalExpressions_JavaDoc/test_final_exprs/TestMethodCall.java.html" line="93" baseImage="warning.gif" flags="128" />
          <result msg="Lock expression &quot;t.instanceMethod_returnsLock&quot; is not final  at  TestMethodCall.java line 80" source="/TestFinalExpressions_JavaDoc/test_final_exprs/TestMethodCall.java.html" line="80" baseImage="warning.gif" flags="128" />
          <result msg="Lock expression &quot;this.staticMethod_noReturnsLock&quot; is not final  at  TestMethodCall.java line 49" source="/TestFinalExpressions_JavaDoc/test_final_exprs/TestMethodCall.java.html" line="49" baseImage="warning.gif" flags="128" />
        </result>
        <result msg="test_final_exprs.TestStaticFieldRefs (3 issues)" baseImage="class.gif" flags="128">
          <result msg="Lock expression &quot;test_final_exprs.TestStaticFieldRefs.staticProtectedField&quot; is not final  at  TestStaticFieldRefs.java line 55" source="/TestFinalExpressions_JavaDoc/test_final_exprs/TestStaticFieldRefs.java.html" line="55" baseImage="warning.gif" flags="128" />
          <result msg="Lock expression &quot;test_final_exprs.TestStaticFieldRefs.staticProtectedField&quot; is not final  at  TestStaticFieldRefs.java line 65" source="/TestFinalExpressions_JavaDoc/test_final_exprs/TestStaticFieldRefs.java.html" line="65" baseImage="warning.gif" flags="128" />
          <result msg="Lock expression &quot;test_final_exprs.TestStaticFieldRefs.staticUnprotectedField&quot; is not final  at  TestStaticFieldRefs.java line 27" source="/TestFinalExpressions_JavaDoc/test_final_exprs/TestStaticFieldRefs.java.html" line="27" baseImage="warning.gif" flags="128" />
        </result>
      </result>
    </result>
    <result msg="28 unidentifiable lock(s); what is the name of the lock? what state is being protected?" baseImage="warning.gif" flags="128">
      <result msg="test_final_exprs (28 issues)" baseImage="package.gif" flags="128">
        <result msg="test_final_exprs.TestArrayRefs (6 issues)" baseImage="class.gif" flags="128">
          <result msg="Synchronized block: Lock expression &quot;array [ 0 ]&quot; is not identifiable as a programmer-declared lock  at  TestArrayRefs.java line 14" source="/TestFinalExpressions_JavaDoc/test_final_exprs/TestArrayRefs.java.html" line="14" baseImage="warning.gif" flags="128" />
          <result msg="Synchronized block: Lock expression &quot;array [ 0 ]&quot; is not identifiable as a programmer-declared lock  at  TestArrayRefs.java line 22" source="/TestFinalExpressions_JavaDoc/test_final_exprs/TestArrayRefs.java.html" line="22" baseImage="warning.gif" flags="128" />
          <result msg="Synchronized block: Lock expression &quot;array [ idx ]&quot; is not identifiable as a programmer-declared lock  at  TestArrayRefs.java line 35" source="/TestFinalExpressions_JavaDoc/test_final_exprs/TestArrayRefs.java.html" line="35" baseImage="warning.gif" flags="128" />
          <result msg="Synchronized block: Lock expression &quot;array [ idx ]&quot; is not identifiable as a programmer-declared lock  at  TestArrayRefs.java line 43" source="/TestFinalExpressions_JavaDoc/test_final_exprs/TestArrayRefs.java.html" line="43" baseImage="warning.gif" flags="128" />
          <result msg="Synchronized block: Lock expression &quot;array [ idx ]&quot; is not identifiable as a programmer-declared lock  at  TestArrayRefs.java line 58" source="/TestFinalExpressions_JavaDoc/test_final_exprs/TestArrayRefs.java.html" line="58" baseImage="warning.gif" flags="128" />
          <result msg="Synchronized block: Lock expression &quot;array [ idx ]&quot; is not identifiable as a programmer-declared lock  at  TestArrayRefs.java line 68" source="/TestFinalExpressions_JavaDoc/test_final_exprs/TestArrayRefs.java.html" line="68" baseImage="warning.gif" flags="128" />
        </result>
        <result msg="test_final_exprs.TestClassExprs (1 issue)" baseImage="class.gif" flags="128">
          <result msg="Synchronized block: Lock expression &quot;java.lang.Object . class&quot; is not identifiable as a programmer-declared lock  at  TestClassExprs.java line 11" source="/TestFinalExpressions_JavaDoc/test_final_exprs/TestClassExprs.java.html" line="11" baseImage="warning.gif" flags="128" />
        </result>
        <result msg="test_final_exprs.TestInstanceFieldRefs (12 issues)" baseImage="class.gif" flags="128">
          <result msg="Synchronized block: Lock expression &quot;p.finalField&quot; is not identifiable as a programmer-declared lock  at  TestInstanceFieldRefs.java line 48" source="/TestFinalExpressions_JavaDoc/test_final_exprs/TestInstanceFieldRefs.java.html" line="48" baseImage="warning.gif" flags="128" />
          <result msg="Synchronized block: Lock expression &quot;p.finalField&quot; is not identifiable as a programmer-declared lock  at  TestInstanceFieldRefs.java line 59" source="/TestFinalExpressions_JavaDoc/test_final_exprs/TestInstanceFieldRefs.java.html" line="59" baseImage="warning.gif" flags="128" />
          <result msg="Synchronized block: Lock expression &quot;p.protectedField&quot; is not identifiable as a programmer-declared lock  at  TestInstanceFieldRefs.java line 136" source="/TestFinalExpressions_JavaDoc/test_final_exprs/TestInstanceFieldRefs.java.html" line="136" baseImage="warning.gif" flags="128" />
          <result msg="Synchronized block: Lock expression &quot;p.protectedField&quot; is not identifiable as a programmer-declared lock  at  TestInstanceFieldRefs.java line 150" source="/TestFinalExpressions_JavaDoc/test_final_exprs/TestInstanceFieldRefs.java.html" line="150" baseImage="warning.gif" flags="128" />
          <result msg="Synchronized block: Lock expression &quot;p.protectedField&quot; is not identifiable as a programmer-declared lock  at  TestInstanceFieldRefs.java line 189" source="/TestFinalExpressions_JavaDoc/test_final_exprs/TestInstanceFieldRefs.java.html" line="189" baseImage="warning.gif" flags="128" />
          <result msg="Synchronized block: Lock expression &quot;p.protectedField&quot; is not identifiable as a programmer-declared lock  at  TestInstanceFieldRefs.java line 205" source="/TestFinalExpressions_JavaDoc/test_final_exprs/TestInstanceFieldRefs.java.html" line="205" baseImage="warning.gif" flags="128" />
          <result msg="Synchronized block: Lock expression &quot;this.finalField&quot; is not identifiable as a programmer-declared lock  at  TestInstanceFieldRefs.java line 32" source="/TestFinalExpressions_JavaDoc/test_final_exprs/TestInstanceFieldRefs.java.html" line="32" baseImage="warning.gif" flags="128" />
          <result msg="Synchronized block: Lock expression &quot;this.finalField&quot; is not identifiable as a programmer-declared lock  at  TestInstanceFieldRefs.java line 40" source="/TestFinalExpressions_JavaDoc/test_final_exprs/TestInstanceFieldRefs.java.html" line="40" baseImage="warning.gif" flags="128" />
          <result msg="Synchronized block: Lock expression &quot;this.protectedField&quot; is not identifiable as a programmer-declared lock  at  TestInstanceFieldRefs.java line 112" source="/TestFinalExpressions_JavaDoc/test_final_exprs/TestInstanceFieldRefs.java.html" line="112" baseImage="warning.gif" flags="128" />
          <result msg="Synchronized block: Lock expression &quot;this.protectedField&quot; is not identifiable as a programmer-declared lock  at  TestInstanceFieldRefs.java line 124" source="/TestFinalExpressions_JavaDoc/test_final_exprs/TestInstanceFieldRefs.java.html" line="124" baseImage="warning.gif" flags="128" />
          <result msg="Synchronized block: Lock expression &quot;this.protectedField&quot; is not identifiable as a programmer-declared lock  at  TestInstanceFieldRefs.java line 164" source="/TestFinalExpressions_JavaDoc/test_final_exprs/TestInstanceFieldRefs.java.html" line="164" baseImage="warning.gif" flags="128" />
          <result msg="Synchronized block: Lock expression &quot;this.protectedField&quot; is not identifiable as a programmer-declared lock  at  TestInstanceFieldRefs.java line 176" source="/TestFinalExpressions_JavaDoc/test_final_exprs/TestInstanceFieldRefs.java.html" line="176" baseImage="warning.gif" flags="128" />
        </result>
        <result msg="test_final_exprs.TestLocalVars (4 issues)" baseImage="class.gif" flags="128">
          <result msg="Synchronized block: Lock expression &quot;o&quot; is not identifiable as a programmer-declared lock  at  TestLocalVars.java line 19" source="/TestFinalExpressions_JavaDoc/test_final_exprs/TestLocalVars.java.html" line="19" baseImage="warning.gif" flags="128" />
          <result msg="Synchronized block: Lock expression &quot;o&quot; is not identifiable as a programmer-declared lock  at  TestLocalVars.java line 41" source="/TestFinalExpressions_JavaDoc/test_final_exprs/TestLocalVars.java.html" line="41" baseImage="warning.gif" flags="128" />
          <result msg="Synchronized block: Lock expression &quot;p&quot; is not identifiable as a programmer-declared lock  at  TestLocalVars.java line 10" source="/TestFinalExpressions_JavaDoc/test_final_exprs/TestLocalVars.java.html" line="10" baseImage="warning.gif" flags="128" />
          <result msg="Synchronized block: Lock expression &quot;p&quot; is not identifiable as a programmer-declared lock  at  TestLocalVars.java line 29" source="/TestFinalExpressions_JavaDoc/test_final_exprs/TestLocalVars.java.html" line="29" baseImage="warning.gif" flags="128" />
        </result>
        <result msg="test_final_exprs.TestReceiver (1 issue)" baseImage="class.gif" flags="128">
          <result msg="Synchronized block: Lock expression &quot;this&quot; is not identifiable as a programmer-declared lock  at  TestReceiver.java line 11" source="/TestFinalExpressions_JavaDoc/test_final_exprs/TestReceiver.java.html" line="11" baseImage="warning.gif" flags="128" />
        </result>
        <result msg="test_final_exprs.TestReceiver.C (1 issue)" baseImage="class.gif" flags="128">
          <result msg="Synchronized block: Lock expression &quot;test_final_exprs.TestReceiver . C.this&quot; is not identifiable as a programmer-declared lock  at  TestReceiver.java line 21" source="/TestFinalExpressions_JavaDoc/test_final_exprs/TestReceiver.java.html" line="21" baseImage="warning.gif" flags="128" />
        </result>
        <result msg="test_final_exprs.TestStaticFieldRefs (3 issues)" baseImage="class.gif" flags="128">
          <result msg="Synchronized block: Lock expression &quot;test_final_exprs.TestStaticFieldRefs.staticFinalField&quot; is not identifiable as a programmer-declared lock  at  TestStaticFieldRefs.java line 20" source="/TestFinalExpressions_JavaDoc/test_final_exprs/TestStaticFieldRefs.java.html" line="20" baseImage="warning.gif" flags="128" />
          <result msg="Synchronized block: Lock expression &quot;test_final_exprs.TestStaticFieldRefs.staticProtectedField&quot; is not identifiable as a programmer-declared lock  at  TestStaticFieldRefs.java line 36" source="/TestFinalExpressions_JavaDoc/test_final_exprs/TestStaticFieldRefs.java.html" line="36" baseImage="warning.gif" flags="128" />
          <result msg="Synchronized block: Lock expression &quot;test_final_exprs.TestStaticFieldRefs.staticProtectedField&quot; is not identifiable as a programmer-declared lock  at  TestStaticFieldRefs.java line 46" source="/TestFinalExpressions_JavaDoc/test_final_exprs/TestStaticFieldRefs.java.html" line="46" baseImage="warning.gif" flags="128" />
        </result>
      </result>
    </result>
  </result>
</root>