<root msg="Assurance Results">
  <result msg="Concurrency (1 issue)" baseImage="folder.gif" flags="10" reddots="1">
    <result msg="RegionLock java.lang.Object.MUTEX is this protects WaitQueue  on  Object  at  java.lang.Object" baseImage="annotation.gif" flags="26" reddots="1">
      <result msg="5 lock precondition(s)" baseImage="folder.gif" flags="2">
        <result msg="RequiresLock RequiresLock MUTEX  on  java.lang.Object.notify()  at  java.lang.Object" baseImage="annotation.gif" flags="2" />
        <result msg="RequiresLock RequiresLock MUTEX  on  java.lang.Object.notifyAll()  at  java.lang.Object" baseImage="annotation.gif" flags="2" />
        <result msg="RequiresLock RequiresLock MUTEX  on  java.lang.Object.wait()  at  java.lang.Object" baseImage="annotation.gif" flags="2" />
        <result msg="RequiresLock RequiresLock MUTEX  on  java.lang.Object.wait(long)  at  java.lang.Object" baseImage="annotation.gif" flags="2" />
        <result msg="RequiresLock RequiresLock MUTEX  on  java.lang.Object.wait(long,int)  at  java.lang.Object" baseImage="annotation.gif" flags="2" />
      </result>
      <result msg="Region public java.lang.Object.WaitQueue  at  java.lang.Object" baseImage="annotation.gif" flags="0">
        <result msg="Region public java.lang.Object.Instance  at  java.lang.Object" baseImage="annotation.gif" flags="0">
          <result msg="Region public static java.lang.Object.All  at  java.lang.Object" baseImage="annotation.gif" flags="0" />
        </result>
      </result>
    </result>
  </result>
  <result msg="Effects (2 issues)" baseImage="folder.gif" flags="2">
    <result msg="Reads this:Instance  on  test.BorrowedAndEffects.tricky(java.lang.Object)  at  BorrowedAndEffects.java line 28" source="/ComprehensiveUniquenessTests/src/test/BorrowedAndEffects.java.html" line="28" baseImage="annotation.gif" flags="2">
      <result msg="&quot;reads &lt;this&gt;:uniqueField&quot; checked by &quot;reads &lt;this&gt;:Instance&quot;  at  BorrowedAndEffects.java line 30" source="/ComprehensiveUniquenessTests/src/test/BorrowedAndEffects.java.html" line="30" baseImage="plus.gif" flags="0" />
    </result>
    <result msg="Writes this:Instance  on  test.BorrowedAndEffects.update(java.lang.Object)  at  BorrowedAndEffects.java line 18" source="/ComprehensiveUniquenessTests/src/test/BorrowedAndEffects.java.html" line="18" baseImage="annotation.gif" flags="2">
      <result msg="&quot;writes &lt;this&gt;:uniqueField&quot; checked by &quot;writes &lt;this&gt;:Instance&quot;  at  BorrowedAndEffects.java line 20" source="/ComprehensiveUniquenessTests/src/test/BorrowedAndEffects.java.html" line="20" baseImage="plus.gif" flags="0" />
    </result>
  </result>
  <result msg="Regions (2 issues)" baseImage="folder.gif" flags="2">
    <result msg="Region public []  at  java.lang.[]" baseImage="annotation.gif" flags="0" />
    <result msg="Region public length  at  java.lang.[]" baseImage="annotation.gif" flags="0" />
  </result>
  <result msg="Uniqueness (63 issues)" baseImage="folder.gif" flags="12" reddots="1">
    <result msg="Borrowed(p)  on  test.BorrowedAndEffects.tricky(java.lang.Object)  at  BorrowedAndEffects.java line 29" source="/ComprehensiveUniquenessTests/src/test/BorrowedAndEffects.java.html" line="29" baseImage="annotation.gif" flags="26" reddots="1" />
    <result msg="Borrowed(p)  on  test.BorrowedParams.BorrowedParams(java.lang.Object)  at  BorrowedParams.java line 25" source="/ComprehensiveUniquenessTests/src/test/BorrowedParams.java.html" line="25" baseImage="annotation.gif" flags="2">
      <result msg="Borrowed parameters of call super  at  BorrowedParams.java" source="/ComprehensiveUniquenessTests/src/test/BorrowedParams.java.html" line="0" baseImage="plus.gif" flags="2">
        <result msg="1 precondition:" baseImage="choice_item.gif" flags="2">
          <result msg="Borrowed(this)  on  java.lang.Object.Object()  at  java.lang.Object" baseImage="annotation.gif" flags="2" />
        </result>
      </result>
    </result>
    <result msg="Borrowed(p)  on  test.BorrowedParams.borrowedParam(java.lang.Object)  at  BorrowedParams.java line 79" source="/ComprehensiveUniquenessTests/src/test/BorrowedParams.java.html" line="79" baseImage="annotation.gif" flags="26" reddots="1" />
    <result msg="Borrowed(p)  on  test.UniquenessTests.bad_compromiseBorrowedParam1(java.lang.Object)  at  UniquenessTests.java line 305" source="/ComprehensiveUniquenessTests/src/test/UniquenessTests.java.html" line="305" baseImage="annotation.gif" flags="26" reddots="1" />
    <result msg="Borrowed(p)  on  test.UniquenessTests.bad_compromiseBorrowedParam2(java.lang.Object)  at  UniquenessTests.java line 312" source="/ComprehensiveUniquenessTests/src/test/UniquenessTests.java.html" line="312" baseImage="annotation.gif" flags="26" reddots="1" />
    <result msg="Borrowed(p)  on  test.UniquenessTests.bad_compromiseBorrowedParam3(java.lang.Object)  at  UniquenessTests.java line 319" source="/ComprehensiveUniquenessTests/src/test/UniquenessTests.java.html" line="319" baseImage="annotation.gif" flags="2">
      <result msg="Borrowed parameters of call new java.lang.Object  at  UniquenessTests.java line 321" source="/ComprehensiveUniquenessTests/src/test/UniquenessTests.java.html" line="321" baseImage="plus.gif" flags="2">
        <result msg="1 precondition:" baseImage="choice_item.gif" flags="2">
          <result msg="Borrowed(this)  on  java.lang.Object.Object()  at  java.lang.Object" baseImage="annotation.gif" flags="2" />
        </result>
      </result>
    </result>
    <result msg="Borrowed(p)  on  test.UniquenessTests.okay3(java.lang.Object)  at  UniquenessTests.java line 337" source="/ComprehensiveUniquenessTests/src/test/UniquenessTests.java.html" line="337" baseImage="annotation.gif" flags="26" reddots="1" />
    <result msg="Borrowed(this)  on  test.BorrowedAndEffects.BorrowedAndEffects()  at  BorrowedAndEffects.java line 15" source="/ComprehensiveUniquenessTests/src/test/BorrowedAndEffects.java.html" line="15" baseImage="annotation.gif" flags="2">
      <result msg="Borrowed parameters of call super  at  BorrowedAndEffects.java" source="/ComprehensiveUniquenessTests/src/test/BorrowedAndEffects.java.html" line="0" baseImage="plus.gif" flags="2">
        <result msg="1 precondition:" baseImage="choice_item.gif" flags="2">
          <result msg="Borrowed(this)  on  java.lang.Object.Object()  at  java.lang.Object" baseImage="annotation.gif" flags="2" />
        </result>
      </result>
    </result>
    <result msg="Borrowed(this)  on  test.BorrowedParams.BorrowedParams()  at  BorrowedParams.java line 15" source="/ComprehensiveUniquenessTests/src/test/BorrowedParams.java.html" line="15" baseImage="annotation.gif" flags="2">
      <result msg="Borrowed parameters of call super  at  BorrowedParams.java" source="/ComprehensiveUniquenessTests/src/test/BorrowedParams.java.html" line="0" baseImage="plus.gif" flags="2">
        <result msg="1 precondition:" baseImage="choice_item.gif" flags="2">
          <result msg="Borrowed(this)  on  java.lang.Object.Object()  at  java.lang.Object" baseImage="annotation.gif" flags="2" />
        </result>
      </result>
    </result>
    <result msg="Borrowed(this)  on  test.BorrowedParams.borrowedReceiver()  at  BorrowedParams.java line 71" source="/ComprehensiveUniquenessTests/src/test/BorrowedParams.java.html" line="71" baseImage="annotation.gif" flags="26" reddots="1" />
    <result msg="Borrowed(this)  on  test.UniqueParams.UniqueParams()  at  UniqueParams.java line 14" source="/ComprehensiveUniquenessTests/src/test/UniqueParams.java.html" line="14" baseImage="annotation.gif" flags="2">
      <result msg="Borrowed parameters of call super  at  UniqueParams.java" source="/ComprehensiveUniquenessTests/src/test/UniqueParams.java.html" line="0" baseImage="plus.gif" flags="2">
        <result msg="1 precondition:" baseImage="choice_item.gif" flags="2">
          <result msg="Borrowed(this)  on  java.lang.Object.Object()  at  java.lang.Object" baseImage="annotation.gif" flags="2" />
        </result>
      </result>
    </result>
    <result msg="Borrowed(this)  on  test.UniquenessTests.bad_compromiseBorrowedRcvr1()  at  UniquenessTests.java line 355" source="/ComprehensiveUniquenessTests/src/test/UniquenessTests.java.html" line="355" baseImage="annotation.gif" flags="26" reddots="1" />
    <result msg="Borrowed(this)  on  test.UniquenessTests.bad_compromiseBorrowedRcvr2()  at  UniquenessTests.java line 363" source="/ComprehensiveUniquenessTests/src/test/UniquenessTests.java.html" line="363" baseImage="annotation.gif" flags="26" reddots="1" />
    <result msg="Borrowed(this)  on  test.UniquenessTests.okay4()  at  UniquenessTests.java line 394" source="/ComprehensiveUniquenessTests/src/test/UniquenessTests.java.html" line="394" baseImage="annotation.gif" flags="26" reddots="1" />
    <result msg="Unique  on  uniqueField  at  BorrowedAndEffects.java line 13" source="/ComprehensiveUniquenessTests/src/test/BorrowedAndEffects.java.html" line="13" baseImage="annotation.gif" flags="12" reddots="1">
      <result msg="Assurance conservatively depends on other annotations  at  BorrowedAndEffects.java line 13" source="/ComprehensiveUniquenessTests/src/test/BorrowedAndEffects.java.html" line="13" baseImage="plus.gif" flags="2">
        <result msg="1 precondition:" baseImage="choice_item.gif" flags="2">
          <result msg="Unique(v)  on  test.BorrowedAndEffects.update(java.lang.Object)   at  BorrowedAndEffects.java line 19" source="/ComprehensiveUniquenessTests/src/test/BorrowedAndEffects.java.html" line="19" baseImage="annotation.gif" flags="2" />
        </result>
      </result>
      <result msg="Borrowed parameters of call new test.BorrowedAndEffects  at  BorrowedAndEffects.java line 42" source="/ComprehensiveUniquenessTests/src/test/BorrowedAndEffects.java.html" line="42" baseImage="plus.gif" flags="2">
        <result msg="1 precondition:" baseImage="choice_item.gif" flags="2">
          <result msg="Borrowed(this)  on  test.BorrowedAndEffects.BorrowedAndEffects()  at  BorrowedAndEffects.java line 15" source="/ComprehensiveUniquenessTests/src/test/BorrowedAndEffects.java.html" line="15" baseImage="annotation.gif" flags="2">
            <result msg="Borrowed parameters of call super  at  BorrowedAndEffects.java" source="/ComprehensiveUniquenessTests/src/test/BorrowedAndEffects.java.html" line="0" baseImage="plus.gif" flags="2">
              <result msg="1 precondition:" baseImage="choice_item.gif" flags="2">
                <result msg="Borrowed(this)  on  java.lang.Object.Object()  at  java.lang.Object" baseImage="annotation.gif" flags="2" />
              </result>
            </result>
          </result>
        </result>
      </result>
      <result msg="Borrowed parameters of call new test.BorrowedAndEffects  at  BorrowedAndEffects.java line 53" source="/ComprehensiveUniquenessTests/src/test/BorrowedAndEffects.java.html" line="53" baseImage="plus.gif" flags="2">
        <result msg="1 precondition:" baseImage="choice_item.gif" flags="2">
          <result msg="Borrowed(this)  on  test.BorrowedAndEffects.BorrowedAndEffects()  at  BorrowedAndEffects.java line 15" source="/ComprehensiveUniquenessTests/src/test/BorrowedAndEffects.java.html" line="15" baseImage="annotation.gif" flags="2">
            <result msg="Borrowed parameters of call super  at  BorrowedAndEffects.java" source="/ComprehensiveUniquenessTests/src/test/BorrowedAndEffects.java.html" line="0" baseImage="plus.gif" flags="2">
              <result msg="1 precondition:" baseImage="choice_item.gif" flags="2">
                <result msg="Borrowed(this)  on  java.lang.Object.Object()  at  java.lang.Object" baseImage="annotation.gif" flags="2" />
              </result>
            </result>
          </result>
        </result>
      </result>
      <result msg="Borrowed parameters of call new test.BorrowedAndEffects  at  BorrowedAndEffects.java line 54" source="/ComprehensiveUniquenessTests/src/test/BorrowedAndEffects.java.html" line="54" baseImage="plus.gif" flags="2">
        <result msg="1 precondition:" baseImage="choice_item.gif" flags="2">
          <result msg="Borrowed(this)  on  test.BorrowedAndEffects.BorrowedAndEffects()  at  BorrowedAndEffects.java line 15" source="/ComprehensiveUniquenessTests/src/test/BorrowedAndEffects.java.html" line="15" baseImage="annotation.gif" flags="2">
            <result msg="Borrowed parameters of call super  at  BorrowedAndEffects.java" source="/ComprehensiveUniquenessTests/src/test/BorrowedAndEffects.java.html" line="0" baseImage="plus.gif" flags="2">
              <result msg="1 precondition:" baseImage="choice_item.gif" flags="2">
                <result msg="Borrowed(this)  on  java.lang.Object.Object()  at  java.lang.Object" baseImage="annotation.gif" flags="2" />
              </result>
            </result>
          </result>
        </result>
      </result>
      <result msg="Borrowed parameters of call x.tricky(x.uniqueField)  at  BorrowedAndEffects.java line 45" source="/ComprehensiveUniquenessTests/src/test/BorrowedAndEffects.java.html" line="45" baseImage="red_x.gif" flags="12" reddots="1">
        <result msg="1 precondition:" baseImage="choice_item.gif" flags="10" reddots="1">
          <result msg="Borrowed(p)  on  test.BorrowedAndEffects.tricky(java.lang.Object)  at  BorrowedAndEffects.java line 29" source="/ComprehensiveUniquenessTests/src/test/BorrowedAndEffects.java.html" line="29" baseImage="annotation.gif" flags="26" reddots="1" />
        </result>
        <result msg="supporting information: (Undefined value on stack borrowed, Undefined value on stack borrowed)  at  BorrowedAndEffects.java line 45" source="/ComprehensiveUniquenessTests/src/test/BorrowedAndEffects.java.html" line="45" baseImage="info.gif" flags="0" />
      </result>
      <result msg="Borrowed parameters of call y.tricky(z.uniqueField)  at  BorrowedAndEffects.java line 56" source="/ComprehensiveUniquenessTests/src/test/BorrowedAndEffects.java.html" line="56" baseImage="plus.gif" flags="10" reddots="1">
        <result msg="1 precondition:" baseImage="choice_item.gif" flags="10" reddots="1">
          <result msg="Borrowed(p)  on  test.BorrowedAndEffects.tricky(java.lang.Object)  at  BorrowedAndEffects.java line 29" source="/ComprehensiveUniquenessTests/src/test/BorrowedAndEffects.java.html" line="29" baseImage="annotation.gif" flags="26" reddots="1" />
        </result>
      </result>
      <result msg="Effects of call x.tricky(x.uniqueField)  at  BorrowedAndEffects.java line 45" source="/ComprehensiveUniquenessTests/src/test/BorrowedAndEffects.java.html" line="45" baseImage="red_x.gif" flags="4">
        <result msg="1 precondition:" baseImage="choice_item.gif" flags="2">
          <result msg="Reads this:Instance  on  test.BorrowedAndEffects.tricky(java.lang.Object)  at  BorrowedAndEffects.java line 28" source="/ComprehensiveUniquenessTests/src/test/BorrowedAndEffects.java.html" line="28" baseImage="annotation.gif" flags="2">
            <result msg="&quot;reads &lt;this&gt;:uniqueField&quot; checked by &quot;reads &lt;this&gt;:Instance&quot;  at  BorrowedAndEffects.java line 30" source="/ComprehensiveUniquenessTests/src/test/BorrowedAndEffects.java.html" line="30" baseImage="plus.gif" flags="0" />
          </result>
        </result>
        <result msg="supporting information: (Undefined value on stack borrowed, Undefined value on stack borrowed)  at  BorrowedAndEffects.java line 45" source="/ComprehensiveUniquenessTests/src/test/BorrowedAndEffects.java.html" line="45" baseImage="info.gif" flags="0" />
      </result>
      <result msg="Effects of call y.tricky(z.uniqueField)  at  BorrowedAndEffects.java line 56" source="/ComprehensiveUniquenessTests/src/test/BorrowedAndEffects.java.html" line="56" baseImage="plus.gif" flags="2">
        <result msg="1 precondition:" baseImage="choice_item.gif" flags="2">
          <result msg="Reads this:Instance  on  test.BorrowedAndEffects.tricky(java.lang.Object)  at  BorrowedAndEffects.java line 28" source="/ComprehensiveUniquenessTests/src/test/BorrowedAndEffects.java.html" line="28" baseImage="annotation.gif" flags="2">
            <result msg="&quot;reads &lt;this&gt;:uniqueField&quot; checked by &quot;reads &lt;this&gt;:Instance&quot;  at  BorrowedAndEffects.java line 30" source="/ComprehensiveUniquenessTests/src/test/BorrowedAndEffects.java.html" line="30" baseImage="plus.gif" flags="0" />
          </result>
        </result>
      </result>
    </result>
    <result msg="Unique  on  unshared  at  UniquenessTests.java line 18" source="/ComprehensiveUniquenessTests/src/test/UniquenessTests.java.html" line="18" baseImage="annotation.gif" flags="10" reddots="1">
      <result msg="Assurance conservatively depends on other annotations  at  UniquenessTests.java line 18" source="/ComprehensiveUniquenessTests/src/test/UniquenessTests.java.html" line="18" baseImage="plus.gif" flags="2">
        <result msg="4 preconditions:" baseImage="choice_item.gif" flags="2">
          <result msg="Unique(p)  on  test.UniquenessTests.UniquenessTests(java.lang.Object)   at  UniquenessTests.java line 50" source="/ComprehensiveUniquenessTests/src/test/UniquenessTests.java.html" line="50" baseImage="annotation.gif" flags="2" />
          <result msg="Unique(p)  on  test.UniquenessTests.setUnshared3(java.lang.Object)   at  UniquenessTests.java line 89" source="/ComprehensiveUniquenessTests/src/test/UniquenessTests.java.html" line="89" baseImage="annotation.gif" flags="2" />
          <result msg="Unique(this)  on  test.UniquenessTests.bad_compromiseUniqueReceiver()   at  UniquenessTests.java line 377" source="/ComprehensiveUniquenessTests/src/test/UniquenessTests.java.html" line="377" baseImage="annotation.gif" flags="2" />
          <result msg="Unique(this)  on  test.UniquenessTests.setUnshared4()   at  UniquenessTests.java line 98" source="/ComprehensiveUniquenessTests/src/test/UniquenessTests.java.html" line="98" baseImage="annotation.gif" flags="2" />
        </result>
      </result>
      <result msg="Borrowed parameters of call new java.lang.Object  at  UniquenessTests.java line 287" source="/ComprehensiveUniquenessTests/src/test/UniquenessTests.java.html" line="287" baseImage="plus.gif" flags="2">
        <result msg="1 precondition:" baseImage="choice_item.gif" flags="2">
          <result msg="Borrowed(this)  on  java.lang.Object.Object()  at  java.lang.Object" baseImage="annotation.gif" flags="2" />
        </result>
      </result>
      <result msg="Borrowed parameters of call new java.lang.Object  at  UniquenessTests.java line 406" source="/ComprehensiveUniquenessTests/src/test/UniquenessTests.java.html" line="406" baseImage="plus.gif" flags="2">
        <result msg="1 precondition:" baseImage="choice_item.gif" flags="2">
          <result msg="Borrowed(this)  on  java.lang.Object.Object()  at  java.lang.Object" baseImage="annotation.gif" flags="2" />
        </result>
      </result>
      <result msg="Borrowed parameters of call new java.lang.Object  at  UniquenessTests.java line 43" source="/ComprehensiveUniquenessTests/src/test/UniquenessTests.java.html" line="43" baseImage="plus.gif" flags="2">
        <result msg="1 precondition:" baseImage="choice_item.gif" flags="2">
          <result msg="Borrowed(this)  on  java.lang.Object.Object()  at  java.lang.Object" baseImage="annotation.gif" flags="2" />
        </result>
      </result>
      <result msg="Borrowed parameters of call new java.lang.Object  at  UniquenessTests.java line 83" source="/ComprehensiveUniquenessTests/src/test/UniquenessTests.java.html" line="83" baseImage="plus.gif" flags="2">
        <result msg="1 precondition:" baseImage="choice_item.gif" flags="2">
          <result msg="Borrowed(this)  on  java.lang.Object.Object()  at  java.lang.Object" baseImage="annotation.gif" flags="2" />
        </result>
      </result>
      <result msg="Borrowed parameters of call super  at  UniquenessTests.java" source="/ComprehensiveUniquenessTests/src/test/UniquenessTests.java.html" line="0" baseImage="plus.gif" flags="2">
        <result msg="1 precondition:" baseImage="choice_item.gif" flags="2">
          <result msg="Borrowed(this)  on  java.lang.Object.Object()  at  java.lang.Object" baseImage="annotation.gif" flags="2" />
        </result>
      </result>
      <result msg="Borrowed parameters of call super  at  UniquenessTests.java" source="/ComprehensiveUniquenessTests/src/test/UniquenessTests.java.html" line="0" baseImage="plus.gif" flags="2">
        <result msg="1 precondition:" baseImage="choice_item.gif" flags="2">
          <result msg="Borrowed(this)  on  java.lang.Object.Object()  at  java.lang.Object" baseImage="annotation.gif" flags="2" />
        </result>
      </result>
      <result msg="Borrowed parameters of call super  at  UniquenessTests.java" source="/ComprehensiveUniquenessTests/src/test/UniquenessTests.java.html" line="0" baseImage="plus.gif" flags="2">
        <result msg="1 precondition:" baseImage="choice_item.gif" flags="2">
          <result msg="Borrowed(this)  on  java.lang.Object.Object()  at  java.lang.Object" baseImage="annotation.gif" flags="2" />
        </result>
      </result>
      <result msg="Borrowed parameters of call super  at  UniquenessTests.java" source="/ComprehensiveUniquenessTests/src/test/UniquenessTests.java.html" line="0" baseImage="plus.gif" flags="2">
        <result msg="1 precondition:" baseImage="choice_item.gif" flags="2">
          <result msg="Borrowed(this)  on  java.lang.Object.Object()  at  java.lang.Object" baseImage="annotation.gif" flags="2" />
        </result>
      </result>
      <result msg="Borrowed parameters of call this.okay3(o3)  at  UniquenessTests.java line 411" source="/ComprehensiveUniquenessTests/src/test/UniquenessTests.java.html" line="411" baseImage="plus.gif" flags="10" reddots="1">
        <result msg="1 precondition:" baseImage="choice_item.gif" flags="10" reddots="1">
          <result msg="Borrowed(p)  on  test.UniquenessTests.okay3(java.lang.Object)  at  UniquenessTests.java line 337" source="/ComprehensiveUniquenessTests/src/test/UniquenessTests.java.html" line="337" baseImage="annotation.gif" flags="26" reddots="1" />
        </result>
      </result>
      <result msg="Effects of call new java.lang.Object  at  UniquenessTests.java line 287" source="/ComprehensiveUniquenessTests/src/test/UniquenessTests.java.html" line="287" baseImage="plus.gif" flags="2">
        <result msg="1 precondition:" baseImage="choice_item.gif" flags="2">
          <result msg="No effects on java.lang.Object.Object()  at  java.lang.Object" baseImage="annotation.gif" flags="2" />
        </result>
      </result>
      <result msg="Effects of call new java.lang.Object  at  UniquenessTests.java line 406" source="/ComprehensiveUniquenessTests/src/test/UniquenessTests.java.html" line="406" baseImage="plus.gif" flags="2">
        <result msg="1 precondition:" baseImage="choice_item.gif" flags="2">
          <result msg="No effects on java.lang.Object.Object()  at  java.lang.Object" baseImage="annotation.gif" flags="2" />
        </result>
      </result>
      <result msg="Effects of call new java.lang.Object  at  UniquenessTests.java line 43" source="/ComprehensiveUniquenessTests/src/test/UniquenessTests.java.html" line="43" baseImage="plus.gif" flags="2">
        <result msg="1 precondition:" baseImage="choice_item.gif" flags="2">
          <result msg="No effects on java.lang.Object.Object()  at  java.lang.Object" baseImage="annotation.gif" flags="2" />
        </result>
      </result>
      <result msg="Effects of call new java.lang.Object  at  UniquenessTests.java line 83" source="/ComprehensiveUniquenessTests/src/test/UniquenessTests.java.html" line="83" baseImage="plus.gif" flags="2">
        <result msg="1 precondition:" baseImage="choice_item.gif" flags="2">
          <result msg="No effects on java.lang.Object.Object()  at  java.lang.Object" baseImage="annotation.gif" flags="2" />
        </result>
      </result>
      <result msg="Effects of call super  at  UniquenessTests.java" source="/ComprehensiveUniquenessTests/src/test/UniquenessTests.java.html" line="0" baseImage="plus.gif" flags="2">
        <result msg="1 precondition:" baseImage="choice_item.gif" flags="2">
          <result msg="No effects on java.lang.Object.Object()  at  java.lang.Object" baseImage="annotation.gif" flags="2" />
        </result>
      </result>
      <result msg="Effects of call super  at  UniquenessTests.java" source="/ComprehensiveUniquenessTests/src/test/UniquenessTests.java.html" line="0" baseImage="plus.gif" flags="2">
        <result msg="1 precondition:" baseImage="choice_item.gif" flags="2">
          <result msg="No effects on java.lang.Object.Object()  at  java.lang.Object" baseImage="annotation.gif" flags="2" />
        </result>
      </result>
      <result msg="Effects of call super  at  UniquenessTests.java" source="/ComprehensiveUniquenessTests/src/test/UniquenessTests.java.html" line="0" baseImage="plus.gif" flags="2">
        <result msg="1 precondition:" baseImage="choice_item.gif" flags="2">
          <result msg="No effects on java.lang.Object.Object()  at  java.lang.Object" baseImage="annotation.gif" flags="2" />
        </result>
      </result>
      <result msg="Effects of call super  at  UniquenessTests.java" source="/ComprehensiveUniquenessTests/src/test/UniquenessTests.java.html" line="0" baseImage="plus.gif" flags="2">
        <result msg="1 precondition:" baseImage="choice_item.gif" flags="2">
          <result msg="No effects on java.lang.Object.Object()  at  java.lang.Object" baseImage="annotation.gif" flags="2" />
        </result>
      </result>
      <result msg="Unique return value of call this.uniqueValue1  at  UniquenessTests.java line 109" source="/ComprehensiveUniquenessTests/src/test/UniquenessTests.java.html" line="109" baseImage="plus.gif" flags="2">
        <result msg="1 precondition:" baseImage="choice_item.gif" flags="2">
          <result msg="Unique(return)  on  test.UniquenessTests.uniqueValue1()   at  UniquenessTests.java line 123" source="/ComprehensiveUniquenessTests/src/test/UniquenessTests.java.html" line="123" baseImage="annotation.gif" flags="2">
            <result msg="Borrowed parameters of call new java.lang.Object  at  UniquenessTests.java line 124" source="/ComprehensiveUniquenessTests/src/test/UniquenessTests.java.html" line="124" baseImage="plus.gif" flags="2">
              <result msg="1 precondition:" baseImage="choice_item.gif" flags="2">
                <result msg="Borrowed(this)  on  java.lang.Object.Object()  at  java.lang.Object" baseImage="annotation.gif" flags="2" />
              </result>
            </result>
          </result>
        </result>
      </result>
      <result msg="Unique return value of call this.uniqueValue1  at  UniquenessTests.java line 60" source="/ComprehensiveUniquenessTests/src/test/UniquenessTests.java.html" line="60" baseImage="plus.gif" flags="2">
        <result msg="1 precondition:" baseImage="choice_item.gif" flags="2">
          <result msg="Unique(return)  on  test.UniquenessTests.uniqueValue1()   at  UniquenessTests.java line 123" source="/ComprehensiveUniquenessTests/src/test/UniquenessTests.java.html" line="123" baseImage="annotation.gif" flags="2">
            <result msg="Borrowed parameters of call new java.lang.Object  at  UniquenessTests.java line 124" source="/ComprehensiveUniquenessTests/src/test/UniquenessTests.java.html" line="124" baseImage="plus.gif" flags="2">
              <result msg="1 precondition:" baseImage="choice_item.gif" flags="2">
                <result msg="Borrowed(this)  on  java.lang.Object.Object()  at  java.lang.Object" baseImage="annotation.gif" flags="2" />
              </result>
            </result>
          </result>
        </result>
      </result>
    </result>
    <result msg="Unique(o)  on  test.UniqueParams.badConstructorUniqueParam2(java.lang.Object)   at  UniqueParams.java line 259" source="/ComprehensiveUniquenessTests/src/test/UniqueParams.java.html" line="259" baseImage="annotation.gif" flags="2" />
    <result msg="Unique(o)  on  test.UniqueParams.badUniqueParam2(java.lang.Object)   at  UniqueParams.java line 109" source="/ComprehensiveUniquenessTests/src/test/UniqueParams.java.html" line="109" baseImage="annotation.gif" flags="2" />
    <result msg="Unique(o)  on  test.UniqueParams.badUniqueReceiver2(test.UniqueParams)   at  UniqueParams.java line 185" source="/ComprehensiveUniquenessTests/src/test/UniqueParams.java.html" line="185" baseImage="annotation.gif" flags="2" />
    <result msg="Unique(o)  on  test.UniqueParams.goodConstructorUniqueParam2(java.lang.Object)   at  UniqueParams.java line 227" source="/ComprehensiveUniquenessTests/src/test/UniqueParams.java.html" line="227" baseImage="annotation.gif" flags="2" />
    <result msg="Unique(o)  on  test.UniqueParams.goodUniqueParam2(java.lang.Object)   at  UniqueParams.java line 77" source="/ComprehensiveUniquenessTests/src/test/UniqueParams.java.html" line="77" baseImage="annotation.gif" flags="2" />
    <result msg="Unique(o)  on  test.UniqueParams.goodUniqueReceiver2(test.UniqueParams)   at  UniqueParams.java line 153" source="/ComprehensiveUniquenessTests/src/test/UniqueParams.java.html" line="153" baseImage="annotation.gif" flags="2" />
    <result msg="Unique(p)  on  test.BorrowedParams.goodUniqueBorrowedParam3(test.BorrowedParams)   at  BorrowedParams.java line 142" source="/ComprehensiveUniquenessTests/src/test/BorrowedParams.java.html" line="142" baseImage="annotation.gif" flags="2" />
    <result msg="Unique(p)  on  test.BorrowedParams.goodUniqueBorrowedParam3b(test.BorrowedParams)   at  BorrowedParams.java line 179" source="/ComprehensiveUniquenessTests/src/test/BorrowedParams.java.html" line="179" baseImage="annotation.gif" flags="2" />
    <result msg="Unique(p)  on  test.BorrowedParams.goodUniqueBorrowedReceiver3(test.BorrowedParams)   at  BorrowedParams.java line 105" source="/ComprehensiveUniquenessTests/src/test/BorrowedParams.java.html" line="105" baseImage="annotation.gif" flags="2" />
    <result msg="Unique(p)  on  test.BorrowedParams.stillUnique(java.lang.Object)   at  BorrowedParams.java line 49" source="/ComprehensiveUniquenessTests/src/test/BorrowedParams.java.html" line="49" baseImage="annotation.gif" flags="2">
      <result msg="12 Unique precondition(s) satisfied" baseImage="folder.gif" flags="2">
        <result msg="test (12 issues)" baseImage="package.gif" flags="2">
          <result msg="test.BorrowedParams (12 issues)" baseImage="class.gif" flags="2">
            <result msg="Uniqueness preconditions satisfied when calling test.BorrowedParams.stillUnique(o)  at  BorrowedParams.java line 127" source="/ComprehensiveUniquenessTests/src/test/BorrowedParams.java.html" line="127" baseImage="plus.gif" flags="2">
              <result msg="1 precondition:" baseImage="choice_item.gif" flags="2">
                <result msg="Borrowed(this)  on  test.BorrowedParams.BorrowedParams()  at  BorrowedParams.java line 15" source="/ComprehensiveUniquenessTests/src/test/BorrowedParams.java.html" line="15" baseImage="annotation.gif" flags="2">
                  <result msg="Borrowed parameters of call super  at  BorrowedParams.java" source="/ComprehensiveUniquenessTests/src/test/BorrowedParams.java.html" line="0" baseImage="plus.gif" flags="2">
                    <result msg="1 precondition:" baseImage="choice_item.gif" flags="2">
                      <result msg="Borrowed(this)  on  java.lang.Object.Object()  at  java.lang.Object" baseImage="annotation.gif" flags="2" />
                    </result>
                  </result>
                </result>
              </result>
              <result msg="supporting information: May depend on unique object contructed by new test.BorrowedParams  at  BorrowedParams.java line 125" source="/ComprehensiveUniquenessTests/src/test/BorrowedParams.java.html" line="125" baseImage="info.gif" flags="0" />
            </result>
            <result msg="Uniqueness preconditions satisfied when calling test.BorrowedParams.stillUnique(o)  at  BorrowedParams.java line 136" source="/ComprehensiveUniquenessTests/src/test/BorrowedParams.java.html" line="136" baseImage="plus.gif" flags="2">
              <result msg="1 precondition:" baseImage="choice_item.gif" flags="2">
                <result msg="Unique(return)  on  test.BorrowedParams.getUnique()   at  BorrowedParams.java line 34" source="/ComprehensiveUniquenessTests/src/test/BorrowedParams.java.html" line="34" baseImage="annotation.gif" flags="2">
                  <result msg="Borrowed parameters of call new test.BorrowedParams  at  BorrowedParams.java line 36" source="/ComprehensiveUniquenessTests/src/test/BorrowedParams.java.html" line="36" baseImage="plus.gif" flags="2">
                    <result msg="1 precondition:" baseImage="choice_item.gif" flags="2">
                      <result msg="Borrowed(this)  on  test.BorrowedParams.BorrowedParams()  at  BorrowedParams.java line 15" source="/ComprehensiveUniquenessTests/src/test/BorrowedParams.java.html" line="15" baseImage="annotation.gif" flags="2">
                        <result msg="Borrowed parameters of call super  at  BorrowedParams.java" source="/ComprehensiveUniquenessTests/src/test/BorrowedParams.java.html" line="0" baseImage="plus.gif" flags="2">
                          <result msg="1 precondition:" baseImage="choice_item.gif" flags="2">
                            <result msg="Borrowed(this)  on  java.lang.Object.Object()  at  java.lang.Object" baseImage="annotation.gif" flags="2" />
                          </result>
                        </result>
                      </result>
                    </result>
                  </result>
                </result>
              </result>
              <result msg="supporting information: May depend on unique return value of this.getUnique  at  BorrowedParams.java line 134" source="/ComprehensiveUniquenessTests/src/test/BorrowedParams.java.html" line="134" baseImage="info.gif" flags="0" />
            </result>
            <result msg="Uniqueness preconditions satisfied when calling test.BorrowedParams.stillUnique(o)  at  BorrowedParams.java line 164" source="/ComprehensiveUniquenessTests/src/test/BorrowedParams.java.html" line="164" baseImage="plus.gif" flags="2">
              <result msg="1 precondition:" baseImage="choice_item.gif" flags="2">
                <result msg="Borrowed(this)  on  test.BorrowedParams.BorrowedParams()  at  BorrowedParams.java line 15" source="/ComprehensiveUniquenessTests/src/test/BorrowedParams.java.html" line="15" baseImage="annotation.gif" flags="2">
                  <result msg="Borrowed parameters of call super  at  BorrowedParams.java" source="/ComprehensiveUniquenessTests/src/test/BorrowedParams.java.html" line="0" baseImage="plus.gif" flags="2">
                    <result msg="1 precondition:" baseImage="choice_item.gif" flags="2">
                      <result msg="Borrowed(this)  on  java.lang.Object.Object()  at  java.lang.Object" baseImage="annotation.gif" flags="2" />
                    </result>
                  </result>
                </result>
              </result>
              <result msg="supporting information: May depend on unique object contructed by new test.BorrowedParams  at  BorrowedParams.java line 162" source="/ComprehensiveUniquenessTests/src/test/BorrowedParams.java.html" line="162" baseImage="info.gif" flags="0" />
            </result>
            <result msg="Uniqueness preconditions satisfied when calling test.BorrowedParams.stillUnique(o)  at  BorrowedParams.java line 173" source="/ComprehensiveUniquenessTests/src/test/BorrowedParams.java.html" line="173" baseImage="plus.gif" flags="2">
              <result msg="1 precondition:" baseImage="choice_item.gif" flags="2">
                <result msg="Unique(return)  on  test.BorrowedParams.getUnique()   at  BorrowedParams.java line 34" source="/ComprehensiveUniquenessTests/src/test/BorrowedParams.java.html" line="34" baseImage="annotation.gif" flags="2">
                  <result msg="Borrowed parameters of call new test.BorrowedParams  at  BorrowedParams.java line 36" source="/ComprehensiveUniquenessTests/src/test/BorrowedParams.java.html" line="36" baseImage="plus.gif" flags="2">
                    <result msg="1 precondition:" baseImage="choice_item.gif" flags="2">
                      <result msg="Borrowed(this)  on  test.BorrowedParams.BorrowedParams()  at  BorrowedParams.java line 15" source="/ComprehensiveUniquenessTests/src/test/BorrowedParams.java.html" line="15" baseImage="annotation.gif" flags="2">
                        <result msg="Borrowed parameters of call super  at  BorrowedParams.java" source="/ComprehensiveUniquenessTests/src/test/BorrowedParams.java.html" line="0" baseImage="plus.gif" flags="2">
                          <result msg="1 precondition:" baseImage="choice_item.gif" flags="2">
                            <result msg="Borrowed(this)  on  java.lang.Object.Object()  at  java.lang.Object" baseImage="annotation.gif" flags="2" />
                          </result>
                        </result>
                      </result>
                    </result>
                  </result>
                </result>
              </result>
              <result msg="supporting information: May depend on unique return value of this.getUnique  at  BorrowedParams.java line 171" source="/ComprehensiveUniquenessTests/src/test/BorrowedParams.java.html" line="171" baseImage="info.gif" flags="0" />
            </result>
            <result msg="Uniqueness preconditions satisfied when calling test.BorrowedParams.stillUnique(o)  at  BorrowedParams.java line 90" source="/ComprehensiveUniquenessTests/src/test/BorrowedParams.java.html" line="90" baseImage="plus.gif" flags="2">
              <result msg="1 precondition:" baseImage="choice_item.gif" flags="2">
                <result msg="Borrowed(this)  on  test.BorrowedParams.BorrowedParams()  at  BorrowedParams.java line 15" source="/ComprehensiveUniquenessTests/src/test/BorrowedParams.java.html" line="15" baseImage="annotation.gif" flags="2">
                  <result msg="Borrowed parameters of call super  at  BorrowedParams.java" source="/ComprehensiveUniquenessTests/src/test/BorrowedParams.java.html" line="0" baseImage="plus.gif" flags="2">
                    <result msg="1 precondition:" baseImage="choice_item.gif" flags="2">
                      <result msg="Borrowed(this)  on  java.lang.Object.Object()  at  java.lang.Object" baseImage="annotation.gif" flags="2" />
                    </result>
                  </result>
                </result>
              </result>
              <result msg="supporting information: May depend on unique object contructed by new test.BorrowedParams  at  BorrowedParams.java line 88" source="/ComprehensiveUniquenessTests/src/test/BorrowedParams.java.html" line="88" baseImage="info.gif" flags="0" />
            </result>
            <result msg="Uniqueness preconditions satisfied when calling test.BorrowedParams.stillUnique(o)  at  BorrowedParams.java line 99" source="/ComprehensiveUniquenessTests/src/test/BorrowedParams.java.html" line="99" baseImage="plus.gif" flags="2">
              <result msg="1 precondition:" baseImage="choice_item.gif" flags="2">
                <result msg="Unique(return)  on  test.BorrowedParams.getUnique()   at  BorrowedParams.java line 34" source="/ComprehensiveUniquenessTests/src/test/BorrowedParams.java.html" line="34" baseImage="annotation.gif" flags="2">
                  <result msg="Borrowed parameters of call new test.BorrowedParams  at  BorrowedParams.java line 36" source="/ComprehensiveUniquenessTests/src/test/BorrowedParams.java.html" line="36" baseImage="plus.gif" flags="2">
                    <result msg="1 precondition:" baseImage="choice_item.gif" flags="2">
                      <result msg="Borrowed(this)  on  test.BorrowedParams.BorrowedParams()  at  BorrowedParams.java line 15" source="/ComprehensiveUniquenessTests/src/test/BorrowedParams.java.html" line="15" baseImage="annotation.gif" flags="2">
                        <result msg="Borrowed parameters of call super  at  BorrowedParams.java" source="/ComprehensiveUniquenessTests/src/test/BorrowedParams.java.html" line="0" baseImage="plus.gif" flags="2">
                          <result msg="1 precondition:" baseImage="choice_item.gif" flags="2">
                            <result msg="Borrowed(this)  on  java.lang.Object.Object()  at  java.lang.Object" baseImage="annotation.gif" flags="2" />
                          </result>
                        </result>
                      </result>
                    </result>
                  </result>
                </result>
              </result>
              <result msg="supporting information: May depend on unique return value of this.getUnique  at  BorrowedParams.java line 97" source="/ComprehensiveUniquenessTests/src/test/BorrowedParams.java.html" line="97" baseImage="info.gif" flags="0" />
            </result>
            <result msg="Uniqueness preconditions satisfied when calling test.BorrowedParams.stillUnique(p)  at  BorrowedParams.java line 105" source="/ComprehensiveUniquenessTests/src/test/BorrowedParams.java.html" line="105" baseImage="plus.gif" flags="2">
              <result msg="1 precondition:" baseImage="choice_item.gif" flags="2">
                <result msg="Unique(p)  on  test.BorrowedParams.goodUniqueBorrowedReceiver3(test.BorrowedParams)   at  BorrowedParams.java line 105" source="/ComprehensiveUniquenessTests/src/test/BorrowedParams.java.html" line="105" baseImage="annotation.gif" flags="2" />
              </result>
            </result>
            <result msg="Uniqueness preconditions satisfied when calling test.BorrowedParams.stillUnique(p)  at  BorrowedParams.java line 142" source="/ComprehensiveUniquenessTests/src/test/BorrowedParams.java.html" line="142" baseImage="plus.gif" flags="2">
              <result msg="1 precondition:" baseImage="choice_item.gif" flags="2">
                <result msg="Unique(p)  on  test.BorrowedParams.goodUniqueBorrowedParam3(test.BorrowedParams)   at  BorrowedParams.java line 142" source="/ComprehensiveUniquenessTests/src/test/BorrowedParams.java.html" line="142" baseImage="annotation.gif" flags="2" />
              </result>
            </result>
            <result msg="Uniqueness preconditions satisfied when calling test.BorrowedParams.stillUnique(p)  at  BorrowedParams.java line 179" source="/ComprehensiveUniquenessTests/src/test/BorrowedParams.java.html" line="179" baseImage="plus.gif" flags="2">
              <result msg="1 precondition:" baseImage="choice_item.gif" flags="2">
                <result msg="Unique(p)  on  test.BorrowedParams.goodUniqueBorrowedParam3b(test.BorrowedParams)   at  BorrowedParams.java line 179" source="/ComprehensiveUniquenessTests/src/test/BorrowedParams.java.html" line="179" baseImage="annotation.gif" flags="2" />
              </result>
            </result>
            <result msg="Uniqueness preconditions satisfied when calling test.BorrowedParams.stillUnique(this)  at  BorrowedParams.java line 110" source="/ComprehensiveUniquenessTests/src/test/BorrowedParams.java.html" line="110" baseImage="plus.gif" flags="2">
              <result msg="1 precondition:" baseImage="choice_item.gif" flags="2">
                <result msg="Unique(this)  on  test.BorrowedParams.goodUniqueBorrowedReceiver4()   at  BorrowedParams.java line 113" source="/ComprehensiveUniquenessTests/src/test/BorrowedParams.java.html" line="113" baseImage="annotation.gif" flags="2" />
              </result>
            </result>
            <result msg="Uniqueness preconditions satisfied when calling test.BorrowedParams.stillUnique(this)  at  BorrowedParams.java line 147" source="/ComprehensiveUniquenessTests/src/test/BorrowedParams.java.html" line="147" baseImage="plus.gif" flags="2">
              <result msg="1 precondition:" baseImage="choice_item.gif" flags="2">
                <result msg="Unique(this)  on  test.BorrowedParams.goodUniqueBorrowedParam4()   at  BorrowedParams.java line 150" source="/ComprehensiveUniquenessTests/src/test/BorrowedParams.java.html" line="150" baseImage="annotation.gif" flags="2" />
              </result>
            </result>
            <result msg="Uniqueness preconditions satisfied when calling test.BorrowedParams.stillUnique(this)  at  BorrowedParams.java line 184" source="/ComprehensiveUniquenessTests/src/test/BorrowedParams.java.html" line="184" baseImage="plus.gif" flags="2">
              <result msg="1 precondition:" baseImage="choice_item.gif" flags="2">
                <result msg="Unique(this)  on  test.BorrowedParams.goodUniqueBorrowedParam4b()   at  BorrowedParams.java line 187" source="/ComprehensiveUniquenessTests/src/test/BorrowedParams.java.html" line="187" baseImage="annotation.gif" flags="2" />
              </result>
            </result>
          </result>
        </result>
      </result>
    </result>
    <result msg="Unique(p)  on  test.UniqueParams.UniqueParams(java.lang.Object)   at  UniqueParams.java line 22" source="/ComprehensiveUniquenessTests/src/test/UniqueParams.java.html" line="22" baseImage="annotation.gif" flags="4">
      <result msg="4 Unique precondition(s) satisfied" baseImage="folder.gif" flags="2">
        <result msg="test (4 issues)" baseImage="package.gif" flags="2">
          <result msg="test.UniqueParams (4 issues)" baseImage="class.gif" flags="2">
            <result msg="Uniqueness preconditions satisfied when calling new test.UniqueParams (o)  at  UniqueParams.java line 221" source="/ComprehensiveUniquenessTests/src/test/UniqueParams.java.html" line="221" baseImage="plus.gif" flags="2">
              <result msg="1 precondition:" baseImage="choice_item.gif" flags="2">
                <result msg="Borrowed(this)  on  java.lang.Object.Object()  at  java.lang.Object" baseImage="annotation.gif" flags="2" />
              </result>
              <result msg="supporting information: May depend on unique object contructed by new java.lang.Object  at  UniqueParams.java line 220" source="/ComprehensiveUniquenessTests/src/test/UniqueParams.java.html" line="220" baseImage="info.gif" flags="0" />
            </result>
            <result msg="Uniqueness preconditions satisfied when calling new test.UniqueParams (o)  at  UniqueParams.java line 227" source="/ComprehensiveUniquenessTests/src/test/UniqueParams.java.html" line="227" baseImage="plus.gif" flags="2">
              <result msg="1 precondition:" baseImage="choice_item.gif" flags="2">
                <result msg="Unique(o)  on  test.UniqueParams.goodConstructorUniqueParam2(java.lang.Object)   at  UniqueParams.java line 227" source="/ComprehensiveUniquenessTests/src/test/UniqueParams.java.html" line="227" baseImage="annotation.gif" flags="2" />
              </result>
            </result>
            <result msg="Uniqueness preconditions satisfied when calling new test.UniqueParams (this)  at  UniqueParams.java line 238" source="/ComprehensiveUniquenessTests/src/test/UniqueParams.java.html" line="238" baseImage="plus.gif" flags="2">
              <result msg="1 precondition:" baseImage="choice_item.gif" flags="2">
                <result msg="Unique(this)  on  test.UniqueParams.goodConstructorUniqueParam4()   at  UniqueParams.java line 241" source="/ComprehensiveUniquenessTests/src/test/UniqueParams.java.html" line="241" baseImage="annotation.gif" flags="2" />
              </result>
            </result>
            <result msg="Uniqueness preconditions satisfied when calling new test.UniqueParams (this.getUnique)  at  UniqueParams.java line 235" source="/ComprehensiveUniquenessTests/src/test/UniqueParams.java.html" line="235" baseImage="plus.gif" flags="2">
              <result msg="1 precondition:" baseImage="choice_item.gif" flags="2">
                <result msg="Unique(return)  on  test.UniqueParams.getUnique()   at  UniqueParams.java line 46" source="/ComprehensiveUniquenessTests/src/test/UniqueParams.java.html" line="46" baseImage="annotation.gif" flags="2">
                  <result msg="Borrowed parameters of call new test.UniqueParams  at  UniqueParams.java line 48" source="/ComprehensiveUniquenessTests/src/test/UniqueParams.java.html" line="48" baseImage="plus.gif" flags="2">
                    <result msg="1 precondition:" baseImage="choice_item.gif" flags="2">
                      <result msg="Borrowed(this)  on  test.UniqueParams.UniqueParams()  at  UniqueParams.java line 14" source="/ComprehensiveUniquenessTests/src/test/UniqueParams.java.html" line="14" baseImage="annotation.gif" flags="2">
                        <result msg="Borrowed parameters of call super  at  UniqueParams.java" source="/ComprehensiveUniquenessTests/src/test/UniqueParams.java.html" line="0" baseImage="plus.gif" flags="2">
                          <result msg="1 precondition:" baseImage="choice_item.gif" flags="2">
                            <result msg="Borrowed(this)  on  java.lang.Object.Object()  at  java.lang.Object" baseImage="annotation.gif" flags="2" />
                          </result>
                        </result>
                      </result>
                    </result>
                  </result>
                </result>
              </result>
              <result msg="supporting information: May depend on unique return value of this.getUnique  at  UniqueParams.java line 235" source="/ComprehensiveUniquenessTests/src/test/UniqueParams.java.html" line="235" baseImage="info.gif" flags="0" />
            </result>
          </result>
        </result>
      </result>
      <result msg="5 Unique precondition(s) unsatisfied" baseImage="folder.gif" flags="4">
        <result msg="test (5 issues)" baseImage="package.gif" flags="4">
          <result msg="test.UniqueParams (5 issues)" baseImage="class.gif" flags="4">
            <result msg="Uniqueness preconditions not satisfied when calling new test.UniqueParams (o)  at  UniqueParams.java line 252" source="/ComprehensiveUniquenessTests/src/test/UniqueParams.java.html" line="252" baseImage="red_x.gif" flags="4">
              <result msg="1 precondition:" baseImage="choice_item.gif" flags="2">
                <result msg="Borrowed(this)  on  java.lang.Object.Object()  at  java.lang.Object" baseImage="annotation.gif" flags="2" />
              </result>
              <result msg="supporting information:" baseImage="folder.gif" flags="0">
                <result msg="(Shared value on stack not unique, Shared value on stack not unique)  at  UniqueParams.java line 252" source="/ComprehensiveUniquenessTests/src/test/UniqueParams.java.html" line="252" baseImage="info.gif" flags="0" />
                <result msg="May depend on unique object contructed by new java.lang.Object  at  UniqueParams.java line 250" source="/ComprehensiveUniquenessTests/src/test/UniqueParams.java.html" line="250" baseImage="info.gif" flags="0" />
              </result>
            </result>
            <result msg="Uniqueness preconditions not satisfied when calling new test.UniqueParams (o)  at  UniqueParams.java line 259" source="/ComprehensiveUniquenessTests/src/test/UniqueParams.java.html" line="259" baseImage="red_x.gif" flags="4">
              <result msg="1 precondition:" baseImage="choice_item.gif" flags="2">
                <result msg="Unique(o)  on  test.UniqueParams.badConstructorUniqueParam2(java.lang.Object)   at  UniqueParams.java line 259" source="/ComprehensiveUniquenessTests/src/test/UniqueParams.java.html" line="259" baseImage="annotation.gif" flags="2" />
              </result>
              <result msg="supporting information: (Shared value on stack not unique, Shared value on stack not unique)  at  UniqueParams.java line 261" source="/ComprehensiveUniquenessTests/src/test/UniqueParams.java.html" line="261" baseImage="info.gif" flags="0" />
            </result>
            <result msg="Uniqueness preconditions not satisfied when calling new test.UniqueParams (o)  at  UniqueParams.java line 270" source="/ComprehensiveUniquenessTests/src/test/UniqueParams.java.html" line="270" baseImage="red_x.gif" flags="4">
              <result msg="1 precondition:" baseImage="choice_item.gif" flags="2">
                <result msg="Unique(return)  on  test.UniqueParams.getUnique()   at  UniqueParams.java line 46" source="/ComprehensiveUniquenessTests/src/test/UniqueParams.java.html" line="46" baseImage="annotation.gif" flags="2">
                  <result msg="Borrowed parameters of call new test.UniqueParams  at  UniqueParams.java line 48" source="/ComprehensiveUniquenessTests/src/test/UniqueParams.java.html" line="48" baseImage="plus.gif" flags="2">
                    <result msg="1 precondition:" baseImage="choice_item.gif" flags="2">
                      <result msg="Borrowed(this)  on  test.UniqueParams.UniqueParams()  at  UniqueParams.java line 14" source="/ComprehensiveUniquenessTests/src/test/UniqueParams.java.html" line="14" baseImage="annotation.gif" flags="2">
                        <result msg="Borrowed parameters of call super  at  UniqueParams.java" source="/ComprehensiveUniquenessTests/src/test/UniqueParams.java.html" line="0" baseImage="plus.gif" flags="2">
                          <result msg="1 precondition:" baseImage="choice_item.gif" flags="2">
                            <result msg="Borrowed(this)  on  java.lang.Object.Object()  at  java.lang.Object" baseImage="annotation.gif" flags="2" />
                          </result>
                        </result>
                      </result>
                    </result>
                  </result>
                </result>
              </result>
              <result msg="supporting information:" baseImage="folder.gif" flags="0">
                <result msg="(Shared value on stack not unique, Shared value on stack not unique)  at  UniqueParams.java line 270" source="/ComprehensiveUniquenessTests/src/test/UniqueParams.java.html" line="270" baseImage="info.gif" flags="0" />
                <result msg="May depend on unique return value of this.getUnique  at  UniqueParams.java line 268" source="/ComprehensiveUniquenessTests/src/test/UniqueParams.java.html" line="268" baseImage="info.gif" flags="0" />
              </result>
            </result>
            <result msg="Uniqueness preconditions not satisfied when calling new test.UniqueParams (o)  at  UniqueParams.java line 278" source="/ComprehensiveUniquenessTests/src/test/UniqueParams.java.html" line="278" baseImage="red_x.gif" flags="0">
              <result msg="supporting information: (Shared value on stack not unique, Shared value on stack not unique)  at  UniqueParams.java line 278" source="/ComprehensiveUniquenessTests/src/test/UniqueParams.java.html" line="278" baseImage="info.gif" flags="0" />
            </result>
            <result msg="Uniqueness preconditions not satisfied when calling new test.UniqueParams (this)  at  UniqueParams.java line 281" source="/ComprehensiveUniquenessTests/src/test/UniqueParams.java.html" line="281" baseImage="red_x.gif" flags="4">
              <result msg="1 precondition:" baseImage="choice_item.gif" flags="2">
                <result msg="Unique(this)  on  test.UniqueParams.badConstructorUniqueParam5()   at  UniqueParams.java line 284" source="/ComprehensiveUniquenessTests/src/test/UniqueParams.java.html" line="284" baseImage="annotation.gif" flags="2" />
              </result>
              <result msg="supporting information: (Shared value on stack not unique, Shared value on stack not unique)  at  UniqueParams.java line 287" source="/ComprehensiveUniquenessTests/src/test/UniqueParams.java.html" line="287" baseImage="info.gif" flags="0" />
            </result>
          </result>
        </result>
      </result>
    </result>
    <result msg="Unique(p)  on  test.UniqueParams.needsUniqueParam(java.lang.Object)   at  UniqueParams.java line 37" source="/ComprehensiveUniquenessTests/src/test/UniqueParams.java.html" line="37" baseImage="annotation.gif" flags="4">
      <result msg="4 Unique precondition(s) satisfied" baseImage="folder.gif" flags="2">
        <result msg="test (4 issues)" baseImage="package.gif" flags="2">
          <result msg="test.UniqueParams (4 issues)" baseImage="class.gif" flags="2">
            <result msg="Uniqueness preconditions satisfied when calling test.UniqueParams.needsUniqueParam(o)  at  UniqueParams.java line 71" source="/ComprehensiveUniquenessTests/src/test/UniqueParams.java.html" line="71" baseImage="plus.gif" flags="2">
              <result msg="1 precondition:" baseImage="choice_item.gif" flags="2">
                <result msg="Borrowed(this)  on  java.lang.Object.Object()  at  java.lang.Object" baseImage="annotation.gif" flags="2" />
              </result>
              <result msg="supporting information: May depend on unique object contructed by new java.lang.Object  at  UniqueParams.java line 70" source="/ComprehensiveUniquenessTests/src/test/UniqueParams.java.html" line="70" baseImage="info.gif" flags="0" />
            </result>
            <result msg="Uniqueness preconditions satisfied when calling test.UniqueParams.needsUniqueParam(o)  at  UniqueParams.java line 77" source="/ComprehensiveUniquenessTests/src/test/UniqueParams.java.html" line="77" baseImage="plus.gif" flags="2">
              <result msg="1 precondition:" baseImage="choice_item.gif" flags="2">
                <result msg="Unique(o)  on  test.UniqueParams.goodUniqueParam2(java.lang.Object)   at  UniqueParams.java line 77" source="/ComprehensiveUniquenessTests/src/test/UniqueParams.java.html" line="77" baseImage="annotation.gif" flags="2" />
              </result>
            </result>
            <result msg="Uniqueness preconditions satisfied when calling test.UniqueParams.needsUniqueParam(this)  at  UniqueParams.java line 88" source="/ComprehensiveUniquenessTests/src/test/UniqueParams.java.html" line="88" baseImage="plus.gif" flags="2">
              <result msg="1 precondition:" baseImage="choice_item.gif" flags="2">
                <result msg="Unique(this)  on  test.UniqueParams.goodUniqueParam4()   at  UniqueParams.java line 91" source="/ComprehensiveUniquenessTests/src/test/UniqueParams.java.html" line="91" baseImage="annotation.gif" flags="2" />
              </result>
            </result>
            <result msg="Uniqueness preconditions satisfied when calling test.UniqueParams.needsUniqueParam(this.getUnique)  at  UniqueParams.java line 85" source="/ComprehensiveUniquenessTests/src/test/UniqueParams.java.html" line="85" baseImage="plus.gif" flags="2">
              <result msg="1 precondition:" baseImage="choice_item.gif" flags="2">
                <result msg="Unique(return)  on  test.UniqueParams.getUnique()   at  UniqueParams.java line 46" source="/ComprehensiveUniquenessTests/src/test/UniqueParams.java.html" line="46" baseImage="annotation.gif" flags="2">
                  <result msg="Borrowed parameters of call new test.UniqueParams  at  UniqueParams.java line 48" source="/ComprehensiveUniquenessTests/src/test/UniqueParams.java.html" line="48" baseImage="plus.gif" flags="2">
                    <result msg="1 precondition:" baseImage="choice_item.gif" flags="2">
                      <result msg="Borrowed(this)  on  test.UniqueParams.UniqueParams()  at  UniqueParams.java line 14" source="/ComprehensiveUniquenessTests/src/test/UniqueParams.java.html" line="14" baseImage="annotation.gif" flags="2">
                        <result msg="Borrowed parameters of call super  at  UniqueParams.java" source="/ComprehensiveUniquenessTests/src/test/UniqueParams.java.html" line="0" baseImage="plus.gif" flags="2">
                          <result msg="1 precondition:" baseImage="choice_item.gif" flags="2">
                            <result msg="Borrowed(this)  on  java.lang.Object.Object()  at  java.lang.Object" baseImage="annotation.gif" flags="2" />
                          </result>
                        </result>
                      </result>
                    </result>
                  </result>
                </result>
              </result>
              <result msg="supporting information: May depend on unique return value of this.getUnique  at  UniqueParams.java line 85" source="/ComprehensiveUniquenessTests/src/test/UniqueParams.java.html" line="85" baseImage="info.gif" flags="0" />
            </result>
          </result>
        </result>
      </result>
      <result msg="5 Unique precondition(s) unsatisfied" baseImage="folder.gif" flags="4">
        <result msg="test (5 issues)" baseImage="package.gif" flags="4">
          <result msg="test.UniqueParams (5 issues)" baseImage="class.gif" flags="4">
            <result msg="Uniqueness preconditions not satisfied when calling test.UniqueParams.needsUniqueParam(o)  at  UniqueParams.java line 102" source="/ComprehensiveUniquenessTests/src/test/UniqueParams.java.html" line="102" baseImage="red_x.gif" flags="4">
              <result msg="1 precondition:" baseImage="choice_item.gif" flags="2">
                <result msg="Borrowed(this)  on  java.lang.Object.Object()  at  java.lang.Object" baseImage="annotation.gif" flags="2" />
              </result>
              <result msg="supporting information:" baseImage="folder.gif" flags="0">
                <result msg="(Shared value on stack not unique, Shared value on stack not unique)  at  UniqueParams.java line 102" source="/ComprehensiveUniquenessTests/src/test/UniqueParams.java.html" line="102" baseImage="info.gif" flags="0" />
                <result msg="May depend on unique object contructed by new java.lang.Object  at  UniqueParams.java line 100" source="/ComprehensiveUniquenessTests/src/test/UniqueParams.java.html" line="100" baseImage="info.gif" flags="0" />
              </result>
            </result>
            <result msg="Uniqueness preconditions not satisfied when calling test.UniqueParams.needsUniqueParam(o)  at  UniqueParams.java line 109" source="/ComprehensiveUniquenessTests/src/test/UniqueParams.java.html" line="109" baseImage="red_x.gif" flags="4">
              <result msg="1 precondition:" baseImage="choice_item.gif" flags="2">
                <result msg="Unique(o)  on  test.UniqueParams.badUniqueParam2(java.lang.Object)   at  UniqueParams.java line 109" source="/ComprehensiveUniquenessTests/src/test/UniqueParams.java.html" line="109" baseImage="annotation.gif" flags="2" />
              </result>
              <result msg="supporting information: (Shared value on stack not unique, Shared value on stack not unique)  at  UniqueParams.java line 111" source="/ComprehensiveUniquenessTests/src/test/UniqueParams.java.html" line="111" baseImage="info.gif" flags="0" />
            </result>
            <result msg="Uniqueness preconditions not satisfied when calling test.UniqueParams.needsUniqueParam(o)  at  UniqueParams.java line 120" source="/ComprehensiveUniquenessTests/src/test/UniqueParams.java.html" line="120" baseImage="red_x.gif" flags="4">
              <result msg="1 precondition:" baseImage="choice_item.gif" flags="2">
                <result msg="Unique(return)  on  test.UniqueParams.getUnique()   at  UniqueParams.java line 46" source="/ComprehensiveUniquenessTests/src/test/UniqueParams.java.html" line="46" baseImage="annotation.gif" flags="2">
                  <result msg="Borrowed parameters of call new test.UniqueParams  at  UniqueParams.java line 48" source="/ComprehensiveUniquenessTests/src/test/UniqueParams.java.html" line="48" baseImage="plus.gif" flags="2">
                    <result msg="1 precondition:" baseImage="choice_item.gif" flags="2">
                      <result msg="Borrowed(this)  on  test.UniqueParams.UniqueParams()  at  UniqueParams.java line 14" source="/ComprehensiveUniquenessTests/src/test/UniqueParams.java.html" line="14" baseImage="annotation.gif" flags="2">
                        <result msg="Borrowed parameters of call super  at  UniqueParams.java" source="/ComprehensiveUniquenessTests/src/test/UniqueParams.java.html" line="0" baseImage="plus.gif" flags="2">
                          <result msg="1 precondition:" baseImage="choice_item.gif" flags="2">
                            <result msg="Borrowed(this)  on  java.lang.Object.Object()  at  java.lang.Object" baseImage="annotation.gif" flags="2" />
                          </result>
                        </result>
                      </result>
                    </result>
                  </result>
                </result>
              </result>
              <result msg="supporting information:" baseImage="folder.gif" flags="0">
                <result msg="(Shared value on stack not unique, Shared value on stack not unique)  at  UniqueParams.java line 120" source="/ComprehensiveUniquenessTests/src/test/UniqueParams.java.html" line="120" baseImage="info.gif" flags="0" />
                <result msg="May depend on unique return value of this.getUnique  at  UniqueParams.java line 118" source="/ComprehensiveUniquenessTests/src/test/UniqueParams.java.html" line="118" baseImage="info.gif" flags="0" />
              </result>
            </result>
            <result msg="Uniqueness preconditions not satisfied when calling test.UniqueParams.needsUniqueParam(o)  at  UniqueParams.java line 128" source="/ComprehensiveUniquenessTests/src/test/UniqueParams.java.html" line="128" baseImage="red_x.gif" flags="0">
              <result msg="supporting information: (Shared value on stack not unique, Shared value on stack not unique)  at  UniqueParams.java line 128" source="/ComprehensiveUniquenessTests/src/test/UniqueParams.java.html" line="128" baseImage="info.gif" flags="0" />
            </result>
            <result msg="Uniqueness preconditions not satisfied when calling test.UniqueParams.needsUniqueParam(this)  at  UniqueParams.java line 131" source="/ComprehensiveUniquenessTests/src/test/UniqueParams.java.html" line="131" baseImage="red_x.gif" flags="4">
              <result msg="1 precondition:" baseImage="choice_item.gif" flags="2">
                <result msg="Unique(this)  on  test.UniqueParams.badUniqueParam5()   at  UniqueParams.java line 134" source="/ComprehensiveUniquenessTests/src/test/UniqueParams.java.html" line="134" baseImage="annotation.gif" flags="2" />
              </result>
              <result msg="supporting information: (Shared value on stack not unique, Shared value on stack not unique)  at  UniqueParams.java line 137" source="/ComprehensiveUniquenessTests/src/test/UniqueParams.java.html" line="137" baseImage="info.gif" flags="0" />
            </result>
          </result>
        </result>
      </result>
    </result>
    <result msg="Unique(p)  on  test.UniquenessTests.UniquenessTests(java.lang.Object)   at  UniquenessTests.java line 50" source="/ComprehensiveUniquenessTests/src/test/UniquenessTests.java.html" line="50" baseImage="annotation.gif" flags="2" />
    <result msg="Unique(p)  on  test.UniquenessTests.setUnshared3(java.lang.Object)   at  UniquenessTests.java line 89" source="/ComprehensiveUniquenessTests/src/test/UniquenessTests.java.html" line="89" baseImage="annotation.gif" flags="2" />
    <result msg="Unique(p)  on  test.UniquenessTests.uniqueValue3(java.lang.Object)   at  UniquenessTests.java line 137" source="/ComprehensiveUniquenessTests/src/test/UniquenessTests.java.html" line="137" baseImage="annotation.gif" flags="2" />
    <result msg="Unique(return)  on  test.BorrowedParams.getUnique()   at  BorrowedParams.java line 34" source="/ComprehensiveUniquenessTests/src/test/BorrowedParams.java.html" line="34" baseImage="annotation.gif" flags="2">
      <result msg="Borrowed parameters of call new test.BorrowedParams  at  BorrowedParams.java line 36" source="/ComprehensiveUniquenessTests/src/test/BorrowedParams.java.html" line="36" baseImage="plus.gif" flags="2">
        <result msg="1 precondition:" baseImage="choice_item.gif" flags="2">
          <result msg="Borrowed(this)  on  test.BorrowedParams.BorrowedParams()  at  BorrowedParams.java line 15" source="/ComprehensiveUniquenessTests/src/test/BorrowedParams.java.html" line="15" baseImage="annotation.gif" flags="2">
            <result msg="Borrowed parameters of call super  at  BorrowedParams.java" source="/ComprehensiveUniquenessTests/src/test/BorrowedParams.java.html" line="0" baseImage="plus.gif" flags="2">
              <result msg="1 precondition:" baseImage="choice_item.gif" flags="2">
                <result msg="Borrowed(this)  on  java.lang.Object.Object()  at  java.lang.Object" baseImage="annotation.gif" flags="2" />
              </result>
            </result>
          </result>
        </result>
      </result>
    </result>
    <result msg="Unique(return)  on  test.MoreUniqueReturnValues.badReturnUnique1(boolean,java.lang.Object,java.lang.Object)   at  MoreUniqueReturnValues.java line 28" source="/ComprehensiveUniquenessTests/src/test/MoreUniqueReturnValues.java.html" line="28" baseImage="annotation.gif" flags="2">
      <result msg="Assurance conservatively depends on other annotations  at  MoreUniqueReturnValues.java line 28" source="/ComprehensiveUniquenessTests/src/test/MoreUniqueReturnValues.java.html" line="28" baseImage="plus.gif" flags="2">
        <result msg="1 precondition:" baseImage="choice_item.gif" flags="2">
          <result msg="Unique(x)  on  test.MoreUniqueReturnValues.badReturnUnique1(boolean,java.lang.Object,java.lang.Object)   at  MoreUniqueReturnValues.java line 29" source="/ComprehensiveUniquenessTests/src/test/MoreUniqueReturnValues.java.html" line="29" baseImage="annotation.gif" flags="2" />
        </result>
      </result>
    </result>
    <result msg="Unique(return)  on  test.MoreUniqueReturnValues.badReturnUnique2(boolean,java.lang.Object,java.lang.Object)   at  MoreUniqueReturnValues.java line 37" source="/ComprehensiveUniquenessTests/src/test/MoreUniqueReturnValues.java.html" line="37" baseImage="annotation.gif" flags="2" />
    <result msg="Unique(return)  on  test.MoreUniqueReturnValues.goodReturnUnique1(boolean)   at  MoreUniqueReturnValues.java line 10" source="/ComprehensiveUniquenessTests/src/test/MoreUniqueReturnValues.java.html" line="10" baseImage="annotation.gif" flags="2">
      <result msg="Borrowed parameters of call new java.lang.Object  at  MoreUniqueReturnValues.java line 13" source="/ComprehensiveUniquenessTests/src/test/MoreUniqueReturnValues.java.html" line="13" baseImage="plus.gif" flags="2">
        <result msg="1 precondition:" baseImage="choice_item.gif" flags="2">
          <result msg="Borrowed(this)  on  java.lang.Object.Object()  at  java.lang.Object" baseImage="annotation.gif" flags="2" />
        </result>
      </result>
      <result msg="Borrowed parameters of call new java.lang.Object  at  MoreUniqueReturnValues.java line 15" source="/ComprehensiveUniquenessTests/src/test/MoreUniqueReturnValues.java.html" line="15" baseImage="plus.gif" flags="2">
        <result msg="1 precondition:" baseImage="choice_item.gif" flags="2">
          <result msg="Borrowed(this)  on  java.lang.Object.Object()  at  java.lang.Object" baseImage="annotation.gif" flags="2" />
        </result>
      </result>
    </result>
    <result msg="Unique(return)  on  test.MoreUniqueReturnValues.goodReturnUnique2(boolean,java.lang.Object,java.lang.Object)   at  MoreUniqueReturnValues.java line 19" source="/ComprehensiveUniquenessTests/src/test/MoreUniqueReturnValues.java.html" line="19" baseImage="annotation.gif" flags="2">
      <result msg="Assurance conservatively depends on other annotations  at  MoreUniqueReturnValues.java line 19" source="/ComprehensiveUniquenessTests/src/test/MoreUniqueReturnValues.java.html" line="19" baseImage="plus.gif" flags="2">
        <result msg="2 preconditions:" baseImage="choice_item.gif" flags="2">
          <result msg="Unique(x)  on  test.MoreUniqueReturnValues.goodReturnUnique2(boolean,java.lang.Object,java.lang.Object)   at  MoreUniqueReturnValues.java line 20" source="/ComprehensiveUniquenessTests/src/test/MoreUniqueReturnValues.java.html" line="20" baseImage="annotation.gif" flags="2" />
          <result msg="Unique(y)  on  test.MoreUniqueReturnValues.goodReturnUnique2(boolean,java.lang.Object,java.lang.Object)   at  MoreUniqueReturnValues.java line 20" source="/ComprehensiveUniquenessTests/src/test/MoreUniqueReturnValues.java.html" line="20" baseImage="annotation.gif" flags="2" />
        </result>
      </result>
    </result>
    <result msg="Unique(return)  on  test.UniqueParams.getUnique()   at  UniqueParams.java line 46" source="/ComprehensiveUniquenessTests/src/test/UniqueParams.java.html" line="46" baseImage="annotation.gif" flags="2">
      <result msg="Borrowed parameters of call new test.UniqueParams  at  UniqueParams.java line 48" source="/ComprehensiveUniquenessTests/src/test/UniqueParams.java.html" line="48" baseImage="plus.gif" flags="2">
        <result msg="1 precondition:" baseImage="choice_item.gif" flags="2">
          <result msg="Borrowed(this)  on  test.UniqueParams.UniqueParams()  at  UniqueParams.java line 14" source="/ComprehensiveUniquenessTests/src/test/UniqueParams.java.html" line="14" baseImage="annotation.gif" flags="2">
            <result msg="Borrowed parameters of call super  at  UniqueParams.java" source="/ComprehensiveUniquenessTests/src/test/UniqueParams.java.html" line="0" baseImage="plus.gif" flags="2">
              <result msg="1 precondition:" baseImage="choice_item.gif" flags="2">
                <result msg="Borrowed(this)  on  java.lang.Object.Object()  at  java.lang.Object" baseImage="annotation.gif" flags="2" />
              </result>
            </result>
          </result>
        </result>
      </result>
    </result>
    <result msg="Unique(return)  on  test.UniquenessTests.bad_notUniqueValue1()   at  UniquenessTests.java line 167" source="/ComprehensiveUniquenessTests/src/test/UniquenessTests.java.html" line="167" baseImage="annotation.gif" flags="2" />
    <result msg="Unique(return)  on  test.UniquenessTests.bad_notUniqueValue2(java.lang.Object)   at  UniquenessTests.java line 174" source="/ComprehensiveUniquenessTests/src/test/UniquenessTests.java.html" line="174" baseImage="annotation.gif" flags="2" />
    <result msg="Unique(return)  on  test.UniquenessTests.bad_notUniqueValue3()   at  UniquenessTests.java line 181" source="/ComprehensiveUniquenessTests/src/test/UniquenessTests.java.html" line="181" baseImage="annotation.gif" flags="2" />
    <result msg="Unique(return)  on  test.UniquenessTests.bad_notUniqueValue4()   at  UniquenessTests.java line 188" source="/ComprehensiveUniquenessTests/src/test/UniquenessTests.java.html" line="188" baseImage="annotation.gif" flags="2" />
    <result msg="Unique(return)  on  test.UniquenessTests.uniqueValue1()   at  UniquenessTests.java line 123" source="/ComprehensiveUniquenessTests/src/test/UniquenessTests.java.html" line="123" baseImage="annotation.gif" flags="2">
      <result msg="Borrowed parameters of call new java.lang.Object  at  UniquenessTests.java line 124" source="/ComprehensiveUniquenessTests/src/test/UniquenessTests.java.html" line="124" baseImage="plus.gif" flags="2">
        <result msg="1 precondition:" baseImage="choice_item.gif" flags="2">
          <result msg="Borrowed(this)  on  java.lang.Object.Object()  at  java.lang.Object" baseImage="annotation.gif" flags="2" />
        </result>
      </result>
    </result>
    <result msg="Unique(return)  on  test.UniquenessTests.uniqueValue2()   at  UniquenessTests.java line 130" source="/ComprehensiveUniquenessTests/src/test/UniquenessTests.java.html" line="130" baseImage="annotation.gif" flags="2" />
    <result msg="Unique(return)  on  test.UniquenessTests.uniqueValue3(java.lang.Object)   at  UniquenessTests.java line 137" source="/ComprehensiveUniquenessTests/src/test/UniquenessTests.java.html" line="137" baseImage="annotation.gif" flags="2">
      <result msg="Assurance conservatively depends on other annotations  at  UniquenessTests.java line 134" source="/ComprehensiveUniquenessTests/src/test/UniquenessTests.java.html" line="134" baseImage="plus.gif" flags="2">
        <result msg="1 precondition:" baseImage="choice_item.gif" flags="2">
          <result msg="Unique(p)  on  test.UniquenessTests.uniqueValue3(java.lang.Object)   at  UniquenessTests.java line 137" source="/ComprehensiveUniquenessTests/src/test/UniquenessTests.java.html" line="137" baseImage="annotation.gif" flags="2" />
        </result>
      </result>
    </result>
    <result msg="Unique(return)  on  test.UniquenessTests.uniqueValue4()   at  UniquenessTests.java line 144" source="/ComprehensiveUniquenessTests/src/test/UniquenessTests.java.html" line="144" baseImage="annotation.gif" flags="2">
      <result msg="Assurance conservatively depends on other annotations  at  UniquenessTests.java line 141" source="/ComprehensiveUniquenessTests/src/test/UniquenessTests.java.html" line="141" baseImage="plus.gif" flags="2">
        <result msg="1 precondition:" baseImage="choice_item.gif" flags="2">
          <result msg="Unique(this)  on  test.UniquenessTests.uniqueValue4()   at  UniquenessTests.java line 144" source="/ComprehensiveUniquenessTests/src/test/UniquenessTests.java.html" line="144" baseImage="annotation.gif" flags="2" />
        </result>
      </result>
    </result>
    <result msg="Unique(return)  on  test.UniquenessTests.uniqueValue5()   at  UniquenessTests.java line 152" source="/ComprehensiveUniquenessTests/src/test/UniquenessTests.java.html" line="152" baseImage="annotation.gif" flags="2">
      <result msg="Unique return value of call this.uniqueValue1  at  UniquenessTests.java line 153" source="/ComprehensiveUniquenessTests/src/test/UniquenessTests.java.html" line="153" baseImage="plus.gif" flags="2">
        <result msg="1 precondition:" baseImage="choice_item.gif" flags="2">
          <result msg="Unique(return)  on  test.UniquenessTests.uniqueValue1()   at  UniquenessTests.java line 123" source="/ComprehensiveUniquenessTests/src/test/UniquenessTests.java.html" line="123" baseImage="annotation.gif" flags="2">
            <result msg="Borrowed parameters of call new java.lang.Object  at  UniquenessTests.java line 124" source="/ComprehensiveUniquenessTests/src/test/UniquenessTests.java.html" line="124" baseImage="plus.gif" flags="2">
              <result msg="1 precondition:" baseImage="choice_item.gif" flags="2">
                <result msg="Borrowed(this)  on  java.lang.Object.Object()  at  java.lang.Object" baseImage="annotation.gif" flags="2" />
              </result>
            </result>
          </result>
        </result>
      </result>
    </result>
    <result msg="Unique(this)  on  test.BorrowedParams.goodUniqueBorrowedParam4()   at  BorrowedParams.java line 150" source="/ComprehensiveUniquenessTests/src/test/BorrowedParams.java.html" line="150" baseImage="annotation.gif" flags="2" />
    <result msg="Unique(this)  on  test.BorrowedParams.goodUniqueBorrowedParam4b()   at  BorrowedParams.java line 187" source="/ComprehensiveUniquenessTests/src/test/BorrowedParams.java.html" line="187" baseImage="annotation.gif" flags="2" />
    <result msg="Unique(this)  on  test.BorrowedParams.goodUniqueBorrowedReceiver4()   at  BorrowedParams.java line 113" source="/ComprehensiveUniquenessTests/src/test/BorrowedParams.java.html" line="113" baseImage="annotation.gif" flags="2" />
    <result msg="Unique(this)  on  test.UniqueParams.badConstructorUniqueParam5()   at  UniqueParams.java line 284" source="/ComprehensiveUniquenessTests/src/test/UniqueParams.java.html" line="284" baseImage="annotation.gif" flags="2" />
    <result msg="Unique(this)  on  test.UniqueParams.badUniqueParam5()   at  UniqueParams.java line 134" source="/ComprehensiveUniquenessTests/src/test/UniqueParams.java.html" line="134" baseImage="annotation.gif" flags="2" />
    <result msg="Unique(this)  on  test.UniqueParams.badUniqueReceiver5()   at  UniqueParams.java line 210" source="/ComprehensiveUniquenessTests/src/test/UniqueParams.java.html" line="210" baseImage="annotation.gif" flags="2" />
    <result msg="Unique(this)  on  test.UniqueParams.goodConstructorUniqueParam4()   at  UniqueParams.java line 241" source="/ComprehensiveUniquenessTests/src/test/UniqueParams.java.html" line="241" baseImage="annotation.gif" flags="2" />
    <result msg="Unique(this)  on  test.UniqueParams.goodUniqueParam4()   at  UniqueParams.java line 91" source="/ComprehensiveUniquenessTests/src/test/UniqueParams.java.html" line="91" baseImage="annotation.gif" flags="2" />
    <result msg="Unique(this)  on  test.UniqueParams.goodUniqueReceiver4()   at  UniqueParams.java line 167" source="/ComprehensiveUniquenessTests/src/test/UniqueParams.java.html" line="167" baseImage="annotation.gif" flags="2" />
    <result msg="Unique(this)  on  test.UniqueParams.needsUniqueReceiver()   at  UniqueParams.java line 29" source="/ComprehensiveUniquenessTests/src/test/UniqueParams.java.html" line="29" baseImage="annotation.gif" flags="4">
      <result msg="4 Unique precondition(s) satisfied" baseImage="folder.gif" flags="2">
        <result msg="test (4 issues)" baseImage="package.gif" flags="2">
          <result msg="test.UniqueParams (4 issues)" baseImage="class.gif" flags="2">
            <result msg="Uniqueness preconditions satisfied when calling o.needsUniqueReceiver  at  UniqueParams.java line 147" source="/ComprehensiveUniquenessTests/src/test/UniqueParams.java.html" line="147" baseImage="plus.gif" flags="2">
              <result msg="1 precondition:" baseImage="choice_item.gif" flags="2">
                <result msg="Borrowed(this)  on  test.UniqueParams.UniqueParams()  at  UniqueParams.java line 14" source="/ComprehensiveUniquenessTests/src/test/UniqueParams.java.html" line="14" baseImage="annotation.gif" flags="2">
                  <result msg="Borrowed parameters of call super  at  UniqueParams.java" source="/ComprehensiveUniquenessTests/src/test/UniqueParams.java.html" line="0" baseImage="plus.gif" flags="2">
                    <result msg="1 precondition:" baseImage="choice_item.gif" flags="2">
                      <result msg="Borrowed(this)  on  java.lang.Object.Object()  at  java.lang.Object" baseImage="annotation.gif" flags="2" />
                    </result>
                  </result>
                </result>
              </result>
              <result msg="supporting information: May depend on unique object contructed by new test.UniqueParams  at  UniqueParams.java line 146" source="/ComprehensiveUniquenessTests/src/test/UniqueParams.java.html" line="146" baseImage="info.gif" flags="0" />
            </result>
            <result msg="Uniqueness preconditions satisfied when calling o.needsUniqueReceiver  at  UniqueParams.java line 153" source="/ComprehensiveUniquenessTests/src/test/UniqueParams.java.html" line="153" baseImage="plus.gif" flags="2">
              <result msg="1 precondition:" baseImage="choice_item.gif" flags="2">
                <result msg="Unique(o)  on  test.UniqueParams.goodUniqueReceiver2(test.UniqueParams)   at  UniqueParams.java line 153" source="/ComprehensiveUniquenessTests/src/test/UniqueParams.java.html" line="153" baseImage="annotation.gif" flags="2" />
              </result>
            </result>
            <result msg="Uniqueness preconditions satisfied when calling this.getUnique.needsUniqueReceiver  at  UniqueParams.java line 161" source="/ComprehensiveUniquenessTests/src/test/UniqueParams.java.html" line="161" baseImage="plus.gif" flags="2">
              <result msg="1 precondition:" baseImage="choice_item.gif" flags="2">
                <result msg="Unique(return)  on  test.UniqueParams.getUnique()   at  UniqueParams.java line 46" source="/ComprehensiveUniquenessTests/src/test/UniqueParams.java.html" line="46" baseImage="annotation.gif" flags="2">
                  <result msg="Borrowed parameters of call new test.UniqueParams  at  UniqueParams.java line 48" source="/ComprehensiveUniquenessTests/src/test/UniqueParams.java.html" line="48" baseImage="plus.gif" flags="2">
                    <result msg="1 precondition:" baseImage="choice_item.gif" flags="2">
                      <result msg="Borrowed(this)  on  test.UniqueParams.UniqueParams()  at  UniqueParams.java line 14" source="/ComprehensiveUniquenessTests/src/test/UniqueParams.java.html" line="14" baseImage="annotation.gif" flags="2">
                        <result msg="Borrowed parameters of call super  at  UniqueParams.java" source="/ComprehensiveUniquenessTests/src/test/UniqueParams.java.html" line="0" baseImage="plus.gif" flags="2">
                          <result msg="1 precondition:" baseImage="choice_item.gif" flags="2">
                            <result msg="Borrowed(this)  on  java.lang.Object.Object()  at  java.lang.Object" baseImage="annotation.gif" flags="2" />
                          </result>
                        </result>
                      </result>
                    </result>
                  </result>
                </result>
              </result>
              <result msg="supporting information: May depend on unique return value of this.getUnique  at  UniqueParams.java line 161" source="/ComprehensiveUniquenessTests/src/test/UniqueParams.java.html" line="161" baseImage="info.gif" flags="0" />
            </result>
            <result msg="Uniqueness preconditions satisfied when calling this.needsUniqueReceiver  at  UniqueParams.java line 164" source="/ComprehensiveUniquenessTests/src/test/UniqueParams.java.html" line="164" baseImage="plus.gif" flags="2">
              <result msg="1 precondition:" baseImage="choice_item.gif" flags="2">
                <result msg="Unique(this)  on  test.UniqueParams.goodUniqueReceiver4()   at  UniqueParams.java line 167" source="/ComprehensiveUniquenessTests/src/test/UniqueParams.java.html" line="167" baseImage="annotation.gif" flags="2" />
              </result>
            </result>
          </result>
        </result>
      </result>
      <result msg="5 Unique precondition(s) unsatisfied" baseImage="folder.gif" flags="4">
        <result msg="test (5 issues)" baseImage="package.gif" flags="4">
          <result msg="test.UniqueParams (5 issues)" baseImage="class.gif" flags="4">
            <result msg="Uniqueness preconditions not satisfied when calling o.needsUniqueReceiver  at  UniqueParams.java line 178" source="/ComprehensiveUniquenessTests/src/test/UniqueParams.java.html" line="178" baseImage="red_x.gif" flags="4">
              <result msg="1 precondition:" baseImage="choice_item.gif" flags="2">
                <result msg="Borrowed(this)  on  test.UniqueParams.UniqueParams()  at  UniqueParams.java line 14" source="/ComprehensiveUniquenessTests/src/test/UniqueParams.java.html" line="14" baseImage="annotation.gif" flags="2">
                  <result msg="Borrowed parameters of call super  at  UniqueParams.java" source="/ComprehensiveUniquenessTests/src/test/UniqueParams.java.html" line="0" baseImage="plus.gif" flags="2">
                    <result msg="1 precondition:" baseImage="choice_item.gif" flags="2">
                      <result msg="Borrowed(this)  on  java.lang.Object.Object()  at  java.lang.Object" baseImage="annotation.gif" flags="2" />
                    </result>
                  </result>
                </result>
              </result>
              <result msg="supporting information:" baseImage="folder.gif" flags="0">
                <result msg="(Shared value on stack not unique, Shared value on stack not unique)  at  UniqueParams.java line 178" source="/ComprehensiveUniquenessTests/src/test/UniqueParams.java.html" line="178" baseImage="info.gif" flags="0" />
                <result msg="May depend on unique object contructed by new test.UniqueParams  at  UniqueParams.java line 176" source="/ComprehensiveUniquenessTests/src/test/UniqueParams.java.html" line="176" baseImage="info.gif" flags="0" />
              </result>
            </result>
            <result msg="Uniqueness preconditions not satisfied when calling o.needsUniqueReceiver  at  UniqueParams.java line 185" source="/ComprehensiveUniquenessTests/src/test/UniqueParams.java.html" line="185" baseImage="red_x.gif" flags="4">
              <result msg="1 precondition:" baseImage="choice_item.gif" flags="2">
                <result msg="Unique(o)  on  test.UniqueParams.badUniqueReceiver2(test.UniqueParams)   at  UniqueParams.java line 185" source="/ComprehensiveUniquenessTests/src/test/UniqueParams.java.html" line="185" baseImage="annotation.gif" flags="2" />
              </result>
              <result msg="supporting information: (Shared value on stack not unique, Shared value on stack not unique)  at  UniqueParams.java line 187" source="/ComprehensiveUniquenessTests/src/test/UniqueParams.java.html" line="187" baseImage="info.gif" flags="0" />
            </result>
            <result msg="Uniqueness preconditions not satisfied when calling o.needsUniqueReceiver  at  UniqueParams.java line 196" source="/ComprehensiveUniquenessTests/src/test/UniqueParams.java.html" line="196" baseImage="red_x.gif" flags="4">
              <result msg="1 precondition:" baseImage="choice_item.gif" flags="2">
                <result msg="Unique(return)  on  test.UniqueParams.getUnique()   at  UniqueParams.java line 46" source="/ComprehensiveUniquenessTests/src/test/UniqueParams.java.html" line="46" baseImage="annotation.gif" flags="2">
                  <result msg="Borrowed parameters of call new test.UniqueParams  at  UniqueParams.java line 48" source="/ComprehensiveUniquenessTests/src/test/UniqueParams.java.html" line="48" baseImage="plus.gif" flags="2">
                    <result msg="1 precondition:" baseImage="choice_item.gif" flags="2">
                      <result msg="Borrowed(this)  on  test.UniqueParams.UniqueParams()  at  UniqueParams.java line 14" source="/ComprehensiveUniquenessTests/src/test/UniqueParams.java.html" line="14" baseImage="annotation.gif" flags="2">
                        <result msg="Borrowed parameters of call super  at  UniqueParams.java" source="/ComprehensiveUniquenessTests/src/test/UniqueParams.java.html" line="0" baseImage="plus.gif" flags="2">
                          <result msg="1 precondition:" baseImage="choice_item.gif" flags="2">
                            <result msg="Borrowed(this)  on  java.lang.Object.Object()  at  java.lang.Object" baseImage="annotation.gif" flags="2" />
                          </result>
                        </result>
                      </result>
                    </result>
                  </result>
                </result>
              </result>
              <result msg="supporting information:" baseImage="folder.gif" flags="0">
                <result msg="(Shared value on stack not unique, Shared value on stack not unique)  at  UniqueParams.java line 196" source="/ComprehensiveUniquenessTests/src/test/UniqueParams.java.html" line="196" baseImage="info.gif" flags="0" />
                <result msg="May depend on unique return value of this.getUnique  at  UniqueParams.java line 194" source="/ComprehensiveUniquenessTests/src/test/UniqueParams.java.html" line="194" baseImage="info.gif" flags="0" />
              </result>
            </result>
            <result msg="Uniqueness preconditions not satisfied when calling o.needsUniqueReceiver  at  UniqueParams.java line 204" source="/ComprehensiveUniquenessTests/src/test/UniqueParams.java.html" line="204" baseImage="red_x.gif" flags="0">
              <result msg="supporting information: (Shared value on stack not unique, Shared value on stack not unique)  at  UniqueParams.java line 204" source="/ComprehensiveUniquenessTests/src/test/UniqueParams.java.html" line="204" baseImage="info.gif" flags="0" />
            </result>
            <result msg="Uniqueness preconditions not satisfied when calling this.needsUniqueReceiver  at  UniqueParams.java line 207" source="/ComprehensiveUniquenessTests/src/test/UniqueParams.java.html" line="207" baseImage="red_x.gif" flags="4">
              <result msg="1 precondition:" baseImage="choice_item.gif" flags="2">
                <result msg="Unique(this)  on  test.UniqueParams.badUniqueReceiver5()   at  UniqueParams.java line 210" source="/ComprehensiveUniquenessTests/src/test/UniqueParams.java.html" line="210" baseImage="annotation.gif" flags="2" />
              </result>
              <result msg="supporting information: (Shared value on stack not unique, Shared value on stack not unique)  at  UniqueParams.java line 213" source="/ComprehensiveUniquenessTests/src/test/UniqueParams.java.html" line="213" baseImage="info.gif" flags="0" />
            </result>
          </result>
        </result>
      </result>
    </result>
    <result msg="Unique(this)  on  test.UniquenessTests.bad_compromiseUniqueReceiver()   at  UniquenessTests.java line 377" source="/ComprehensiveUniquenessTests/src/test/UniquenessTests.java.html" line="377" baseImage="annotation.gif" flags="2" />
    <result msg="Unique(this)  on  test.UniquenessTests.setUnshared4()   at  UniquenessTests.java line 98" source="/ComprehensiveUniquenessTests/src/test/UniquenessTests.java.html" line="98" baseImage="annotation.gif" flags="2" />
    <result msg="Unique(this)  on  test.UniquenessTests.uniqueValue4()   at  UniquenessTests.java line 144" source="/ComprehensiveUniquenessTests/src/test/UniquenessTests.java.html" line="144" baseImage="annotation.gif" flags="2" />
    <result msg="Unique(v)  on  test.BorrowedAndEffects.update(java.lang.Object)   at  BorrowedAndEffects.java line 19" source="/ComprehensiveUniquenessTests/src/test/BorrowedAndEffects.java.html" line="19" baseImage="annotation.gif" flags="2" />
    <result msg="Unique(x)  on  test.MoreUniqueReturnValues.badReturnUnique1(boolean,java.lang.Object,java.lang.Object)   at  MoreUniqueReturnValues.java line 29" source="/ComprehensiveUniquenessTests/src/test/MoreUniqueReturnValues.java.html" line="29" baseImage="annotation.gif" flags="2" />
    <result msg="Unique(x)  on  test.MoreUniqueReturnValues.goodReturnUnique2(boolean,java.lang.Object,java.lang.Object)   at  MoreUniqueReturnValues.java line 20" source="/ComprehensiveUniquenessTests/src/test/MoreUniqueReturnValues.java.html" line="20" baseImage="annotation.gif" flags="2" />
    <result msg="Unique(y)  on  test.MoreUniqueReturnValues.goodReturnUnique2(boolean,java.lang.Object,java.lang.Object)   at  MoreUniqueReturnValues.java line 20" source="/ComprehensiveUniquenessTests/src/test/MoreUniqueReturnValues.java.html" line="20" baseImage="annotation.gif" flags="2" />
  </result>
</root>