<sourceFiles>
	<package name="a.b.c">
		<class name="C.java" source="/Bug954/src/a/b/c/C.java.html"/>
	</package>
	<package name="com.sun.sgs.app">
		<class name="AppContext.java" source="/Darkstar Server 0.9.3-r2804/src/server/j2se/com/sun/sgs/app/AppContext.java.html"/>
		<class name="AppListener.java" source="/Darkstar Server 0.9.3-r2804/src/server/j2se/com/sun/sgs/app/AppListener.java.html"/>
		<class name="Channel.java" source="/Darkstar Server 0.9.3-r2804/src/server/j2se/com/sun/sgs/app/Channel.java.html"/>
		<class name="ChannelListener.java" source="/Darkstar Server 0.9.3-r2804/src/server/j2se/com/sun/sgs/app/ChannelListener.java.html"/>
		<class name="ChannelManager.java" source="/Darkstar Server 0.9.3-r2804/src/server/j2se/com/sun/sgs/app/ChannelManager.java.html"/>
		<class name="ClientSession.java" source="/Darkstar Server 0.9.3-r2804/src/server/j2se/com/sun/sgs/app/ClientSession.java.html"/>
		<class name="ClientSessionId.java" source="/Darkstar Server 0.9.3-r2804/src/server/j2se/com/sun/sgs/app/ClientSessionId.java.html"/>
		<class name="ClientSessionListener.java" source="/Darkstar Server 0.9.3-r2804/src/server/j2se/com/sun/sgs/app/ClientSessionListener.java.html"/>
		<class name="DataManager.java" source="/Darkstar Server 0.9.3-r2804/src/server/j2se/com/sun/sgs/app/DataManager.java.html"/>
		<class name="Delivery.java" source="/Darkstar Server 0.9.3-r2804/src/server/j2se/com/sun/sgs/app/Delivery.java.html"/>
		<class name="ExceptionRetryStatus.java" source="/Darkstar Server 0.9.3-r2804/src/server/j2se/com/sun/sgs/app/ExceptionRetryStatus.java.html"/>
		<class name="ManagedObject.java" source="/Darkstar Server 0.9.3-r2804/src/server/j2se/com/sun/sgs/app/ManagedObject.java.html"/>
		<class name="ManagedReference.java" source="/Darkstar Server 0.9.3-r2804/src/server/j2se/com/sun/sgs/app/ManagedReference.java.html"/>
		<class name="ManagerNotFoundException.java" source="/Darkstar Server 0.9.3-r2804/src/server/j2se/com/sun/sgs/app/ManagerNotFoundException.java.html"/>
		<class name="NameExistsException.java" source="/Darkstar Server 0.9.3-r2804/src/server/j2se/com/sun/sgs/app/NameExistsException.java.html"/>
		<class name="NameNotBoundException.java" source="/Darkstar Server 0.9.3-r2804/src/server/j2se/com/sun/sgs/app/NameNotBoundException.java.html"/>
		<class name="ObjectIOException.java" source="/Darkstar Server 0.9.3-r2804/src/server/j2se/com/sun/sgs/app/ObjectIOException.java.html"/>
		<class name="ObjectNotFoundException.java" source="/Darkstar Server 0.9.3-r2804/src/server/j2se/com/sun/sgs/app/ObjectNotFoundException.java.html"/>
		<class name="PeriodicTaskHandle.java" source="/Darkstar Server 0.9.3-r2804/src/server/j2se/com/sun/sgs/app/PeriodicTaskHandle.java.html"/>
		<class name="Task.java" source="/Darkstar Server 0.9.3-r2804/src/server/j2se/com/sun/sgs/app/Task.java.html"/>
		<class name="TaskManager.java" source="/Darkstar Server 0.9.3-r2804/src/server/j2se/com/sun/sgs/app/TaskManager.java.html"/>
		<class name="TaskRejectedException.java" source="/Darkstar Server 0.9.3-r2804/src/server/j2se/com/sun/sgs/app/TaskRejectedException.java.html"/>
		<class name="TransactionAbortedException.java" source="/Darkstar Server 0.9.3-r2804/src/server/j2se/com/sun/sgs/app/TransactionAbortedException.java.html"/>
		<class name="TransactionConflictException.java" source="/Darkstar Server 0.9.3-r2804/src/server/j2se/com/sun/sgs/app/TransactionConflictException.java.html"/>
		<class name="TransactionException.java" source="/Darkstar Server 0.9.3-r2804/src/server/j2se/com/sun/sgs/app/TransactionException.java.html"/>
		<class name="TransactionNotActiveException.java" source="/Darkstar Server 0.9.3-r2804/src/server/j2se/com/sun/sgs/app/TransactionNotActiveException.java.html"/>
		<class name="TransactionTimeoutException.java" source="/Darkstar Server 0.9.3-r2804/src/server/j2se/com/sun/sgs/app/TransactionTimeoutException.java.html"/>
		<class name="package-info.java" source="/Darkstar Server 0.9.3-r2804/src/server/j2se/com/sun/sgs/app/package-info.java.html"/>
	</package>
	<package name="com.sun.sgs.auth">
		<class name="Identity.java" source="/Darkstar Server 0.9.3-r2804/src/server/j2se/com/sun/sgs/auth/Identity.java.html"/>
		<class name="IdentityAuthenticator.java" source="/Darkstar Server 0.9.3-r2804/src/server/j2se/com/sun/sgs/auth/IdentityAuthenticator.java.html"/>
		<class name="IdentityCredentials.java" source="/Darkstar Server 0.9.3-r2804/src/server/j2se/com/sun/sgs/auth/IdentityCredentials.java.html"/>
		<class name="IdentityManager.java" source="/Darkstar Server 0.9.3-r2804/src/server/j2se/com/sun/sgs/auth/IdentityManager.java.html"/>
	</package>
	<package name="com.sun.sgs.impl.app.profile">
		<class name="ProfileChannelManager.java" source="/Darkstar Server 0.9.3-r2804/src/server/j2se/com/sun/sgs/impl/app/profile/ProfileChannelManager.java.html"/>
		<class name="ProfileDataManager.java" source="/Darkstar Server 0.9.3-r2804/src/server/j2se/com/sun/sgs/impl/app/profile/ProfileDataManager.java.html"/>
		<class name="ProfileTaskManager.java" source="/Darkstar Server 0.9.3-r2804/src/server/j2se/com/sun/sgs/impl/app/profile/ProfileTaskManager.java.html"/>
	</package>
	<package name="com.sun.sgs.impl.auth">
		<class name="IdentityImpl.java" source="/Darkstar Server 0.9.3-r2804/src/server/j2se/com/sun/sgs/impl/auth/IdentityImpl.java.html"/>
		<class name="NamePasswordAuthenticator.java" source="/Darkstar Server 0.9.3-r2804/src/server/j2se/com/sun/sgs/impl/auth/NamePasswordAuthenticator.java.html"/>
		<class name="NamePasswordCredentials.java" source="/Darkstar Server 0.9.3-r2804/src/server/j2se/com/sun/sgs/impl/auth/NamePasswordCredentials.java.html"/>
		<class name="NullAuthenticator.java" source="/Darkstar Server 0.9.3-r2804/src/server/j2se/com/sun/sgs/impl/auth/NullAuthenticator.java.html"/>
		<class name="PasswordFileEditor.java" source="/Darkstar Server 0.9.3-r2804/src/server/j2se/com/sun/sgs/impl/auth/PasswordFileEditor.java.html"/>
	</package>
	<package name="com.sun.sgs.impl.io">
		<class name="AbstractSocketEndpoint.java" source="/Darkstar Server 0.9.3-r2804/src/shared/j2se/com/sun/sgs/impl/io/AbstractSocketEndpoint.java.html"/>
		<class name="CompleteMessageFilter.java" source="/Darkstar Server 0.9.3-r2804/src/shared/j2se/com/sun/sgs/impl/io/CompleteMessageFilter.java.html"/>
		<class name="DaemonThreadFactory.java" source="/Darkstar Server 0.9.3-r2804/src/shared/j2se/com/sun/sgs/impl/io/DaemonThreadFactory.java.html"/>
		<class name="FilterListener.java" source="/Darkstar Server 0.9.3-r2804/src/shared/j2se/com/sun/sgs/impl/io/FilterListener.java.html"/>
		<class name="FilterTestHarness.java" source="/Darkstar Server 0.9.3-r2804/test/shared/j2se/com/sun/sgs/impl/io/FilterTestHarness.java.html"/>
		<class name="ServerSocketEndpoint.java" source="/Darkstar Server 0.9.3-r2804/src/shared/j2se/com/sun/sgs/impl/io/ServerSocketEndpoint.java.html"/>
		<class name="SocketAcceptor.java" source="/Darkstar Server 0.9.3-r2804/src/shared/j2se/com/sun/sgs/impl/io/SocketAcceptor.java.html"/>
		<class name="SocketConnection.java" source="/Darkstar Server 0.9.3-r2804/src/shared/j2se/com/sun/sgs/impl/io/SocketConnection.java.html"/>
		<class name="SocketConnectionListener.java" source="/Darkstar Server 0.9.3-r2804/src/shared/j2se/com/sun/sgs/impl/io/SocketConnectionListener.java.html"/>
		<class name="SocketConnector.java" source="/Darkstar Server 0.9.3-r2804/src/shared/j2se/com/sun/sgs/impl/io/SocketConnector.java.html"/>
		<class name="SocketEndpoint.java" source="/Darkstar Server 0.9.3-r2804/src/shared/j2se/com/sun/sgs/impl/io/SocketEndpoint.java.html"/>
		<class name="TransportType.java" source="/Darkstar Server 0.9.3-r2804/src/shared/j2se/com/sun/sgs/impl/io/TransportType.java.html"/>
	</package>
	<package name="com.sun.sgs.impl.kernel">
		<class name="AbstractKernelAppContext.java" source="/Darkstar Server 0.9.3-r2804/src/server/j2se/com/sun/sgs/impl/kernel/AbstractKernelAppContext.java.html"/>
		<class name="AppKernelAppContext.java" source="/Darkstar Server 0.9.3-r2804/src/server/j2se/com/sun/sgs/impl/kernel/AppKernelAppContext.java.html"/>
		<class name="AppStartupRunner.java" source="/Darkstar Server 0.9.3-r2804/src/server/j2se/com/sun/sgs/impl/kernel/AppStartupRunner.java.html"/>
		<class name="ComponentRegistryImpl.java" source="/Darkstar Server 0.9.3-r2804/src/server/j2se/com/sun/sgs/impl/kernel/ComponentRegistryImpl.java.html"/>
		<class name="ContextResolver.java" source="/Darkstar Server 0.9.3-r2804/src/server/j2se/com/sun/sgs/impl/kernel/ContextResolver.java.html"/>
		<class name="DummyAbstractKernelAppContext.java" source="/Darkstar Server 0.9.3-r2804/test/server/j2se/com/sun/sgs/impl/kernel/DummyAbstractKernelAppContext.java.html"/>
		<class name="EmptyKernelAppContext.java" source="/Darkstar Server 0.9.3-r2804/test/server/j2se/com/sun/sgs/impl/kernel/EmptyKernelAppContext.java.html"/>
		<class name="IdentityManagerImpl.java" source="/Darkstar Server 0.9.3-r2804/src/server/j2se/com/sun/sgs/impl/kernel/IdentityManagerImpl.java.html"/>
		<class name="Kernel.java" source="/Darkstar Server 0.9.3-r2804/src/server/j2se/com/sun/sgs/impl/kernel/Kernel.java.html"/>
		<class name="MinimalTestKernel.java" source="/Darkstar Server 0.9.3-r2804/test/server/j2se/com/sun/sgs/impl/kernel/MinimalTestKernel.java.html"/>
		<class name="ResourceCoordinatorImpl.java" source="/Darkstar Server 0.9.3-r2804/src/server/j2se/com/sun/sgs/impl/kernel/ResourceCoordinatorImpl.java.html"/>
		<class name="ServiceConfigRunner.java" source="/Darkstar Server 0.9.3-r2804/src/server/j2se/com/sun/sgs/impl/kernel/ServiceConfigRunner.java.html"/>
		<class name="StandardProperties.java" source="/Darkstar Server 0.9.3-r2804/src/server/j2se/com/sun/sgs/impl/kernel/StandardProperties.java.html"/>
		<class name="SystemIdentity.java" source="/Darkstar Server 0.9.3-r2804/src/server/j2se/com/sun/sgs/impl/kernel/SystemIdentity.java.html"/>
		<class name="SystemKernelAppContext.java" source="/Darkstar Server 0.9.3-r2804/src/server/j2se/com/sun/sgs/impl/kernel/SystemKernelAppContext.java.html"/>
		<class name="TaskHandler.java" source="/Darkstar Server 0.9.3-r2804/src/server/j2se/com/sun/sgs/impl/kernel/TaskHandler.java.html"/>
		<class name="TaskOwnerImpl.java" source="/Darkstar Server 0.9.3-r2804/src/server/j2se/com/sun/sgs/impl/kernel/TaskOwnerImpl.java.html"/>
		<class name="TaskThread.java" source="/Darkstar Server 0.9.3-r2804/src/server/j2se/com/sun/sgs/impl/kernel/TaskThread.java.html"/>
		<class name="TransactionProxyImpl.java" source="/Darkstar Server 0.9.3-r2804/src/server/j2se/com/sun/sgs/impl/kernel/TransactionProxyImpl.java.html"/>
		<class name="TransactionalTaskThread.java" source="/Darkstar Server 0.9.3-r2804/src/server/j2se/com/sun/sgs/impl/kernel/TransactionalTaskThread.java.html"/>
		<class name="TxnTimeoutTestRunnable.java" source="/Darkstar Server 0.9.3-r2804/test/server/j2se/com/sun/sgs/impl/kernel/TxnTimeoutTestRunnable.java.html"/>
		<class name="UnboundedTransactionRunner.java" source="/Darkstar Server 0.9.3-r2804/src/server/j2se/com/sun/sgs/impl/kernel/UnboundedTransactionRunner.java.html"/>
	</package>
	<package name="com.sun.sgs.impl.kernel.profile">
		<class name="AggregateProfileOpListener.java" source="/Darkstar Server 0.9.3-r2804/src/server/j2se/com/sun/sgs/impl/kernel/profile/AggregateProfileOpListener.java.html"/>
		<class name="NetworkReporter.java" source="/Darkstar Server 0.9.3-r2804/src/server/j2se/com/sun/sgs/impl/kernel/profile/NetworkReporter.java.html"/>
		<class name="OperationLoggingProfileOpListener.java" source="/Darkstar Server 0.9.3-r2804/src/server/j2se/com/sun/sgs/impl/kernel/profile/OperationLoggingProfileOpListener.java.html"/>
		<class name="ProfileCollectorImpl.java" source="/Darkstar Server 0.9.3-r2804/src/server/j2se/com/sun/sgs/impl/kernel/profile/ProfileCollectorImpl.java.html"/>
		<class name="ProfileConsumerImpl.java" source="/Darkstar Server 0.9.3-r2804/src/server/j2se/com/sun/sgs/impl/kernel/profile/ProfileConsumerImpl.java.html"/>
		<class name="ProfileRegistrarImpl.java" source="/Darkstar Server 0.9.3-r2804/src/server/j2se/com/sun/sgs/impl/kernel/profile/ProfileRegistrarImpl.java.html"/>
		<class name="ProfileReportImpl.java" source="/Darkstar Server 0.9.3-r2804/src/server/j2se/com/sun/sgs/impl/kernel/profile/ProfileReportImpl.java.html"/>
		<class name="SnapshotParticipantListener.java" source="/Darkstar Server 0.9.3-r2804/src/server/j2se/com/sun/sgs/impl/kernel/profile/SnapshotParticipantListener.java.html"/>
		<class name="SnapshotProfileOpListener.java" source="/Darkstar Server 0.9.3-r2804/src/server/j2se/com/sun/sgs/impl/kernel/profile/SnapshotProfileOpListener.java.html"/>
	</package>
	<package name="com.sun.sgs.impl.kernel.schedule">
		<class name="ApplicationScheduler.java" source="/Darkstar Server 0.9.3-r2804/src/server/j2se/com/sun/sgs/impl/kernel/schedule/ApplicationScheduler.java.html"/>
		<class name="DeficitSystemScheduler.java" source="/Darkstar Server 0.9.3-r2804/src/server/j2se/com/sun/sgs/impl/kernel/schedule/DeficitSystemScheduler.java.html"/>
		<class name="FIFOApplicationScheduler.java" source="/Darkstar Server 0.9.3-r2804/src/server/j2se/com/sun/sgs/impl/kernel/schedule/FIFOApplicationScheduler.java.html"/>
		<class name="InternalRecurringTaskHandle.java" source="/Darkstar Server 0.9.3-r2804/src/server/j2se/com/sun/sgs/impl/kernel/schedule/InternalRecurringTaskHandle.java.html"/>
		<class name="LoaderUtil.java" source="/Darkstar Server 0.9.3-r2804/src/server/j2se/com/sun/sgs/impl/kernel/schedule/LoaderUtil.java.html"/>
		<class name="MasterTaskConsumer.java" source="/Darkstar Server 0.9.3-r2804/src/server/j2se/com/sun/sgs/impl/kernel/schedule/MasterTaskConsumer.java.html"/>
		<class name="MasterTaskScheduler.java" source="/Darkstar Server 0.9.3-r2804/src/server/j2se/com/sun/sgs/impl/kernel/schedule/MasterTaskScheduler.java.html"/>
		<class name="RecurringTaskHandleImpl.java" source="/Darkstar Server 0.9.3-r2804/src/server/j2se/com/sun/sgs/impl/kernel/schedule/RecurringTaskHandleImpl.java.html"/>
		<class name="RoundRobinSystemScheduler.java" source="/Darkstar Server 0.9.3-r2804/src/server/j2se/com/sun/sgs/impl/kernel/schedule/RoundRobinSystemScheduler.java.html"/>
		<class name="ScheduledTask.java" source="/Darkstar Server 0.9.3-r2804/src/server/j2se/com/sun/sgs/impl/kernel/schedule/ScheduledTask.java.html"/>
		<class name="SimpleTaskReservation.java" source="/Darkstar Server 0.9.3-r2804/src/server/j2se/com/sun/sgs/impl/kernel/schedule/SimpleTaskReservation.java.html"/>
		<class name="SingleAppSystemScheduler.java" source="/Darkstar Server 0.9.3-r2804/src/server/j2se/com/sun/sgs/impl/kernel/schedule/SingleAppSystemScheduler.java.html"/>
		<class name="SystemScheduler.java" source="/Darkstar Server 0.9.3-r2804/src/server/j2se/com/sun/sgs/impl/kernel/schedule/SystemScheduler.java.html"/>
		<class name="TestApplicationSchedulerImpl.java" source="/Darkstar Server 0.9.3-r2804/test/server/j2se/com/sun/sgs/impl/kernel/schedule/TestApplicationSchedulerImpl.java.html"/>
		<class name="TestInternalStructuresImpl.java" source="/Darkstar Server 0.9.3-r2804/test/server/j2se/com/sun/sgs/impl/kernel/schedule/TestInternalStructuresImpl.java.html"/>
		<class name="TestSystemSchedulerImpl.java" source="/Darkstar Server 0.9.3-r2804/test/server/j2se/com/sun/sgs/impl/kernel/schedule/TestSystemSchedulerImpl.java.html"/>
		<class name="TimedTaskConsumer.java" source="/Darkstar Server 0.9.3-r2804/src/server/j2se/com/sun/sgs/impl/kernel/schedule/TimedTaskConsumer.java.html"/>
		<class name="TimedTaskHandler.java" source="/Darkstar Server 0.9.3-r2804/src/server/j2se/com/sun/sgs/impl/kernel/schedule/TimedTaskHandler.java.html"/>
		<class name="WindowApplicationScheduler.java" source="/Darkstar Server 0.9.3-r2804/src/server/j2se/com/sun/sgs/impl/kernel/schedule/WindowApplicationScheduler.java.html"/>
	</package>
	<package name="com.sun.sgs.impl.service.channel">
		<class name="ChannelImpl.java" source="/Darkstar Server 0.9.3-r2804/src/server/j2se/com/sun/sgs/impl/service/channel/ChannelImpl.java.html"/>
		<class name="ChannelServiceImpl.java" source="/Darkstar Server 0.9.3-r2804/src/server/j2se/com/sun/sgs/impl/service/channel/ChannelServiceImpl.java.html"/>
		<class name="ChannelState.java" source="/Darkstar Server 0.9.3-r2804/src/server/j2se/com/sun/sgs/impl/service/channel/ChannelState.java.html"/>
		<class name="ChannelTable.java" source="/Darkstar Server 0.9.3-r2804/src/server/j2se/com/sun/sgs/impl/service/channel/ChannelTable.java.html"/>
	</package>
	<package name="com.sun.sgs.impl.service.data">
		<class name="ClassSerialization.java" source="/Darkstar Server 0.9.3-r2804/src/server/j2se/com/sun/sgs/impl/service/data/ClassSerialization.java.html"/>
		<class name="ClassesTable.java" source="/Darkstar Server 0.9.3-r2804/src/server/j2se/com/sun/sgs/impl/service/data/ClassesTable.java.html"/>
		<class name="Context.java" source="/Darkstar Server 0.9.3-r2804/src/server/j2se/com/sun/sgs/impl/service/data/Context.java.html"/>
		<class name="DataServiceHeader.java" source="/Darkstar Server 0.9.3-r2804/src/server/j2se/com/sun/sgs/impl/service/data/DataServiceHeader.java.html"/>
		<class name="DataServiceImpl.java" source="/Darkstar Server 0.9.3-r2804/src/server/j2se/com/sun/sgs/impl/service/data/DataServiceImpl.java.html"/>
		<class name="FlushInfo.java" source="/Darkstar Server 0.9.3-r2804/src/server/j2se/com/sun/sgs/impl/service/data/FlushInfo.java.html"/>
		<class name="ManagedReferenceImpl.java" source="/Darkstar Server 0.9.3-r2804/src/server/j2se/com/sun/sgs/impl/service/data/ManagedReferenceImpl.java.html"/>
		<class name="ReferenceTable.java" source="/Darkstar Server 0.9.3-r2804/src/server/j2se/com/sun/sgs/impl/service/data/ReferenceTable.java.html"/>
		<class name="SerialUtil.java" source="/Darkstar Server 0.9.3-r2804/src/server/j2se/com/sun/sgs/impl/service/data/SerialUtil.java.html"/>
		<class name="package-info.java" source="/Darkstar Server 0.9.3-r2804/src/server/j2se/com/sun/sgs/impl/service/data/package-info.java.html"/>
	</package>
	<package name="com.sun.sgs.impl.service.data.store">
		<class name="ClassInfoNotFoundException.java" source="/Darkstar Server 0.9.3-r2804/src/server/j2se/com/sun/sgs/impl/service/data/store/ClassInfoNotFoundException.java.html"/>
		<class name="DataStore.java" source="/Darkstar Server 0.9.3-r2804/src/server/j2se/com/sun/sgs/impl/service/data/store/DataStore.java.html"/>
		<class name="DataStoreException.java" source="/Darkstar Server 0.9.3-r2804/src/server/j2se/com/sun/sgs/impl/service/data/store/DataStoreException.java.html"/>
		<class name="DataStoreHeader.java" source="/Darkstar Server 0.9.3-r2804/src/server/j2se/com/sun/sgs/impl/service/data/store/DataStoreHeader.java.html"/>
		<class name="DataStoreImpl.java" source="/Darkstar Server 0.9.3-r2804/src/server/j2se/com/sun/sgs/impl/service/data/store/DataStoreImpl.java.html"/>
		<class name="package-info.java" source="/Darkstar Server 0.9.3-r2804/src/server/j2se/com/sun/sgs/impl/service/data/store/package-info.java.html"/>
	</package>
	<package name="com.sun.sgs.impl.service.data.store.net">
		<class name="DataStoreClient.java" source="/Darkstar Server 0.9.3-r2804/src/server/j2se/com/sun/sgs/impl/service/data/store/net/DataStoreClient.java.html"/>
		<class name="DataStoreClientRemote.java" source="/Darkstar Server 0.9.3-r2804/src/server/j2se/com/sun/sgs/impl/service/data/store/net/DataStoreClientRemote.java.html"/>
		<class name="DataStoreProtocol.java" source="/Darkstar Server 0.9.3-r2804/src/server/j2se/com/sun/sgs/impl/service/data/store/net/DataStoreProtocol.java.html"/>
		<class name="DataStoreServer.java" source="/Darkstar Server 0.9.3-r2804/src/server/j2se/com/sun/sgs/impl/service/data/store/net/DataStoreServer.java.html"/>
		<class name="DataStoreServerImpl.java" source="/Darkstar Server 0.9.3-r2804/src/server/j2se/com/sun/sgs/impl/service/data/store/net/DataStoreServerImpl.java.html"/>
		<class name="DataStoreServerRemote.java" source="/Darkstar Server 0.9.3-r2804/src/server/j2se/com/sun/sgs/impl/service/data/store/net/DataStoreServerRemote.java.html"/>
		<class name="NetworkException.java" source="/Darkstar Server 0.9.3-r2804/src/server/j2se/com/sun/sgs/impl/service/data/store/net/NetworkException.java.html"/>
		<class name="package-info.java" source="/Darkstar Server 0.9.3-r2804/src/server/j2se/com/sun/sgs/impl/service/data/store/net/package-info.java.html"/>
	</package>
	<package name="com.sun.sgs.impl.service.session">
		<class name="ClientSessionImpl.java" source="/Darkstar Server 0.9.3-r2804/src/server/j2se/com/sun/sgs/impl/service/session/ClientSessionImpl.java.html"/>
		<class name="ClientSessionServiceImpl.java" source="/Darkstar Server 0.9.3-r2804/src/server/j2se/com/sun/sgs/impl/service/session/ClientSessionServiceImpl.java.html"/>
	</package>
	<package name="com.sun.sgs.impl.service.task">
		<class name="TaskServiceImpl.java" source="/Darkstar Server 0.9.3-r2804/src/server/j2se/com/sun/sgs/impl/service/task/TaskServiceImpl.java.html"/>
	</package>
	<package name="com.sun.sgs.impl.service.transaction">
		<class name="ProfileParticipantDetailImpl.java" source="/Darkstar Server 0.9.3-r2804/src/server/j2se/com/sun/sgs/impl/service/transaction/ProfileParticipantDetailImpl.java.html"/>
		<class name="TransactionCoordinator.java" source="/Darkstar Server 0.9.3-r2804/src/server/j2se/com/sun/sgs/impl/service/transaction/TransactionCoordinator.java.html"/>
		<class name="TransactionCoordinatorImpl.java" source="/Darkstar Server 0.9.3-r2804/src/server/j2se/com/sun/sgs/impl/service/transaction/TransactionCoordinatorImpl.java.html"/>
		<class name="TransactionHandle.java" source="/Darkstar Server 0.9.3-r2804/src/server/j2se/com/sun/sgs/impl/service/transaction/TransactionHandle.java.html"/>
		<class name="TransactionImpl.java" source="/Darkstar Server 0.9.3-r2804/src/server/j2se/com/sun/sgs/impl/service/transaction/TransactionImpl.java.html"/>
		<class name="package-info.java" source="/Darkstar Server 0.9.3-r2804/src/server/j2se/com/sun/sgs/impl/service/transaction/package-info.java.html"/>
	</package>
	<package name="com.sun.sgs.impl.sharedutil">
		<class name="CompactId.java" source="/Darkstar Server 0.9.3-r2804/src/shared/j2se/com/sun/sgs/impl/sharedutil/CompactId.java.html"/>
		<class name="HexDumper.java" source="/Darkstar Server 0.9.3-r2804/src/shared/j2se/com/sun/sgs/impl/sharedutil/HexDumper.java.html"/>
		<class name="LoggerWrapper.java" source="/Darkstar Server 0.9.3-r2804/src/shared/j2se/com/sun/sgs/impl/sharedutil/LoggerWrapper.java.html"/>
		<class name="MessageBuffer.java" source="/Darkstar Server 0.9.3-r2804/src/shared/j2se/com/sun/sgs/impl/sharedutil/MessageBuffer.java.html"/>
		<class name="PropertiesWrapper.java" source="/Darkstar Server 0.9.3-r2804/src/shared/j2se/com/sun/sgs/impl/sharedutil/PropertiesWrapper.java.html"/>
	</package>
	<package name="com.sun.sgs.impl.util">
		<class name="AbstractKernelRunnable.java" source="/Darkstar Server 0.9.3-r2804/src/server/j2se/com/sun/sgs/impl/util/AbstractKernelRunnable.java.html"/>
		<class name="BoundNamesUtil.java" source="/Darkstar Server 0.9.3-r2804/src/server/j2se/com/sun/sgs/impl/util/BoundNamesUtil.java.html"/>
		<class name="IdGenerator.java" source="/Darkstar Server 0.9.3-r2804/src/server/j2se/com/sun/sgs/impl/util/IdGenerator.java.html"/>
		<class name="Int30.java" source="/Darkstar Server 0.9.3-r2804/src/server/j2se/com/sun/sgs/impl/util/Int30.java.html"/>
		<class name="MaybeRetryableTransactionAbortedException.java" source="/Darkstar Server 0.9.3-r2804/src/server/j2se/com/sun/sgs/impl/util/MaybeRetryableTransactionAbortedException.java.html"/>
		<class name="MaybeRetryableTransactionNotActiveException.java" source="/Darkstar Server 0.9.3-r2804/src/server/j2se/com/sun/sgs/impl/util/MaybeRetryableTransactionNotActiveException.java.html"/>
		<class name="NonDurableTaskQueue.java" source="/Darkstar Server 0.9.3-r2804/src/server/j2se/com/sun/sgs/impl/util/NonDurableTaskQueue.java.html"/>
		<class name="NonDurableTaskScheduler.java" source="/Darkstar Server 0.9.3-r2804/src/server/j2se/com/sun/sgs/impl/util/NonDurableTaskScheduler.java.html"/>
		<class name="TransactionContext.java" source="/Darkstar Server 0.9.3-r2804/src/server/j2se/com/sun/sgs/impl/util/TransactionContext.java.html"/>
		<class name="TransactionContextFactory.java" source="/Darkstar Server 0.9.3-r2804/src/server/j2se/com/sun/sgs/impl/util/TransactionContextFactory.java.html"/>
		<class name="TransactionContextMap.java" source="/Darkstar Server 0.9.3-r2804/src/server/j2se/com/sun/sgs/impl/util/TransactionContextMap.java.html"/>
		<class name="Version.java" source="/Darkstar Server 0.9.3-r2804/src/server/j2se/com/sun/sgs/impl/util/Version.java.html"/>
		<class name="WrappedSerializable.java" source="/Darkstar Server 0.9.3-r2804/src/server/j2se/com/sun/sgs/impl/util/WrappedSerializable.java.html"/>
		<class name="package-info.java" source="/Darkstar Server 0.9.3-r2804/src/server/j2se/com/sun/sgs/impl/util/package-info.java.html"/>
	</package>
	<package name="com.sun.sgs.io">
		<class name="Acceptor.java" source="/Darkstar Server 0.9.3-r2804/src/shared/j2se/com/sun/sgs/io/Acceptor.java.html"/>
		<class name="AcceptorListener.java" source="/Darkstar Server 0.9.3-r2804/src/shared/j2se/com/sun/sgs/io/AcceptorListener.java.html"/>
		<class name="Connection.java" source="/Darkstar Server 0.9.3-r2804/src/shared/j2se/com/sun/sgs/io/Connection.java.html"/>
		<class name="ConnectionListener.java" source="/Darkstar Server 0.9.3-r2804/src/shared/j2se/com/sun/sgs/io/ConnectionListener.java.html"/>
		<class name="Connector.java" source="/Darkstar Server 0.9.3-r2804/src/shared/j2se/com/sun/sgs/io/Connector.java.html"/>
		<class name="Endpoint.java" source="/Darkstar Server 0.9.3-r2804/src/shared/j2se/com/sun/sgs/io/Endpoint.java.html"/>
		<class name="ServerEndpoint.java" source="/Darkstar Server 0.9.3-r2804/src/shared/j2se/com/sun/sgs/io/ServerEndpoint.java.html"/>
		<class name="package-info.java" source="/Darkstar Server 0.9.3-r2804/src/shared/j2se/com/sun/sgs/io/package-info.java.html"/>
	</package>
	<package name="com.sun.sgs.kernel">
		<class name="ComponentRegistry.java" source="/Darkstar Server 0.9.3-r2804/src/server/j2se/com/sun/sgs/kernel/ComponentRegistry.java.html"/>
		<class name="KernelAppContext.java" source="/Darkstar Server 0.9.3-r2804/src/server/j2se/com/sun/sgs/kernel/KernelAppContext.java.html"/>
		<class name="KernelRunnable.java" source="/Darkstar Server 0.9.3-r2804/src/server/j2se/com/sun/sgs/kernel/KernelRunnable.java.html"/>
		<class name="Manageable.java" source="/Darkstar Server 0.9.3-r2804/src/server/j2se/com/sun/sgs/kernel/Manageable.java.html"/>
		<class name="Priority.java" source="/Darkstar Server 0.9.3-r2804/src/server/j2se/com/sun/sgs/kernel/Priority.java.html"/>
		<class name="ProfileCollector.java" source="/Darkstar Server 0.9.3-r2804/src/server/j2se/com/sun/sgs/kernel/ProfileCollector.java.html"/>
		<class name="ProfileConsumer.java" source="/Darkstar Server 0.9.3-r2804/src/server/j2se/com/sun/sgs/kernel/ProfileConsumer.java.html"/>
		<class name="ProfileCounter.java" source="/Darkstar Server 0.9.3-r2804/src/server/j2se/com/sun/sgs/kernel/ProfileCounter.java.html"/>
		<class name="ProfileOperation.java" source="/Darkstar Server 0.9.3-r2804/src/server/j2se/com/sun/sgs/kernel/ProfileOperation.java.html"/>
		<class name="ProfileOperationListener.java" source="/Darkstar Server 0.9.3-r2804/src/server/j2se/com/sun/sgs/kernel/ProfileOperationListener.java.html"/>
		<class name="ProfileParticipantDetail.java" source="/Darkstar Server 0.9.3-r2804/src/server/j2se/com/sun/sgs/kernel/ProfileParticipantDetail.java.html"/>
		<class name="ProfileProducer.java" source="/Darkstar Server 0.9.3-r2804/src/server/j2se/com/sun/sgs/kernel/ProfileProducer.java.html"/>
		<class name="ProfileRegistrar.java" source="/Darkstar Server 0.9.3-r2804/src/server/j2se/com/sun/sgs/kernel/ProfileRegistrar.java.html"/>
		<class name="ProfileReport.java" source="/Darkstar Server 0.9.3-r2804/src/server/j2se/com/sun/sgs/kernel/ProfileReport.java.html"/>
		<class name="RecurringTaskHandle.java" source="/Darkstar Server 0.9.3-r2804/src/server/j2se/com/sun/sgs/kernel/RecurringTaskHandle.java.html"/>
		<class name="ResourceCoordinator.java" source="/Darkstar Server 0.9.3-r2804/src/server/j2se/com/sun/sgs/kernel/ResourceCoordinator.java.html"/>
		<class name="TaskOwner.java" source="/Darkstar Server 0.9.3-r2804/src/server/j2se/com/sun/sgs/kernel/TaskOwner.java.html"/>
		<class name="TaskReservation.java" source="/Darkstar Server 0.9.3-r2804/src/server/j2se/com/sun/sgs/kernel/TaskReservation.java.html"/>
		<class name="TaskScheduler.java" source="/Darkstar Server 0.9.3-r2804/src/server/j2se/com/sun/sgs/kernel/TaskScheduler.java.html"/>
	</package>
	<package name="com.sun.sgs.protocol.simple">
		<class name="SimpleSgsProtocol.java" source="/Darkstar Server 0.9.3-r2804/src/shared/j2se/com/sun/sgs/protocol/simple/SimpleSgsProtocol.java.html"/>
	</package>
	<package name="com.sun.sgs.service">
		<class name="ClientSessionService.java" source="/Darkstar Server 0.9.3-r2804/src/server/j2se/com/sun/sgs/service/ClientSessionService.java.html"/>
		<class name="DataService.java" source="/Darkstar Server 0.9.3-r2804/src/server/j2se/com/sun/sgs/service/DataService.java.html"/>
		<class name="NonDurableTransactionParticipant.java" source="/Darkstar Server 0.9.3-r2804/src/server/j2se/com/sun/sgs/service/NonDurableTransactionParticipant.java.html"/>
		<class name="ProtocolMessageListener.java" source="/Darkstar Server 0.9.3-r2804/src/server/j2se/com/sun/sgs/service/ProtocolMessageListener.java.html"/>
		<class name="Service.java" source="/Darkstar Server 0.9.3-r2804/src/server/j2se/com/sun/sgs/service/Service.java.html"/>
		<class name="SgsClientSession.java" source="/Darkstar Server 0.9.3-r2804/src/server/j2se/com/sun/sgs/service/SgsClientSession.java.html"/>
		<class name="TaskService.java" source="/Darkstar Server 0.9.3-r2804/src/server/j2se/com/sun/sgs/service/TaskService.java.html"/>
		<class name="Transaction.java" source="/Darkstar Server 0.9.3-r2804/src/server/j2se/com/sun/sgs/service/Transaction.java.html"/>
		<class name="TransactionParticipant.java" source="/Darkstar Server 0.9.3-r2804/src/server/j2se/com/sun/sgs/service/TransactionParticipant.java.html"/>
		<class name="TransactionProxy.java" source="/Darkstar Server 0.9.3-r2804/src/server/j2se/com/sun/sgs/service/TransactionProxy.java.html"/>
		<class name="TransactionRunner.java" source="/Darkstar Server 0.9.3-r2804/src/server/j2se/com/sun/sgs/service/TransactionRunner.java.html"/>
	</package>
	<package name="com.sun.sgs.test.impl.io">
		<class name="ClientTest.java" source="/Darkstar Server 0.9.3-r2804/test/shared/j2se/com/sun/sgs/test/impl/io/ClientTest.java.html"/>
		<class name="ServerTest.java" source="/Darkstar Server 0.9.3-r2804/test/shared/j2se/com/sun/sgs/test/impl/io/ServerTest.java.html"/>
		<class name="TestMessageFilter.java" source="/Darkstar Server 0.9.3-r2804/test/shared/j2se/com/sun/sgs/test/impl/io/TestMessageFilter.java.html"/>
		<class name="TestSocketAcceptor.java" source="/Darkstar Server 0.9.3-r2804/test/shared/j2se/com/sun/sgs/test/impl/io/TestSocketAcceptor.java.html"/>
		<class name="TestSocketConnector.java" source="/Darkstar Server 0.9.3-r2804/test/shared/j2se/com/sun/sgs/test/impl/io/TestSocketConnector.java.html"/>
	</package>
	<package name="com.sun.sgs.test.impl.kernel">
		<class name="KernelSimpleAppTestCase.java" source="/Darkstar Server 0.9.3-r2804/test/server/j2se/com/sun/sgs/test/impl/kernel/KernelSimpleAppTestCase.java.html"/>
		<class name="SimpleApp.java" source="/Darkstar Server 0.9.3-r2804/test/server/j2se/com/sun/sgs/test/impl/kernel/SimpleApp.java.html"/>
		<class name="TestKernelSimpleApp.java" source="/Darkstar Server 0.9.3-r2804/test/server/j2se/com/sun/sgs/test/impl/kernel/TestKernelSimpleApp.java.html"/>
		<class name="TestKernelSimpleAppLongStartup.java" source="/Darkstar Server 0.9.3-r2804/test/server/j2se/com/sun/sgs/test/impl/kernel/TestKernelSimpleAppLongStartup.java.html"/>
		<class name="TestKernelSimpleAppRestart.java" source="/Darkstar Server 0.9.3-r2804/test/server/j2se/com/sun/sgs/test/impl/kernel/TestKernelSimpleAppRestart.java.html"/>
		<class name="TestTaskHandler.java" source="/Darkstar Server 0.9.3-r2804/test/server/j2se/com/sun/sgs/test/impl/kernel/TestTaskHandler.java.html"/>
	</package>
	<package name="com.sun.sgs.test.impl.kernel.schedule">
		<class name="TestMasterTaskSchedulerImpl.java" source="/Darkstar Server 0.9.3-r2804/test/server/j2se/com/sun/sgs/test/impl/kernel/schedule/TestMasterTaskSchedulerImpl.java.html"/>
	</package>
	<package name="com.sun.sgs.test.impl.service.channel">
		<class name="TestChannelServiceImpl.java" source="/Darkstar Server 0.9.3-r2804/test/server/j2se/com/sun/sgs/test/impl/service/channel/TestChannelServiceImpl.java.html"/>
	</package>
	<package name="com.sun.sgs.test.impl.service.data">
		<class name="TestDataServiceConcurrency.java" source="/Darkstar Server 0.9.3-r2804/test/server/j2se/com/sun/sgs/test/impl/service/data/TestDataServiceConcurrency.java.html"/>
		<class name="TestDataServiceImpl.java" source="/Darkstar Server 0.9.3-r2804/test/server/j2se/com/sun/sgs/test/impl/service/data/TestDataServiceImpl.java.html"/>
		<class name="TestDataServicePerformance.java" source="/Darkstar Server 0.9.3-r2804/test/server/j2se/com/sun/sgs/test/impl/service/data/TestDataServicePerformance.java.html"/>
	</package>
	<package name="com.sun.sgs.test.impl.service.data.store">
		<class name="TestDataStoreImpl.java" source="/Darkstar Server 0.9.3-r2804/test/server/j2se/com/sun/sgs/test/impl/service/data/store/TestDataStoreImpl.java.html"/>
		<class name="TestDataStorePerformance.java" source="/Darkstar Server 0.9.3-r2804/test/server/j2se/com/sun/sgs/test/impl/service/data/store/TestDataStorePerformance.java.html"/>
	</package>
	<package name="com.sun.sgs.test.impl.service.data.store.net">
		<class name="TestDataServiceClient.java" source="/Darkstar Server 0.9.3-r2804/test/server/j2se/com/sun/sgs/test/impl/service/data/store/net/TestDataServiceClient.java.html"/>
		<class name="TestDataServiceClientConcurrency.java" source="/Darkstar Server 0.9.3-r2804/test/server/j2se/com/sun/sgs/test/impl/service/data/store/net/TestDataServiceClientConcurrency.java.html"/>
		<class name="TestDataServiceClientPerformance.java" source="/Darkstar Server 0.9.3-r2804/test/server/j2se/com/sun/sgs/test/impl/service/data/store/net/TestDataServiceClientPerformance.java.html"/>
		<class name="TestDataStoreClient.java" source="/Darkstar Server 0.9.3-r2804/test/server/j2se/com/sun/sgs/test/impl/service/data/store/net/TestDataStoreClient.java.html"/>
		<class name="TestDataStoreClientPerformance.java" source="/Darkstar Server 0.9.3-r2804/test/server/j2se/com/sun/sgs/test/impl/service/data/store/net/TestDataStoreClientPerformance.java.html"/>
		<class name="TestDataStoreServerImpl.java" source="/Darkstar Server 0.9.3-r2804/test/server/j2se/com/sun/sgs/test/impl/service/data/store/net/TestDataStoreServerImpl.java.html"/>
	</package>
	<package name="com.sun.sgs.test.impl.service.session">
		<class name="TestClientSessionServiceImpl.java" source="/Darkstar Server 0.9.3-r2804/test/server/j2se/com/sun/sgs/test/impl/service/session/TestClientSessionServiceImpl.java.html"/>
	</package>
	<package name="com.sun.sgs.test.impl.service.task">
		<class name="TestTaskServiceImpl.java" source="/Darkstar Server 0.9.3-r2804/test/server/j2se/com/sun/sgs/test/impl/service/task/TestTaskServiceImpl.java.html"/>
	</package>
	<package name="com.sun.sgs.test.impl.service.transaction">
		<class name="TestTransactionCoordinatorImpl.java" source="/Darkstar Server 0.9.3-r2804/test/server/j2se/com/sun/sgs/test/impl/service/transaction/TestTransactionCoordinatorImpl.java.html"/>
	</package>
	<package name="com.sun.sgs.test.impl.sharedutil">
		<class name="TestCompactId.java" source="/Darkstar Server 0.9.3-r2804/test/shared/j2se/com/sun/sgs/test/impl/sharedutil/TestCompactId.java.html"/>
		<class name="TestMessageBuffer.java" source="/Darkstar Server 0.9.3-r2804/test/shared/j2se/com/sun/sgs/test/impl/sharedutil/TestMessageBuffer.java.html"/>
		<class name="TestPropertiesWrapper.java" source="/Darkstar Server 0.9.3-r2804/test/shared/j2se/com/sun/sgs/test/impl/sharedutil/TestPropertiesWrapper.java.html"/>
	</package>
	<package name="com.sun.sgs.test.impl.util">
		<class name="TestBoundNamesUtil.java" source="/Darkstar Server 0.9.3-r2804/test/server/j2se/com/sun/sgs/test/impl/util/TestBoundNamesUtil.java.html"/>
		<class name="TestIdGenerator.java" source="/Darkstar Server 0.9.3-r2804/test/server/j2se/com/sun/sgs/test/impl/util/TestIdGenerator.java.html"/>
		<class name="TestInt30.java" source="/Darkstar Server 0.9.3-r2804/test/server/j2se/com/sun/sgs/test/impl/util/TestInt30.java.html"/>
		<class name="TestTransactionContextFactory.java" source="/Darkstar Server 0.9.3-r2804/test/server/j2se/com/sun/sgs/test/impl/util/TestTransactionContextFactory.java.html"/>
	</package>
	<package name="com.sun.sgs.test.util">
		<class name="DummyComponentRegistry.java" source="/Darkstar Server 0.9.3-r2804/test/server/j2se/com/sun/sgs/test/util/DummyComponentRegistry.java.html"/>
		<class name="DummyIdentity.java" source="/Darkstar Server 0.9.3-r2804/test/server/j2se/com/sun/sgs/test/util/DummyIdentity.java.html"/>
		<class name="DummyKernelRunnable.java" source="/Darkstar Server 0.9.3-r2804/test/server/j2se/com/sun/sgs/test/util/DummyKernelRunnable.java.html"/>
		<class name="DummyManagedObject.java" source="/Darkstar Server 0.9.3-r2804/test/server/j2se/com/sun/sgs/test/util/DummyManagedObject.java.html"/>
		<class name="DummyNonDurableTransactionParticipant.java" source="/Darkstar Server 0.9.3-r2804/test/server/j2se/com/sun/sgs/test/util/DummyNonDurableTransactionParticipant.java.html"/>
		<class name="DummyProfileCoordinator.java" source="/Darkstar Server 0.9.3-r2804/test/server/j2se/com/sun/sgs/test/util/DummyProfileCoordinator.java.html"/>
		<class name="DummyTaskOwner.java" source="/Darkstar Server 0.9.3-r2804/test/server/j2se/com/sun/sgs/test/util/DummyTaskOwner.java.html"/>
		<class name="DummyTaskScheduler.java" source="/Darkstar Server 0.9.3-r2804/test/server/j2se/com/sun/sgs/test/util/DummyTaskScheduler.java.html"/>
		<class name="DummyTransaction.java" source="/Darkstar Server 0.9.3-r2804/test/server/j2se/com/sun/sgs/test/util/DummyTransaction.java.html"/>
		<class name="DummyTransactionParticipant.java" source="/Darkstar Server 0.9.3-r2804/test/server/j2se/com/sun/sgs/test/util/DummyTransactionParticipant.java.html"/>
		<class name="DummyTransactionProxy.java" source="/Darkstar Server 0.9.3-r2804/test/server/j2se/com/sun/sgs/test/util/DummyTransactionProxy.java.html"/>
		<class name="NameRunner.java" source="/Darkstar Server 0.9.3-r2804/test/server/j2se/com/sun/sgs/test/util/NameRunner.java.html"/>
		<class name="ParameterizedNameRunner.java" source="/Darkstar Server 0.9.3-r2804/test/server/j2se/com/sun/sgs/test/util/ParameterizedNameRunner.java.html"/>
		<class name="UtilThreadGroup.java" source="/Darkstar Server 0.9.3-r2804/test/server/j2se/com/sun/sgs/test/util/UtilThreadGroup.java.html"/>
	</package>
	<package name="com.sun.sgs.tutorial.server.lesson1">
		<class name="HelloWorld.java" source="/Darkstar Server 0.9.3-r2804/example/tutorial/src/com/sun/sgs/tutorial/server/lesson1/HelloWorld.java.html"/>
		<class name="package-info.java" source="/Darkstar Server 0.9.3-r2804/example/tutorial/src/com/sun/sgs/tutorial/server/lesson1/package-info.java.html"/>
	</package>
	<package name="com.sun.sgs.tutorial.server.lesson2">
		<class name="HelloLogger.java" source="/Darkstar Server 0.9.3-r2804/example/tutorial/src/com/sun/sgs/tutorial/server/lesson2/HelloLogger.java.html"/>
		<class name="package-info.java" source="/Darkstar Server 0.9.3-r2804/example/tutorial/src/com/sun/sgs/tutorial/server/lesson2/package-info.java.html"/>
	</package>
	<package name="com.sun.sgs.tutorial.server.lesson3">
		<class name="HelloTimer.java" source="/Darkstar Server 0.9.3-r2804/example/tutorial/src/com/sun/sgs/tutorial/server/lesson3/HelloTimer.java.html"/>
		<class name="package-info.java" source="/Darkstar Server 0.9.3-r2804/example/tutorial/src/com/sun/sgs/tutorial/server/lesson3/package-info.java.html"/>
	</package>
	<package name="com.sun.sgs.tutorial.server.lesson4">
		<class name="HelloPersistence.java" source="/Darkstar Server 0.9.3-r2804/example/tutorial/src/com/sun/sgs/tutorial/server/lesson4/HelloPersistence.java.html"/>
		<class name="HelloPersistence2.java" source="/Darkstar Server 0.9.3-r2804/example/tutorial/src/com/sun/sgs/tutorial/server/lesson4/HelloPersistence2.java.html"/>
		<class name="HelloPersistence3.java" source="/Darkstar Server 0.9.3-r2804/example/tutorial/src/com/sun/sgs/tutorial/server/lesson4/HelloPersistence3.java.html"/>
		<class name="TrivialTimedTask.java" source="/Darkstar Server 0.9.3-r2804/example/tutorial/src/com/sun/sgs/tutorial/server/lesson4/TrivialTimedTask.java.html"/>
		<class name="package-info.java" source="/Darkstar Server 0.9.3-r2804/example/tutorial/src/com/sun/sgs/tutorial/server/lesson4/package-info.java.html"/>
	</package>
	<package name="com.sun.sgs.tutorial.server.lesson5">
		<class name="HelloEcho.java" source="/Darkstar Server 0.9.3-r2804/example/tutorial/src/com/sun/sgs/tutorial/server/lesson5/HelloEcho.java.html"/>
		<class name="HelloEchoSessionListener.java" source="/Darkstar Server 0.9.3-r2804/example/tutorial/src/com/sun/sgs/tutorial/server/lesson5/HelloEchoSessionListener.java.html"/>
		<class name="HelloUser.java" source="/Darkstar Server 0.9.3-r2804/example/tutorial/src/com/sun/sgs/tutorial/server/lesson5/HelloUser.java.html"/>
		<class name="HelloUser2.java" source="/Darkstar Server 0.9.3-r2804/example/tutorial/src/com/sun/sgs/tutorial/server/lesson5/HelloUser2.java.html"/>
		<class name="HelloUserSessionListener.java" source="/Darkstar Server 0.9.3-r2804/example/tutorial/src/com/sun/sgs/tutorial/server/lesson5/HelloUserSessionListener.java.html"/>
		<class name="package-info.java" source="/Darkstar Server 0.9.3-r2804/example/tutorial/src/com/sun/sgs/tutorial/server/lesson5/package-info.java.html"/>
	</package>
	<package name="com.sun.sgs.tutorial.server.lesson6">
		<class name="HelloChannels.java" source="/Darkstar Server 0.9.3-r2804/example/tutorial/src/com/sun/sgs/tutorial/server/lesson6/HelloChannels.java.html"/>
		<class name="HelloChannelsChannelListener.java" source="/Darkstar Server 0.9.3-r2804/example/tutorial/src/com/sun/sgs/tutorial/server/lesson6/HelloChannelsChannelListener.java.html"/>
		<class name="HelloChannelsSessionListener.java" source="/Darkstar Server 0.9.3-r2804/example/tutorial/src/com/sun/sgs/tutorial/server/lesson6/HelloChannelsSessionListener.java.html"/>
		<class name="package-info.java" source="/Darkstar Server 0.9.3-r2804/example/tutorial/src/com/sun/sgs/tutorial/server/lesson6/package-info.java.html"/>
	</package>
	<package name="com.sun.sgs.tutorial.server.swordworld">
		<class name="SwordWorld.java" source="/Darkstar Server 0.9.3-r2804/example/tutorial/src/com/sun/sgs/tutorial/server/swordworld/SwordWorld.java.html"/>
		<class name="SwordWorldObject.java" source="/Darkstar Server 0.9.3-r2804/example/tutorial/src/com/sun/sgs/tutorial/server/swordworld/SwordWorldObject.java.html"/>
		<class name="SwordWorldPlayer.java" source="/Darkstar Server 0.9.3-r2804/example/tutorial/src/com/sun/sgs/tutorial/server/swordworld/SwordWorldPlayer.java.html"/>
		<class name="SwordWorldRoom.java" source="/Darkstar Server 0.9.3-r2804/example/tutorial/src/com/sun/sgs/tutorial/server/swordworld/SwordWorldRoom.java.html"/>
		<class name="package-info.java" source="/Darkstar Server 0.9.3-r2804/example/tutorial/src/com/sun/sgs/tutorial/server/swordworld/package-info.java.html"/>
	</package>
	<package name="com.surelogic">
		<class name="Aggregate.java" source="/promises/src/com/surelogic/Aggregate.java.html"/>
		<class name="AllowsReferencesFrom.java" source="/promises/src/com/surelogic/AllowsReferencesFrom.java.html"/>
		<class name="Assume.java" source="/promises/src/com/surelogic/Assume.java.html"/>
		<class name="Assumes.java" source="/promises/src/com/surelogic/Assumes.java.html"/>
		<class name="Borrowed.java" source="/promises/src/com/surelogic/Borrowed.java.html"/>
		<class name="InLayer.java" source="/promises/src/com/surelogic/InLayer.java.html"/>
		<class name="InRegion.java" source="/promises/src/com/surelogic/InRegion.java.html"/>
		<class name="IsLock.java" source="/promises/src/com/surelogic/IsLock.java.html"/>
		<class name="Layer.java" source="/promises/src/com/surelogic/Layer.java.html"/>
		<class name="Layers.java" source="/promises/src/com/surelogic/Layers.java.html"/>
		<class name="MapFields.java" source="/promises/src/com/surelogic/MapFields.java.html"/>
		<class name="MapsFields.java" source="/promises/src/com/surelogic/MapsFields.java.html"/>
		<class name="MayReferTo.java" source="/promises/src/com/surelogic/MayReferTo.java.html"/>
		<class name="PolicyLock.java" source="/promises/src/com/surelogic/PolicyLock.java.html"/>
		<class name="PolicyLocks.java" source="/promises/src/com/surelogic/PolicyLocks.java.html"/>
		<class name="Promise.java" source="/promises/src/com/surelogic/Promise.java.html"/>
		<class name="Promises.java" source="/promises/src/com/surelogic/Promises.java.html"/>
		<class name="Reads.java" source="/promises/src/com/surelogic/Reads.java.html"/>
		<class name="Region.java" source="/promises/src/com/surelogic/Region.java.html"/>
		<class name="RegionLock.java" source="/promises/src/com/surelogic/RegionLock.java.html"/>
		<class name="RegionLocks.java" source="/promises/src/com/surelogic/RegionLocks.java.html"/>
		<class name="Regions.java" source="/promises/src/com/surelogic/Regions.java.html"/>
		<class name="RequiresLock.java" source="/promises/src/com/surelogic/RequiresLock.java.html"/>
		<class name="ReturnsLock.java" source="/promises/src/com/surelogic/ReturnsLock.java.html"/>
		<class name="SelfProtected.java" source="/promises/src/com/surelogic/SelfProtected.java.html"/>
		<class name="SingleThreaded.java" source="/promises/src/com/surelogic/SingleThreaded.java.html"/>
		<class name="Starts.java" source="/promises/src/com/surelogic/Starts.java.html"/>
		<class name="TypeSet.java" source="/promises/src/com/surelogic/TypeSet.java.html"/>
		<class name="TypeSets.java" source="/promises/src/com/surelogic/TypeSets.java.html"/>
		<class name="Unique.java" source="/promises/src/com/surelogic/Unique.java.html"/>
		<class name="Writes.java" source="/promises/src/com/surelogic/Writes.java.html"/>
	</package>
	<package name="inherited_region.Instance">
		<class name="Bad1.java" source="/TestLockSanityChecks/src/inherited_region/Instance/Bad1.java.html"/>
		<class name="BadRoot1.java" source="/TestLockSanityChecks/src/inherited_region/Instance/BadRoot1.java.html"/>
	</package>
	<package name="inherited_region.Subregion">
		<class name="Bad2.java" source="/TestLockSanityChecks/src/inherited_region/Subregion/Bad2.java.html"/>
		<class name="Bad3.java" source="/TestLockSanityChecks/src/inherited_region/Subregion/Bad3.java.html"/>
		<class name="BadRoot2.java" source="/TestLockSanityChecks/src/inherited_region/Subregion/BadRoot2.java.html"/>
	</package>
	<package name="inherited_region.baseCase">
		<class name="Good1.java" source="/TestLockSanityChecks/src/inherited_region/baseCase/Good1.java.html"/>
	</package>
	<package name="inherited_region.good">
		<class name="Good2.java" source="/TestLockSanityChecks/src/inherited_region/good/Good2.java.html"/>
		<class name="Good3.java" source="/TestLockSanityChecks/src/inherited_region/good/Good3.java.html"/>
		<class name="Good4.java" source="/TestLockSanityChecks/src/inherited_region/good/Good4.java.html"/>
		<class name="GoodRoot.java" source="/TestLockSanityChecks/src/inherited_region/good/GoodRoot.java.html"/>
	</package>
	<package name="net.jcip.annotations">
		<class name="GuardedBy.java" source="/promises/src/net/jcip/annotations/GuardedBy.java.html"/>
		<class name="Immutable.java" source="/promises/src/net/jcip/annotations/Immutable.java.html"/>
		<class name="NotThreadSafe.java" source="/promises/src/net/jcip/annotations/NotThreadSafe.java.html"/>
		<class name="ThreadSafe.java" source="/promises/src/net/jcip/annotations/ThreadSafe.java.html"/>
	</package>
	<package name="qualified_receivers_as_locks">
		<class name="Outer.java" source="/TestLockSanityChecks/src/qualified_receivers_as_locks/Outer.java.html"/>
	</package>
	<package name="test">
		<class name="A.java" source="/Bug973/src/test/A.java.html"/>
		<class name="B.java" source="/Bug973/src/test/B.java.html"/>
		<class name="Outer.java" source="/Bug992/src/test/Outer.java.html"/>
		<class name="Test.java" source="/Bug987/src/test/Test.java.html"/>
	</package>
	<package name="test_lock_field">
		<class name="A.java" source="/TestLockSanityChecks/src/test_lock_field/A.java.html"/>
		<class name="B.java" source="/TestLockSanityChecks/src/test_lock_field/B.java.html"/>
		<class name="C.java" source="/TestLockSanityChecks/src/test_lock_field/C.java.html"/>
		<class name="D.java" source="/TestLockSanityChecks/src/test_lock_field/D.java.html"/>
		<class name="Other.java" source="/TestLockSanityChecks/src/test_lock_field/Other.java.html"/>
	</package>
	<package name="test_lock_region">
		<class name="B.java" source="/TestLockSanityChecks/src/test_lock_region/B.java.html"/>
		<class name="C.java" source="/TestLockSanityChecks/src/test_lock_region/C.java.html"/>
		<class name="D.java" source="/TestLockSanityChecks/src/test_lock_region/D.java.html"/>
		<class name="Grandparent.java" source="/TestLockSanityChecks/src/test_lock_region/Grandparent.java.html"/>
		<class name="GreatGrandparent.java" source="/TestLockSanityChecks/src/test_lock_region/GreatGrandparent.java.html"/>
		<class name="LockViz.java" source="/TestLockSanityChecks/src/test_lock_region/LockViz.java.html"/>
		<class name="LockVizJUC.java" source="/TestLockSanityChecks/src/test_lock_region/LockVizJUC.java.html"/>
		<class name="Other.java" source="/TestLockSanityChecks/src/test_lock_region/Other.java.html"/>
		<class name="Parent.java" source="/TestLockSanityChecks/src/test_lock_region/Parent.java.html"/>
		<class name="ProtectInheritedRegion.java" source="/TestLockSanityChecks/src/test_lock_region/ProtectInheritedRegion.java.html"/>
	</package>
	<package name="test_requires_lock">
		<class name="C.java" source="/TestLockSanityChecks/src/test_requires_lock/C.java.html"/>
		<class name="C_Policy.java" source="/TestLockSanityChecks/src/test_requires_lock/C_Policy.java.html"/>
		<class name="CannotRequireRWLock.java" source="/TestLockSanityChecks/src/test_requires_lock/CannotRequireRWLock.java.html"/>
		<class name="D.java" source="/TestLockSanityChecks/src/test_requires_lock/D.java.html"/>
		<class name="PolicyLock_Constructor.java" source="/TestLockSanityChecks/src/test_requires_lock/PolicyLock_Constructor.java.html"/>
		<class name="PolicyLock_LockNames.java" source="/TestLockSanityChecks/src/test_requires_lock/PolicyLock_LockNames.java.html"/>
		<class name="PolicyLock_visibility.java" source="/TestLockSanityChecks/src/test_requires_lock/PolicyLock_visibility.java.html"/>
		<class name="Root.java" source="/TestLockSanityChecks/src/test_requires_lock/Root.java.html"/>
		<class name="StateLock_Constructor.java" source="/TestLockSanityChecks/src/test_requires_lock/StateLock_Constructor.java.html"/>
		<class name="StateLock_LockNames.java" source="/TestLockSanityChecks/src/test_requires_lock/StateLock_LockNames.java.html"/>
		<class name="StateLock_visibility.java" source="/TestLockSanityChecks/src/test_requires_lock/StateLock_visibility.java.html"/>
		<class name="TestDuplicates.java" source="/TestLockSanityChecks/src/test_requires_lock/TestDuplicates.java.html"/>
		<class name="TestImprovedMessages.java" source="/TestLockSanityChecks/src/test_requires_lock/TestImprovedMessages.java.html"/>
	</package>
	<package name="test_returns_lock">
		<class name="C.java" source="/TestLockSanityChecks/src/test_returns_lock/C.java.html"/>
		<class name="C_Policy.java" source="/TestLockSanityChecks/src/test_returns_lock/C_Policy.java.html"/>
		<class name="PLock.java" source="/TestLockSanityChecks/src/test_returns_lock/PLock.java.html"/>
		<class name="StateLock.java" source="/TestLockSanityChecks/src/test_returns_lock/StateLock.java.html"/>
	</package>
	<package name="test_unique_names">
		<class name="BadC2.java" source="/TestLockSanityChecks/src/test_unique_names/BadC2.java.html"/>
		<class name="BadC3.java" source="/TestLockSanityChecks/src/test_unique_names/BadC3.java.html"/>
		<class name="C1.java" source="/TestLockSanityChecks/src/test_unique_names/C1.java.html"/>
		<class name="GoodC2.java" source="/TestLockSanityChecks/src/test_unique_names/GoodC2.java.html"/>
		<class name="GoodC3.java" source="/TestLockSanityChecks/src/test_unique_names/GoodC3.java.html"/>
		<class name="StateVsPolicyLocks.java" source="/TestLockSanityChecks/src/test_unique_names/StateVsPolicyLocks.java.html"/>
	</package>
	<package name="x.y.z">
		<class name="C.java" source="/Bug954/src/x/y/z/C.java.html"/>
	</package>
</sourceFiles>
