<root msg="Assurance Results">
  <result msg="Concurrency (2 issues)" baseImage="folder.gif" flags="68">
    <result msg="RegionLock java.lang.Object.MUTEX is this protects WaitQueue on Object at java.lang.Object" baseImage="annotation.gif" flags="2">
      <result msg="5 lock precondition(s)" baseImage="folder.gif" flags="2">
        <result msg="RequiresLock MUTEX on java.lang.Object.notify() at java.lang.Object" baseImage="annotation.gif" flags="2" />
        <result msg="RequiresLock MUTEX on java.lang.Object.notifyAll() at java.lang.Object" baseImage="annotation.gif" flags="2" />
        <result msg="RequiresLock MUTEX on java.lang.Object.wait() at java.lang.Object" baseImage="annotation.gif" flags="2" />
        <result msg="RequiresLock MUTEX on java.lang.Object.wait(long) at java.lang.Object" baseImage="annotation.gif" flags="2" />
        <result msg="RequiresLock MUTEX on java.lang.Object.wait(long,int) at java.lang.Object" baseImage="annotation.gif" flags="2" />
      </result>
      <result msg="java.lang.Object.MUTEX is consistent with the code in java.lang.Object" baseImage="plus.gif" flags="0" />
      <result msg="Region public java.lang.Object.WaitQueue at java.lang.Object" baseImage="annotation.gif" flags="0">
        <result msg="Region public java.lang.Object.Instance at java.lang.Object" baseImage="annotation.gif" flags="0">
          <result msg="Region public static java.lang.Object.All at java.lang.Object" baseImage="annotation.gif" flags="0" />
        </result>
      </result>
    </result>
    <result msg="RegionLock test.C.LOCK is this.lock protects Instance on C at C.java line 8" source="/TestSubAnalysisInInitializer/src/test/C.java.html" line="8" baseImage="annotation.gif" flags="68">
      <result msg="3 protected field access(es)" baseImage="folder.gif" flags="2">
        <result msg="test (3 issues)" baseImage="package.gif" flags="2">
          <result msg="Test (3 issues)" baseImage="class.gif" flags="2">
            <result msg="Lock &quot;&lt;c&gt;:LOCK&quot; held when accessing c.value at line 23" source="/TestSubAnalysisInInitializer/src/test/Test.java.html" line="23" baseImage="plus.gif" flags="0">
              <result msg="proposed promise: @Unique(&quot;return&quot;) at Test.java line 29" source="/TestSubAnalysisInInitializer/src/test/Test.java.html" line="29" baseImage="annotation_proposed.gif" flags="0" />
              <result msg="supporting information:" baseImage="folder.gif" flags="0">
                <result msg="Analyzed on behalf of constructor test.Test.Test() at Test.java line 29" source="/TestSubAnalysisInInitializer/src/test/Test.java.html" line="29" baseImage="info.gif" flags="0" />
                <result msg="java.util.concurrent lock &lt;c&gt;:LOCK is held" baseImage="info.gif" flags="0" />
              </result>
            </result>
            <result msg="Lock &quot;&lt;c&gt;:LOCK&quot; held when accessing c.value at line 40" source="/TestSubAnalysisInInitializer/src/test/Test.java.html" line="40" baseImage="plus.gif" flags="0">
              <result msg="proposed promise: @Unique(&quot;return&quot;) at Test.java line 29" source="/TestSubAnalysisInInitializer/src/test/Test.java.html" line="29" baseImage="annotation_proposed.gif" flags="0" />
              <result msg="supporting information: java.util.concurrent lock &lt;c&gt;:LOCK is held" baseImage="info.gif" flags="0" />
            </result>
            <result msg="Lock &quot;&lt;c&gt;:LOCK&quot; held when accessing c.value at line 55" source="/TestSubAnalysisInInitializer/src/test/Test.java.html" line="55" baseImage="plus.gif" flags="0">
              <result msg="supporting information: java.util.concurrent lock &lt;c&gt;:LOCK is held" baseImage="info.gif" flags="0" />
            </result>
          </result>
        </result>
      </result>
      <result msg="3 unprotected field access(es); possible race condition detected" baseImage="folder.gif" flags="4">
        <result msg="test (3 issues)" baseImage="package.gif" flags="4">
          <result msg="Test (3 issues)" baseImage="class.gif" flags="4">
            <result msg="Lock &quot;&lt;c&gt;:LOCK&quot; not held when accessing c.value at line 18" source="/TestSubAnalysisInInitializer/src/test/Test.java.html" line="18" baseImage="red_x.gif" flags="0">
              <result msg="proposed promise: @Unique(&quot;return&quot;) at Test.java line 29" source="/TestSubAnalysisInInitializer/src/test/Test.java.html" line="29" baseImage="annotation_proposed.gif" flags="0" />
              <result msg="supporting information: Analyzed on behalf of constructor test.Test.Test() at Test.java line 29" source="/TestSubAnalysisInInitializer/src/test/Test.java.html" line="29" baseImage="info.gif" flags="0" />
            </result>
            <result msg="Lock &quot;&lt;c&gt;:LOCK&quot; not held when accessing c.value at line 35" source="/TestSubAnalysisInInitializer/src/test/Test.java.html" line="35" baseImage="red_x.gif" flags="0">
              <result msg="proposed promise: @Unique(&quot;return&quot;) at Test.java line 29" source="/TestSubAnalysisInInitializer/src/test/Test.java.html" line="29" baseImage="annotation_proposed.gif" flags="0" />
            </result>
            <result msg="Lock &quot;&lt;c&gt;:LOCK&quot; not held when accessing c.value at line 50" source="/TestSubAnalysisInInitializer/src/test/Test.java.html" line="50" baseImage="red_x.gif" flags="0">
              <result msg="proposed promise: @RequiresLock(&quot;LOCK&quot;) at Test.java line 46" source="/TestSubAnalysisInInitializer/src/test/Test.java.html" line="46" baseImage="annotation_proposed.gif" flags="0" />
            </result>
          </result>
        </result>
      </result>
      <result msg="Region public java.lang.Object.Instance at java.lang.Object" baseImage="annotation.gif" flags="0">
        <result msg="Region public static java.lang.Object.All at java.lang.Object" baseImage="annotation.gif" flags="0" />
      </result>
      <result msg="lock()�unlock() matches (6 issues)" baseImage="info.gif" flags="0">
        <result msg="test (6 issues)" baseImage="package.gif" flags="64">
          <result msg="Test (6 issues)" baseImage="class.gif" flags="64">
            <result msg="lock() call has matching unlock() call at line 25 at Test.java line 21" source="/TestSubAnalysisInInitializer/src/test/Test.java.html" line="21" baseImage="info.gif" flags="0" />
            <result msg="unlock() call has matching lock() call at line 21 at Test.java line 25" source="/TestSubAnalysisInInitializer/src/test/Test.java.html" line="25" baseImage="info.gif" flags="0" />
            <result msg="lock() call has matching unlock() call at line 42 at Test.java line 38" source="/TestSubAnalysisInInitializer/src/test/Test.java.html" line="38" baseImage="info.gif" flags="0" />
            <result msg="unlock() call has matching lock() call at line 38 at Test.java line 42" source="/TestSubAnalysisInInitializer/src/test/Test.java.html" line="42" baseImage="info.gif" flags="0" />
            <result msg="lock() call has matching unlock() call at line 57 at Test.java line 53" source="/TestSubAnalysisInInitializer/src/test/Test.java.html" line="53" baseImage="info.gif" flags="0" />
            <result msg="unlock() call has matching lock() call at line 53 at Test.java line 57" source="/TestSubAnalysisInInitializer/src/test/Test.java.html" line="57" baseImage="info.gif" flags="0" />
          </result>
        </result>
      </result>
    </result>
  </result>
  <result msg="Regions (2 issues)" baseImage="folder.gif" flags="2">
    <result msg="Region public [] at java.lang.[]" baseImage="annotation.gif" flags="0" />
    <result msg="Region public length at java.lang.[]" baseImage="annotation.gif" flags="0" />
  </result>
  <result msg="Suggestions and warnings (6 issues)" baseImage="info.gif" flags="0">
    <result msg="lock()�unlock() matches (6 issues)" baseImage="info.gif" flags="0">
      <result msg="test (6 issues)" baseImage="package.gif" flags="64">
        <result msg="Test (6 issues)" baseImage="class.gif" flags="64">
          <result msg="lock() call has matching unlock() call at line 25 at Test.java line 21" source="/TestSubAnalysisInInitializer/src/test/Test.java.html" line="21" baseImage="info.gif" flags="0" />
          <result msg="unlock() call has matching lock() call at line 21 at Test.java line 25" source="/TestSubAnalysisInInitializer/src/test/Test.java.html" line="25" baseImage="info.gif" flags="0" />
          <result msg="lock() call has matching unlock() call at line 42 at Test.java line 38" source="/TestSubAnalysisInInitializer/src/test/Test.java.html" line="38" baseImage="info.gif" flags="0" />
          <result msg="unlock() call has matching lock() call at line 38 at Test.java line 42" source="/TestSubAnalysisInInitializer/src/test/Test.java.html" line="42" baseImage="info.gif" flags="0" />
          <result msg="lock() call has matching unlock() call at line 57 at Test.java line 53" source="/TestSubAnalysisInInitializer/src/test/Test.java.html" line="53" baseImage="info.gif" flags="0" />
          <result msg="unlock() call has matching lock() call at line 53 at Test.java line 57" source="/TestSubAnalysisInInitializer/src/test/Test.java.html" line="57" baseImage="info.gif" flags="0" />
        </result>
      </result>
    </result>
  </result>
</root>