<root msg="Assurance Results">
  <result msg="Concurrency (2 issues)" baseImage="folder.gif" flags="132">
    <result msg="RegionLock java.lang.Object.MUTEX is this protects WaitQueue  on  Object  at  java.lang.Object" baseImage="annotation.gif" flags="130">
      <result msg="5 lock precondition(s)" baseImage="folder.gif" flags="2">
        <result msg="RequiresLock MUTEX  on  java.lang.Object.notify()  at  java.lang.Object" baseImage="annotation.gif" flags="2" />
        <result msg="RequiresLock MUTEX  on  java.lang.Object.notifyAll()  at  java.lang.Object" baseImage="annotation.gif" flags="2" />
        <result msg="RequiresLock MUTEX  on  java.lang.Object.wait()  at  java.lang.Object" baseImage="annotation.gif" flags="2" />
        <result msg="RequiresLock MUTEX  on  java.lang.Object.wait(long)  at  java.lang.Object" baseImage="annotation.gif" flags="2" />
        <result msg="RequiresLock MUTEX  on  java.lang.Object.wait(long,int)  at  java.lang.Object" baseImage="annotation.gif" flags="2" />
      </result>
      <result msg="java.lang.Object.MUTEX is consistent with the code in java.lang.Object" baseImage="plus.gif" flags="0" />
      <result msg="Region public java.lang.Object.WaitQueue  at  java.lang.Object" baseImage="annotation.gif" flags="0">
        <result msg="Region public java.lang.Object.Instance  at  java.lang.Object" baseImage="annotation.gif" flags="0">
          <result msg="Region public static java.lang.Object.All  at  java.lang.Object" baseImage="annotation.gif" flags="0" />
        </result>
      </result>
      <result msg="1 synchronized block(s) not protecting any state; what state is being protected?" baseImage="warning.gif" flags="128">
        <result msg="test (1 issue)" baseImage="package.gif" flags="128">
          <result msg="C (1 issue)" baseImage="class.gif" flags="128">
            <result msg="Locks [&lt;c1&gt;:MUTEX, &lt;c1&gt;:MyLock] not needed by body of synchronized block  at  C.java line 87" source="/TestSyntacticEquality/src/test/C.java.html" line="87" baseImage="warning.gif" flags="128" />
          </result>
        </result>
      </result>
    </result>
    <result msg="RegionLock test.C.MyLock is this protects Instance  on  C  at  C.java line 8" source="/TestSyntacticEquality/src/test/C.java.html" line="8" baseImage="annotation.gif" flags="132">
      <result msg="10 unprotected field access(es); possible race condition detected" baseImage="folder.gif" flags="4">
        <result msg="test (10 issues)" baseImage="package.gif" flags="4">
          <result msg="C (9 issues)" baseImage="class.gif" flags="4">
            <result msg="Lock &quot;&lt;array [ 1 ]&gt;:MyLock&quot; not held when accessing array [ 1 ].field  at  C.java line 66" source="/TestSyntacticEquality/src/test/C.java.html" line="66" baseImage="red_x.gif" flags="0">
              <result msg="supporting information:" baseImage="folder.gif" flags="0">
                <result msg="Intrinsic lock &lt;array [ 0 ]&gt;:MUTEX is held  at  C.java line 53" source="/TestSyntacticEquality/src/test/C.java.html" line="53" baseImage="info.gif" flags="0" />
                <result msg="Intrinsic lock &lt;array [ 0 ]&gt;:MyLock is held  at  C.java line 53" source="/TestSyntacticEquality/src/test/C.java.html" line="53" baseImage="info.gif" flags="0" />
              </result>
            </result>
            <result msg="Lock &quot;&lt;array [ j ]&gt;:MyLock&quot; not held when accessing array [ j ].field  at  C.java line 48" source="/TestSyntacticEquality/src/test/C.java.html" line="48" baseImage="red_x.gif" flags="0">
              <result msg="supporting information:" baseImage="folder.gif" flags="0">
                <result msg="Intrinsic lock &lt;array [ i ]&gt;:MUTEX is held  at  C.java line 44" source="/TestSyntacticEquality/src/test/C.java.html" line="44" baseImage="info.gif" flags="0" />
                <result msg="Intrinsic lock &lt;array [ i ]&gt;:MyLock is held  at  C.java line 44" source="/TestSyntacticEquality/src/test/C.java.html" line="44" baseImage="info.gif" flags="0" />
              </result>
            </result>
            <result msg="Lock &quot;&lt;c1&gt;:MyLock&quot; not held when accessing c1.field  at  C.java line 82" source="/TestSyntacticEquality/src/test/C.java.html" line="82" baseImage="red_x.gif" flags="0">
              <result msg="supporting information:" baseImage="folder.gif" flags="0">
                <result msg="Intrinsic lock &lt;c2&gt;:MUTEX is held  at  C.java line 80" source="/TestSyntacticEquality/src/test/C.java.html" line="80" baseImage="info.gif" flags="0" />
                <result msg="Intrinsic lock &lt;c2&gt;:MyLock is held  at  C.java line 80" source="/TestSyntacticEquality/src/test/C.java.html" line="80" baseImage="info.gif" flags="0" />
              </result>
            </result>
            <result msg="Lock &quot;&lt;c2&gt;:MyLock&quot; not held when accessing c2.field  at  C.java line 77" source="/TestSyntacticEquality/src/test/C.java.html" line="77" baseImage="red_x.gif" flags="0">
              <result msg="supporting information:" baseImage="folder.gif" flags="0">
                <result msg="Intrinsic lock &lt;c1&gt;:MUTEX is held  at  C.java line 73" source="/TestSyntacticEquality/src/test/C.java.html" line="73" baseImage="info.gif" flags="0" />
                <result msg="Intrinsic lock &lt;c1&gt;:MyLock is held  at  C.java line 73" source="/TestSyntacticEquality/src/test/C.java.html" line="73" baseImage="info.gif" flags="0" />
              </result>
            </result>
            <result msg="Lock &quot;&lt;other&gt;:MyLock&quot; not held when accessing other.field  at  C.java line 100" source="/TestSyntacticEquality/src/test/C.java.html" line="100" baseImage="red_x.gif" flags="0">
              <result msg="supporting information:" baseImage="folder.gif" flags="0">
                <result msg="Intrinsic lock &lt;this&gt;:MUTEX is held  at  C.java line 96" source="/TestSyntacticEquality/src/test/C.java.html" line="96" baseImage="info.gif" flags="0" />
                <result msg="Intrinsic lock &lt;this&gt;:MyLock is held  at  C.java line 96" source="/TestSyntacticEquality/src/test/C.java.html" line="96" baseImage="info.gif" flags="0" />
              </result>
            </result>
            <result msg="Lock &quot;&lt;otherArray [ i ]&gt;:MyLock&quot; not held when accessing otherArray [ i ].field  at  C.java line 50" source="/TestSyntacticEquality/src/test/C.java.html" line="50" baseImage="red_x.gif" flags="0">
              <result msg="supporting information:" baseImage="folder.gif" flags="0">
                <result msg="Intrinsic lock &lt;array [ i ]&gt;:MUTEX is held  at  C.java line 44" source="/TestSyntacticEquality/src/test/C.java.html" line="44" baseImage="info.gif" flags="0" />
                <result msg="Intrinsic lock &lt;array [ i ]&gt;:MyLock is held  at  C.java line 44" source="/TestSyntacticEquality/src/test/C.java.html" line="44" baseImage="info.gif" flags="0" />
              </result>
            </result>
            <result msg="Lock &quot;&lt;t1.f2&gt;:MyLock&quot; not held when accessing t1.f2.field  at  C.java line 26" source="/TestSyntacticEquality/src/test/C.java.html" line="26" baseImage="red_x.gif" flags="0">
              <result msg="supporting information:" baseImage="folder.gif" flags="0">
                <result msg="Intrinsic lock &lt;t1.f1&gt;:MUTEX is held  at  C.java line 22" source="/TestSyntacticEquality/src/test/C.java.html" line="22" baseImage="info.gif" flags="0" />
                <result msg="Intrinsic lock &lt;t1.f1&gt;:MyLock is held  at  C.java line 22" source="/TestSyntacticEquality/src/test/C.java.html" line="22" baseImage="info.gif" flags="0" />
              </result>
            </result>
            <result msg="Lock &quot;&lt;t2.f1&gt;:MyLock&quot; not held when accessing t2.f1.field  at  C.java line 28" source="/TestSyntacticEquality/src/test/C.java.html" line="28" baseImage="red_x.gif" flags="0">
              <result msg="supporting information:" baseImage="folder.gif" flags="0">
                <result msg="Intrinsic lock &lt;t1.f1&gt;:MUTEX is held  at  C.java line 22" source="/TestSyntacticEquality/src/test/C.java.html" line="22" baseImage="info.gif" flags="0" />
                <result msg="Intrinsic lock &lt;t1.f1&gt;:MyLock is held  at  C.java line 22" source="/TestSyntacticEquality/src/test/C.java.html" line="22" baseImage="info.gif" flags="0" />
              </result>
            </result>
            <result msg="Lock &quot;&lt;this&gt;:MyLock&quot; not held when accessing this.field  at  C.java line 89" source="/TestSyntacticEquality/src/test/C.java.html" line="89" baseImage="red_x.gif" flags="0">
              <result msg="supporting information:" baseImage="folder.gif" flags="0">
                <result msg="Intrinsic lock &lt;c1&gt;:MUTEX is held  at  C.java line 87" source="/TestSyntacticEquality/src/test/C.java.html" line="87" baseImage="info.gif" flags="0" />
                <result msg="Intrinsic lock &lt;c1&gt;:MyLock is held  at  C.java line 87" source="/TestSyntacticEquality/src/test/C.java.html" line="87" baseImage="info.gif" flags="0" />
              </result>
            </result>
          </result>
          <result msg="C$Inner (1 issue)" baseImage="class.gif" flags="4">
            <result msg="Lock &quot;&lt;this.innerField&gt;:MyLock&quot; not held when accessing this.innerField.field  at  C.java line 113" source="/TestSyntacticEquality/src/test/C.java.html" line="113" baseImage="red_x.gif" flags="0">
              <result msg="supporting information:" baseImage="folder.gif" flags="0">
                <result msg="Intrinsic lock &lt;test.C.this&gt;:MUTEX is held  at  C.java line 109" source="/TestSyntacticEquality/src/test/C.java.html" line="109" baseImage="info.gif" flags="0" />
                <result msg="Intrinsic lock &lt;test.C.this&gt;:MyLock is held  at  C.java line 109" source="/TestSyntacticEquality/src/test/C.java.html" line="109" baseImage="info.gif" flags="0" />
              </result>
            </result>
          </result>
        </result>
      </result>
      <result msg="11 protected field access(es)" baseImage="folder.gif" flags="2">
        <result msg="test (11 issues)" baseImage="package.gif" flags="2">
          <result msg="C (10 issues)" baseImage="class.gif" flags="2">
            <result msg="Lock &quot;&lt;array [ &apos;\0&apos; ]&gt;:MyLock&quot; held when accessing array [ &apos;\0&apos; ].field  at  C.java line 61" source="/TestSyntacticEquality/src/test/C.java.html" line="61" baseImage="plus.gif" flags="0">
              <result msg="supporting information:" baseImage="folder.gif" flags="0">
                <result msg="Intrinsic lock &lt;array [ 0 ]&gt;:MUTEX is held  at  C.java line 53" source="/TestSyntacticEquality/src/test/C.java.html" line="53" baseImage="info.gif" flags="0" />
                <result msg="Intrinsic lock &lt;array [ 0 ]&gt;:MyLock is held  at  C.java line 53" source="/TestSyntacticEquality/src/test/C.java.html" line="53" baseImage="info.gif" flags="0" />
              </result>
            </result>
            <result msg="Lock &quot;&lt;array [ &apos;\u0000&apos; ]&gt;:MyLock&quot; held when accessing array [ &apos;\u0000&apos; ].field  at  C.java line 63" source="/TestSyntacticEquality/src/test/C.java.html" line="63" baseImage="plus.gif" flags="0">
              <result msg="supporting information:" baseImage="folder.gif" flags="0">
                <result msg="Intrinsic lock &lt;array [ 0 ]&gt;:MUTEX is held  at  C.java line 53" source="/TestSyntacticEquality/src/test/C.java.html" line="53" baseImage="info.gif" flags="0" />
                <result msg="Intrinsic lock &lt;array [ 0 ]&gt;:MyLock is held  at  C.java line 53" source="/TestSyntacticEquality/src/test/C.java.html" line="53" baseImage="info.gif" flags="0" />
              </result>
            </result>
            <result msg="Lock &quot;&lt;array [ 0 ]&gt;:MyLock&quot; held when accessing array [ 0 ].field  at  C.java line 55" source="/TestSyntacticEquality/src/test/C.java.html" line="55" baseImage="plus.gif" flags="0">
              <result msg="supporting information:" baseImage="folder.gif" flags="0">
                <result msg="Intrinsic lock &lt;array [ 0 ]&gt;:MUTEX is held  at  C.java line 53" source="/TestSyntacticEquality/src/test/C.java.html" line="53" baseImage="info.gif" flags="0" />
                <result msg="Intrinsic lock &lt;array [ 0 ]&gt;:MyLock is held  at  C.java line 53" source="/TestSyntacticEquality/src/test/C.java.html" line="53" baseImage="info.gif" flags="0" />
              </result>
            </result>
            <result msg="Lock &quot;&lt;array [ 00 ]&gt;:MyLock&quot; held when accessing array [ 00 ].field  at  C.java line 57" source="/TestSyntacticEquality/src/test/C.java.html" line="57" baseImage="plus.gif" flags="0">
              <result msg="supporting information:" baseImage="folder.gif" flags="0">
                <result msg="Intrinsic lock &lt;array [ 0 ]&gt;:MUTEX is held  at  C.java line 53" source="/TestSyntacticEquality/src/test/C.java.html" line="53" baseImage="info.gif" flags="0" />
                <result msg="Intrinsic lock &lt;array [ 0 ]&gt;:MyLock is held  at  C.java line 53" source="/TestSyntacticEquality/src/test/C.java.html" line="53" baseImage="info.gif" flags="0" />
              </result>
            </result>
            <result msg="Lock &quot;&lt;array [ 0x0 ]&gt;:MyLock&quot; held when accessing array [ 0x0 ].field  at  C.java line 59" source="/TestSyntacticEquality/src/test/C.java.html" line="59" baseImage="plus.gif" flags="0">
              <result msg="supporting information:" baseImage="folder.gif" flags="0">
                <result msg="Intrinsic lock &lt;array [ 0 ]&gt;:MUTEX is held  at  C.java line 53" source="/TestSyntacticEquality/src/test/C.java.html" line="53" baseImage="info.gif" flags="0" />
                <result msg="Intrinsic lock &lt;array [ 0 ]&gt;:MyLock is held  at  C.java line 53" source="/TestSyntacticEquality/src/test/C.java.html" line="53" baseImage="info.gif" flags="0" />
              </result>
            </result>
            <result msg="Lock &quot;&lt;array [ i ]&gt;:MyLock&quot; held when accessing array [ i ].field  at  C.java line 46" source="/TestSyntacticEquality/src/test/C.java.html" line="46" baseImage="plus.gif" flags="0">
              <result msg="supporting information:" baseImage="folder.gif" flags="0">
                <result msg="Intrinsic lock &lt;array [ i ]&gt;:MUTEX is held  at  C.java line 44" source="/TestSyntacticEquality/src/test/C.java.html" line="44" baseImage="info.gif" flags="0" />
                <result msg="Intrinsic lock &lt;array [ i ]&gt;:MyLock is held  at  C.java line 44" source="/TestSyntacticEquality/src/test/C.java.html" line="44" baseImage="info.gif" flags="0" />
              </result>
            </result>
            <result msg="Lock &quot;&lt;c1&gt;:MyLock&quot; held when accessing c1.field  at  C.java line 75" source="/TestSyntacticEquality/src/test/C.java.html" line="75" baseImage="plus.gif" flags="0">
              <result msg="supporting information:" baseImage="folder.gif" flags="0">
                <result msg="Intrinsic lock &lt;c1&gt;:MUTEX is held  at  C.java line 73" source="/TestSyntacticEquality/src/test/C.java.html" line="73" baseImage="info.gif" flags="0" />
                <result msg="Intrinsic lock &lt;c1&gt;:MyLock is held  at  C.java line 73" source="/TestSyntacticEquality/src/test/C.java.html" line="73" baseImage="info.gif" flags="0" />
              </result>
            </result>
            <result msg="Lock &quot;&lt;c2&gt;:MyLock&quot; held when accessing c2.field  at  C.java line 84" source="/TestSyntacticEquality/src/test/C.java.html" line="84" baseImage="plus.gif" flags="0">
              <result msg="supporting information:" baseImage="folder.gif" flags="0">
                <result msg="Intrinsic lock &lt;c2&gt;:MUTEX is held  at  C.java line 80" source="/TestSyntacticEquality/src/test/C.java.html" line="80" baseImage="info.gif" flags="0" />
                <result msg="Intrinsic lock &lt;c2&gt;:MyLock is held  at  C.java line 80" source="/TestSyntacticEquality/src/test/C.java.html" line="80" baseImage="info.gif" flags="0" />
              </result>
            </result>
            <result msg="Lock &quot;&lt;t1.f1&gt;:MyLock&quot; held when accessing t1.f1.field  at  C.java line 24" source="/TestSyntacticEquality/src/test/C.java.html" line="24" baseImage="plus.gif" flags="0">
              <result msg="supporting information:" baseImage="folder.gif" flags="0">
                <result msg="Intrinsic lock &lt;t1.f1&gt;:MUTEX is held  at  C.java line 22" source="/TestSyntacticEquality/src/test/C.java.html" line="22" baseImage="info.gif" flags="0" />
                <result msg="Intrinsic lock &lt;t1.f1&gt;:MyLock is held  at  C.java line 22" source="/TestSyntacticEquality/src/test/C.java.html" line="22" baseImage="info.gif" flags="0" />
              </result>
            </result>
            <result msg="Lock &quot;&lt;this&gt;:MyLock&quot; held when accessing this.field  at  C.java line 98" source="/TestSyntacticEquality/src/test/C.java.html" line="98" baseImage="plus.gif" flags="0">
              <result msg="supporting information:" baseImage="folder.gif" flags="0">
                <result msg="Intrinsic lock &lt;this&gt;:MUTEX is held  at  C.java line 96" source="/TestSyntacticEquality/src/test/C.java.html" line="96" baseImage="info.gif" flags="0" />
                <result msg="Intrinsic lock &lt;this&gt;:MyLock is held  at  C.java line 96" source="/TestSyntacticEquality/src/test/C.java.html" line="96" baseImage="info.gif" flags="0" />
              </result>
            </result>
          </result>
          <result msg="C$Inner (1 issue)" baseImage="class.gif" flags="2">
            <result msg="Lock &quot;&lt;test.C.this&gt;:MyLock&quot; held when accessing test.C.this.field  at  C.java line 111" source="/TestSyntacticEquality/src/test/C.java.html" line="111" baseImage="plus.gif" flags="0">
              <result msg="supporting information:" baseImage="folder.gif" flags="0">
                <result msg="Intrinsic lock &lt;test.C.this&gt;:MUTEX is held  at  C.java line 109" source="/TestSyntacticEquality/src/test/C.java.html" line="109" baseImage="info.gif" flags="0" />
                <result msg="Intrinsic lock &lt;test.C.this&gt;:MyLock is held  at  C.java line 109" source="/TestSyntacticEquality/src/test/C.java.html" line="109" baseImage="info.gif" flags="0" />
              </result>
            </result>
          </result>
        </result>
      </result>
      <result msg="Region public java.lang.Object.Instance  at  java.lang.Object" baseImage="annotation.gif" flags="0">
        <result msg="Region public static java.lang.Object.All  at  java.lang.Object" baseImage="annotation.gif" flags="0" />
      </result>
      <result msg="1 synchronized block(s) not protecting any state; what state is being protected?" baseImage="warning.gif" flags="128">
        <result msg="test (1 issue)" baseImage="package.gif" flags="128">
          <result msg="C (1 issue)" baseImage="class.gif" flags="128">
            <result msg="Locks [&lt;c1&gt;:MUTEX, &lt;c1&gt;:MyLock] not needed by body of synchronized block  at  C.java line 87" source="/TestSyntacticEquality/src/test/C.java.html" line="87" baseImage="warning.gif" flags="128" />
          </result>
        </result>
      </result>
    </result>
  </result>
  <result msg="Regions (2 issues)" baseImage="folder.gif" flags="2">
    <result msg="Region public []  at  java.lang.[]" baseImage="annotation.gif" flags="0" />
    <result msg="Region public length  at  java.lang.[]" baseImage="annotation.gif" flags="0" />
  </result>
  <result msg="Suggestions and warnings (1 issue)" baseImage="info.gif" flags="128">
    <result msg="1 synchronized block(s) not protecting any state; what state is being protected?" baseImage="warning.gif" flags="128">
      <result msg="test (1 issue)" baseImage="package.gif" flags="128">
        <result msg="C (1 issue)" baseImage="class.gif" flags="128">
          <result msg="Locks [&lt;c1&gt;:MUTEX, &lt;c1&gt;:MyLock] not needed by body of synchronized block  at  C.java line 87" source="/TestSyntacticEquality/src/test/C.java.html" line="87" baseImage="warning.gif" flags="128" />
        </result>
      </result>
    </result>
  </result>
</root>