<analyses>
	<analysis id="com.surelogic.jsure.client.eclipse.LockAssurance3" />
	<analysis id="com.surelogic.jsure.client.eclipse.UpdateSuperRootStorage" />
	<analysis id="com.surelogic.jsure.client.eclipse.PromiseParser" />
	<analysis id="com.surelogic.jsure.client.eclipse.ConvertToIR" />
	<analysis id="com.surelogic.jsure.client.eclipse.UniquenessAssurance2" />
	<analysis id="com.surelogic.jsure.client.eclipse.PackageLevelPreprocessing" />
	<analysis id="com.surelogic.jsure.client.eclipse.EffectAssurance2" />
	<analysis id="com.surelogic.jsure.client.eclipse.ThreadEffectAssurance2" />
	<analysis id="com.surelogic.jsure.client.eclipse.PromiseScrubber" />
</analyses>
