<root msg="Assurance Results">
  <result msg="Concurrency (6 issues)" baseImage="folder.gif" flags="140" reddots="1">
    <result msg="PolicyLock test_final_exprs.TestMethodCall.LL is this on TestMethodCall at TestMethodCall.java line 15" source="/TestFinalExpressions/src/test_final_exprs/TestMethodCall.java.html" line="15" baseImage="annotation.gif" flags="130">
      <result msg="ReturnsLock LL on test_final_exprs.TestMethodCall.instanceMethod_returnsLock() at TestMethodCall.java line 45" source="/TestFinalExpressions/src/test_final_exprs/TestMethodCall.java.html" line="45" baseImage="annotation.gif" flags="2">
        <result msg="1 return statement(s) returning the correct lock" baseImage="folder.gif" flags="2">
          <result msg="test_final_exprs (1 issue)" baseImage="package.gif" flags="2">
            <result msg="TestMethodCall (1 issue)" baseImage="class.gif" flags="2">
              <result msg="Return statement correctly returns lock &quot;&lt;this&gt;:LL&quot; at line 48" source="/TestFinalExpressions/src/test_final_exprs/TestMethodCall.java.html" line="48" baseImage="plus.gif" flags="0" />
            </result>
          </result>
        </result>
      </result>
      <result msg="1 synchronized block(s) not protecting any state; what state is being protected?" baseImage="warning.gif" flags="128">
        <result msg="test_final_exprs (1 issue)" baseImage="package.gif" flags="128">
          <result msg="TestMethodCall (1 issue)" baseImage="class.gif" flags="128">
            <result msg="Locks [&lt;t&gt;:LL] not needed by body of synchronized block at TestMethodCall.java line 110" source="/TestFinalExpressions/src/test_final_exprs/TestMethodCall.java.html" line="110" baseImage="warning.gif" flags="128" />
          </result>
        </result>
      </result>
    </result>
    <result msg="PolicyLock test_final_exprs.TestMethodCall.PL is class on TestMethodCall at TestMethodCall.java line 14" source="/TestFinalExpressions/src/test_final_exprs/TestMethodCall.java.html" line="14" baseImage="annotation.gif" flags="130">
      <result msg="ReturnsLock PL on test_final_exprs.TestMethodCall.staticMethod_returnsLock() at TestMethodCall.java line 29" source="/TestFinalExpressions/src/test_final_exprs/TestMethodCall.java.html" line="29" baseImage="annotation.gif" flags="2">
        <result msg="1 return statement(s) returning the correct lock" baseImage="folder.gif" flags="2">
          <result msg="test_final_exprs (1 issue)" baseImage="package.gif" flags="2">
            <result msg="TestMethodCall (1 issue)" baseImage="class.gif" flags="2">
              <result msg="Return statement correctly returns lock &quot;PL&quot; at line 32" source="/TestFinalExpressions/src/test_final_exprs/TestMethodCall.java.html" line="32" baseImage="plus.gif" flags="0" />
            </result>
          </result>
        </result>
      </result>
      <result msg="1 synchronized block(s) not protecting any state; what state is being protected?" baseImage="warning.gif" flags="128">
        <result msg="test_final_exprs (1 issue)" baseImage="package.gif" flags="128">
          <result msg="TestMethodCall (1 issue)" baseImage="class.gif" flags="128">
            <result msg="Locks [PL] not needed by body of synchronized block at TestMethodCall.java line 63" source="/TestFinalExpressions/src/test_final_exprs/TestMethodCall.java.html" line="63" baseImage="warning.gif" flags="128" />
          </result>
        </result>
      </result>
    </result>
    <result msg="RegionLock java.lang.Object.MUTEX is this protects WaitQueue on Object at java.lang.Object" baseImage="annotation.gif" flags="2">
      <result msg="5 lock precondition(s)" baseImage="folder.gif" flags="2">
        <result msg="RequiresLock MUTEX on java.lang.Object.notify() at java.lang.Object" baseImage="annotation.gif" flags="2" />
        <result msg="RequiresLock MUTEX on java.lang.Object.notifyAll() at java.lang.Object" baseImage="annotation.gif" flags="2" />
        <result msg="RequiresLock MUTEX on java.lang.Object.wait() at java.lang.Object" baseImage="annotation.gif" flags="2" />
        <result msg="RequiresLock MUTEX on java.lang.Object.wait(long) at java.lang.Object" baseImage="annotation.gif" flags="2" />
        <result msg="RequiresLock MUTEX on java.lang.Object.wait(long,int) at java.lang.Object" baseImage="annotation.gif" flags="2" />
      </result>
      <result msg="java.lang.Object.MUTEX is consistent with the code in java.lang.Object" baseImage="plus.gif" flags="0" />
      <result msg="Region public java.lang.Object.WaitQueue at java.lang.Object" baseImage="annotation.gif" flags="0">
        <result msg="Region public java.lang.Object.Instance at java.lang.Object" baseImage="annotation.gif" flags="0">
          <result msg="Region public static java.lang.Object.All at java.lang.Object" baseImage="annotation.gif" flags="0" />
        </result>
      </result>
    </result>
    <result msg="RegionLock test_final_exprs.TestInstanceFieldRefs.InstanceLock is this protects InstanceRegion on TestInstanceFieldRefs at TestInstanceFieldRefs.java line 15" source="/TestFinalExpressions/src/test_final_exprs/TestInstanceFieldRefs.java.html" line="15" baseImage="annotation.gif" flags="4">
      <result msg="8 unprotected field access(es); possible race condition detected" baseImage="folder.gif" flags="4">
        <result msg="test_final_exprs (8 issues)" baseImage="package.gif" flags="4">
          <result msg="TestInstanceFieldRefs (8 issues)" baseImage="class.gif" flags="4">
            <result msg="Lock &quot;&lt;this&gt;:InstanceLock&quot; not held when accessing this.protectedField at line 115" source="/TestFinalExpressions/src/test_final_exprs/TestInstanceFieldRefs.java.html" line="115" baseImage="red_x.gif" flags="0">
              <result msg="proposed promise: @RequiresLock(&quot;InstanceLock&quot;) at TestInstanceFieldRefs.java line 109" source="/TestFinalExpressions/src/test_final_exprs/TestInstanceFieldRefs.java.html" line="109" baseImage="annotation_proposed.gif" flags="0" />
              <result msg="supporting information: Intrinsic lock &lt;this.protectedField&gt;:MUTEX is held at TestInstanceFieldRefs.java line 115" source="/TestFinalExpressions/src/test_final_exprs/TestInstanceFieldRefs.java.html" line="115" baseImage="info.gif" flags="0" />
            </result>
            <result msg="Lock &quot;&lt;this&gt;:InstanceLock&quot; not held when accessing this.protectedField at line 127" source="/TestFinalExpressions/src/test_final_exprs/TestInstanceFieldRefs.java.html" line="127" baseImage="red_x.gif" flags="0">
              <result msg="proposed promise: @RequiresLock(&quot;InstanceLock&quot;) at TestInstanceFieldRefs.java line 121" source="/TestFinalExpressions/src/test_final_exprs/TestInstanceFieldRefs.java.html" line="121" baseImage="annotation_proposed.gif" flags="0" />
              <result msg="supporting information: Intrinsic lock &lt;this.protectedField&gt;:MUTEX is held at TestInstanceFieldRefs.java line 127" source="/TestFinalExpressions/src/test_final_exprs/TestInstanceFieldRefs.java.html" line="127" baseImage="info.gif" flags="0" />
            </result>
            <result msg="Lock &quot;&lt;p&gt;:InstanceLock&quot; not held when accessing p.protectedField at line 139" source="/TestFinalExpressions/src/test_final_exprs/TestInstanceFieldRefs.java.html" line="139" baseImage="red_x.gif" flags="0">
              <result msg="proposed promise: @RequiresLock(&quot;InstanceLock&quot;) at TestInstanceFieldRefs.java line 133" source="/TestFinalExpressions/src/test_final_exprs/TestInstanceFieldRefs.java.html" line="133" baseImage="annotation_proposed.gif" flags="0" />
              <result msg="supporting information: Intrinsic lock &lt;p.protectedField&gt;:MUTEX is held at TestInstanceFieldRefs.java line 139" source="/TestFinalExpressions/src/test_final_exprs/TestInstanceFieldRefs.java.html" line="139" baseImage="info.gif" flags="0" />
            </result>
            <result msg="Lock &quot;&lt;p&gt;:InstanceLock&quot; not held when accessing p.protectedField at line 153" source="/TestFinalExpressions/src/test_final_exprs/TestInstanceFieldRefs.java.html" line="153" baseImage="red_x.gif" flags="0">
              <result msg="proposed promise: @RequiresLock(&quot;InstanceLock&quot;) at TestInstanceFieldRefs.java line 145" source="/TestFinalExpressions/src/test_final_exprs/TestInstanceFieldRefs.java.html" line="145" baseImage="annotation_proposed.gif" flags="0" />
              <result msg="supporting information: Intrinsic lock &lt;p.protectedField&gt;:MUTEX is held at TestInstanceFieldRefs.java line 153" source="/TestFinalExpressions/src/test_final_exprs/TestInstanceFieldRefs.java.html" line="153" baseImage="info.gif" flags="0" />
            </result>
            <result msg="Lock &quot;&lt;this&gt;:InstanceLock&quot; not held when accessing this.protectedField at line 222" source="/TestFinalExpressions/src/test_final_exprs/TestInstanceFieldRefs.java.html" line="222" baseImage="red_x.gif" flags="0">
              <result msg="proposed promise: @RequiresLock(&quot;InstanceLock&quot;) at TestInstanceFieldRefs.java line 217" source="/TestFinalExpressions/src/test_final_exprs/TestInstanceFieldRefs.java.html" line="217" baseImage="annotation_proposed.gif" flags="0" />
            </result>
            <result msg="Lock &quot;&lt;this&gt;:InstanceLock&quot; not held when accessing this.protectedField at line 233" source="/TestFinalExpressions/src/test_final_exprs/TestInstanceFieldRefs.java.html" line="233" baseImage="red_x.gif" flags="0">
              <result msg="proposed promise: @RequiresLock(&quot;InstanceLock&quot;) at TestInstanceFieldRefs.java line 228" source="/TestFinalExpressions/src/test_final_exprs/TestInstanceFieldRefs.java.html" line="228" baseImage="annotation_proposed.gif" flags="0" />
            </result>
            <result msg="Lock &quot;&lt;p&gt;:InstanceLock&quot; not held when accessing p.protectedField at line 244" source="/TestFinalExpressions/src/test_final_exprs/TestInstanceFieldRefs.java.html" line="244" baseImage="red_x.gif" flags="0">
              <result msg="proposed promise: @RequiresLock(&quot;InstanceLock&quot;) at TestInstanceFieldRefs.java line 239" source="/TestFinalExpressions/src/test_final_exprs/TestInstanceFieldRefs.java.html" line="239" baseImage="annotation_proposed.gif" flags="0" />
            </result>
            <result msg="Lock &quot;&lt;p&gt;:InstanceLock&quot; not held when accessing p.protectedField at line 257" source="/TestFinalExpressions/src/test_final_exprs/TestInstanceFieldRefs.java.html" line="257" baseImage="red_x.gif" flags="0">
              <result msg="proposed promise: @RequiresLock(&quot;InstanceLock&quot;) at TestInstanceFieldRefs.java line 250" source="/TestFinalExpressions/src/test_final_exprs/TestInstanceFieldRefs.java.html" line="250" baseImage="annotation_proposed.gif" flags="0" />
            </result>
          </result>
        </result>
      </result>
      <result msg="9 protected field access(es)" baseImage="folder.gif" flags="2">
        <result msg="test_final_exprs (9 issues)" baseImage="package.gif" flags="2">
          <result msg="TestInstanceFieldRefs (9 issues)" baseImage="class.gif" flags="2">
            <result msg="Acting as if lock &quot;&lt;this&gt;:InstanceLock&quot; were held when accessing protectedField = new java.lang.Object (occurs within a thread-confined constructor) at line 21" source="/TestFinalExpressions/src/test_final_exprs/TestInstanceFieldRefs.java.html" line="21" baseImage="plus.gif" flags="2">
              <result msg="1 possible prerequisite assertion choice:" baseImage="choice.gif" flags="2">
                <result msg="by borrowed receiver:" baseImage="choice_item.gif" flags="2">
                  <result msg="Borrowed(this) on test_final_exprs.TestInstanceFieldRefs.TestInstanceFieldRefs() at TestInstanceFieldRefs.java line 25" source="/TestFinalExpressions/src/test_final_exprs/TestInstanceFieldRefs.java.html" line="25" baseImage="annotation.gif" flags="2">
                    <result msg="Unique return value of call new java.lang.Object at line 17" source="/TestFinalExpressions/src/test_final_exprs/TestInstanceFieldRefs.java.html" line="17" baseImage="plus.gif" flags="2">
                      <result msg="1 prerequisite assertion:" baseImage="choice_item.gif" flags="2">
                        <result msg="Unique(return) on java.lang.Object.Object() at java.lang.Object" baseImage="annotation.gif" flags="2" />
                      </result>
                    </result>
                    <result msg="Unique return value of call new java.lang.Object at line 18" source="/TestFinalExpressions/src/test_final_exprs/TestInstanceFieldRefs.java.html" line="18" baseImage="plus.gif" flags="2">
                      <result msg="1 prerequisite assertion:" baseImage="choice_item.gif" flags="2">
                        <result msg="Unique(return) on java.lang.Object.Object() at java.lang.Object" baseImage="annotation.gif" flags="2" />
                      </result>
                    </result>
                    <result msg="Unique return value of call new java.lang.Object at line 21" source="/TestFinalExpressions/src/test_final_exprs/TestInstanceFieldRefs.java.html" line="21" baseImage="plus.gif" flags="2">
                      <result msg="1 prerequisite assertion:" baseImage="choice_item.gif" flags="2">
                        <result msg="Unique(return) on java.lang.Object.Object() at java.lang.Object" baseImage="annotation.gif" flags="2" />
                      </result>
                    </result>
                    <result msg="Control flow of constructor test_final_exprs.TestInstanceFieldRefs.TestInstanceFieldRefs() at line 24" source="/TestFinalExpressions/src/test_final_exprs/TestInstanceFieldRefs.java.html" line="24" baseImage="plus.gif" flags="0" />
                    <result msg="Unique return value of call super at line 26" source="/TestFinalExpressions/src/test_final_exprs/TestInstanceFieldRefs.java.html" line="26" baseImage="plus.gif" flags="2">
                      <result msg="1 prerequisite assertion:" baseImage="choice_item.gif" flags="2">
                        <result msg="Unique(return) on java.lang.Object.Object() at java.lang.Object" baseImage="annotation.gif" flags="2" />
                      </result>
                    </result>
                  </result>
                </result>
              </result>
              <result msg="supporting information: Analyzed on behalf of constructor test_final_exprs.TestInstanceFieldRefs.TestInstanceFieldRefs() at TestInstanceFieldRefs.java line 24" source="/TestFinalExpressions/src/test_final_exprs/TestInstanceFieldRefs.java.html" line="24" baseImage="info.gif" flags="0" />
            </result>
            <result msg="Lock &quot;&lt;this&gt;:InstanceLock&quot; held when accessing this.protectedField at line 167" source="/TestFinalExpressions/src/test_final_exprs/TestInstanceFieldRefs.java.html" line="167" baseImage="plus.gif" flags="0">
              <result msg="supporting information:" baseImage="folder.gif" flags="0">
                <result msg="Intrinsic lock &lt;this&gt;:InstanceLock is held at TestInstanceFieldRefs.java line 161" source="/TestFinalExpressions/src/test_final_exprs/TestInstanceFieldRefs.java.html" line="161" baseImage="info.gif" flags="0" />
                <result msg="Intrinsic lock &lt;this&gt;:MUTEX is held at TestInstanceFieldRefs.java line 161" source="/TestFinalExpressions/src/test_final_exprs/TestInstanceFieldRefs.java.html" line="161" baseImage="info.gif" flags="0" />
                <result msg="Intrinsic lock &lt;this.protectedField&gt;:MUTEX is held at TestInstanceFieldRefs.java line 167" source="/TestFinalExpressions/src/test_final_exprs/TestInstanceFieldRefs.java.html" line="167" baseImage="info.gif" flags="0" />
              </result>
            </result>
            <result msg="Lock &quot;&lt;this&gt;:InstanceLock&quot; held when accessing this.protectedField at line 179" source="/TestFinalExpressions/src/test_final_exprs/TestInstanceFieldRefs.java.html" line="179" baseImage="plus.gif" flags="0">
              <result msg="supporting information:" baseImage="folder.gif" flags="0">
                <result msg="Intrinsic lock &lt;this&gt;:InstanceLock is held at TestInstanceFieldRefs.java line 173" source="/TestFinalExpressions/src/test_final_exprs/TestInstanceFieldRefs.java.html" line="173" baseImage="info.gif" flags="0" />
                <result msg="Intrinsic lock &lt;this&gt;:MUTEX is held at TestInstanceFieldRefs.java line 173" source="/TestFinalExpressions/src/test_final_exprs/TestInstanceFieldRefs.java.html" line="173" baseImage="info.gif" flags="0" />
                <result msg="Intrinsic lock &lt;this.protectedField&gt;:MUTEX is held at TestInstanceFieldRefs.java line 179" source="/TestFinalExpressions/src/test_final_exprs/TestInstanceFieldRefs.java.html" line="179" baseImage="info.gif" flags="0" />
              </result>
            </result>
            <result msg="Lock &quot;&lt;p&gt;:InstanceLock&quot; held when accessing p.protectedField at line 192" source="/TestFinalExpressions/src/test_final_exprs/TestInstanceFieldRefs.java.html" line="192" baseImage="plus.gif" flags="0">
              <result msg="supporting information:" baseImage="folder.gif" flags="0">
                <result msg="Intrinsic lock &lt;p&gt;:InstanceLock is held at TestInstanceFieldRefs.java line 186" source="/TestFinalExpressions/src/test_final_exprs/TestInstanceFieldRefs.java.html" line="186" baseImage="info.gif" flags="0" />
                <result msg="Intrinsic lock &lt;p&gt;:MUTEX is held at TestInstanceFieldRefs.java line 186" source="/TestFinalExpressions/src/test_final_exprs/TestInstanceFieldRefs.java.html" line="186" baseImage="info.gif" flags="0" />
                <result msg="Intrinsic lock &lt;p.protectedField&gt;:MUTEX is held at TestInstanceFieldRefs.java line 192" source="/TestFinalExpressions/src/test_final_exprs/TestInstanceFieldRefs.java.html" line="192" baseImage="info.gif" flags="0" />
              </result>
            </result>
            <result msg="Lock &quot;&lt;p&gt;:InstanceLock&quot; held when accessing p.protectedField at line 208" source="/TestFinalExpressions/src/test_final_exprs/TestInstanceFieldRefs.java.html" line="208" baseImage="plus.gif" flags="0">
              <result msg="supporting information:" baseImage="folder.gif" flags="0">
                <result msg="Intrinsic lock &lt;p&gt;:InstanceLock is held at TestInstanceFieldRefs.java line 200" source="/TestFinalExpressions/src/test_final_exprs/TestInstanceFieldRefs.java.html" line="200" baseImage="info.gif" flags="0" />
                <result msg="Intrinsic lock &lt;p&gt;:MUTEX is held at TestInstanceFieldRefs.java line 200" source="/TestFinalExpressions/src/test_final_exprs/TestInstanceFieldRefs.java.html" line="200" baseImage="info.gif" flags="0" />
                <result msg="Intrinsic lock &lt;p.protectedField&gt;:MUTEX is held at TestInstanceFieldRefs.java line 208" source="/TestFinalExpressions/src/test_final_exprs/TestInstanceFieldRefs.java.html" line="208" baseImage="info.gif" flags="0" />
              </result>
            </result>
            <result msg="Lock &quot;&lt;this&gt;:InstanceLock&quot; held when accessing this.protectedField at line 270" source="/TestFinalExpressions/src/test_final_exprs/TestInstanceFieldRefs.java.html" line="270" baseImage="plus.gif" flags="0">
              <result msg="supporting information:" baseImage="folder.gif" flags="0">
                <result msg="Intrinsic lock &lt;this&gt;:InstanceLock is held at TestInstanceFieldRefs.java line 265" source="/TestFinalExpressions/src/test_final_exprs/TestInstanceFieldRefs.java.html" line="265" baseImage="info.gif" flags="0" />
                <result msg="Intrinsic lock &lt;this&gt;:MUTEX is held at TestInstanceFieldRefs.java line 265" source="/TestFinalExpressions/src/test_final_exprs/TestInstanceFieldRefs.java.html" line="265" baseImage="info.gif" flags="0" />
              </result>
            </result>
            <result msg="Lock &quot;&lt;this&gt;:InstanceLock&quot; held when accessing this.protectedField at line 281" source="/TestFinalExpressions/src/test_final_exprs/TestInstanceFieldRefs.java.html" line="281" baseImage="plus.gif" flags="0">
              <result msg="supporting information:" baseImage="folder.gif" flags="0">
                <result msg="Intrinsic lock &lt;this&gt;:InstanceLock is held at TestInstanceFieldRefs.java line 276" source="/TestFinalExpressions/src/test_final_exprs/TestInstanceFieldRefs.java.html" line="276" baseImage="info.gif" flags="0" />
                <result msg="Intrinsic lock &lt;this&gt;:MUTEX is held at TestInstanceFieldRefs.java line 276" source="/TestFinalExpressions/src/test_final_exprs/TestInstanceFieldRefs.java.html" line="276" baseImage="info.gif" flags="0" />
              </result>
            </result>
            <result msg="Lock &quot;&lt;p&gt;:InstanceLock&quot; held when accessing p.protectedField at line 293" source="/TestFinalExpressions/src/test_final_exprs/TestInstanceFieldRefs.java.html" line="293" baseImage="plus.gif" flags="0">
              <result msg="supporting information:" baseImage="folder.gif" flags="0">
                <result msg="Intrinsic lock &lt;p&gt;:InstanceLock is held at TestInstanceFieldRefs.java line 288" source="/TestFinalExpressions/src/test_final_exprs/TestInstanceFieldRefs.java.html" line="288" baseImage="info.gif" flags="0" />
                <result msg="Intrinsic lock &lt;p&gt;:MUTEX is held at TestInstanceFieldRefs.java line 288" source="/TestFinalExpressions/src/test_final_exprs/TestInstanceFieldRefs.java.html" line="288" baseImage="info.gif" flags="0" />
              </result>
            </result>
            <result msg="Lock &quot;&lt;p&gt;:InstanceLock&quot; held when accessing p.protectedField at line 308" source="/TestFinalExpressions/src/test_final_exprs/TestInstanceFieldRefs.java.html" line="308" baseImage="plus.gif" flags="0">
              <result msg="supporting information:" baseImage="folder.gif" flags="0">
                <result msg="Intrinsic lock &lt;p&gt;:InstanceLock is held at TestInstanceFieldRefs.java line 301" source="/TestFinalExpressions/src/test_final_exprs/TestInstanceFieldRefs.java.html" line="301" baseImage="info.gif" flags="0" />
                <result msg="Intrinsic lock &lt;p&gt;:MUTEX is held at TestInstanceFieldRefs.java line 301" source="/TestFinalExpressions/src/test_final_exprs/TestInstanceFieldRefs.java.html" line="301" baseImage="info.gif" flags="0" />
              </result>
            </result>
          </result>
        </result>
      </result>
      <result msg="Region   test_final_exprs.TestInstanceFieldRefs.InstanceRegion at TestInstanceFieldRefs.java line 14" source="/TestFinalExpressions/src/test_final_exprs/TestInstanceFieldRefs.java.html" line="14" baseImage="annotation.gif" flags="0">
        <result msg="Region public java.lang.Object.Instance at java.lang.Object" baseImage="annotation.gif" flags="0">
          <result msg="Region public static java.lang.Object.All at java.lang.Object" baseImage="annotation.gif" flags="0" />
        </result>
      </result>
    </result>
    <result msg="RegionLock test_final_exprs.TestStaticFieldRefs.StaticLock is class protects StaticRegion on TestStaticFieldRefs at TestStaticFieldRefs.java line 13" source="/TestFinalExpressions/src/test_final_exprs/TestStaticFieldRefs.java.html" line="13" baseImage="annotation.gif" flags="4">
      <result msg="3 unprotected field access(es); possible race condition detected" baseImage="folder.gif" flags="4">
        <result msg="test_final_exprs (3 issues)" baseImage="package.gif" flags="4">
          <result msg="TestStaticFieldRefs (3 issues)" baseImage="class.gif" flags="4">
            <result msg="Lock &quot;StaticLock&quot; not held when accessing test_final_exprs.TestStaticFieldRefs.staticProtectedField at line 40" source="/TestFinalExpressions/src/test_final_exprs/TestStaticFieldRefs.java.html" line="40" baseImage="red_x.gif" flags="0">
              <result msg="proposed promise: @RequiresLock(&quot;StaticLock&quot;) at TestStaticFieldRefs.java line 36" source="/TestFinalExpressions/src/test_final_exprs/TestStaticFieldRefs.java.html" line="36" baseImage="annotation_proposed.gif" flags="0" />
              <result msg="supporting information: Intrinsic lock &lt;test_final_exprs.TestStaticFieldRefs.staticProtectedField&gt;:MUTEX is held at TestStaticFieldRefs.java line 40" source="/TestFinalExpressions/src/test_final_exprs/TestStaticFieldRefs.java.html" line="40" baseImage="info.gif" flags="0" />
            </result>
            <result msg="Lock &quot;StaticLock&quot; not held when accessing test_final_exprs.TestStaticFieldRefs.staticProtectedField at line 59" source="/TestFinalExpressions/src/test_final_exprs/TestStaticFieldRefs.java.html" line="59" baseImage="red_x.gif" flags="0">
              <result msg="proposed promise: @RequiresLock(&quot;StaticLock&quot;) at TestStaticFieldRefs.java line 56" source="/TestFinalExpressions/src/test_final_exprs/TestStaticFieldRefs.java.html" line="56" baseImage="annotation_proposed.gif" flags="0" />
            </result>
            <result msg="Lock &quot;StaticLock&quot; not held when accessing test_final_exprs.TestStaticFieldRefs.staticProtectedField at line 61" source="/TestFinalExpressions/src/test_final_exprs/TestStaticFieldRefs.java.html" line="61" baseImage="red_x.gif" flags="0">
              <result msg="proposed promise: @RequiresLock(&quot;StaticLock&quot;) at TestStaticFieldRefs.java line 56" source="/TestFinalExpressions/src/test_final_exprs/TestStaticFieldRefs.java.html" line="56" baseImage="annotation_proposed.gif" flags="0" />
            </result>
          </result>
        </result>
      </result>
      <result msg="4 protected field access(es)" baseImage="folder.gif" flags="2">
        <result msg="test_final_exprs (4 issues)" baseImage="package.gif" flags="2">
          <result msg="TestStaticFieldRefs (4 issues)" baseImage="class.gif" flags="2">
            <result msg="Acting as if lock &quot;StaticLock&quot; were held when accessing staticProtectedField = new java.lang.Object (occurs within a class initializer) at line 19" source="/TestFinalExpressions/src/test_final_exprs/TestStaticFieldRefs.java.html" line="19" baseImage="plus.gif" flags="0" />
            <result msg="Lock &quot;StaticLock&quot; held when accessing test_final_exprs.TestStaticFieldRefs.staticProtectedField at line 50" source="/TestFinalExpressions/src/test_final_exprs/TestStaticFieldRefs.java.html" line="50" baseImage="plus.gif" flags="0">
              <result msg="supporting information:" baseImage="folder.gif" flags="0">
                <result msg="Intrinsic lock &lt;test_final_exprs.TestStaticFieldRefs . class&gt;:MUTEX is held at TestStaticFieldRefs.java line 46" source="/TestFinalExpressions/src/test_final_exprs/TestStaticFieldRefs.java.html" line="46" baseImage="info.gif" flags="0" />
                <result msg="Intrinsic lock StaticLock is held at TestStaticFieldRefs.java line 46" source="/TestFinalExpressions/src/test_final_exprs/TestStaticFieldRefs.java.html" line="46" baseImage="info.gif" flags="0" />
                <result msg="Intrinsic lock &lt;test_final_exprs.TestStaticFieldRefs.staticProtectedField&gt;:MUTEX is held at TestStaticFieldRefs.java line 50" source="/TestFinalExpressions/src/test_final_exprs/TestStaticFieldRefs.java.html" line="50" baseImage="info.gif" flags="0" />
              </result>
            </result>
            <result msg="Lock &quot;StaticLock&quot; held when accessing test_final_exprs.TestStaticFieldRefs.staticProtectedField at line 69" source="/TestFinalExpressions/src/test_final_exprs/TestStaticFieldRefs.java.html" line="69" baseImage="plus.gif" flags="0">
              <result msg="supporting information:" baseImage="folder.gif" flags="0">
                <result msg="Intrinsic lock &lt;test_final_exprs.TestStaticFieldRefs . class&gt;:MUTEX is held at TestStaticFieldRefs.java line 66" source="/TestFinalExpressions/src/test_final_exprs/TestStaticFieldRefs.java.html" line="66" baseImage="info.gif" flags="0" />
                <result msg="Intrinsic lock StaticLock is held at TestStaticFieldRefs.java line 66" source="/TestFinalExpressions/src/test_final_exprs/TestStaticFieldRefs.java.html" line="66" baseImage="info.gif" flags="0" />
              </result>
            </result>
            <result msg="Lock &quot;StaticLock&quot; held when accessing test_final_exprs.TestStaticFieldRefs.staticProtectedField at line 71" source="/TestFinalExpressions/src/test_final_exprs/TestStaticFieldRefs.java.html" line="71" baseImage="plus.gif" flags="0">
              <result msg="supporting information:" baseImage="folder.gif" flags="0">
                <result msg="Intrinsic lock &lt;test_final_exprs.TestStaticFieldRefs . class&gt;:MUTEX is held at TestStaticFieldRefs.java line 66" source="/TestFinalExpressions/src/test_final_exprs/TestStaticFieldRefs.java.html" line="66" baseImage="info.gif" flags="0" />
                <result msg="Intrinsic lock StaticLock is held at TestStaticFieldRefs.java line 66" source="/TestFinalExpressions/src/test_final_exprs/TestStaticFieldRefs.java.html" line="66" baseImage="info.gif" flags="0" />
              </result>
            </result>
          </result>
        </result>
      </result>
      <result msg="Region   static test_final_exprs.TestStaticFieldRefs.StaticRegion at TestStaticFieldRefs.java line 12" source="/TestFinalExpressions/src/test_final_exprs/TestStaticFieldRefs.java.html" line="12" baseImage="annotation.gif" flags="0">
        <result msg="Region public static java.lang.Object.All at java.lang.Object" baseImage="annotation.gif" flags="0" />
      </result>
    </result>
    <result msg="SingleThreaded on test_final_exprs.TestInstanceFieldRefs.TestInstanceFieldRefs() at TestInstanceFieldRefs.java line 24" source="/TestFinalExpressions/src/test_final_exprs/TestInstanceFieldRefs.java.html" line="24" baseImage="annotation.gif" flags="26" reddots="1" />
  </result>
  <result msg="Effects (3 issues)" baseImage="folder.gif" flags="2">
    <result msg="Reads test_final_exprs.TestStaticFieldRefs:staticProtectedField on test_final_exprs.TestStaticFieldRefs.readField_staticProtectedField() at TestStaticFieldRefs.java line 78" source="/TestFinalExpressions/src/test_final_exprs/TestStaticFieldRefs.java.html" line="78" baseImage="annotation.gif" flags="2">
      <result msg="Empty effects trivially satisfy declared effects at line 78" source="/TestFinalExpressions/src/test_final_exprs/TestStaticFieldRefs.java.html" line="78" baseImage="plus.gif" flags="0" />
    </result>
    <result msg="Reads this:Instance on test_final_exprs.TestInstanceFieldRefs.readInstance() at TestInstanceFieldRefs.java line 317" source="/TestFinalExpressions/src/test_final_exprs/TestInstanceFieldRefs.java.html" line="317" baseImage="annotation.gif" flags="2">
      <result msg="Empty effects trivially satisfy declared effects at line 317" source="/TestFinalExpressions/src/test_final_exprs/TestInstanceFieldRefs.java.html" line="317" baseImage="plus.gif" flags="0" />
    </result>
    <result msg="Writes this:Instance on test_final_exprs.TestInstanceFieldRefs.writeInstance() at TestInstanceFieldRefs.java line 322" source="/TestFinalExpressions/src/test_final_exprs/TestInstanceFieldRefs.java.html" line="322" baseImage="annotation.gif" flags="2">
      <result msg="Empty effects trivially satisfy declared effects at line 322" source="/TestFinalExpressions/src/test_final_exprs/TestInstanceFieldRefs.java.html" line="322" baseImage="plus.gif" flags="0" />
    </result>
  </result>
  <result msg="Regions (4 issues)" baseImage="folder.gif" flags="2">
    <result msg="Region private static test_final_exprs.TestStaticFieldRefs.staticProtectedField at TestStaticFieldRefs.java line 19" source="/TestFinalExpressions/src/test_final_exprs/TestStaticFieldRefs.java.html" line="19" baseImage="annotation.gif" flags="0">
      <result msg="InRegion(StaticRegion) on staticProtectedField at TestStaticFieldRefs.java line 18" source="/TestFinalExpressions/src/test_final_exprs/TestStaticFieldRefs.java.html" line="18" baseImage="annotation.gif" flags="0" />
      <result msg="Region   static test_final_exprs.TestStaticFieldRefs.StaticRegion at TestStaticFieldRefs.java line 12" source="/TestFinalExpressions/src/test_final_exprs/TestStaticFieldRefs.java.html" line="12" baseImage="annotation.gif" flags="0">
        <result msg="Region public static java.lang.Object.All at java.lang.Object" baseImage="annotation.gif" flags="0" />
      </result>
    </result>
    <result msg="Region private test_final_exprs.TestInstanceFieldRefs.protectedField at TestInstanceFieldRefs.java line 21" source="/TestFinalExpressions/src/test_final_exprs/TestInstanceFieldRefs.java.html" line="21" baseImage="annotation.gif" flags="0">
      <result msg="InRegion(InstanceRegion) on protectedField at TestInstanceFieldRefs.java line 20" source="/TestFinalExpressions/src/test_final_exprs/TestInstanceFieldRefs.java.html" line="20" baseImage="annotation.gif" flags="0" />
      <result msg="Region   test_final_exprs.TestInstanceFieldRefs.InstanceRegion at TestInstanceFieldRefs.java line 14" source="/TestFinalExpressions/src/test_final_exprs/TestInstanceFieldRefs.java.html" line="14" baseImage="annotation.gif" flags="0">
        <result msg="Region public java.lang.Object.Instance at java.lang.Object" baseImage="annotation.gif" flags="0">
          <result msg="Region public static java.lang.Object.All at java.lang.Object" baseImage="annotation.gif" flags="0" />
        </result>
      </result>
    </result>
    <result msg="Region public [] at java.lang.[]" baseImage="annotation.gif" flags="0" />
    <result msg="Region public length at java.lang.[]" baseImage="annotation.gif" flags="0" />
  </result>
  <result msg="Uniqueness (1 issue)" baseImage="folder.gif" flags="2">
    <result msg="Borrowed(this) on test_final_exprs.TestInstanceFieldRefs.TestInstanceFieldRefs() at TestInstanceFieldRefs.java line 25" source="/TestFinalExpressions/src/test_final_exprs/TestInstanceFieldRefs.java.html" line="25" baseImage="annotation.gif" flags="2">
      <result msg="Unique return value of call new java.lang.Object at line 17" source="/TestFinalExpressions/src/test_final_exprs/TestInstanceFieldRefs.java.html" line="17" baseImage="plus.gif" flags="2">
        <result msg="1 prerequisite assertion:" baseImage="choice_item.gif" flags="2">
          <result msg="Unique(return) on java.lang.Object.Object() at java.lang.Object" baseImage="annotation.gif" flags="2" />
        </result>
      </result>
      <result msg="Unique return value of call new java.lang.Object at line 18" source="/TestFinalExpressions/src/test_final_exprs/TestInstanceFieldRefs.java.html" line="18" baseImage="plus.gif" flags="2">
        <result msg="1 prerequisite assertion:" baseImage="choice_item.gif" flags="2">
          <result msg="Unique(return) on java.lang.Object.Object() at java.lang.Object" baseImage="annotation.gif" flags="2" />
        </result>
      </result>
      <result msg="Unique return value of call new java.lang.Object at line 21" source="/TestFinalExpressions/src/test_final_exprs/TestInstanceFieldRefs.java.html" line="21" baseImage="plus.gif" flags="2">
        <result msg="1 prerequisite assertion:" baseImage="choice_item.gif" flags="2">
          <result msg="Unique(return) on java.lang.Object.Object() at java.lang.Object" baseImage="annotation.gif" flags="2" />
        </result>
      </result>
      <result msg="Control flow of constructor test_final_exprs.TestInstanceFieldRefs.TestInstanceFieldRefs() at line 24" source="/TestFinalExpressions/src/test_final_exprs/TestInstanceFieldRefs.java.html" line="24" baseImage="plus.gif" flags="0" />
      <result msg="Unique return value of call super at line 26" source="/TestFinalExpressions/src/test_final_exprs/TestInstanceFieldRefs.java.html" line="26" baseImage="plus.gif" flags="2">
        <result msg="1 prerequisite assertion:" baseImage="choice_item.gif" flags="2">
          <result msg="Unique(return) on java.lang.Object.Object() at java.lang.Object" baseImage="annotation.gif" flags="2" />
        </result>
      </result>
    </result>
  </result>
  <result msg="Suggestions and warnings (54 issues)" baseImage="info.gif" flags="128">
    <result msg="2 synchronized block(s) not protecting any state; what state is being protected?" baseImage="warning.gif" flags="128">
      <result msg="test_final_exprs (2 issues)" baseImage="package.gif" flags="128">
        <result msg="TestMethodCall (2 issues)" baseImage="class.gif" flags="128">
          <result msg="Locks [PL] not needed by body of synchronized block at TestMethodCall.java line 63" source="/TestFinalExpressions/src/test_final_exprs/TestMethodCall.java.html" line="63" baseImage="warning.gif" flags="128" />
          <result msg="Locks [&lt;t&gt;:LL] not needed by body of synchronized block at TestMethodCall.java line 110" source="/TestFinalExpressions/src/test_final_exprs/TestMethodCall.java.html" line="110" baseImage="warning.gif" flags="128" />
        </result>
      </result>
    </result>
    <result msg="24 non-final lock expression(s); analysis cannot determine which lock is being acquired" baseImage="warning.gif" flags="128">
      <result msg="test_final_exprs (24 issues)" baseImage="package.gif" flags="128">
        <result msg="TestArrayRefs (3 issues)" baseImage="class.gif" flags="128">
          <result msg="Lock expression &quot;array [ idx ]&quot; is not final at TestArrayRefs.java line 82" source="/TestFinalExpressions/src/test_final_exprs/TestArrayRefs.java.html" line="82" baseImage="warning.gif" flags="128" />
          <result msg="Lock expression &quot;array [ idx ]&quot; is not final at TestArrayRefs.java line 97" source="/TestFinalExpressions/src/test_final_exprs/TestArrayRefs.java.html" line="97" baseImage="warning.gif" flags="128" />
          <result msg="Lock expression &quot;array [ idx ]&quot; is not final at TestArrayRefs.java line 112" source="/TestFinalExpressions/src/test_final_exprs/TestArrayRefs.java.html" line="112" baseImage="warning.gif" flags="128" />
        </result>
        <result msg="TestInstanceFieldRefs (12 issues)" baseImage="class.gif" flags="128">
          <result msg="Lock expression &quot;this.unprotectedField&quot; is not final at TestInstanceFieldRefs.java line 73" source="/TestFinalExpressions/src/test_final_exprs/TestInstanceFieldRefs.java.html" line="73" baseImage="warning.gif" flags="128" />
          <result msg="Lock expression &quot;this.unprotectedField&quot; is not final at TestInstanceFieldRefs.java line 82" source="/TestFinalExpressions/src/test_final_exprs/TestInstanceFieldRefs.java.html" line="82" baseImage="warning.gif" flags="128" />
          <result msg="Lock expression &quot;p.unprotectedField&quot; is not final at TestInstanceFieldRefs.java line 91" source="/TestFinalExpressions/src/test_final_exprs/TestInstanceFieldRefs.java.html" line="91" baseImage="warning.gif" flags="128" />
          <result msg="Lock expression &quot;p.unprotectedField&quot; is not final at TestInstanceFieldRefs.java line 102" source="/TestFinalExpressions/src/test_final_exprs/TestInstanceFieldRefs.java.html" line="102" baseImage="warning.gif" flags="128" />
          <result msg="Lock expression &quot;this.protectedField&quot; is not final at TestInstanceFieldRefs.java line 222" source="/TestFinalExpressions/src/test_final_exprs/TestInstanceFieldRefs.java.html" line="222" baseImage="warning.gif" flags="128" />
          <result msg="Lock expression &quot;this.protectedField&quot; is not final at TestInstanceFieldRefs.java line 233" source="/TestFinalExpressions/src/test_final_exprs/TestInstanceFieldRefs.java.html" line="233" baseImage="warning.gif" flags="128" />
          <result msg="Lock expression &quot;p.protectedField&quot; is not final at TestInstanceFieldRefs.java line 244" source="/TestFinalExpressions/src/test_final_exprs/TestInstanceFieldRefs.java.html" line="244" baseImage="warning.gif" flags="128" />
          <result msg="Lock expression &quot;p.protectedField&quot; is not final at TestInstanceFieldRefs.java line 257" source="/TestFinalExpressions/src/test_final_exprs/TestInstanceFieldRefs.java.html" line="257" baseImage="warning.gif" flags="128" />
          <result msg="Lock expression &quot;this.protectedField&quot; is not final at TestInstanceFieldRefs.java line 270" source="/TestFinalExpressions/src/test_final_exprs/TestInstanceFieldRefs.java.html" line="270" baseImage="warning.gif" flags="128" />
          <result msg="Lock expression &quot;this.protectedField&quot; is not final at TestInstanceFieldRefs.java line 281" source="/TestFinalExpressions/src/test_final_exprs/TestInstanceFieldRefs.java.html" line="281" baseImage="warning.gif" flags="128" />
          <result msg="Lock expression &quot;p.protectedField&quot; is not final at TestInstanceFieldRefs.java line 293" source="/TestFinalExpressions/src/test_final_exprs/TestInstanceFieldRefs.java.html" line="293" baseImage="warning.gif" flags="128" />
          <result msg="Lock expression &quot;p.protectedField&quot; is not final at TestInstanceFieldRefs.java line 308" source="/TestFinalExpressions/src/test_final_exprs/TestInstanceFieldRefs.java.html" line="308" baseImage="warning.gif" flags="128" />
        </result>
        <result msg="TestLocalVars (2 issues)" baseImage="class.gif" flags="128">
          <result msg="Lock expression &quot;p&quot; is not final at TestLocalVars.java line 53" source="/TestFinalExpressions/src/test_final_exprs/TestLocalVars.java.html" line="53" baseImage="warning.gif" flags="128" />
          <result msg="Lock expression &quot;o&quot; is not final at TestLocalVars.java line 63" source="/TestFinalExpressions/src/test_final_exprs/TestLocalVars.java.html" line="63" baseImage="warning.gif" flags="128" />
        </result>
        <result msg="TestMethodCall (4 issues)" baseImage="class.gif" flags="128">
          <result msg="Lock expression &quot;this.staticMethod_noReturnsLock&quot; is not final at TestMethodCall.java line 55" source="/TestFinalExpressions/src/test_final_exprs/TestMethodCall.java.html" line="55" baseImage="warning.gif" flags="128" />
          <result msg="Lock expression &quot;t.instanceMethod_noReturnsLock&quot; is not final at TestMethodCall.java line 75" source="/TestFinalExpressions/src/test_final_exprs/TestMethodCall.java.html" line="75" baseImage="warning.gif" flags="128" />
          <result msg="Lock expression &quot;t.instanceMethod_returnsLock&quot; is not final at TestMethodCall.java line 86" source="/TestFinalExpressions/src/test_final_exprs/TestMethodCall.java.html" line="86" baseImage="warning.gif" flags="128" />
          <result msg="Lock expression &quot;t.instanceMethod_noReturnsLock&quot; is not final at TestMethodCall.java line 99" source="/TestFinalExpressions/src/test_final_exprs/TestMethodCall.java.html" line="99" baseImage="warning.gif" flags="128" />
        </result>
        <result msg="TestStaticFieldRefs (3 issues)" baseImage="class.gif" flags="128">
          <result msg="Lock expression &quot;test_final_exprs.TestStaticFieldRefs.staticUnprotectedField&quot; is not final at TestStaticFieldRefs.java line 31" source="/TestFinalExpressions/src/test_final_exprs/TestStaticFieldRefs.java.html" line="31" baseImage="warning.gif" flags="128" />
          <result msg="Lock expression &quot;test_final_exprs.TestStaticFieldRefs.staticProtectedField&quot; is not final at TestStaticFieldRefs.java line 59" source="/TestFinalExpressions/src/test_final_exprs/TestStaticFieldRefs.java.html" line="59" baseImage="warning.gif" flags="128" />
          <result msg="Lock expression &quot;test_final_exprs.TestStaticFieldRefs.staticProtectedField&quot; is not final at TestStaticFieldRefs.java line 69" source="/TestFinalExpressions/src/test_final_exprs/TestStaticFieldRefs.java.html" line="69" baseImage="warning.gif" flags="128" />
        </result>
      </result>
    </result>
    <result msg="28 unidentifiable lock(s); what is the name of the lock? what state is being protected?" baseImage="warning.gif" flags="128">
      <result msg="test_final_exprs (28 issues)" baseImage="package.gif" flags="128">
        <result msg="TestArrayRefs (6 issues)" baseImage="class.gif" flags="128">
          <result msg="Lock expression &quot;array [ 0 ]&quot; does not name a programmer-declared lock; consider declaring what state is protected by the referenced lock at TestArrayRefs.java line 14" source="/TestFinalExpressions/src/test_final_exprs/TestArrayRefs.java.html" line="14" baseImage="warning.gif" flags="128" />
          <result msg="Lock expression &quot;array [ 0 ]&quot; does not name a programmer-declared lock; consider declaring what state is protected by the referenced lock at TestArrayRefs.java line 22" source="/TestFinalExpressions/src/test_final_exprs/TestArrayRefs.java.html" line="22" baseImage="warning.gif" flags="128" />
          <result msg="Lock expression &quot;array [ idx ]&quot; does not name a programmer-declared lock; consider declaring what state is protected by the referenced lock at TestArrayRefs.java line 35" source="/TestFinalExpressions/src/test_final_exprs/TestArrayRefs.java.html" line="35" baseImage="warning.gif" flags="128" />
          <result msg="Lock expression &quot;array [ idx ]&quot; does not name a programmer-declared lock; consider declaring what state is protected by the referenced lock at TestArrayRefs.java line 43" source="/TestFinalExpressions/src/test_final_exprs/TestArrayRefs.java.html" line="43" baseImage="warning.gif" flags="128" />
          <result msg="Lock expression &quot;array [ idx ]&quot; does not name a programmer-declared lock; consider declaring what state is protected by the referenced lock at TestArrayRefs.java line 58" source="/TestFinalExpressions/src/test_final_exprs/TestArrayRefs.java.html" line="58" baseImage="warning.gif" flags="128" />
          <result msg="Lock expression &quot;array [ idx ]&quot; does not name a programmer-declared lock; consider declaring what state is protected by the referenced lock at TestArrayRefs.java line 68" source="/TestFinalExpressions/src/test_final_exprs/TestArrayRefs.java.html" line="68" baseImage="warning.gif" flags="128" />
        </result>
        <result msg="TestClassExprs (1 issue)" baseImage="class.gif" flags="128">
          <result msg="Lock expression &quot;java.lang.Object . class&quot; does not name a programmer-declared lock; consider declaring what state is protected by the referenced lock at TestClassExprs.java line 11" source="/TestFinalExpressions/src/test_final_exprs/TestClassExprs.java.html" line="11" baseImage="warning.gif" flags="128" />
        </result>
        <result msg="TestInstanceFieldRefs (12 issues)" baseImage="class.gif" flags="128">
          <result msg="Lock expression &quot;this.finalField&quot; does not name a programmer-declared lock; consider declaring what state is protected by the referenced lock at TestInstanceFieldRefs.java line 35" source="/TestFinalExpressions/src/test_final_exprs/TestInstanceFieldRefs.java.html" line="35" baseImage="warning.gif" flags="128" />
          <result msg="Lock expression &quot;this.finalField&quot; does not name a programmer-declared lock; consider declaring what state is protected by the referenced lock at TestInstanceFieldRefs.java line 43" source="/TestFinalExpressions/src/test_final_exprs/TestInstanceFieldRefs.java.html" line="43" baseImage="warning.gif" flags="128" />
          <result msg="Lock expression &quot;p.finalField&quot; does not name a programmer-declared lock; consider declaring what state is protected by the referenced lock at TestInstanceFieldRefs.java line 51" source="/TestFinalExpressions/src/test_final_exprs/TestInstanceFieldRefs.java.html" line="51" baseImage="warning.gif" flags="128" />
          <result msg="Lock expression &quot;p.finalField&quot; does not name a programmer-declared lock; consider declaring what state is protected by the referenced lock at TestInstanceFieldRefs.java line 62" source="/TestFinalExpressions/src/test_final_exprs/TestInstanceFieldRefs.java.html" line="62" baseImage="warning.gif" flags="128" />
          <result msg="Lock expression &quot;this.protectedField&quot; does not name a programmer-declared lock; consider declaring what state is protected by the referenced lock at TestInstanceFieldRefs.java line 115" source="/TestFinalExpressions/src/test_final_exprs/TestInstanceFieldRefs.java.html" line="115" baseImage="warning.gif" flags="128" />
          <result msg="Lock expression &quot;this.protectedField&quot; does not name a programmer-declared lock; consider declaring what state is protected by the referenced lock at TestInstanceFieldRefs.java line 127" source="/TestFinalExpressions/src/test_final_exprs/TestInstanceFieldRefs.java.html" line="127" baseImage="warning.gif" flags="128" />
          <result msg="Lock expression &quot;p.protectedField&quot; does not name a programmer-declared lock; consider declaring what state is protected by the referenced lock at TestInstanceFieldRefs.java line 139" source="/TestFinalExpressions/src/test_final_exprs/TestInstanceFieldRefs.java.html" line="139" baseImage="warning.gif" flags="128" />
          <result msg="Lock expression &quot;p.protectedField&quot; does not name a programmer-declared lock; consider declaring what state is protected by the referenced lock at TestInstanceFieldRefs.java line 153" source="/TestFinalExpressions/src/test_final_exprs/TestInstanceFieldRefs.java.html" line="153" baseImage="warning.gif" flags="128" />
          <result msg="Lock expression &quot;this.protectedField&quot; does not name a programmer-declared lock; consider declaring what state is protected by the referenced lock at TestInstanceFieldRefs.java line 167" source="/TestFinalExpressions/src/test_final_exprs/TestInstanceFieldRefs.java.html" line="167" baseImage="warning.gif" flags="128" />
          <result msg="Lock expression &quot;this.protectedField&quot; does not name a programmer-declared lock; consider declaring what state is protected by the referenced lock at TestInstanceFieldRefs.java line 179" source="/TestFinalExpressions/src/test_final_exprs/TestInstanceFieldRefs.java.html" line="179" baseImage="warning.gif" flags="128" />
          <result msg="Lock expression &quot;p.protectedField&quot; does not name a programmer-declared lock; consider declaring what state is protected by the referenced lock at TestInstanceFieldRefs.java line 192" source="/TestFinalExpressions/src/test_final_exprs/TestInstanceFieldRefs.java.html" line="192" baseImage="warning.gif" flags="128" />
          <result msg="Lock expression &quot;p.protectedField&quot; does not name a programmer-declared lock; consider declaring what state is protected by the referenced lock at TestInstanceFieldRefs.java line 208" source="/TestFinalExpressions/src/test_final_exprs/TestInstanceFieldRefs.java.html" line="208" baseImage="warning.gif" flags="128" />
        </result>
        <result msg="TestLocalVars (4 issues)" baseImage="class.gif" flags="128">
          <result msg="Lock expression &quot;p&quot; does not name a programmer-declared lock; consider declaring what state is protected by the referenced lock at TestLocalVars.java line 10" source="/TestFinalExpressions/src/test_final_exprs/TestLocalVars.java.html" line="10" baseImage="warning.gif" flags="128" />
          <result msg="Lock expression &quot;o&quot; does not name a programmer-declared lock; consider declaring what state is protected by the referenced lock at TestLocalVars.java line 19" source="/TestFinalExpressions/src/test_final_exprs/TestLocalVars.java.html" line="19" baseImage="warning.gif" flags="128" />
          <result msg="Lock expression &quot;p&quot; does not name a programmer-declared lock; consider declaring what state is protected by the referenced lock at TestLocalVars.java line 29" source="/TestFinalExpressions/src/test_final_exprs/TestLocalVars.java.html" line="29" baseImage="warning.gif" flags="128" />
          <result msg="Lock expression &quot;o&quot; does not name a programmer-declared lock; consider declaring what state is protected by the referenced lock at TestLocalVars.java line 41" source="/TestFinalExpressions/src/test_final_exprs/TestLocalVars.java.html" line="41" baseImage="warning.gif" flags="128" />
        </result>
        <result msg="TestReceiver (1 issue)" baseImage="class.gif" flags="128">
          <result msg="Lock expression &quot;this&quot; does not name a programmer-declared lock; consider declaring what state is protected by the referenced lock at TestReceiver.java line 11" source="/TestFinalExpressions/src/test_final_exprs/TestReceiver.java.html" line="11" baseImage="warning.gif" flags="128" />
        </result>
        <result msg="TestReceiver.C (1 issue)" baseImage="class.gif" flags="128">
          <result msg="Lock expression &quot;test_final_exprs.TestReceiver . C.this&quot; does not name a programmer-declared lock; consider declaring what state is protected by the referenced lock at TestReceiver.java line 21" source="/TestFinalExpressions/src/test_final_exprs/TestReceiver.java.html" line="21" baseImage="warning.gif" flags="128" />
        </result>
        <result msg="TestStaticFieldRefs (3 issues)" baseImage="class.gif" flags="128">
          <result msg="Lock expression &quot;test_final_exprs.TestStaticFieldRefs.staticFinalField&quot; does not name a programmer-declared lock; consider declaring what state is protected by the referenced lock at TestStaticFieldRefs.java line 24" source="/TestFinalExpressions/src/test_final_exprs/TestStaticFieldRefs.java.html" line="24" baseImage="warning.gif" flags="128" />
          <result msg="Lock expression &quot;test_final_exprs.TestStaticFieldRefs.staticProtectedField&quot; does not name a programmer-declared lock; consider declaring what state is protected by the referenced lock at TestStaticFieldRefs.java line 40" source="/TestFinalExpressions/src/test_final_exprs/TestStaticFieldRefs.java.html" line="40" baseImage="warning.gif" flags="128" />
          <result msg="Lock expression &quot;test_final_exprs.TestStaticFieldRefs.staticProtectedField&quot; does not name a programmer-declared lock; consider declaring what state is protected by the referenced lock at TestStaticFieldRefs.java line 50" source="/TestFinalExpressions/src/test_final_exprs/TestStaticFieldRefs.java.html" line="50" baseImage="warning.gif" flags="128" />
        </result>
      </result>
    </result>
  </result>
</root>