<root msg="Assurance Results">
  <result msg="Concurrency (24 issues)" baseImage="tallyho.gif" flags="10" reddots="1">
    <result msg="RegionLock com.sun.grizzly.DefaultPipeline.ThisLock is this protects Region  on  DefaultPipeline  at  DefaultPipeline.java" source="/Grizzly/src/com/sun/grizzly/DefaultPipeline.java.html" line="0" baseImage="promise.gif" flags="2">
      <result msg="1 lock precondition(s)" baseImage="folder.gif" flags="2">
        <result msg="requiresLock RequiresLock ThisLock  on  DefaultPipeline.increaseWorkerThread(int,boolean)  at  DefaultPipeline.java" source="/Grizzly/src/com/sun/grizzly/DefaultPipeline.java.html" line="0" baseImage="promise.gif" flags="2" />
      </result>
      <result msg="region  protected  com.sun.grizzly.DefaultPipeline.Region on (unknown)  at  DefaultPipeline.java" source="/Grizzly/src/com/sun/grizzly/DefaultPipeline.java.html" line="0" baseImage="promise.gif" flags="2">
        <result msg="InRegion Region on byteBufferType  at  DefaultPipeline.java" source="/Grizzly/src/com/sun/grizzly/DefaultPipeline.java.html" line="0" baseImage="promise.gif" flags="0" />
        <result msg="InRegion Region on initialByteBufferSize  at  DefaultPipeline.java" source="/Grizzly/src/com/sun/grizzly/DefaultPipeline.java.html" line="0" baseImage="promise.gif" flags="0" />
        <result msg="InRegion Region on isStarted  at  DefaultPipeline.java" source="/Grizzly/src/com/sun/grizzly/DefaultPipeline.java.html" line="0" baseImage="promise.gif" flags="0" />
        <result msg="InRegion Region on maxQueueSizeInBytes  at  DefaultPipeline.java" source="/Grizzly/src/com/sun/grizzly/DefaultPipeline.java.html" line="0" baseImage="promise.gif" flags="0" />
        <result msg="InRegion Region on maxThreads  at  DefaultPipeline.java" source="/Grizzly/src/com/sun/grizzly/DefaultPipeline.java.html" line="0" baseImage="promise.gif" flags="0" />
        <result msg="InRegion Region on minSpareThreads  at  DefaultPipeline.java" source="/Grizzly/src/com/sun/grizzly/DefaultPipeline.java.html" line="0" baseImage="promise.gif" flags="0" />
        <result msg="InRegion Region on minThreads  at  DefaultPipeline.java" source="/Grizzly/src/com/sun/grizzly/DefaultPipeline.java.html" line="0" baseImage="promise.gif" flags="0" />
        <result msg="InRegion Region on name  at  DefaultPipeline.java" source="/Grizzly/src/com/sun/grizzly/DefaultPipeline.java.html" line="0" baseImage="promise.gif" flags="0" />
        <result msg="InRegion Region on port  at  DefaultPipeline.java" source="/Grizzly/src/com/sun/grizzly/DefaultPipeline.java.html" line="0" baseImage="promise.gif" flags="0" />
        <result msg="InRegion Region on priority  at  DefaultPipeline.java" source="/Grizzly/src/com/sun/grizzly/DefaultPipeline.java.html" line="0" baseImage="promise.gif" flags="0" />
        <result msg="InRegion Region on threadCount  at  DefaultPipeline.java" source="/Grizzly/src/com/sun/grizzly/DefaultPipeline.java.html" line="0" baseImage="promise.gif" flags="0" />
        <result msg="InRegion Region on threadsIncrement  at  DefaultPipeline.java" source="/Grizzly/src/com/sun/grizzly/DefaultPipeline.java.html" line="0" baseImage="promise.gif" flags="0" />
        <result msg="InRegion Region on waitingThreads  at  DefaultPipeline.java" source="/Grizzly/src/com/sun/grizzly/DefaultPipeline.java.html" line="0" baseImage="promise.gif" flags="0" />
        <result msg="InRegion Region on workerThreads  at  DefaultPipeline.java" source="/Grizzly/src/com/sun/grizzly/DefaultPipeline.java.html" line="0" baseImage="promise.gif" flags="0" />
        <result msg="aggregate   at  DefaultPipeline.java" source="/Grizzly/src/com/sun/grizzly/DefaultPipeline.java.html" line="0" baseImage="promise.gif" flags="2">
          <result msg="aggregation allowed because field is declared &quot;unique&quot;  at  DefaultPipeline.java line 115" source="/Grizzly/src/com/sun/grizzly/DefaultPipeline.java.html" line="115" baseImage="plus.gif" flags="2">
            <result msg="1 precondition:" baseImage="choice_item.gif" flags="2">
              <result msg="unique  on  workerThreads  at  DefaultPipeline.java" source="/Grizzly/src/com/sun/grizzly/DefaultPipeline.java.html" line="0" baseImage="promise.gif" flags="2">
                <result msg="Conservative dependency  at  DefaultPipeline.java line 178" source="/Grizzly/src/com/sun/grizzly/DefaultPipeline.java.html" line="178" baseImage="plus.gif" flags="2">
                  <result msg="1 precondition:" baseImage="choice_item.gif" flags="2">
                    <result msg="Other control flow for DefaultPipeline.initPipeline()  at  DefaultPipeline.java line 178" source="/Grizzly/src/com/sun/grizzly/DefaultPipeline.java.html" line="178" baseImage="promise.gif" flags="2">
                      <result msg="Method body respects uniqueness constraints  at  DefaultPipeline.java line 182" source="/Grizzly/src/com/sun/grizzly/DefaultPipeline.java.html" line="182" baseImage="plus.gif" flags="0" />
                    </result>
                  </result>
                </result>
                <result msg="Conservative dependency  at  DefaultPipeline.java line 197" source="/Grizzly/src/com/sun/grizzly/DefaultPipeline.java.html" line="197" baseImage="plus.gif" flags="2">
                  <result msg="1 precondition:" baseImage="choice_item.gif" flags="2">
                    <result msg="Other control flow for DefaultPipeline.startPipeline()  at  DefaultPipeline.java line 197" source="/Grizzly/src/com/sun/grizzly/DefaultPipeline.java.html" line="197" baseImage="promise.gif" flags="2">
                      <result msg="Method body respects uniqueness constraints  at  DefaultPipeline.java line 201" source="/Grizzly/src/com/sun/grizzly/DefaultPipeline.java.html" line="201" baseImage="plus.gif" flags="0" />
                    </result>
                  </result>
                </result>
                <result msg="Conservative dependency  at  DefaultPipeline.java line 211" source="/Grizzly/src/com/sun/grizzly/DefaultPipeline.java.html" line="211" baseImage="plus.gif" flags="2">
                  <result msg="1 precondition:" baseImage="choice_item.gif" flags="2">
                    <result msg="Other control flow for DefaultPipeline.stopPipeline()  at  DefaultPipeline.java line 211" source="/Grizzly/src/com/sun/grizzly/DefaultPipeline.java.html" line="211" baseImage="promise.gif" flags="2">
                      <result msg="Method body respects uniqueness constraints  at  DefaultPipeline.java line 215" source="/Grizzly/src/com/sun/grizzly/DefaultPipeline.java.html" line="215" baseImage="plus.gif" flags="0" />
                    </result>
                  </result>
                </result>
                <result msg="Conservative dependency  at  DefaultPipeline.java line 227" source="/Grizzly/src/com/sun/grizzly/DefaultPipeline.java.html" line="227" baseImage="plus.gif" flags="2">
                  <result msg="1 precondition:" baseImage="choice_item.gif" flags="2">
                    <result msg="Other control flow for DefaultPipeline.increaseWorkerThread(int,boolean)  at  DefaultPipeline.java line 227" source="/Grizzly/src/com/sun/grizzly/DefaultPipeline.java.html" line="227" baseImage="promise.gif" flags="2">
                      <result msg="Method body respects uniqueness constraints  at  DefaultPipeline.java line 236" source="/Grizzly/src/com/sun/grizzly/DefaultPipeline.java.html" line="236" baseImage="plus.gif" flags="0" />
                    </result>
                  </result>
                </result>
                <result msg="Conservative dependency  at  DefaultPipeline.java line 255" source="/Grizzly/src/com/sun/grizzly/DefaultPipeline.java.html" line="255" baseImage="plus.gif" flags="2">
                  <result msg="1 precondition:" baseImage="choice_item.gif" flags="2">
                    <result msg="Other control flow for DefaultPipeline.interruptThread(long)  at  DefaultPipeline.java line 255" source="/Grizzly/src/com/sun/grizzly/DefaultPipeline.java.html" line="255" baseImage="promise.gif" flags="2">
                      <result msg="Method body respects uniqueness constraints  at  DefaultPipeline.java line 260" source="/Grizzly/src/com/sun/grizzly/DefaultPipeline.java.html" line="260" baseImage="plus.gif" flags="0" />
                    </result>
                  </result>
                </result>
                <result msg="Effects of call &quot;this.notifyAll&quot;  at  DefaultPipeline.java line 222" source="/Grizzly/src/com/sun/grizzly/DefaultPipeline.java.html" line="222" baseImage="plus.gif" flags="2">
                  <result msg="1 precondition:" baseImage="choice_item.gif" flags="2">
                    <result msg="CombinedEffectsPromiseDrop (EMPTY)  at  java.lang.Object" baseImage="promise.gif" flags="2" />
                  </result>
                </result>
              </result>
            </result>
          </result>
        </result>
      </result>
    </result>
    <result msg="RegionLock com.sun.grizzly.ReadController.Lock is this.channels protects ChannelsRegion  on  ReadController  at  ReadController.java" source="/Grizzly/src/com/sun/grizzly/ReadController.java.html" line="0" baseImage="promise.gif" flags="26" reddots="1">
      <result msg="region   com.sun.grizzly.ReadController.ChannelsRegion on (unknown)  at  ReadController.java" source="/Grizzly/src/com/sun/grizzly/ReadController.java.html" line="0" baseImage="promise.gif" flags="0">
        <result msg="InRegion ChannelsRegion on channels  at  ReadController.java" source="/Grizzly/src/com/sun/grizzly/ReadController.java.html" line="0" baseImage="promise.gif" flags="0" />
      </result>
    </result>
    <result msg="RegionLock com.sun.grizzly.SSLConnectorHandler.Lock is ImplicitClassLockExpression
 protects defaultSSLContext  on  SSLConnectorHandler  at  SSLConnectorHandler.java" source="/Grizzly/src/com/sun/grizzly/SSLConnectorHandler.java.html" line="0" baseImage="promise.gif" flags="26" reddots="1">
      <result msg="region com.sun.grizzly.SSLConnectorHandler..defaultSSLContext  at  SSLConnectorHandler.java line 141" source="/Grizzly/src/com/sun/grizzly/SSLConnectorHandler.java.html" line="141" baseImage="promise.gif" flags="0" />
    </result>
    <result msg="RegionLock com.sun.grizzly.connectioncache.impl.concurrent.ConcurrentQueueBlockingImpl.Lock is this.lock protects EntryRegion  on  ConcurrentQueueBlockingImpl  at  ConcurrentQueueBlockingImpl.java" source="/Grizzly/src/com/sun/grizzly/connectioncache/impl/concurrent/ConcurrentQueueBlockingImpl.java.html" line="0" baseImage="promise.gif" flags="26" reddots="1">
      <result msg="region   com.sun.grizzly.connectioncache.impl.concurrent.ConcurrentQueueBlockingImpl.EntryRegion on (unknown)  at  ConcurrentQueueBlockingImpl.java" source="/Grizzly/src/com/sun/grizzly/connectioncache/impl/concurrent/ConcurrentQueueBlockingImpl.java.html" line="0" baseImage="promise.gif" flags="0">
        <result msg="InRegion EntryRegion on count  at  ConcurrentQueueBlockingImpl.java" source="/Grizzly/src/com/sun/grizzly/connectioncache/impl/concurrent/ConcurrentQueueBlockingImpl.java.html" line="0" baseImage="promise.gif" flags="0" />
        <result msg="InRegion EntryRegion on head  at  ConcurrentQueueBlockingImpl.java" source="/Grizzly/src/com/sun/grizzly/connectioncache/impl/concurrent/ConcurrentQueueBlockingImpl.java.html" line="0" baseImage="promise.gif" flags="0" />
      </result>
    </result>
    <result msg="RegionLock com.sun.grizzly.connectioncache.impl.concurrent.ConcurrentQueueNonBlockingImpl.Lock is this.lock protects HeadRegion  on  ConcurrentQueueNonBlockingImpl  at  ConcurrentQueueNonBlockingImpl.java" source="/Grizzly/src/com/sun/grizzly/connectioncache/impl/concurrent/ConcurrentQueueNonBlockingImpl.java.html" line="0" baseImage="promise.gif" flags="26" reddots="1">
      <result msg="region   com.sun.grizzly.connectioncache.impl.concurrent.ConcurrentQueueNonBlockingImpl.HeadRegion on (unknown)  at  ConcurrentQueueNonBlockingImpl.java" source="/Grizzly/src/com/sun/grizzly/connectioncache/impl/concurrent/ConcurrentQueueNonBlockingImpl.java.html" line="0" baseImage="promise.gif" flags="0">
        <result msg="InRegion HeadRegion on count  at  ConcurrentQueueNonBlockingImpl.java" source="/Grizzly/src/com/sun/grizzly/connectioncache/impl/concurrent/ConcurrentQueueNonBlockingImpl.java.html" line="0" baseImage="promise.gif" flags="0" />
        <result msg="InRegion HeadRegion on head  at  ConcurrentQueueNonBlockingImpl.java" source="/Grizzly/src/com/sun/grizzly/connectioncache/impl/concurrent/ConcurrentQueueNonBlockingImpl.java.html" line="0" baseImage="promise.gif" flags="0" />
      </result>
    </result>
    <result msg="RegionLock com.sun.grizzly.connectioncache.impl.transport.ConnectionCacheBlockingBase.L is this protects TotalRegion  on  ConnectionCacheBlockingBase  at  ConnectionCacheBlockingBase.java" source="/Grizzly/src/com/sun/grizzly/connectioncache/impl/transport/ConnectionCacheBlockingBase.java.html" line="0" baseImage="promise.gif" flags="26" reddots="1">
      <result msg="region  protected  com.sun.grizzly.connectioncache.impl.transport.ConnectionCacheBlockingBase.TotalRegion on (unknown)  at  ConnectionCacheBlockingBase.java" source="/Grizzly/src/com/sun/grizzly/connectioncache/impl/transport/ConnectionCacheBlockingBase.java.html" line="0" baseImage="promise.gif" flags="0">
        <result msg="InRegion TotalRegion on totalBusy  at  ConnectionCacheBlockingBase.java" source="/Grizzly/src/com/sun/grizzly/connectioncache/impl/transport/ConnectionCacheBlockingBase.java.html" line="0" baseImage="promise.gif" flags="0" />
        <result msg="InRegion TotalRegion on totalIdle  at  ConnectionCacheBlockingBase.java" source="/Grizzly/src/com/sun/grizzly/connectioncache/impl/transport/ConnectionCacheBlockingBase.java.html" line="0" baseImage="promise.gif" flags="0" />
      </result>
    </result>
    <result msg="RegionLock com.sun.grizzly.connectioncache.impl.transport.InboundConnectionCacheBlockingImpl.Lock is this protects TotalRegion  on  InboundConnectionCacheBlockingImpl  at  InboundConnectionCacheBlockingImpl.java" source="/Grizzly/src/com/sun/grizzly/connectioncache/impl/transport/InboundConnectionCacheBlockingImpl.java.html" line="0" baseImage="promise.gif" flags="2">
      <result msg="region  protected  com.sun.grizzly.connectioncache.impl.transport.InboundConnectionCacheBlockingImpl.TotalRegion on (unknown)  at  InboundConnectionCacheBlockingImpl.java" source="/Grizzly/src/com/sun/grizzly/connectioncache/impl/transport/InboundConnectionCacheBlockingImpl.java.html" line="0" baseImage="promise.gif" flags="2">
        <result msg="aggregate   at  InboundConnectionCacheBlockingImpl.java" source="/Grizzly/src/com/sun/grizzly/connectioncache/impl/transport/InboundConnectionCacheBlockingImpl.java.html" line="0" baseImage="promise.gif" flags="2">
          <result msg="aggregation allowed because field is declared &quot;unique&quot;  at  InboundConnectionCacheBlockingImpl.java line 57" source="/Grizzly/src/com/sun/grizzly/connectioncache/impl/transport/InboundConnectionCacheBlockingImpl.java.html" line="57" baseImage="plus.gif" flags="2">
            <result msg="1 precondition:" baseImage="choice_item.gif" flags="2">
              <result msg="unique  on  connectionMap  at  InboundConnectionCacheBlockingImpl.java" source="/Grizzly/src/com/sun/grizzly/connectioncache/impl/transport/InboundConnectionCacheBlockingImpl.java.html" line="0" baseImage="promise.gif" flags="2">
                <result msg="Borrowed parameters of call &quot;new java.util.HashMap &lt;C, # . ConnectionState &lt;#&gt;&gt;&quot;  at  InboundConnectionCacheBlockingImpl.java line 92" source="/Grizzly/src/com/sun/grizzly/connectioncache/impl/transport/InboundConnectionCacheBlockingImpl.java.html" line="92" baseImage="plus.gif" flags="2">
                  <result msg="1 precondition:" baseImage="choice_item.gif" flags="2">
                    <result msg="borrowed this on HashMap.HashMap()" baseImage="promise.gif" flags="2" />
                  </result>
                </result>
                <result msg="Borrowed parameters of call &quot;super (cacheType, highWaterMark, numberToReclaim, logger)&quot;  at  InboundConnectionCacheBlockingImpl.java line 90" source="/Grizzly/src/com/sun/grizzly/connectioncache/impl/transport/InboundConnectionCacheBlockingImpl.java.html" line="90" baseImage="plus.gif" flags="2">
                  <result msg="1 precondition:" baseImage="choice_item.gif" flags="2">
                    <result msg="borrowed this on ConnectionCacheBlockingBase.ConnectionCacheBlockingBase(java.lang.String,int,int,java.util.logging.Logger)" baseImage="promise.gif" flags="2">
                      <result msg="Borrowed parameters of call &quot;super (cacheType, highWaterMark, numberToReclaim, logger)&quot;  at  ConnectionCacheBlockingBase.java line 50" source="/Grizzly/src/com/sun/grizzly/connectioncache/impl/transport/ConnectionCacheBlockingBase.java.html" line="50" baseImage="plus.gif" flags="2">
                        <result msg="1 precondition:" baseImage="choice_item.gif" flags="2">
                          <result msg="borrowed this on ConnectionCacheBase.ConnectionCacheBase(java.lang.String,int,int,java.util.logging.Logger)" baseImage="promise.gif" flags="2">
                            <result msg="Borrowed parameters of call &quot;super&quot;  at  ConnectionCacheBase.java" source="/Grizzly/src/com/sun/grizzly/connectioncache/impl/transport/ConnectionCacheBase.java.html" line="0" baseImage="plus.gif" flags="2">
                              <result msg="1 precondition:" baseImage="choice_item.gif" flags="2">
                                <result msg="borrowed this on Object.Object()" baseImage="promise.gif" flags="2" />
                              </result>
                            </result>
                            <result msg="Conservative dependency  at  ConnectionCacheBase.java line 78" source="/Grizzly/src/com/sun/grizzly/connectioncache/impl/transport/ConnectionCacheBase.java.html" line="78" baseImage="plus.gif" flags="2">
                              <result msg="1 precondition:" baseImage="choice_item.gif" flags="2">
                                <result msg="Other control flow for ConnectionCacheBase.ConnectionCacheBase(java.lang.String,int,int,java.util.logging.Logger)  at  ConnectionCacheBase.java line 78" source="/Grizzly/src/com/sun/grizzly/connectioncache/impl/transport/ConnectionCacheBase.java.html" line="78" baseImage="promise.gif" flags="2">
                                  <result msg="Method body respects uniqueness constraints  at  ConnectionCacheBase.java line 82" source="/Grizzly/src/com/sun/grizzly/connectioncache/impl/transport/ConnectionCacheBase.java.html" line="82" baseImage="plus.gif" flags="0" />
                                </result>
                              </result>
                            </result>
                          </result>
                        </result>
                      </result>
                      <result msg="Conservative dependency  at  ConnectionCacheBlockingBase.java line 45" source="/Grizzly/src/com/sun/grizzly/connectioncache/impl/transport/ConnectionCacheBlockingBase.java.html" line="45" baseImage="plus.gif" flags="2">
                        <result msg="1 precondition:" baseImage="choice_item.gif" flags="2">
                          <result msg="Other control flow for ConnectionCacheBlockingBase.ConnectionCacheBlockingBase(java.lang.String,int,int,java.util.logging.Logger)  at  ConnectionCacheBlockingBase.java line 45" source="/Grizzly/src/com/sun/grizzly/connectioncache/impl/transport/ConnectionCacheBlockingBase.java.html" line="45" baseImage="promise.gif" flags="2">
                            <result msg="Method body respects uniqueness constraints  at  ConnectionCacheBlockingBase.java line 48" source="/Grizzly/src/com/sun/grizzly/connectioncache/impl/transport/ConnectionCacheBlockingBase.java.html" line="48" baseImage="plus.gif" flags="0" />
                          </result>
                        </result>
                      </result>
                    </result>
                  </result>
                </result>
                <result msg="Borrowed parameters of call &quot;this.connectionMap.get(conn)&quot;  at  InboundConnectionCacheBlockingImpl.java line 143" source="/Grizzly/src/com/sun/grizzly/connectioncache/impl/transport/InboundConnectionCacheBlockingImpl.java.html" line="143" baseImage="plus.gif" flags="2">
                  <result msg="1 precondition:" baseImage="choice_item.gif" flags="2">
                    <result msg="borrowed this on Map.get(java.lang.Object)" baseImage="promise.gif" flags="2" />
                  </result>
                </result>
                <result msg="Borrowed parameters of call &quot;this.connectionMap.get(conn)&quot;  at  InboundConnectionCacheBlockingImpl.java line 195" source="/Grizzly/src/com/sun/grizzly/connectioncache/impl/transport/InboundConnectionCacheBlockingImpl.java.html" line="195" baseImage="plus.gif" flags="2">
                  <result msg="1 precondition:" baseImage="choice_item.gif" flags="2">
                    <result msg="borrowed this on Map.get(java.lang.Object)" baseImage="promise.gif" flags="2" />
                  </result>
                </result>
                <result msg="Borrowed parameters of call &quot;this.connectionMap.get(conn)&quot;  at  InboundConnectionCacheBlockingImpl.java line 278" source="/Grizzly/src/com/sun/grizzly/connectioncache/impl/transport/InboundConnectionCacheBlockingImpl.java.html" line="278" baseImage="plus.gif" flags="2">
                  <result msg="1 precondition:" baseImage="choice_item.gif" flags="2">
                    <result msg="borrowed this on Map.get(java.lang.Object)" baseImage="promise.gif" flags="2" />
                  </result>
                </result>
                <result msg="Borrowed parameters of call &quot;this.connectionMap.put(conn, result)&quot;  at  InboundConnectionCacheBlockingImpl.java line 284" source="/Grizzly/src/com/sun/grizzly/connectioncache/impl/transport/InboundConnectionCacheBlockingImpl.java.html" line="284" baseImage="plus.gif" flags="2">
                  <result msg="1 precondition:" baseImage="choice_item.gif" flags="2">
                    <result msg="borrowed this on Map.put(K,V)" baseImage="promise.gif" flags="2" />
                  </result>
                </result>
                <result msg="Borrowed parameters of call &quot;this.connectionMap.remove(conn)&quot;  at  InboundConnectionCacheBlockingImpl.java line 238" source="/Grizzly/src/com/sun/grizzly/connectioncache/impl/transport/InboundConnectionCacheBlockingImpl.java.html" line="238" baseImage="plus.gif" flags="2">
                  <result msg="1 precondition:" baseImage="choice_item.gif" flags="2">
                    <result msg="borrowed this on Map.remove(java.lang.Object)" baseImage="promise.gif" flags="2" />
                  </result>
                </result>
                <result msg="Conservative dependency  at  InboundConnectionCacheBlockingImpl.java line 135" source="/Grizzly/src/com/sun/grizzly/connectioncache/impl/transport/InboundConnectionCacheBlockingImpl.java.html" line="135" baseImage="plus.gif" flags="2">
                  <result msg="1 precondition:" baseImage="choice_item.gif" flags="2">
                    <result msg="Other control flow for InboundConnectionCacheBlockingImpl.requestProcessed(C,int)  at  InboundConnectionCacheBlockingImpl.java line 135" source="/Grizzly/src/com/sun/grizzly/connectioncache/impl/transport/InboundConnectionCacheBlockingImpl.java.html" line="135" baseImage="promise.gif" flags="2">
                      <result msg="Method body respects uniqueness constraints  at  InboundConnectionCacheBlockingImpl.java line 136" source="/Grizzly/src/com/sun/grizzly/connectioncache/impl/transport/InboundConnectionCacheBlockingImpl.java.html" line="136" baseImage="plus.gif" flags="0" />
                    </result>
                  </result>
                </result>
                <result msg="Conservative dependency  at  InboundConnectionCacheBlockingImpl.java line 186" source="/Grizzly/src/com/sun/grizzly/connectioncache/impl/transport/InboundConnectionCacheBlockingImpl.java.html" line="186" baseImage="plus.gif" flags="2">
                  <result msg="1 precondition:" baseImage="choice_item.gif" flags="2">
                    <result msg="Other control flow for InboundConnectionCacheBlockingImpl.responseSent(C)  at  InboundConnectionCacheBlockingImpl.java line 186" source="/Grizzly/src/com/sun/grizzly/connectioncache/impl/transport/InboundConnectionCacheBlockingImpl.java.html" line="186" baseImage="promise.gif" flags="2">
                      <result msg="Method body respects uniqueness constraints  at  InboundConnectionCacheBlockingImpl.java line 190" source="/Grizzly/src/com/sun/grizzly/connectioncache/impl/transport/InboundConnectionCacheBlockingImpl.java.html" line="190" baseImage="plus.gif" flags="0" />
                    </result>
                  </result>
                </result>
                <result msg="Conservative dependency  at  InboundConnectionCacheBlockingImpl.java line 229" source="/Grizzly/src/com/sun/grizzly/connectioncache/impl/transport/InboundConnectionCacheBlockingImpl.java.html" line="229" baseImage="plus.gif" flags="2">
                  <result msg="1 precondition:" baseImage="choice_item.gif" flags="2">
                    <result msg="Other control flow for InboundConnectionCacheBlockingImpl.close(C)  at  InboundConnectionCacheBlockingImpl.java line 229" source="/Grizzly/src/com/sun/grizzly/connectioncache/impl/transport/InboundConnectionCacheBlockingImpl.java.html" line="229" baseImage="promise.gif" flags="2">
                      <result msg="Method body respects uniqueness constraints  at  InboundConnectionCacheBlockingImpl.java line 233" source="/Grizzly/src/com/sun/grizzly/connectioncache/impl/transport/InboundConnectionCacheBlockingImpl.java.html" line="233" baseImage="plus.gif" flags="0" />
                    </result>
                  </result>
                </result>
                <result msg="Conservative dependency  at  InboundConnectionCacheBlockingImpl.java line 272" source="/Grizzly/src/com/sun/grizzly/connectioncache/impl/transport/InboundConnectionCacheBlockingImpl.java.html" line="272" baseImage="plus.gif" flags="2">
                  <result msg="1 precondition:" baseImage="choice_item.gif" flags="2">
                    <result msg="Other control flow for InboundConnectionCacheBlockingImpl.getConnectionState(C)  at  InboundConnectionCacheBlockingImpl.java line 272" source="/Grizzly/src/com/sun/grizzly/connectioncache/impl/transport/InboundConnectionCacheBlockingImpl.java.html" line="272" baseImage="promise.gif" flags="2">
                      <result msg="Method body respects uniqueness constraints  at  InboundConnectionCacheBlockingImpl.java line 272" source="/Grizzly/src/com/sun/grizzly/connectioncache/impl/transport/InboundConnectionCacheBlockingImpl.java.html" line="272" baseImage="plus.gif" flags="0" />
                    </result>
                  </result>
                </result>
                <result msg="Conservative dependency  at  InboundConnectionCacheBlockingImpl.java line 85" source="/Grizzly/src/com/sun/grizzly/connectioncache/impl/transport/InboundConnectionCacheBlockingImpl.java.html" line="85" baseImage="plus.gif" flags="2">
                  <result msg="1 precondition:" baseImage="choice_item.gif" flags="2">
                    <result msg="Other control flow for InboundConnectionCacheBlockingImpl.InboundConnectionCacheBlockingImpl(java.lang.String,int,int,java.util.logging.Logger)  at  InboundConnectionCacheBlockingImpl.java line 85" source="/Grizzly/src/com/sun/grizzly/connectioncache/impl/transport/InboundConnectionCacheBlockingImpl.java.html" line="85" baseImage="promise.gif" flags="2">
                      <result msg="Method body respects uniqueness constraints  at  InboundConnectionCacheBlockingImpl.java line 88" source="/Grizzly/src/com/sun/grizzly/connectioncache/impl/transport/InboundConnectionCacheBlockingImpl.java.html" line="88" baseImage="plus.gif" flags="0" />
                    </result>
                  </result>
                </result>
                <result msg="Effects of call &quot;this.connectionMap.get(conn)&quot;  at  InboundConnectionCacheBlockingImpl.java line 143" source="/Grizzly/src/com/sun/grizzly/connectioncache/impl/transport/InboundConnectionCacheBlockingImpl.java.html" line="143" baseImage="plus.gif" flags="2">
                  <result msg="1 precondition:" baseImage="choice_item.gif" flags="2">
                    <result msg="CombinedEffectsPromiseDrop (EMPTY)  at  java.util.Map" baseImage="promise.gif" flags="2" />
                  </result>
                </result>
                <result msg="Effects of call &quot;this.connectionMap.get(conn)&quot;  at  InboundConnectionCacheBlockingImpl.java line 195" source="/Grizzly/src/com/sun/grizzly/connectioncache/impl/transport/InboundConnectionCacheBlockingImpl.java.html" line="195" baseImage="plus.gif" flags="2">
                  <result msg="1 precondition:" baseImage="choice_item.gif" flags="2">
                    <result msg="CombinedEffectsPromiseDrop (EMPTY)  at  java.util.Map" baseImage="promise.gif" flags="2" />
                  </result>
                </result>
                <result msg="Effects of call &quot;this.connectionMap.get(conn)&quot;  at  InboundConnectionCacheBlockingImpl.java line 278" source="/Grizzly/src/com/sun/grizzly/connectioncache/impl/transport/InboundConnectionCacheBlockingImpl.java.html" line="278" baseImage="plus.gif" flags="2">
                  <result msg="1 precondition:" baseImage="choice_item.gif" flags="2">
                    <result msg="CombinedEffectsPromiseDrop (EMPTY)  at  java.util.Map" baseImage="promise.gif" flags="2" />
                  </result>
                </result>
                <result msg="Effects of call &quot;this.connectionMap.put(conn, result)&quot;  at  InboundConnectionCacheBlockingImpl.java line 284" source="/Grizzly/src/com/sun/grizzly/connectioncache/impl/transport/InboundConnectionCacheBlockingImpl.java.html" line="284" baseImage="plus.gif" flags="2">
                  <result msg="1 precondition:" baseImage="choice_item.gif" flags="2">
                    <result msg="Reads arg0:Instance  on  Map.put(K,V)  at  java.util.Map" baseImage="promise.gif" flags="2" />
                  </result>
                </result>
                <result msg="Effects of call &quot;this.connectionMap.remove(conn)&quot;  at  InboundConnectionCacheBlockingImpl.java line 238" source="/Grizzly/src/com/sun/grizzly/connectioncache/impl/transport/InboundConnectionCacheBlockingImpl.java.html" line="238" baseImage="plus.gif" flags="2">
                  <result msg="1 precondition:" baseImage="choice_item.gif" flags="2">
                    <result msg="Reads arg0:Instance  on  Map.remove(java.lang.Object)  at  java.util.Map" baseImage="promise.gif" flags="2" />
                  </result>
                </result>
              </result>
            </result>
          </result>
        </result>
      </result>
    </result>
    <result msg="RegionLock com.sun.grizzly.connectioncache.impl.transport.OutboundConnectionCacheBlockingImpl.Lock is this protects TotalRegion  on  OutboundConnectionCacheBlockingImpl  at  OutboundConnectionCacheBlockingImpl.java" source="/Grizzly/src/com/sun/grizzly/connectioncache/impl/transport/OutboundConnectionCacheBlockingImpl.java.html" line="0" baseImage="promise.gif" flags="26" reddots="1">
      <result msg="region  protected  com.sun.grizzly.connectioncache.impl.transport.OutboundConnectionCacheBlockingImpl.TotalRegion on (unknown)  at  OutboundConnectionCacheBlockingImpl.java" source="/Grizzly/src/com/sun/grizzly/connectioncache/impl/transport/OutboundConnectionCacheBlockingImpl.java.html" line="0" baseImage="promise.gif" flags="0">
        <result msg="InRegion TotalRegion on connectionMap  at  OutboundConnectionCacheBlockingImpl.java" source="/Grizzly/src/com/sun/grizzly/connectioncache/impl/transport/OutboundConnectionCacheBlockingImpl.java.html" line="0" baseImage="promise.gif" flags="0" />
        <result msg="InRegion TotalRegion on entryMap  at  OutboundConnectionCacheBlockingImpl.java" source="/Grizzly/src/com/sun/grizzly/connectioncache/impl/transport/OutboundConnectionCacheBlockingImpl.java.html" line="0" baseImage="promise.gif" flags="0" />
      </result>
    </result>
    <result msg="RegionLock com.sun.grizzly.util.ByteBufferFactory.Lock is ImplicitClassLockExpression
 protects BufferRegion  on  ByteBufferFactory  at  ByteBufferFactory.java" source="/Grizzly/src/com/sun/grizzly/util/ByteBufferFactory.java.html" line="0" baseImage="promise.gif" flags="26" reddots="1">
      <result msg="region  private  com.sun.grizzly.util.ByteBufferFactory.BufferRegion on (unknown)  at  ByteBufferFactory.java" source="/Grizzly/src/com/sun/grizzly/util/ByteBufferFactory.java.html" line="0" baseImage="promise.gif" flags="0">
        <result msg="InRegion BufferRegion on directByteBuffer  at  ByteBufferFactory.java" source="/Grizzly/src/com/sun/grizzly/util/ByteBufferFactory.java.html" line="0" baseImage="promise.gif" flags="0" />
        <result msg="InRegion BufferRegion on heapByteBuffer  at  ByteBufferFactory.java" source="/Grizzly/src/com/sun/grizzly/util/ByteBufferFactory.java.html" line="0" baseImage="promise.gif" flags="0" />
      </result>
    </result>
    <result msg="RegionLock com.sun.grizzly.util.SelectorFactory.Lock is this.selectors protects Region  on  SelectorFactory  at  SelectorFactory.java" source="/Grizzly/src/com/sun/grizzly/util/SelectorFactory.java.html" line="0" baseImage="promise.gif" flags="26" reddots="1">
      <result msg="region  private  com.sun.grizzly.util.SelectorFactory.Region on (unknown)  at  SelectorFactory.java" source="/Grizzly/src/com/sun/grizzly/util/SelectorFactory.java.html" line="0" baseImage="promise.gif" flags="0">
        <result msg="InRegion Region on selectors  at  SelectorFactory.java" source="/Grizzly/src/com/sun/grizzly/util/SelectorFactory.java.html" line="0" baseImage="promise.gif" flags="0" />
      </result>
    </result>
    <result msg="policy lock com.sun.grizzly.Controller.SDLock is this.shutdownLock  on Controller  at  Controller.java" source="/Grizzly/src/com/sun/grizzly/Controller.java.html" line="0" baseImage="promise.gif" flags="26" reddots="1" />
    <result msg="policy lock com.sun.grizzly.Controller.StateLock is this.stateLock  on Controller  at  Controller.java" source="/Grizzly/src/com/sun/grizzly/Controller.java.html" line="0" baseImage="promise.gif" flags="26" reddots="1" />
    <result msg="singleThreaded  on  ConcurrentQueueBlockingImpl.ConcurrentQueueBlockingImpl()  at  ConcurrentQueueBlockingImpl.java" source="/Grizzly/src/com/sun/grizzly/connectioncache/impl/concurrent/ConcurrentQueueBlockingImpl.java.html" line="0" baseImage="promise.gif" flags="26" reddots="1" />
    <result msg="singleThreaded  on  ConcurrentQueueNonBlockingImpl.ConcurrentQueueNonBlockingImpl()  at  ConcurrentQueueNonBlockingImpl.java" source="/Grizzly/src/com/sun/grizzly/connectioncache/impl/concurrent/ConcurrentQueueNonBlockingImpl.java.html" line="0" baseImage="promise.gif" flags="26" reddots="1" />
    <result msg="singleThreaded  on  ConnectionCacheBase.ConnectionCacheBase(java.lang.String,int,int,java.util.logging.Logger)  at  ConnectionCacheBase.java" source="/Grizzly/src/com/sun/grizzly/connectioncache/impl/transport/ConnectionCacheBase.java.html" line="0" baseImage="promise.gif" flags="26" reddots="1" />
    <result msg="singleThreaded  on  ConnectionCacheBlockingBase.ConnectionCacheBlockingBase(java.lang.String,int,int,java.util.logging.Logger)  at  ConnectionCacheBlockingBase.java" source="/Grizzly/src/com/sun/grizzly/connectioncache/impl/transport/ConnectionCacheBlockingBase.java.html" line="0" baseImage="promise.gif" flags="26" reddots="1" />
    <result msg="singleThreaded  on  DefaultPipeline.DefaultPipeline()  at  DefaultPipeline.java" source="/Grizzly/src/com/sun/grizzly/DefaultPipeline.java.html" line="0" baseImage="promise.gif" flags="26" reddots="1" />
    <result msg="singleThreaded  on  DefaultPipeline.DefaultPipeline(int,int,java.lang.String,int)  at  DefaultPipeline.java" source="/Grizzly/src/com/sun/grizzly/DefaultPipeline.java.html" line="0" baseImage="promise.gif" flags="26" reddots="1" />
    <result msg="singleThreaded  on  DefaultPipeline.DefaultPipeline(int,int,java.lang.String,int,int)  at  DefaultPipeline.java" source="/Grizzly/src/com/sun/grizzly/DefaultPipeline.java.html" line="0" baseImage="promise.gif" flags="26" reddots="1" />
    <result msg="singleThreaded  on  InboundConnectionCacheBlockingImpl.InboundConnectionCacheBlockingImpl(java.lang.String,int,int,java.util.logging.Logger)  at  InboundConnectionCacheBlockingImpl.java" source="/Grizzly/src/com/sun/grizzly/connectioncache/impl/transport/InboundConnectionCacheBlockingImpl.java.html" line="0" baseImage="promise.gif" flags="26" reddots="1" />
    <result msg="singleThreaded  on  OutboundConnectionCacheBlockingImpl.OutboundConnectionCacheBlockingImpl(java.lang.String,int,int,int,java.util.logging.Logger)  at  OutboundConnectionCacheBlockingImpl.java" source="/Grizzly/src/com/sun/grizzly/connectioncache/impl/transport/OutboundConnectionCacheBlockingImpl.java.html" line="0" baseImage="promise.gif" flags="26" reddots="1" />
    <result msg="singleThreaded  on  SSLConnectorHandler.SSLConnectorHandler()  at  SSLConnectorHandler.java" source="/Grizzly/src/com/sun/grizzly/SSLConnectorHandler.java.html" line="0" baseImage="promise.gif" flags="26" reddots="1" />
    <result msg="singleThreaded  on  SSLConnectorHandler.SSLConnectorHandler(com.sun.grizzly.SSLConfig)  at  SSLConnectorHandler.java" source="/Grizzly/src/com/sun/grizzly/SSLConnectorHandler.java.html" line="0" baseImage="promise.gif" flags="26" reddots="1" />
    <result msg="singleThreaded  on  SSLConnectorHandler.SSLConnectorHandler(javax.net.ssl.SSLContext)  at  SSLConnectorHandler.java" source="/Grizzly/src/com/sun/grizzly/SSLConnectorHandler.java.html" line="0" baseImage="promise.gif" flags="26" reddots="1" />
  </result>
  <result msg="Regions (1 issue)" baseImage="tallyho.gif" flags="2">
    <result msg="region   [] on (unknown)" baseImage="promise.gif" flags="0" />
  </result>
  <result msg="Scoped promises (3 issues)" baseImage="tallyho.gif" flags="2">
    <result msg="@Promise &apos;InRegion Region&apos; for * *.*..*  at  DefaultPipeline.java" source="/Grizzly/src/com/sun/grizzly/DefaultPipeline.java.html" line="0" baseImage="promise.gif" flags="2">
      <result msg="InRegion Region on byteBufferType  at  DefaultPipeline.java" source="/Grizzly/src/com/sun/grizzly/DefaultPipeline.java.html" line="0" baseImage="promise.gif" flags="0" />
      <result msg="InRegion Region on initialByteBufferSize  at  DefaultPipeline.java" source="/Grizzly/src/com/sun/grizzly/DefaultPipeline.java.html" line="0" baseImage="promise.gif" flags="0" />
      <result msg="InRegion Region on isStarted  at  DefaultPipeline.java" source="/Grizzly/src/com/sun/grizzly/DefaultPipeline.java.html" line="0" baseImage="promise.gif" flags="0" />
      <result msg="InRegion Region on maxQueueSizeInBytes  at  DefaultPipeline.java" source="/Grizzly/src/com/sun/grizzly/DefaultPipeline.java.html" line="0" baseImage="promise.gif" flags="0" />
      <result msg="InRegion Region on maxThreads  at  DefaultPipeline.java" source="/Grizzly/src/com/sun/grizzly/DefaultPipeline.java.html" line="0" baseImage="promise.gif" flags="0" />
      <result msg="InRegion Region on minSpareThreads  at  DefaultPipeline.java" source="/Grizzly/src/com/sun/grizzly/DefaultPipeline.java.html" line="0" baseImage="promise.gif" flags="0" />
      <result msg="InRegion Region on minThreads  at  DefaultPipeline.java" source="/Grizzly/src/com/sun/grizzly/DefaultPipeline.java.html" line="0" baseImage="promise.gif" flags="0" />
      <result msg="InRegion Region on name  at  DefaultPipeline.java" source="/Grizzly/src/com/sun/grizzly/DefaultPipeline.java.html" line="0" baseImage="promise.gif" flags="0" />
      <result msg="InRegion Region on port  at  DefaultPipeline.java" source="/Grizzly/src/com/sun/grizzly/DefaultPipeline.java.html" line="0" baseImage="promise.gif" flags="0" />
      <result msg="InRegion Region on priority  at  DefaultPipeline.java" source="/Grizzly/src/com/sun/grizzly/DefaultPipeline.java.html" line="0" baseImage="promise.gif" flags="0" />
      <result msg="InRegion Region on threadCount  at  DefaultPipeline.java" source="/Grizzly/src/com/sun/grizzly/DefaultPipeline.java.html" line="0" baseImage="promise.gif" flags="0" />
      <result msg="InRegion Region on threadsIncrement  at  DefaultPipeline.java" source="/Grizzly/src/com/sun/grizzly/DefaultPipeline.java.html" line="0" baseImage="promise.gif" flags="0" />
      <result msg="InRegion Region on waitingThreads  at  DefaultPipeline.java" source="/Grizzly/src/com/sun/grizzly/DefaultPipeline.java.html" line="0" baseImage="promise.gif" flags="0" />
      <result msg="InRegion Region on workerThreads  at  DefaultPipeline.java" source="/Grizzly/src/com/sun/grizzly/DefaultPipeline.java.html" line="0" baseImage="promise.gif" flags="0" />
    </result>
    <result msg="@Promise &apos;InRegion TotalRegion&apos; for IntType
 *.*..total*  at  InboundConnectionCacheBlockingImpl.java" source="/Grizzly/src/com/sun/grizzly/connectioncache/impl/transport/InboundConnectionCacheBlockingImpl.java.html" line="0" baseImage="promise.gif" flags="2" />
    <result msg="@Promise &apos;InRegion TotalRegion&apos; for IntType
 *.*..total*  at  OutboundConnectionCacheBlockingImpl.java" source="/Grizzly/src/com/sun/grizzly/connectioncache/impl/transport/OutboundConnectionCacheBlockingImpl.java.html" line="0" baseImage="promise.gif" flags="2" />
  </result>
  <result msg="Uniqueness (32 issues)" baseImage="tallyho.gif" flags="4">
    <result msg="Other control flow for ConcurrentQueueBlockingImpl.ConcurrentQueueBlockingImpl()  at  ConcurrentQueueBlockingImpl.java line 77" source="/Grizzly/src/com/sun/grizzly/connectioncache/impl/concurrent/ConcurrentQueueBlockingImpl.java.html" line="77" baseImage="promise.gif" flags="2">
      <result msg="Method body respects uniqueness constraints  at  ConcurrentQueueBlockingImpl.java line 79" source="/Grizzly/src/com/sun/grizzly/connectioncache/impl/concurrent/ConcurrentQueueBlockingImpl.java.html" line="79" baseImage="plus.gif" flags="0" />
    </result>
    <result msg="Other control flow for ConcurrentQueueNonBlockingImpl.ConcurrentQueueNonBlockingImpl()  at  ConcurrentQueueNonBlockingImpl.java line 64" source="/Grizzly/src/com/sun/grizzly/connectioncache/impl/concurrent/ConcurrentQueueNonBlockingImpl.java.html" line="64" baseImage="promise.gif" flags="2">
      <result msg="Method body respects uniqueness constraints  at  ConcurrentQueueNonBlockingImpl.java line 66" source="/Grizzly/src/com/sun/grizzly/connectioncache/impl/concurrent/ConcurrentQueueNonBlockingImpl.java.html" line="66" baseImage="plus.gif" flags="0" />
    </result>
    <result msg="Other control flow for ConnectionCacheBase.ConnectionCacheBase(java.lang.String,int,int,java.util.logging.Logger)  at  ConnectionCacheBase.java line 78" source="/Grizzly/src/com/sun/grizzly/connectioncache/impl/transport/ConnectionCacheBase.java.html" line="78" baseImage="promise.gif" flags="2">
      <result msg="Method body respects uniqueness constraints  at  ConnectionCacheBase.java line 82" source="/Grizzly/src/com/sun/grizzly/connectioncache/impl/transport/ConnectionCacheBase.java.html" line="82" baseImage="plus.gif" flags="0" />
    </result>
    <result msg="Other control flow for ConnectionCacheBlockingBase.ConnectionCacheBlockingBase(java.lang.String,int,int,java.util.logging.Logger)  at  ConnectionCacheBlockingBase.java line 45" source="/Grizzly/src/com/sun/grizzly/connectioncache/impl/transport/ConnectionCacheBlockingBase.java.html" line="45" baseImage="promise.gif" flags="2">
      <result msg="Method body respects uniqueness constraints  at  ConnectionCacheBlockingBase.java line 48" source="/Grizzly/src/com/sun/grizzly/connectioncache/impl/transport/ConnectionCacheBlockingBase.java.html" line="48" baseImage="plus.gif" flags="0" />
    </result>
    <result msg="Other control flow for DefaultPipeline.DefaultPipeline()  at  DefaultPipeline.java line 144" source="/Grizzly/src/com/sun/grizzly/DefaultPipeline.java.html" line="144" baseImage="promise.gif" flags="4">
      <result msg="(Borrowed value on stack shared, Borrowed value on stack shared) super  at  DefaultPipeline.java line 147" source="/Grizzly/src/com/sun/grizzly/DefaultPipeline.java.html" line="147" baseImage="redx.gif" flags="0" />
      <result msg="Method body does not respect uniqueness constraints  at  DefaultPipeline.java line 146" source="/Grizzly/src/com/sun/grizzly/DefaultPipeline.java.html" line="146" baseImage="redx.gif" flags="0" />
    </result>
    <result msg="Other control flow for DefaultPipeline.DefaultPipeline(int,int,java.lang.String,int)  at  DefaultPipeline.java line 167" source="/Grizzly/src/com/sun/grizzly/DefaultPipeline.java.html" line="167" baseImage="promise.gif" flags="2">
      <result msg="Method body respects uniqueness constraints  at  DefaultPipeline.java line 170" source="/Grizzly/src/com/sun/grizzly/DefaultPipeline.java.html" line="170" baseImage="plus.gif" flags="0" />
    </result>
    <result msg="Other control flow for DefaultPipeline.DefaultPipeline(int,int,java.lang.String,int,int)  at  DefaultPipeline.java line 150" source="/Grizzly/src/com/sun/grizzly/DefaultPipeline.java.html" line="150" baseImage="promise.gif" flags="4">
      <result msg="(Borrowed value on stack shared, Borrowed value on stack shared) super  at  DefaultPipeline.java" source="/Grizzly/src/com/sun/grizzly/DefaultPipeline.java.html" line="0" baseImage="redx.gif" flags="0" />
      <result msg="Method body does not respect uniqueness constraints  at  DefaultPipeline.java line 153" source="/Grizzly/src/com/sun/grizzly/DefaultPipeline.java.html" line="153" baseImage="redx.gif" flags="0" />
    </result>
    <result msg="Other control flow for DefaultPipeline.increaseWorkerThread(int,boolean)  at  DefaultPipeline.java line 227" source="/Grizzly/src/com/sun/grizzly/DefaultPipeline.java.html" line="227" baseImage="promise.gif" flags="2">
      <result msg="Method body respects uniqueness constraints  at  DefaultPipeline.java line 236" source="/Grizzly/src/com/sun/grizzly/DefaultPipeline.java.html" line="236" baseImage="plus.gif" flags="0" />
    </result>
    <result msg="Other control flow for DefaultPipeline.initPipeline()  at  DefaultPipeline.java line 178" source="/Grizzly/src/com/sun/grizzly/DefaultPipeline.java.html" line="178" baseImage="promise.gif" flags="2">
      <result msg="Method body respects uniqueness constraints  at  DefaultPipeline.java line 182" source="/Grizzly/src/com/sun/grizzly/DefaultPipeline.java.html" line="182" baseImage="plus.gif" flags="0" />
    </result>
    <result msg="Other control flow for DefaultPipeline.interruptThread(long)  at  DefaultPipeline.java line 255" source="/Grizzly/src/com/sun/grizzly/DefaultPipeline.java.html" line="255" baseImage="promise.gif" flags="2">
      <result msg="Method body respects uniqueness constraints  at  DefaultPipeline.java line 260" source="/Grizzly/src/com/sun/grizzly/DefaultPipeline.java.html" line="260" baseImage="plus.gif" flags="0" />
    </result>
    <result msg="Other control flow for DefaultPipeline.startPipeline()  at  DefaultPipeline.java line 197" source="/Grizzly/src/com/sun/grizzly/DefaultPipeline.java.html" line="197" baseImage="promise.gif" flags="2">
      <result msg="Method body respects uniqueness constraints  at  DefaultPipeline.java line 201" source="/Grizzly/src/com/sun/grizzly/DefaultPipeline.java.html" line="201" baseImage="plus.gif" flags="0" />
    </result>
    <result msg="Other control flow for DefaultPipeline.stopPipeline()  at  DefaultPipeline.java line 211" source="/Grizzly/src/com/sun/grizzly/DefaultPipeline.java.html" line="211" baseImage="promise.gif" flags="2">
      <result msg="Method body respects uniqueness constraints  at  DefaultPipeline.java line 215" source="/Grizzly/src/com/sun/grizzly/DefaultPipeline.java.html" line="215" baseImage="plus.gif" flags="0" />
    </result>
    <result msg="Other control flow for InboundConnectionCacheBlockingImpl.InboundConnectionCacheBlockingImpl(java.lang.String,int,int,java.util.logging.Logger)  at  InboundConnectionCacheBlockingImpl.java line 85" source="/Grizzly/src/com/sun/grizzly/connectioncache/impl/transport/InboundConnectionCacheBlockingImpl.java.html" line="85" baseImage="promise.gif" flags="2">
      <result msg="Method body respects uniqueness constraints  at  InboundConnectionCacheBlockingImpl.java line 88" source="/Grizzly/src/com/sun/grizzly/connectioncache/impl/transport/InboundConnectionCacheBlockingImpl.java.html" line="88" baseImage="plus.gif" flags="0" />
    </result>
    <result msg="Other control flow for InboundConnectionCacheBlockingImpl.close(C)  at  InboundConnectionCacheBlockingImpl.java line 229" source="/Grizzly/src/com/sun/grizzly/connectioncache/impl/transport/InboundConnectionCacheBlockingImpl.java.html" line="229" baseImage="promise.gif" flags="2">
      <result msg="Method body respects uniqueness constraints  at  InboundConnectionCacheBlockingImpl.java line 233" source="/Grizzly/src/com/sun/grizzly/connectioncache/impl/transport/InboundConnectionCacheBlockingImpl.java.html" line="233" baseImage="plus.gif" flags="0" />
    </result>
    <result msg="Other control flow for InboundConnectionCacheBlockingImpl.getConnectionState(C)  at  InboundConnectionCacheBlockingImpl.java line 272" source="/Grizzly/src/com/sun/grizzly/connectioncache/impl/transport/InboundConnectionCacheBlockingImpl.java.html" line="272" baseImage="promise.gif" flags="2">
      <result msg="Method body respects uniqueness constraints  at  InboundConnectionCacheBlockingImpl.java line 272" source="/Grizzly/src/com/sun/grizzly/connectioncache/impl/transport/InboundConnectionCacheBlockingImpl.java.html" line="272" baseImage="plus.gif" flags="0" />
    </result>
    <result msg="Other control flow for InboundConnectionCacheBlockingImpl.requestProcessed(C,int)  at  InboundConnectionCacheBlockingImpl.java line 135" source="/Grizzly/src/com/sun/grizzly/connectioncache/impl/transport/InboundConnectionCacheBlockingImpl.java.html" line="135" baseImage="promise.gif" flags="2">
      <result msg="Method body respects uniqueness constraints  at  InboundConnectionCacheBlockingImpl.java line 136" source="/Grizzly/src/com/sun/grizzly/connectioncache/impl/transport/InboundConnectionCacheBlockingImpl.java.html" line="136" baseImage="plus.gif" flags="0" />
    </result>
    <result msg="Other control flow for InboundConnectionCacheBlockingImpl.responseSent(C)  at  InboundConnectionCacheBlockingImpl.java line 186" source="/Grizzly/src/com/sun/grizzly/connectioncache/impl/transport/InboundConnectionCacheBlockingImpl.java.html" line="186" baseImage="promise.gif" flags="2">
      <result msg="Method body respects uniqueness constraints  at  InboundConnectionCacheBlockingImpl.java line 190" source="/Grizzly/src/com/sun/grizzly/connectioncache/impl/transport/InboundConnectionCacheBlockingImpl.java.html" line="190" baseImage="plus.gif" flags="0" />
    </result>
    <result msg="Other control flow for SSLConnectorHandler.SSLConnectorHandler()  at  SSLConnectorHandler.java line 204" source="/Grizzly/src/com/sun/grizzly/SSLConnectorHandler.java.html" line="204" baseImage="promise.gif" flags="2">
      <result msg="Method body respects uniqueness constraints  at  SSLConnectorHandler.java line 206" source="/Grizzly/src/com/sun/grizzly/SSLConnectorHandler.java.html" line="206" baseImage="plus.gif" flags="0" />
    </result>
    <result msg="Other control flow for SSLConnectorHandler.SSLConnectorHandler(com.sun.grizzly.SSLConfig)  at  SSLConnectorHandler.java line 210" source="/Grizzly/src/com/sun/grizzly/SSLConnectorHandler.java.html" line="210" baseImage="promise.gif" flags="2">
      <result msg="Method body respects uniqueness constraints  at  SSLConnectorHandler.java line 212" source="/Grizzly/src/com/sun/grizzly/SSLConnectorHandler.java.html" line="212" baseImage="plus.gif" flags="0" />
    </result>
    <result msg="Other control flow for SSLConnectorHandler.SSLConnectorHandler(javax.net.ssl.SSLContext)  at  SSLConnectorHandler.java line 216" source="/Grizzly/src/com/sun/grizzly/SSLConnectorHandler.java.html" line="216" baseImage="promise.gif" flags="2">
      <result msg="Method body respects uniqueness constraints  at  SSLConnectorHandler.java line 218" source="/Grizzly/src/com/sun/grizzly/SSLConnectorHandler.java.html" line="218" baseImage="plus.gif" flags="0" />
    </result>
    <result msg="borrowed this on ConcurrentQueueBlockingImpl.ConcurrentQueueBlockingImpl()" baseImage="promise.gif" flags="2">
      <result msg="Borrowed parameters of call &quot;super&quot;  at  ConcurrentQueueBlockingImpl.java" source="/Grizzly/src/com/sun/grizzly/connectioncache/impl/concurrent/ConcurrentQueueBlockingImpl.java.html" line="0" baseImage="plus.gif" flags="2">
        <result msg="1 precondition:" baseImage="choice_item.gif" flags="2">
          <result msg="borrowed this on Object.Object()" baseImage="promise.gif" flags="2" />
        </result>
      </result>
      <result msg="Conservative dependency  at  ConcurrentQueueBlockingImpl.java line 77" source="/Grizzly/src/com/sun/grizzly/connectioncache/impl/concurrent/ConcurrentQueueBlockingImpl.java.html" line="77" baseImage="plus.gif" flags="2">
        <result msg="1 precondition:" baseImage="choice_item.gif" flags="2">
          <result msg="Other control flow for ConcurrentQueueBlockingImpl.ConcurrentQueueBlockingImpl()  at  ConcurrentQueueBlockingImpl.java line 77" source="/Grizzly/src/com/sun/grizzly/connectioncache/impl/concurrent/ConcurrentQueueBlockingImpl.java.html" line="77" baseImage="promise.gif" flags="2">
            <result msg="Method body respects uniqueness constraints  at  ConcurrentQueueBlockingImpl.java line 79" source="/Grizzly/src/com/sun/grizzly/connectioncache/impl/concurrent/ConcurrentQueueBlockingImpl.java.html" line="79" baseImage="plus.gif" flags="0" />
          </result>
        </result>
      </result>
    </result>
    <result msg="borrowed this on ConcurrentQueueNonBlockingImpl.ConcurrentQueueNonBlockingImpl()" baseImage="promise.gif" flags="2">
      <result msg="Borrowed parameters of call &quot;super&quot;  at  ConcurrentQueueNonBlockingImpl.java" source="/Grizzly/src/com/sun/grizzly/connectioncache/impl/concurrent/ConcurrentQueueNonBlockingImpl.java.html" line="0" baseImage="plus.gif" flags="2">
        <result msg="1 precondition:" baseImage="choice_item.gif" flags="2">
          <result msg="borrowed this on Object.Object()" baseImage="promise.gif" flags="2" />
        </result>
      </result>
      <result msg="Conservative dependency  at  ConcurrentQueueNonBlockingImpl.java line 64" source="/Grizzly/src/com/sun/grizzly/connectioncache/impl/concurrent/ConcurrentQueueNonBlockingImpl.java.html" line="64" baseImage="plus.gif" flags="2">
        <result msg="1 precondition:" baseImage="choice_item.gif" flags="2">
          <result msg="Other control flow for ConcurrentQueueNonBlockingImpl.ConcurrentQueueNonBlockingImpl()  at  ConcurrentQueueNonBlockingImpl.java line 64" source="/Grizzly/src/com/sun/grizzly/connectioncache/impl/concurrent/ConcurrentQueueNonBlockingImpl.java.html" line="64" baseImage="promise.gif" flags="2">
            <result msg="Method body respects uniqueness constraints  at  ConcurrentQueueNonBlockingImpl.java line 66" source="/Grizzly/src/com/sun/grizzly/connectioncache/impl/concurrent/ConcurrentQueueNonBlockingImpl.java.html" line="66" baseImage="plus.gif" flags="0" />
          </result>
        </result>
      </result>
    </result>
    <result msg="borrowed this on ConnectionCacheBase.ConnectionCacheBase(java.lang.String,int,int,java.util.logging.Logger)" baseImage="promise.gif" flags="2">
      <result msg="Borrowed parameters of call &quot;super&quot;  at  ConnectionCacheBase.java" source="/Grizzly/src/com/sun/grizzly/connectioncache/impl/transport/ConnectionCacheBase.java.html" line="0" baseImage="plus.gif" flags="2">
        <result msg="1 precondition:" baseImage="choice_item.gif" flags="2">
          <result msg="borrowed this on Object.Object()" baseImage="promise.gif" flags="2" />
        </result>
      </result>
      <result msg="Conservative dependency  at  ConnectionCacheBase.java line 78" source="/Grizzly/src/com/sun/grizzly/connectioncache/impl/transport/ConnectionCacheBase.java.html" line="78" baseImage="plus.gif" flags="2">
        <result msg="1 precondition:" baseImage="choice_item.gif" flags="2">
          <result msg="Other control flow for ConnectionCacheBase.ConnectionCacheBase(java.lang.String,int,int,java.util.logging.Logger)  at  ConnectionCacheBase.java line 78" source="/Grizzly/src/com/sun/grizzly/connectioncache/impl/transport/ConnectionCacheBase.java.html" line="78" baseImage="promise.gif" flags="2">
            <result msg="Method body respects uniqueness constraints  at  ConnectionCacheBase.java line 82" source="/Grizzly/src/com/sun/grizzly/connectioncache/impl/transport/ConnectionCacheBase.java.html" line="82" baseImage="plus.gif" flags="0" />
          </result>
        </result>
      </result>
    </result>
    <result msg="borrowed this on ConnectionCacheBlockingBase.ConnectionCacheBlockingBase(java.lang.String,int,int,java.util.logging.Logger)" baseImage="promise.gif" flags="2">
      <result msg="Borrowed parameters of call &quot;super (cacheType, highWaterMark, numberToReclaim, logger)&quot;  at  ConnectionCacheBlockingBase.java line 50" source="/Grizzly/src/com/sun/grizzly/connectioncache/impl/transport/ConnectionCacheBlockingBase.java.html" line="50" baseImage="plus.gif" flags="2">
        <result msg="1 precondition:" baseImage="choice_item.gif" flags="2">
          <result msg="borrowed this on ConnectionCacheBase.ConnectionCacheBase(java.lang.String,int,int,java.util.logging.Logger)" baseImage="promise.gif" flags="2">
            <result msg="Borrowed parameters of call &quot;super&quot;  at  ConnectionCacheBase.java" source="/Grizzly/src/com/sun/grizzly/connectioncache/impl/transport/ConnectionCacheBase.java.html" line="0" baseImage="plus.gif" flags="2">
              <result msg="1 precondition:" baseImage="choice_item.gif" flags="2">
                <result msg="borrowed this on Object.Object()" baseImage="promise.gif" flags="2" />
              </result>
            </result>
            <result msg="Conservative dependency  at  ConnectionCacheBase.java line 78" source="/Grizzly/src/com/sun/grizzly/connectioncache/impl/transport/ConnectionCacheBase.java.html" line="78" baseImage="plus.gif" flags="2">
              <result msg="1 precondition:" baseImage="choice_item.gif" flags="2">
                <result msg="Other control flow for ConnectionCacheBase.ConnectionCacheBase(java.lang.String,int,int,java.util.logging.Logger)  at  ConnectionCacheBase.java line 78" source="/Grizzly/src/com/sun/grizzly/connectioncache/impl/transport/ConnectionCacheBase.java.html" line="78" baseImage="promise.gif" flags="2">
                  <result msg="Method body respects uniqueness constraints  at  ConnectionCacheBase.java line 82" source="/Grizzly/src/com/sun/grizzly/connectioncache/impl/transport/ConnectionCacheBase.java.html" line="82" baseImage="plus.gif" flags="0" />
                </result>
              </result>
            </result>
          </result>
        </result>
      </result>
      <result msg="Conservative dependency  at  ConnectionCacheBlockingBase.java line 45" source="/Grizzly/src/com/sun/grizzly/connectioncache/impl/transport/ConnectionCacheBlockingBase.java.html" line="45" baseImage="plus.gif" flags="2">
        <result msg="1 precondition:" baseImage="choice_item.gif" flags="2">
          <result msg="Other control flow for ConnectionCacheBlockingBase.ConnectionCacheBlockingBase(java.lang.String,int,int,java.util.logging.Logger)  at  ConnectionCacheBlockingBase.java line 45" source="/Grizzly/src/com/sun/grizzly/connectioncache/impl/transport/ConnectionCacheBlockingBase.java.html" line="45" baseImage="promise.gif" flags="2">
            <result msg="Method body respects uniqueness constraints  at  ConnectionCacheBlockingBase.java line 48" source="/Grizzly/src/com/sun/grizzly/connectioncache/impl/transport/ConnectionCacheBlockingBase.java.html" line="48" baseImage="plus.gif" flags="0" />
          </result>
        </result>
      </result>
    </result>
    <result msg="borrowed this on DefaultPipeline.DefaultPipeline()" baseImage="promise.gif" flags="4">
      <result msg="Conservative dependency  at  DefaultPipeline.java line 144" source="/Grizzly/src/com/sun/grizzly/DefaultPipeline.java.html" line="144" baseImage="plus.gif" flags="4">
        <result msg="1 precondition:" baseImage="choice_item.gif" flags="4">
          <result msg="Other control flow for DefaultPipeline.DefaultPipeline()  at  DefaultPipeline.java line 144" source="/Grizzly/src/com/sun/grizzly/DefaultPipeline.java.html" line="144" baseImage="promise.gif" flags="4">
            <result msg="(Borrowed value on stack shared, Borrowed value on stack shared) super  at  DefaultPipeline.java line 147" source="/Grizzly/src/com/sun/grizzly/DefaultPipeline.java.html" line="147" baseImage="redx.gif" flags="0" />
            <result msg="Method body does not respect uniqueness constraints  at  DefaultPipeline.java line 146" source="/Grizzly/src/com/sun/grizzly/DefaultPipeline.java.html" line="146" baseImage="redx.gif" flags="0" />
          </result>
        </result>
      </result>
    </result>
    <result msg="borrowed this on DefaultPipeline.DefaultPipeline(int,int,java.lang.String,int)" baseImage="promise.gif" flags="4">
      <result msg="Borrowed parameters of call &quot;this (maxThreads, minThreads, name, port, java.lang.Thread.NORM_PRIORITY)&quot;  at  DefaultPipeline.java line 171" source="/Grizzly/src/com/sun/grizzly/DefaultPipeline.java.html" line="171" baseImage="plus.gif" flags="4">
        <result msg="1 precondition:" baseImage="choice_item.gif" flags="4">
          <result msg="borrowed this on DefaultPipeline.DefaultPipeline(int,int,java.lang.String,int,int)" baseImage="promise.gif" flags="4">
            <result msg="Conservative dependency  at  DefaultPipeline.java line 150" source="/Grizzly/src/com/sun/grizzly/DefaultPipeline.java.html" line="150" baseImage="plus.gif" flags="4">
              <result msg="1 precondition:" baseImage="choice_item.gif" flags="4">
                <result msg="Other control flow for DefaultPipeline.DefaultPipeline(int,int,java.lang.String,int,int)  at  DefaultPipeline.java line 150" source="/Grizzly/src/com/sun/grizzly/DefaultPipeline.java.html" line="150" baseImage="promise.gif" flags="4">
                  <result msg="(Borrowed value on stack shared, Borrowed value on stack shared) super  at  DefaultPipeline.java" source="/Grizzly/src/com/sun/grizzly/DefaultPipeline.java.html" line="0" baseImage="redx.gif" flags="0" />
                  <result msg="Method body does not respect uniqueness constraints  at  DefaultPipeline.java line 153" source="/Grizzly/src/com/sun/grizzly/DefaultPipeline.java.html" line="153" baseImage="redx.gif" flags="0" />
                </result>
              </result>
            </result>
          </result>
        </result>
      </result>
      <result msg="Conservative dependency  at  DefaultPipeline.java line 167" source="/Grizzly/src/com/sun/grizzly/DefaultPipeline.java.html" line="167" baseImage="plus.gif" flags="2">
        <result msg="1 precondition:" baseImage="choice_item.gif" flags="2">
          <result msg="Other control flow for DefaultPipeline.DefaultPipeline(int,int,java.lang.String,int)  at  DefaultPipeline.java line 167" source="/Grizzly/src/com/sun/grizzly/DefaultPipeline.java.html" line="167" baseImage="promise.gif" flags="2">
            <result msg="Method body respects uniqueness constraints  at  DefaultPipeline.java line 170" source="/Grizzly/src/com/sun/grizzly/DefaultPipeline.java.html" line="170" baseImage="plus.gif" flags="0" />
          </result>
        </result>
      </result>
    </result>
    <result msg="borrowed this on DefaultPipeline.DefaultPipeline(int,int,java.lang.String,int,int)" baseImage="promise.gif" flags="4">
      <result msg="Conservative dependency  at  DefaultPipeline.java line 150" source="/Grizzly/src/com/sun/grizzly/DefaultPipeline.java.html" line="150" baseImage="plus.gif" flags="4">
        <result msg="1 precondition:" baseImage="choice_item.gif" flags="4">
          <result msg="Other control flow for DefaultPipeline.DefaultPipeline(int,int,java.lang.String,int,int)  at  DefaultPipeline.java line 150" source="/Grizzly/src/com/sun/grizzly/DefaultPipeline.java.html" line="150" baseImage="promise.gif" flags="4">
            <result msg="(Borrowed value on stack shared, Borrowed value on stack shared) super  at  DefaultPipeline.java" source="/Grizzly/src/com/sun/grizzly/DefaultPipeline.java.html" line="0" baseImage="redx.gif" flags="0" />
            <result msg="Method body does not respect uniqueness constraints  at  DefaultPipeline.java line 153" source="/Grizzly/src/com/sun/grizzly/DefaultPipeline.java.html" line="153" baseImage="redx.gif" flags="0" />
          </result>
        </result>
      </result>
    </result>
    <result msg="borrowed this on SSLConnectorHandler.SSLConnectorHandler()" baseImage="promise.gif" flags="2">
      <result msg="Borrowed parameters of call &quot;this (com.sun.grizzly.SSLConnectorHandler.defaultSSLContext)&quot;  at  SSLConnectorHandler.java line 207" source="/Grizzly/src/com/sun/grizzly/SSLConnectorHandler.java.html" line="207" baseImage="plus.gif" flags="2">
        <result msg="1 precondition:" baseImage="choice_item.gif" flags="2">
          <result msg="borrowed this on SSLConnectorHandler.SSLConnectorHandler(javax.net.ssl.SSLContext)" baseImage="promise.gif" flags="2">
            <result msg="Borrowed parameters of call &quot;super&quot;  at  SSLConnectorHandler.java" source="/Grizzly/src/com/sun/grizzly/SSLConnectorHandler.java.html" line="0" baseImage="plus.gif" flags="2">
              <result msg="1 precondition:" baseImage="choice_item.gif" flags="2">
                <result msg="borrowed this on Object.Object()" baseImage="promise.gif" flags="2" />
              </result>
            </result>
            <result msg="Conservative dependency  at  SSLConnectorHandler.java line 216" source="/Grizzly/src/com/sun/grizzly/SSLConnectorHandler.java.html" line="216" baseImage="plus.gif" flags="2">
              <result msg="1 precondition:" baseImage="choice_item.gif" flags="2">
                <result msg="Other control flow for SSLConnectorHandler.SSLConnectorHandler(javax.net.ssl.SSLContext)  at  SSLConnectorHandler.java line 216" source="/Grizzly/src/com/sun/grizzly/SSLConnectorHandler.java.html" line="216" baseImage="promise.gif" flags="2">
                  <result msg="Method body respects uniqueness constraints  at  SSLConnectorHandler.java line 218" source="/Grizzly/src/com/sun/grizzly/SSLConnectorHandler.java.html" line="218" baseImage="plus.gif" flags="0" />
                </result>
              </result>
            </result>
          </result>
        </result>
      </result>
      <result msg="Conservative dependency  at  SSLConnectorHandler.java line 204" source="/Grizzly/src/com/sun/grizzly/SSLConnectorHandler.java.html" line="204" baseImage="plus.gif" flags="2">
        <result msg="1 precondition:" baseImage="choice_item.gif" flags="2">
          <result msg="Other control flow for SSLConnectorHandler.SSLConnectorHandler()  at  SSLConnectorHandler.java line 204" source="/Grizzly/src/com/sun/grizzly/SSLConnectorHandler.java.html" line="204" baseImage="promise.gif" flags="2">
            <result msg="Method body respects uniqueness constraints  at  SSLConnectorHandler.java line 206" source="/Grizzly/src/com/sun/grizzly/SSLConnectorHandler.java.html" line="206" baseImage="plus.gif" flags="0" />
          </result>
        </result>
      </result>
    </result>
    <result msg="borrowed this on SSLConnectorHandler.SSLConnectorHandler(com.sun.grizzly.SSLConfig)" baseImage="promise.gif" flags="2">
      <result msg="Borrowed parameters of call &quot;this (sslConfig.createSSLContext)&quot;  at  SSLConnectorHandler.java line 213" source="/Grizzly/src/com/sun/grizzly/SSLConnectorHandler.java.html" line="213" baseImage="plus.gif" flags="2">
        <result msg="1 precondition:" baseImage="choice_item.gif" flags="2">
          <result msg="borrowed this on SSLConnectorHandler.SSLConnectorHandler(javax.net.ssl.SSLContext)" baseImage="promise.gif" flags="2">
            <result msg="Borrowed parameters of call &quot;super&quot;  at  SSLConnectorHandler.java" source="/Grizzly/src/com/sun/grizzly/SSLConnectorHandler.java.html" line="0" baseImage="plus.gif" flags="2">
              <result msg="1 precondition:" baseImage="choice_item.gif" flags="2">
                <result msg="borrowed this on Object.Object()" baseImage="promise.gif" flags="2" />
              </result>
            </result>
            <result msg="Conservative dependency  at  SSLConnectorHandler.java line 216" source="/Grizzly/src/com/sun/grizzly/SSLConnectorHandler.java.html" line="216" baseImage="plus.gif" flags="2">
              <result msg="1 precondition:" baseImage="choice_item.gif" flags="2">
                <result msg="Other control flow for SSLConnectorHandler.SSLConnectorHandler(javax.net.ssl.SSLContext)  at  SSLConnectorHandler.java line 216" source="/Grizzly/src/com/sun/grizzly/SSLConnectorHandler.java.html" line="216" baseImage="promise.gif" flags="2">
                  <result msg="Method body respects uniqueness constraints  at  SSLConnectorHandler.java line 218" source="/Grizzly/src/com/sun/grizzly/SSLConnectorHandler.java.html" line="218" baseImage="plus.gif" flags="0" />
                </result>
              </result>
            </result>
          </result>
        </result>
      </result>
      <result msg="Conservative dependency  at  SSLConnectorHandler.java line 210" source="/Grizzly/src/com/sun/grizzly/SSLConnectorHandler.java.html" line="210" baseImage="plus.gif" flags="2">
        <result msg="1 precondition:" baseImage="choice_item.gif" flags="2">
          <result msg="Other control flow for SSLConnectorHandler.SSLConnectorHandler(com.sun.grizzly.SSLConfig)  at  SSLConnectorHandler.java line 210" source="/Grizzly/src/com/sun/grizzly/SSLConnectorHandler.java.html" line="210" baseImage="promise.gif" flags="2">
            <result msg="Method body respects uniqueness constraints  at  SSLConnectorHandler.java line 212" source="/Grizzly/src/com/sun/grizzly/SSLConnectorHandler.java.html" line="212" baseImage="plus.gif" flags="0" />
          </result>
        </result>
      </result>
    </result>
    <result msg="borrowed this on SSLConnectorHandler.SSLConnectorHandler(javax.net.ssl.SSLContext)" baseImage="promise.gif" flags="2">
      <result msg="Borrowed parameters of call &quot;super&quot;  at  SSLConnectorHandler.java" source="/Grizzly/src/com/sun/grizzly/SSLConnectorHandler.java.html" line="0" baseImage="plus.gif" flags="2">
        <result msg="1 precondition:" baseImage="choice_item.gif" flags="2">
          <result msg="borrowed this on Object.Object()" baseImage="promise.gif" flags="2" />
        </result>
      </result>
      <result msg="Conservative dependency  at  SSLConnectorHandler.java line 216" source="/Grizzly/src/com/sun/grizzly/SSLConnectorHandler.java.html" line="216" baseImage="plus.gif" flags="2">
        <result msg="1 precondition:" baseImage="choice_item.gif" flags="2">
          <result msg="Other control flow for SSLConnectorHandler.SSLConnectorHandler(javax.net.ssl.SSLContext)  at  SSLConnectorHandler.java line 216" source="/Grizzly/src/com/sun/grizzly/SSLConnectorHandler.java.html" line="216" baseImage="promise.gif" flags="2">
            <result msg="Method body respects uniqueness constraints  at  SSLConnectorHandler.java line 218" source="/Grizzly/src/com/sun/grizzly/SSLConnectorHandler.java.html" line="218" baseImage="plus.gif" flags="0" />
          </result>
        </result>
      </result>
    </result>
    <result msg="unique  on  connectionMap  at  InboundConnectionCacheBlockingImpl.java" source="/Grizzly/src/com/sun/grizzly/connectioncache/impl/transport/InboundConnectionCacheBlockingImpl.java.html" line="0" baseImage="promise.gif" flags="2">
      <result msg="Borrowed parameters of call &quot;new java.util.HashMap &lt;C, # . ConnectionState &lt;#&gt;&gt;&quot;  at  InboundConnectionCacheBlockingImpl.java line 92" source="/Grizzly/src/com/sun/grizzly/connectioncache/impl/transport/InboundConnectionCacheBlockingImpl.java.html" line="92" baseImage="plus.gif" flags="2">
        <result msg="1 precondition:" baseImage="choice_item.gif" flags="2">
          <result msg="borrowed this on HashMap.HashMap()" baseImage="promise.gif" flags="2" />
        </result>
      </result>
      <result msg="Borrowed parameters of call &quot;super (cacheType, highWaterMark, numberToReclaim, logger)&quot;  at  InboundConnectionCacheBlockingImpl.java line 90" source="/Grizzly/src/com/sun/grizzly/connectioncache/impl/transport/InboundConnectionCacheBlockingImpl.java.html" line="90" baseImage="plus.gif" flags="2">
        <result msg="1 precondition:" baseImage="choice_item.gif" flags="2">
          <result msg="borrowed this on ConnectionCacheBlockingBase.ConnectionCacheBlockingBase(java.lang.String,int,int,java.util.logging.Logger)" baseImage="promise.gif" flags="2">
            <result msg="Borrowed parameters of call &quot;super (cacheType, highWaterMark, numberToReclaim, logger)&quot;  at  ConnectionCacheBlockingBase.java line 50" source="/Grizzly/src/com/sun/grizzly/connectioncache/impl/transport/ConnectionCacheBlockingBase.java.html" line="50" baseImage="plus.gif" flags="2">
              <result msg="1 precondition:" baseImage="choice_item.gif" flags="2">
                <result msg="borrowed this on ConnectionCacheBase.ConnectionCacheBase(java.lang.String,int,int,java.util.logging.Logger)" baseImage="promise.gif" flags="2">
                  <result msg="Borrowed parameters of call &quot;super&quot;  at  ConnectionCacheBase.java" source="/Grizzly/src/com/sun/grizzly/connectioncache/impl/transport/ConnectionCacheBase.java.html" line="0" baseImage="plus.gif" flags="2">
                    <result msg="1 precondition:" baseImage="choice_item.gif" flags="2">
                      <result msg="borrowed this on Object.Object()" baseImage="promise.gif" flags="2" />
                    </result>
                  </result>
                  <result msg="Conservative dependency  at  ConnectionCacheBase.java line 78" source="/Grizzly/src/com/sun/grizzly/connectioncache/impl/transport/ConnectionCacheBase.java.html" line="78" baseImage="plus.gif" flags="2">
                    <result msg="1 precondition:" baseImage="choice_item.gif" flags="2">
                      <result msg="Other control flow for ConnectionCacheBase.ConnectionCacheBase(java.lang.String,int,int,java.util.logging.Logger)  at  ConnectionCacheBase.java line 78" source="/Grizzly/src/com/sun/grizzly/connectioncache/impl/transport/ConnectionCacheBase.java.html" line="78" baseImage="promise.gif" flags="2">
                        <result msg="Method body respects uniqueness constraints  at  ConnectionCacheBase.java line 82" source="/Grizzly/src/com/sun/grizzly/connectioncache/impl/transport/ConnectionCacheBase.java.html" line="82" baseImage="plus.gif" flags="0" />
                      </result>
                    </result>
                  </result>
                </result>
              </result>
            </result>
            <result msg="Conservative dependency  at  ConnectionCacheBlockingBase.java line 45" source="/Grizzly/src/com/sun/grizzly/connectioncache/impl/transport/ConnectionCacheBlockingBase.java.html" line="45" baseImage="plus.gif" flags="2">
              <result msg="1 precondition:" baseImage="choice_item.gif" flags="2">
                <result msg="Other control flow for ConnectionCacheBlockingBase.ConnectionCacheBlockingBase(java.lang.String,int,int,java.util.logging.Logger)  at  ConnectionCacheBlockingBase.java line 45" source="/Grizzly/src/com/sun/grizzly/connectioncache/impl/transport/ConnectionCacheBlockingBase.java.html" line="45" baseImage="promise.gif" flags="2">
                  <result msg="Method body respects uniqueness constraints  at  ConnectionCacheBlockingBase.java line 48" source="/Grizzly/src/com/sun/grizzly/connectioncache/impl/transport/ConnectionCacheBlockingBase.java.html" line="48" baseImage="plus.gif" flags="0" />
                </result>
              </result>
            </result>
          </result>
        </result>
      </result>
      <result msg="Borrowed parameters of call &quot;this.connectionMap.get(conn)&quot;  at  InboundConnectionCacheBlockingImpl.java line 143" source="/Grizzly/src/com/sun/grizzly/connectioncache/impl/transport/InboundConnectionCacheBlockingImpl.java.html" line="143" baseImage="plus.gif" flags="2">
        <result msg="1 precondition:" baseImage="choice_item.gif" flags="2">
          <result msg="borrowed this on Map.get(java.lang.Object)" baseImage="promise.gif" flags="2" />
        </result>
      </result>
      <result msg="Borrowed parameters of call &quot;this.connectionMap.get(conn)&quot;  at  InboundConnectionCacheBlockingImpl.java line 195" source="/Grizzly/src/com/sun/grizzly/connectioncache/impl/transport/InboundConnectionCacheBlockingImpl.java.html" line="195" baseImage="plus.gif" flags="2">
        <result msg="1 precondition:" baseImage="choice_item.gif" flags="2">
          <result msg="borrowed this on Map.get(java.lang.Object)" baseImage="promise.gif" flags="2" />
        </result>
      </result>
      <result msg="Borrowed parameters of call &quot;this.connectionMap.get(conn)&quot;  at  InboundConnectionCacheBlockingImpl.java line 278" source="/Grizzly/src/com/sun/grizzly/connectioncache/impl/transport/InboundConnectionCacheBlockingImpl.java.html" line="278" baseImage="plus.gif" flags="2">
        <result msg="1 precondition:" baseImage="choice_item.gif" flags="2">
          <result msg="borrowed this on Map.get(java.lang.Object)" baseImage="promise.gif" flags="2" />
        </result>
      </result>
      <result msg="Borrowed parameters of call &quot;this.connectionMap.put(conn, result)&quot;  at  InboundConnectionCacheBlockingImpl.java line 284" source="/Grizzly/src/com/sun/grizzly/connectioncache/impl/transport/InboundConnectionCacheBlockingImpl.java.html" line="284" baseImage="plus.gif" flags="2">
        <result msg="1 precondition:" baseImage="choice_item.gif" flags="2">
          <result msg="borrowed this on Map.put(K,V)" baseImage="promise.gif" flags="2" />
        </result>
      </result>
      <result msg="Borrowed parameters of call &quot;this.connectionMap.remove(conn)&quot;  at  InboundConnectionCacheBlockingImpl.java line 238" source="/Grizzly/src/com/sun/grizzly/connectioncache/impl/transport/InboundConnectionCacheBlockingImpl.java.html" line="238" baseImage="plus.gif" flags="2">
        <result msg="1 precondition:" baseImage="choice_item.gif" flags="2">
          <result msg="borrowed this on Map.remove(java.lang.Object)" baseImage="promise.gif" flags="2" />
        </result>
      </result>
      <result msg="Conservative dependency  at  InboundConnectionCacheBlockingImpl.java line 135" source="/Grizzly/src/com/sun/grizzly/connectioncache/impl/transport/InboundConnectionCacheBlockingImpl.java.html" line="135" baseImage="plus.gif" flags="2">
        <result msg="1 precondition:" baseImage="choice_item.gif" flags="2">
          <result msg="Other control flow for InboundConnectionCacheBlockingImpl.requestProcessed(C,int)  at  InboundConnectionCacheBlockingImpl.java line 135" source="/Grizzly/src/com/sun/grizzly/connectioncache/impl/transport/InboundConnectionCacheBlockingImpl.java.html" line="135" baseImage="promise.gif" flags="2">
            <result msg="Method body respects uniqueness constraints  at  InboundConnectionCacheBlockingImpl.java line 136" source="/Grizzly/src/com/sun/grizzly/connectioncache/impl/transport/InboundConnectionCacheBlockingImpl.java.html" line="136" baseImage="plus.gif" flags="0" />
          </result>
        </result>
      </result>
      <result msg="Conservative dependency  at  InboundConnectionCacheBlockingImpl.java line 186" source="/Grizzly/src/com/sun/grizzly/connectioncache/impl/transport/InboundConnectionCacheBlockingImpl.java.html" line="186" baseImage="plus.gif" flags="2">
        <result msg="1 precondition:" baseImage="choice_item.gif" flags="2">
          <result msg="Other control flow for InboundConnectionCacheBlockingImpl.responseSent(C)  at  InboundConnectionCacheBlockingImpl.java line 186" source="/Grizzly/src/com/sun/grizzly/connectioncache/impl/transport/InboundConnectionCacheBlockingImpl.java.html" line="186" baseImage="promise.gif" flags="2">
            <result msg="Method body respects uniqueness constraints  at  InboundConnectionCacheBlockingImpl.java line 190" source="/Grizzly/src/com/sun/grizzly/connectioncache/impl/transport/InboundConnectionCacheBlockingImpl.java.html" line="190" baseImage="plus.gif" flags="0" />
          </result>
        </result>
      </result>
      <result msg="Conservative dependency  at  InboundConnectionCacheBlockingImpl.java line 229" source="/Grizzly/src/com/sun/grizzly/connectioncache/impl/transport/InboundConnectionCacheBlockingImpl.java.html" line="229" baseImage="plus.gif" flags="2">
        <result msg="1 precondition:" baseImage="choice_item.gif" flags="2">
          <result msg="Other control flow for InboundConnectionCacheBlockingImpl.close(C)  at  InboundConnectionCacheBlockingImpl.java line 229" source="/Grizzly/src/com/sun/grizzly/connectioncache/impl/transport/InboundConnectionCacheBlockingImpl.java.html" line="229" baseImage="promise.gif" flags="2">
            <result msg="Method body respects uniqueness constraints  at  InboundConnectionCacheBlockingImpl.java line 233" source="/Grizzly/src/com/sun/grizzly/connectioncache/impl/transport/InboundConnectionCacheBlockingImpl.java.html" line="233" baseImage="plus.gif" flags="0" />
          </result>
        </result>
      </result>
      <result msg="Conservative dependency  at  InboundConnectionCacheBlockingImpl.java line 272" source="/Grizzly/src/com/sun/grizzly/connectioncache/impl/transport/InboundConnectionCacheBlockingImpl.java.html" line="272" baseImage="plus.gif" flags="2">
        <result msg="1 precondition:" baseImage="choice_item.gif" flags="2">
          <result msg="Other control flow for InboundConnectionCacheBlockingImpl.getConnectionState(C)  at  InboundConnectionCacheBlockingImpl.java line 272" source="/Grizzly/src/com/sun/grizzly/connectioncache/impl/transport/InboundConnectionCacheBlockingImpl.java.html" line="272" baseImage="promise.gif" flags="2">
            <result msg="Method body respects uniqueness constraints  at  InboundConnectionCacheBlockingImpl.java line 272" source="/Grizzly/src/com/sun/grizzly/connectioncache/impl/transport/InboundConnectionCacheBlockingImpl.java.html" line="272" baseImage="plus.gif" flags="0" />
          </result>
        </result>
      </result>
      <result msg="Conservative dependency  at  InboundConnectionCacheBlockingImpl.java line 85" source="/Grizzly/src/com/sun/grizzly/connectioncache/impl/transport/InboundConnectionCacheBlockingImpl.java.html" line="85" baseImage="plus.gif" flags="2">
        <result msg="1 precondition:" baseImage="choice_item.gif" flags="2">
          <result msg="Other control flow for InboundConnectionCacheBlockingImpl.InboundConnectionCacheBlockingImpl(java.lang.String,int,int,java.util.logging.Logger)  at  InboundConnectionCacheBlockingImpl.java line 85" source="/Grizzly/src/com/sun/grizzly/connectioncache/impl/transport/InboundConnectionCacheBlockingImpl.java.html" line="85" baseImage="promise.gif" flags="2">
            <result msg="Method body respects uniqueness constraints  at  InboundConnectionCacheBlockingImpl.java line 88" source="/Grizzly/src/com/sun/grizzly/connectioncache/impl/transport/InboundConnectionCacheBlockingImpl.java.html" line="88" baseImage="plus.gif" flags="0" />
          </result>
        </result>
      </result>
      <result msg="Effects of call &quot;this.connectionMap.get(conn)&quot;  at  InboundConnectionCacheBlockingImpl.java line 143" source="/Grizzly/src/com/sun/grizzly/connectioncache/impl/transport/InboundConnectionCacheBlockingImpl.java.html" line="143" baseImage="plus.gif" flags="2">
        <result msg="1 precondition:" baseImage="choice_item.gif" flags="2">
          <result msg="CombinedEffectsPromiseDrop (EMPTY)  at  java.util.Map" baseImage="promise.gif" flags="2" />
        </result>
      </result>
      <result msg="Effects of call &quot;this.connectionMap.get(conn)&quot;  at  InboundConnectionCacheBlockingImpl.java line 195" source="/Grizzly/src/com/sun/grizzly/connectioncache/impl/transport/InboundConnectionCacheBlockingImpl.java.html" line="195" baseImage="plus.gif" flags="2">
        <result msg="1 precondition:" baseImage="choice_item.gif" flags="2">
          <result msg="CombinedEffectsPromiseDrop (EMPTY)  at  java.util.Map" baseImage="promise.gif" flags="2" />
        </result>
      </result>
      <result msg="Effects of call &quot;this.connectionMap.get(conn)&quot;  at  InboundConnectionCacheBlockingImpl.java line 278" source="/Grizzly/src/com/sun/grizzly/connectioncache/impl/transport/InboundConnectionCacheBlockingImpl.java.html" line="278" baseImage="plus.gif" flags="2">
        <result msg="1 precondition:" baseImage="choice_item.gif" flags="2">
          <result msg="CombinedEffectsPromiseDrop (EMPTY)  at  java.util.Map" baseImage="promise.gif" flags="2" />
        </result>
      </result>
      <result msg="Effects of call &quot;this.connectionMap.put(conn, result)&quot;  at  InboundConnectionCacheBlockingImpl.java line 284" source="/Grizzly/src/com/sun/grizzly/connectioncache/impl/transport/InboundConnectionCacheBlockingImpl.java.html" line="284" baseImage="plus.gif" flags="2">
        <result msg="1 precondition:" baseImage="choice_item.gif" flags="2">
          <result msg="Reads arg0:Instance  on  Map.put(K,V)  at  java.util.Map" baseImage="promise.gif" flags="2" />
        </result>
      </result>
      <result msg="Effects of call &quot;this.connectionMap.remove(conn)&quot;  at  InboundConnectionCacheBlockingImpl.java line 238" source="/Grizzly/src/com/sun/grizzly/connectioncache/impl/transport/InboundConnectionCacheBlockingImpl.java.html" line="238" baseImage="plus.gif" flags="2">
        <result msg="1 precondition:" baseImage="choice_item.gif" flags="2">
          <result msg="Reads arg0:Instance  on  Map.remove(java.lang.Object)  at  java.util.Map" baseImage="promise.gif" flags="2" />
        </result>
      </result>
    </result>
    <result msg="unique  on  workerThreads  at  DefaultPipeline.java" source="/Grizzly/src/com/sun/grizzly/DefaultPipeline.java.html" line="0" baseImage="promise.gif" flags="2">
      <result msg="Conservative dependency  at  DefaultPipeline.java line 178" source="/Grizzly/src/com/sun/grizzly/DefaultPipeline.java.html" line="178" baseImage="plus.gif" flags="2">
        <result msg="1 precondition:" baseImage="choice_item.gif" flags="2">
          <result msg="Other control flow for DefaultPipeline.initPipeline()  at  DefaultPipeline.java line 178" source="/Grizzly/src/com/sun/grizzly/DefaultPipeline.java.html" line="178" baseImage="promise.gif" flags="2">
            <result msg="Method body respects uniqueness constraints  at  DefaultPipeline.java line 182" source="/Grizzly/src/com/sun/grizzly/DefaultPipeline.java.html" line="182" baseImage="plus.gif" flags="0" />
          </result>
        </result>
      </result>
      <result msg="Conservative dependency  at  DefaultPipeline.java line 197" source="/Grizzly/src/com/sun/grizzly/DefaultPipeline.java.html" line="197" baseImage="plus.gif" flags="2">
        <result msg="1 precondition:" baseImage="choice_item.gif" flags="2">
          <result msg="Other control flow for DefaultPipeline.startPipeline()  at  DefaultPipeline.java line 197" source="/Grizzly/src/com/sun/grizzly/DefaultPipeline.java.html" line="197" baseImage="promise.gif" flags="2">
            <result msg="Method body respects uniqueness constraints  at  DefaultPipeline.java line 201" source="/Grizzly/src/com/sun/grizzly/DefaultPipeline.java.html" line="201" baseImage="plus.gif" flags="0" />
          </result>
        </result>
      </result>
      <result msg="Conservative dependency  at  DefaultPipeline.java line 211" source="/Grizzly/src/com/sun/grizzly/DefaultPipeline.java.html" line="211" baseImage="plus.gif" flags="2">
        <result msg="1 precondition:" baseImage="choice_item.gif" flags="2">
          <result msg="Other control flow for DefaultPipeline.stopPipeline()  at  DefaultPipeline.java line 211" source="/Grizzly/src/com/sun/grizzly/DefaultPipeline.java.html" line="211" baseImage="promise.gif" flags="2">
            <result msg="Method body respects uniqueness constraints  at  DefaultPipeline.java line 215" source="/Grizzly/src/com/sun/grizzly/DefaultPipeline.java.html" line="215" baseImage="plus.gif" flags="0" />
          </result>
        </result>
      </result>
      <result msg="Conservative dependency  at  DefaultPipeline.java line 227" source="/Grizzly/src/com/sun/grizzly/DefaultPipeline.java.html" line="227" baseImage="plus.gif" flags="2">
        <result msg="1 precondition:" baseImage="choice_item.gif" flags="2">
          <result msg="Other control flow for DefaultPipeline.increaseWorkerThread(int,boolean)  at  DefaultPipeline.java line 227" source="/Grizzly/src/com/sun/grizzly/DefaultPipeline.java.html" line="227" baseImage="promise.gif" flags="2">
            <result msg="Method body respects uniqueness constraints  at  DefaultPipeline.java line 236" source="/Grizzly/src/com/sun/grizzly/DefaultPipeline.java.html" line="236" baseImage="plus.gif" flags="0" />
          </result>
        </result>
      </result>
      <result msg="Conservative dependency  at  DefaultPipeline.java line 255" source="/Grizzly/src/com/sun/grizzly/DefaultPipeline.java.html" line="255" baseImage="plus.gif" flags="2">
        <result msg="1 precondition:" baseImage="choice_item.gif" flags="2">
          <result msg="Other control flow for DefaultPipeline.interruptThread(long)  at  DefaultPipeline.java line 255" source="/Grizzly/src/com/sun/grizzly/DefaultPipeline.java.html" line="255" baseImage="promise.gif" flags="2">
            <result msg="Method body respects uniqueness constraints  at  DefaultPipeline.java line 260" source="/Grizzly/src/com/sun/grizzly/DefaultPipeline.java.html" line="260" baseImage="plus.gif" flags="0" />
          </result>
        </result>
      </result>
      <result msg="Effects of call &quot;this.notifyAll&quot;  at  DefaultPipeline.java line 222" source="/Grizzly/src/com/sun/grizzly/DefaultPipeline.java.html" line="222" baseImage="plus.gif" flags="2">
        <result msg="1 precondition:" baseImage="choice_item.gif" flags="2">
          <result msg="CombinedEffectsPromiseDrop (EMPTY)  at  java.lang.Object" baseImage="promise.gif" flags="2" />
        </result>
      </result>
    </result>
  </result>
  <result msg="Modeling problems (1 issue)" baseImage="warning.gif" flags="0">
    <result msg="Sorry, analysis does not yet support the use of qualified receivers as lock objects. on Lock HandleLock is QualifiedThisExpression
com.sun.grizzly.connectioncache.impl.concurrent.ConcurrentQueueBlockingImpl.lock protects Instance  at  ConcurrentQueueBlockingImpl.java" source="/Grizzly/src/com/sun/grizzly/connectioncache/impl/concurrent/ConcurrentQueueBlockingImpl.java.html" line="0" baseImage="warning.gif" flags="0" />
  </result>
  <result msg="Suggestions and warnings (22 issues)" baseImage="info.gif" flags="0">
    <result msg="com.sun.grizzly (11 issues)" baseImage="package.gif" flags="64">
      <result msg="com.sun.grizzly.DefaultPipeline (6 issues)" baseImage="class.gif" flags="64">
        <result msg="@Aggregate Instance into Region matched CONSISTENT  at  DefaultPipeline.java line 114" source="/Grizzly/src/com/sun/grizzly/DefaultPipeline.java.html" line="114" baseImage="info.gif" flags="0" />
        <result msg="@Borrowed this matched INCONSISTENT  at  DefaultPipeline.java line 145" source="/Grizzly/src/com/sun/grizzly/DefaultPipeline.java.html" line="145" baseImage="info.gif" flags="0" />
        <result msg="@Borrowed this matched INCONSISTENT  at  DefaultPipeline.java line 151" source="/Grizzly/src/com/sun/grizzly/DefaultPipeline.java.html" line="151" baseImage="info.gif" flags="0" />
        <result msg="@Borrowed this matched INCONSISTENT  at  DefaultPipeline.java line 168" source="/Grizzly/src/com/sun/grizzly/DefaultPipeline.java.html" line="168" baseImage="info.gif" flags="0" />
        <result msg="@RegionLock ThisLock is this protects Region matched CONSISTENT  at  DefaultPipeline.java line 49" source="/Grizzly/src/com/sun/grizzly/DefaultPipeline.java.html" line="49" baseImage="info.gif" flags="0" />
        <result msg="@RequiresLock ThisLock matched CONSISTENT  at  DefaultPipeline.java line 235" source="/Grizzly/src/com/sun/grizzly/DefaultPipeline.java.html" line="235" baseImage="info.gif" flags="0" />
      </result>
      <result msg="com.sun.grizzly.ReadController (1 issue)" baseImage="class.gif" flags="64">
        <result msg="@RegionLock Lock is channels protects ChannelsRegion matched CONSISTENT  at  ReadController.java line 53" source="/Grizzly/src/com/sun/grizzly/ReadController.java.html" line="53" baseImage="info.gif" flags="0" />
      </result>
      <result msg="com.sun.grizzly.SSLConnectorHandler (4 issues)" baseImage="class.gif" flags="64">
        <result msg="@Borrowed this matched CONSISTENT  at  SSLConnectorHandler.java line 205" source="/Grizzly/src/com/sun/grizzly/SSLConnectorHandler.java.html" line="205" baseImage="info.gif" flags="0" />
        <result msg="@Borrowed this matched CONSISTENT  at  SSLConnectorHandler.java line 211" source="/Grizzly/src/com/sun/grizzly/SSLConnectorHandler.java.html" line="211" baseImage="info.gif" flags="0" />
        <result msg="@Borrowed this matched CONSISTENT  at  SSLConnectorHandler.java line 217" source="/Grizzly/src/com/sun/grizzly/SSLConnectorHandler.java.html" line="217" baseImage="info.gif" flags="0" />
        <result msg="@RegionLock Lock is class protects defaultSSLContext matched CONSISTENT  at  SSLConnectorHandler.java line 91" source="/Grizzly/src/com/sun/grizzly/SSLConnectorHandler.java.html" line="91" baseImage="info.gif" flags="0" />
      </result>
    </result>
    <result msg="com.sun.grizzly.connectioncache.impl.concurrent (4 issues)" baseImage="package.gif" flags="64">
      <result msg="com.sun.grizzly.connectioncache.impl.concurrent.ConcurrentQueueBlockingImpl (2 issues)" baseImage="class.gif" flags="64">
        <result msg="@Borrowed this matched CONSISTENT  at  ConcurrentQueueBlockingImpl.java line 78" source="/Grizzly/src/com/sun/grizzly/connectioncache/impl/concurrent/ConcurrentQueueBlockingImpl.java.html" line="78" baseImage="info.gif" flags="0" />
        <result msg="@RegionLock Lock is lock protects EntryRegion matched CONSISTENT  at  ConcurrentQueueBlockingImpl.java line 37" source="/Grizzly/src/com/sun/grizzly/connectioncache/impl/concurrent/ConcurrentQueueBlockingImpl.java.html" line="37" baseImage="info.gif" flags="0" />
      </result>
      <result msg="com.sun.grizzly.connectioncache.impl.concurrent.ConcurrentQueueNonBlockingImpl (2 issues)" baseImage="class.gif" flags="64">
        <result msg="@Borrowed this matched CONSISTENT  at  ConcurrentQueueNonBlockingImpl.java line 65" source="/Grizzly/src/com/sun/grizzly/connectioncache/impl/concurrent/ConcurrentQueueNonBlockingImpl.java.html" line="65" baseImage="info.gif" flags="0" />
        <result msg="@RegionLock Lock is lock protects HeadRegion matched CONSISTENT  at  ConcurrentQueueNonBlockingImpl.java line 35" source="/Grizzly/src/com/sun/grizzly/connectioncache/impl/concurrent/ConcurrentQueueNonBlockingImpl.java.html" line="35" baseImage="info.gif" flags="0" />
      </result>
    </result>
    <result msg="com.sun.grizzly.connectioncache.impl.transport (5 issues)" baseImage="package.gif" flags="64">
      <result msg="com.sun.grizzly.connectioncache.impl.transport.ConnectionCacheBlockingBase (2 issues)" baseImage="class.gif" flags="64">
        <result msg="@Borrowed this matched CONSISTENT  at  ConnectionCacheBlockingBase.java line 46" source="/Grizzly/src/com/sun/grizzly/connectioncache/impl/transport/ConnectionCacheBlockingBase.java.html" line="46" baseImage="info.gif" flags="0" />
        <result msg="@RegionLock L is this protects TotalRegion matched CONSISTENT  at  ConnectionCacheBlockingBase.java line 36" source="/Grizzly/src/com/sun/grizzly/connectioncache/impl/transport/ConnectionCacheBlockingBase.java.html" line="36" baseImage="info.gif" flags="0" />
      </result>
      <result msg="com.sun.grizzly.connectioncache.impl.transport.InboundConnectionCacheBlockingImpl (2 issues)" baseImage="class.gif" flags="64">
        <result msg="@Aggregate Instance into TotalRegion matched CONSISTENT  at  InboundConnectionCacheBlockingImpl.java line 56" source="/Grizzly/src/com/sun/grizzly/connectioncache/impl/transport/InboundConnectionCacheBlockingImpl.java.html" line="56" baseImage="info.gif" flags="0" />
        <result msg="@RegionLock Lock is this protects TotalRegion matched CONSISTENT  at  InboundConnectionCacheBlockingImpl.java line 49" source="/Grizzly/src/com/sun/grizzly/connectioncache/impl/transport/InboundConnectionCacheBlockingImpl.java.html" line="49" baseImage="info.gif" flags="0" />
      </result>
      <result msg="com.sun.grizzly.connectioncache.impl.transport.OutboundConnectionCacheBlockingImpl (1 issue)" baseImage="class.gif" flags="64">
        <result msg="@RegionLock Lock is this protects TotalRegion matched CONSISTENT  at  OutboundConnectionCacheBlockingImpl.java line 51" source="/Grizzly/src/com/sun/grizzly/connectioncache/impl/transport/OutboundConnectionCacheBlockingImpl.java.html" line="51" baseImage="info.gif" flags="0" />
      </result>
    </result>
    <result msg="com.sun.grizzly.util (2 issues)" baseImage="package.gif" flags="64">
      <result msg="com.sun.grizzly.util.ByteBufferFactory (1 issue)" baseImage="class.gif" flags="64">
        <result msg="@RegionLock Lock is class protects BufferRegion matched CONSISTENT  at  ByteBufferFactory.java line 43" source="/Grizzly/src/com/sun/grizzly/util/ByteBufferFactory.java.html" line="43" baseImage="info.gif" flags="0" />
      </result>
      <result msg="com.sun.grizzly.util.SelectorFactory (1 issue)" baseImage="class.gif" flags="64">
        <result msg="@RegionLock Lock is selectors protects Region matched CONSISTENT  at  SelectorFactory.java line 43" source="/Grizzly/src/com/sun/grizzly/util/SelectorFactory.java.html" line="43" baseImage="info.gif" flags="0" />
      </result>
    </result>
  </result>
</root>