<sourceFiles>
	<package name="com.sun.grizzly">
		<class name="CallbackHandler.java" source="/Grizzly/src/com/sun/grizzly/CallbackHandler.java.html"/>
		<class name="ComplexSelectorHandler.java" source="/Grizzly/src/com/sun/grizzly/ComplexSelectorHandler.java.html"/>
		<class name="ConnectorHandler.java" source="/Grizzly/src/com/sun/grizzly/ConnectorHandler.java.html"/>
		<class name="ConnectorHandlerPool.java" source="/Grizzly/src/com/sun/grizzly/ConnectorHandlerPool.java.html"/>
		<class name="ConnectorInstanceHandler.java" source="/Grizzly/src/com/sun/grizzly/ConnectorInstanceHandler.java.html"/>
		<class name="Context.java" source="/Grizzly/src/com/sun/grizzly/Context.java.html"/>
		<class name="Controller.java" source="/Grizzly/src/com/sun/grizzly/Controller.java.html"/>
		<class name="ControllerStateListener.java" source="/Grizzly/src/com/sun/grizzly/ControllerStateListener.java.html"/>
		<class name="ControllerStateListenerAdapter.java" source="/Grizzly/src/com/sun/grizzly/ControllerStateListenerAdapter.java.html"/>
		<class name="DefaultConnectorHandlerPool.java" source="/Grizzly/src/com/sun/grizzly/DefaultConnectorHandlerPool.java.html"/>
		<class name="DefaultPipeline.java" source="/Grizzly/src/com/sun/grizzly/DefaultPipeline.java.html"/>
		<class name="DefaultProtocolChain.java" source="/Grizzly/src/com/sun/grizzly/DefaultProtocolChain.java.html"/>
		<class name="DefaultProtocolChainInstanceHandler.java" source="/Grizzly/src/com/sun/grizzly/DefaultProtocolChainInstanceHandler.java.html"/>
		<class name="DefaultSelectionKeyHandler.java" source="/Grizzly/src/com/sun/grizzly/DefaultSelectionKeyHandler.java.html"/>
		<class name="Handler.java" source="/Grizzly/src/com/sun/grizzly/Handler.java.html"/>
		<class name="IOEvent.java" source="/Grizzly/src/com/sun/grizzly/IOEvent.java.html"/>
		<class name="Lifecycle.java" source="/Grizzly/src/com/sun/grizzly/Lifecycle.java.html"/>
		<class name="Pipeline.java" source="/Grizzly/src/com/sun/grizzly/Pipeline.java.html"/>
		<class name="PipelineFullException.java" source="/Grizzly/src/com/sun/grizzly/PipelineFullException.java.html"/>
		<class name="ProtocolChain.java" source="/Grizzly/src/com/sun/grizzly/ProtocolChain.java.html"/>
		<class name="ProtocolChainInstanceHandler.java" source="/Grizzly/src/com/sun/grizzly/ProtocolChainInstanceHandler.java.html"/>
		<class name="ProtocolFilter.java" source="/Grizzly/src/com/sun/grizzly/ProtocolFilter.java.html"/>
		<class name="ProtocolParser.java" source="/Grizzly/src/com/sun/grizzly/ProtocolParser.java.html"/>
		<class name="ReadController.java" source="/Grizzly/src/com/sun/grizzly/ReadController.java.html"/>
		<class name="RoundRobinSelectorHandler.java" source="/Grizzly/src/com/sun/grizzly/RoundRobinSelectorHandler.java.html"/>
		<class name="SSLCallbackHandler.java" source="/Grizzly/src/com/sun/grizzly/SSLCallbackHandler.java.html"/>
		<class name="SSLConfig.java" source="/Grizzly/src/com/sun/grizzly/SSLConfig.java.html"/>
		<class name="SSLConnectorHandler.java" source="/Grizzly/src/com/sun/grizzly/SSLConnectorHandler.java.html"/>
		<class name="SSLSelectorHandler.java" source="/Grizzly/src/com/sun/grizzly/SSLSelectorHandler.java.html"/>
		<class name="SelectionKeyHandler.java" source="/Grizzly/src/com/sun/grizzly/SelectionKeyHandler.java.html"/>
		<class name="SelectorHandler.java" source="/Grizzly/src/com/sun/grizzly/SelectorHandler.java.html"/>
		<class name="TCPConnectorHandler.java" source="/Grizzly/src/com/sun/grizzly/TCPConnectorHandler.java.html"/>
		<class name="TCPSelectorHandler.java" source="/Grizzly/src/com/sun/grizzly/TCPSelectorHandler.java.html"/>
		<class name="UDPConnectorHandler.java" source="/Grizzly/src/com/sun/grizzly/UDPConnectorHandler.java.html"/>
		<class name="UDPSelectorHandler.java" source="/Grizzly/src/com/sun/grizzly/UDPSelectorHandler.java.html"/>
	</package>
	<package name="com.sun.grizzly.connectioncache.client">
		<class name="CacheableConnectorHandler.java" source="/Grizzly/src/com/sun/grizzly/connectioncache/client/CacheableConnectorHandler.java.html"/>
		<class name="CacheableConnectorHandlerPool.java" source="/Grizzly/src/com/sun/grizzly/connectioncache/client/CacheableConnectorHandlerPool.java.html"/>
	</package>
	<package name="com.sun.grizzly.connectioncache.impl.concurrent">
		<class name="ConcurrentQueueBlockingImpl.java" source="/Grizzly/src/com/sun/grizzly/connectioncache/impl/concurrent/ConcurrentQueueBlockingImpl.java.html"/>
		<class name="ConcurrentQueueImpl.java" source="/Grizzly/src/com/sun/grizzly/connectioncache/impl/concurrent/ConcurrentQueueImpl.java.html"/>
		<class name="ConcurrentQueueNonBlockingImpl.java" source="/Grizzly/src/com/sun/grizzly/connectioncache/impl/concurrent/ConcurrentQueueNonBlockingImpl.java.html"/>
	</package>
	<package name="com.sun.grizzly.connectioncache.impl.transport">
		<class name="ConnectionCacheBase.java" source="/Grizzly/src/com/sun/grizzly/connectioncache/impl/transport/ConnectionCacheBase.java.html"/>
		<class name="ConnectionCacheBlockingBase.java" source="/Grizzly/src/com/sun/grizzly/connectioncache/impl/transport/ConnectionCacheBlockingBase.java.html"/>
		<class name="InboundConnectionCacheBlockingImpl.java" source="/Grizzly/src/com/sun/grizzly/connectioncache/impl/transport/InboundConnectionCacheBlockingImpl.java.html"/>
		<class name="OutboundConnectionCacheBlockingImpl.java" source="/Grizzly/src/com/sun/grizzly/connectioncache/impl/transport/OutboundConnectionCacheBlockingImpl.java.html"/>
	</package>
	<package name="com.sun.grizzly.connectioncache.server">
		<class name="CacheableSelectionKeyHandler.java" source="/Grizzly/src/com/sun/grizzly/connectioncache/server/CacheableSelectionKeyHandler.java.html"/>
	</package>
	<package name="com.sun.grizzly.connectioncache.spi.concurrent">
		<class name="ConcurrentQueue.java" source="/Grizzly/src/com/sun/grizzly/connectioncache/spi/concurrent/ConcurrentQueue.java.html"/>
		<class name="ConcurrentQueueFactory.java" source="/Grizzly/src/com/sun/grizzly/connectioncache/spi/concurrent/ConcurrentQueueFactory.java.html"/>
	</package>
	<package name="com.sun.grizzly.connectioncache.spi.transport">
		<class name="ConnectionCache.java" source="/Grizzly/src/com/sun/grizzly/connectioncache/spi/transport/ConnectionCache.java.html"/>
		<class name="ConnectionCacheFactory.java" source="/Grizzly/src/com/sun/grizzly/connectioncache/spi/transport/ConnectionCacheFactory.java.html"/>
		<class name="ConnectionFinder.java" source="/Grizzly/src/com/sun/grizzly/connectioncache/spi/transport/ConnectionFinder.java.html"/>
		<class name="ContactInfo.java" source="/Grizzly/src/com/sun/grizzly/connectioncache/spi/transport/ContactInfo.java.html"/>
		<class name="InboundConnectionCache.java" source="/Grizzly/src/com/sun/grizzly/connectioncache/spi/transport/InboundConnectionCache.java.html"/>
		<class name="OutboundConnectionCache.java" source="/Grizzly/src/com/sun/grizzly/connectioncache/spi/transport/OutboundConnectionCache.java.html"/>
	</package>
	<package name="com.sun.grizzly.filter">
		<class name="EchoFilter.java" source="/Grizzly/src/com/sun/grizzly/filter/EchoFilter.java.html"/>
		<class name="LogFilter.java" source="/Grizzly/src/com/sun/grizzly/filter/LogFilter.java.html"/>
		<class name="ParserProtocolFilter.java" source="/Grizzly/src/com/sun/grizzly/filter/ParserProtocolFilter.java.html"/>
		<class name="ReadFilter.java" source="/Grizzly/src/com/sun/grizzly/filter/ReadFilter.java.html"/>
		<class name="SSLEchoFilter.java" source="/Grizzly/src/com/sun/grizzly/filter/SSLEchoFilter.java.html"/>
		<class name="SSLReadFilter.java" source="/Grizzly/src/com/sun/grizzly/filter/SSLReadFilter.java.html"/>
		<class name="UDPReadFilter.java" source="/Grizzly/src/com/sun/grizzly/filter/UDPReadFilter.java.html"/>
		<class name="UDPWriteFilter.java" source="/Grizzly/src/com/sun/grizzly/filter/UDPWriteFilter.java.html"/>
	</package>
	<package name="com.sun.grizzly.util">
		<class name="ByteBufferFactory.java" source="/Grizzly/src/com/sun/grizzly/util/ByteBufferFactory.java.html"/>
		<class name="ByteBufferInputStream.java" source="/Grizzly/src/com/sun/grizzly/util/ByteBufferInputStream.java.html"/>
		<class name="Cloner.java" source="/Grizzly/src/com/sun/grizzly/util/Cloner.java.html"/>
		<class name="Copyable.java" source="/Grizzly/src/com/sun/grizzly/util/Copyable.java.html"/>
		<class name="Interceptor.java" source="/Grizzly/src/com/sun/grizzly/util/Interceptor.java.html"/>
		<class name="OutputWriter.java" source="/Grizzly/src/com/sun/grizzly/util/OutputWriter.java.html"/>
		<class name="SSLOutputWriter.java" source="/Grizzly/src/com/sun/grizzly/util/SSLOutputWriter.java.html"/>
		<class name="SSLUtils.java" source="/Grizzly/src/com/sun/grizzly/util/SSLUtils.java.html"/>
		<class name="SelectorFactory.java" source="/Grizzly/src/com/sun/grizzly/util/SelectorFactory.java.html"/>
		<class name="StreamAlgorithm.java" source="/Grizzly/src/com/sun/grizzly/util/StreamAlgorithm.java.html"/>
		<class name="ThreadAttachment.java" source="/Grizzly/src/com/sun/grizzly/util/ThreadAttachment.java.html"/>
		<class name="WorkerThread.java" source="/Grizzly/src/com/sun/grizzly/util/WorkerThread.java.html"/>
		<class name="WorkerThreadImpl.java" source="/Grizzly/src/com/sun/grizzly/util/WorkerThreadImpl.java.html"/>
	</package>
	<package name="com.surelogic">
		<class name="Aggregate.java" source="/promises/src/com/surelogic/Aggregate.java.html"/>
		<class name="AllowsReferencesFrom.java" source="/promises/src/com/surelogic/AllowsReferencesFrom.java.html"/>
		<class name="Assume.java" source="/promises/src/com/surelogic/Assume.java.html"/>
		<class name="Assumes.java" source="/promises/src/com/surelogic/Assumes.java.html"/>
		<class name="Borrowed.java" source="/promises/src/com/surelogic/Borrowed.java.html"/>
		<class name="InLayer.java" source="/promises/src/com/surelogic/InLayer.java.html"/>
		<class name="InRegion.java" source="/promises/src/com/surelogic/InRegion.java.html"/>
		<class name="IsLock.java" source="/promises/src/com/surelogic/IsLock.java.html"/>
		<class name="Layer.java" source="/promises/src/com/surelogic/Layer.java.html"/>
		<class name="Layers.java" source="/promises/src/com/surelogic/Layers.java.html"/>
		<class name="MapFields.java" source="/promises/src/com/surelogic/MapFields.java.html"/>
		<class name="MapsFields.java" source="/promises/src/com/surelogic/MapsFields.java.html"/>
		<class name="MayReferTo.java" source="/promises/src/com/surelogic/MayReferTo.java.html"/>
		<class name="NotUnique.java" source="/promises/src/com/surelogic/NotUnique.java.html"/>
		<class name="PolicyLock.java" source="/promises/src/com/surelogic/PolicyLock.java.html"/>
		<class name="PolicyLocks.java" source="/promises/src/com/surelogic/PolicyLocks.java.html"/>
		<class name="Promise.java" source="/promises/src/com/surelogic/Promise.java.html"/>
		<class name="Promises.java" source="/promises/src/com/surelogic/Promises.java.html"/>
		<class name="Reads.java" source="/promises/src/com/surelogic/Reads.java.html"/>
		<class name="Region.java" source="/promises/src/com/surelogic/Region.java.html"/>
		<class name="RegionLock.java" source="/promises/src/com/surelogic/RegionLock.java.html"/>
		<class name="RegionLocks.java" source="/promises/src/com/surelogic/RegionLocks.java.html"/>
		<class name="Regions.java" source="/promises/src/com/surelogic/Regions.java.html"/>
		<class name="RequiresLock.java" source="/promises/src/com/surelogic/RequiresLock.java.html"/>
		<class name="ReturnsLock.java" source="/promises/src/com/surelogic/ReturnsLock.java.html"/>
		<class name="SelfProtected.java" source="/promises/src/com/surelogic/SelfProtected.java.html"/>
		<class name="SingleThreaded.java" source="/promises/src/com/surelogic/SingleThreaded.java.html"/>
		<class name="Starts.java" source="/promises/src/com/surelogic/Starts.java.html"/>
		<class name="TypeSet.java" source="/promises/src/com/surelogic/TypeSet.java.html"/>
		<class name="TypeSets.java" source="/promises/src/com/surelogic/TypeSets.java.html"/>
		<class name="Unique.java" source="/promises/src/com/surelogic/Unique.java.html"/>
		<class name="Writes.java" source="/promises/src/com/surelogic/Writes.java.html"/>
	</package>
	<package name="net.jcip.annotations">
		<class name="GuardedBy.java" source="/promises/src/net/jcip/annotations/GuardedBy.java.html"/>
		<class name="Immutable.java" source="/promises/src/net/jcip/annotations/Immutable.java.html"/>
		<class name="NotThreadSafe.java" source="/promises/src/net/jcip/annotations/NotThreadSafe.java.html"/>
		<class name="ThreadSafe.java" source="/promises/src/net/jcip/annotations/ThreadSafe.java.html"/>
	</package>
</sourceFiles>
