<root msg="Assurance Results">
  <result msg="Concurrency (9 issues)" baseImage="folder.gif" flags="76" reddots="1">
    <result msg="RegionLock instanceLock.diffClass.C.DataLock is this.rwLock protects data on C at C.java line 9" source="/TestCachedJUCRWLocks/src/instanceLock/diffClass/C.java.html" line="9" baseImage="annotation.gif" flags="66">
      <result msg="2 protected field access(es)" baseImage="folder.gif" flags="2">
        <result msg="instanceLock.diffClass (2 issues)" baseImage="package.gif" flags="2">
          <result msg="Test (2 issues)" baseImage="class.gif" flags="2">
            <result msg="Lock &quot;&lt;c&gt;:DataLock.writeLock()&quot; held when accessing c.data at line 7" source="/TestCachedJUCRWLocks/src/instanceLock/diffClass/Test.java.html" line="7" baseImage="plus.gif" flags="0">
              <result msg="supporting information: java.util.concurrent lock &lt;c&gt;:DataLock.writeLock() is held" baseImage="info.gif" flags="0" />
            </result>
            <result msg="Lock &quot;&lt;c&gt;:DataLock.readLock()&quot; held when accessing c.data at line 16" source="/TestCachedJUCRWLocks/src/instanceLock/diffClass/Test.java.html" line="16" baseImage="plus.gif" flags="0">
              <result msg="supporting information: java.util.concurrent lock &lt;c&gt;:DataLock.readLock() is held" baseImage="info.gif" flags="0" />
            </result>
          </result>
        </result>
      </result>
      <result msg="Region protected instanceLock.diffClass.C.data at C.java line 14" source="/TestCachedJUCRWLocks/src/instanceLock/diffClass/C.java.html" line="14" baseImage="annotation.gif" flags="0" />
      <result msg="lock()–unlock() matches (4 issues)" baseImage="info.gif" flags="0">
        <result msg="instanceLock.diffClass (4 issues)" baseImage="package.gif" flags="64">
          <result msg="Test (4 issues)" baseImage="class.gif" flags="64">
            <result msg="lock() call has matching unlock() call at line 9 at Test.java line 5" source="/TestCachedJUCRWLocks/src/instanceLock/diffClass/Test.java.html" line="5" baseImage="info.gif" flags="0" />
            <result msg="unlock() call has matching lock() call at line 5 at Test.java line 9" source="/TestCachedJUCRWLocks/src/instanceLock/diffClass/Test.java.html" line="9" baseImage="info.gif" flags="0" />
            <result msg="lock() call has matching unlock() call at line 18 at Test.java line 14" source="/TestCachedJUCRWLocks/src/instanceLock/diffClass/Test.java.html" line="14" baseImage="info.gif" flags="0" />
            <result msg="unlock() call has matching lock() call at line 14 at Test.java line 18" source="/TestCachedJUCRWLocks/src/instanceLock/diffClass/Test.java.html" line="18" baseImage="info.gif" flags="0" />
          </result>
        </result>
      </result>
    </result>
    <result msg="RegionLock instanceLock.duelingLocks.C.DataLock is this.rwLock protects data on C at C.java line 9" source="/TestCachedJUCRWLocks/src/instanceLock/duelingLocks/C.java.html" line="9" baseImage="annotation.gif" flags="90" reddots="1">
      <result msg="Region protected instanceLock.duelingLocks.C.data at C.java line 14" source="/TestCachedJUCRWLocks/src/instanceLock/duelingLocks/C.java.html" line="14" baseImage="annotation.gif" flags="0" />
      <result msg="lock()–unlock() matches (4 issues)" baseImage="info.gif" flags="0">
        <result msg="instanceLock.duelingLocks (4 issues)" baseImage="package.gif" flags="64">
          <result msg="Test (4 issues)" baseImage="class.gif" flags="64">
            <result msg="lock() call has matching unlock() call at line 19 at Test.java line 15" source="/TestCachedJUCRWLocks/src/instanceLock/duelingLocks/Test.java.html" line="15" baseImage="info.gif" flags="0" />
            <result msg="unlock() call has matching lock() call at line 15 at Test.java line 19" source="/TestCachedJUCRWLocks/src/instanceLock/duelingLocks/Test.java.html" line="19" baseImage="info.gif" flags="0" />
            <result msg="lock() call has matching unlock() call at line 29 at Test.java line 25" source="/TestCachedJUCRWLocks/src/instanceLock/duelingLocks/Test.java.html" line="25" baseImage="info.gif" flags="0" />
            <result msg="unlock() call has matching lock() call at line 25 at Test.java line 29" source="/TestCachedJUCRWLocks/src/instanceLock/duelingLocks/Test.java.html" line="29" baseImage="info.gif" flags="0" />
          </result>
        </result>
      </result>
    </result>
    <result msg="RegionLock instanceLock.duelingLocks.Test.DataLock is this.rwLock protects data on Test at Test.java line 8" source="/TestCachedJUCRWLocks/src/instanceLock/duelingLocks/Test.java.html" line="8" baseImage="annotation.gif" flags="4">
      <result msg="2 unprotected field access(es); possible race condition detected" baseImage="folder.gif" flags="4">
        <result msg="instanceLock.duelingLocks (2 issues)" baseImage="package.gif" flags="4">
          <result msg="Test (2 issues)" baseImage="class.gif" flags="4">
            <result msg="Lock &quot;&lt;this&gt;:DataLock.writeLock()&quot; not held when accessing this.data at line 17" source="/TestCachedJUCRWLocks/src/instanceLock/duelingLocks/Test.java.html" line="17" baseImage="red_x.gif" flags="0">
              <result msg="proposed promise: @RequiresLock(&quot;DataLock&quot;) at Test.java line 13" source="/TestCachedJUCRWLocks/src/instanceLock/duelingLocks/Test.java.html" line="13" baseImage="annotation_proposed.gif" flags="0" />
              <result msg="supporting information: java.util.concurrent lock &lt;c&gt;:DataLock.writeLock() is held" baseImage="info.gif" flags="0" />
            </result>
            <result msg="Lock &quot;&lt;this&gt;:DataLock.readLock()&quot; not held when accessing this.data at line 27" source="/TestCachedJUCRWLocks/src/instanceLock/duelingLocks/Test.java.html" line="27" baseImage="red_x.gif" flags="0">
              <result msg="proposed promise: @RequiresLock(&quot;DataLock&quot;) at Test.java line 23" source="/TestCachedJUCRWLocks/src/instanceLock/duelingLocks/Test.java.html" line="23" baseImage="annotation_proposed.gif" flags="0" />
              <result msg="supporting information: java.util.concurrent lock &lt;c&gt;:DataLock.readLock() is held" baseImage="info.gif" flags="0" />
            </result>
          </result>
        </result>
      </result>
      <result msg="Region protected instanceLock.duelingLocks.Test.data at Test.java line 11" source="/TestCachedJUCRWLocks/src/instanceLock/duelingLocks/Test.java.html" line="11" baseImage="annotation.gif" flags="0" />
    </result>
    <result msg="RegionLock instanceLock.sameClass.Test.DataLock is this.rwLock protects data on Test at Test.java line 9" source="/TestCachedJUCRWLocks/src/instanceLock/sameClass/Test.java.html" line="9" baseImage="annotation.gif" flags="66">
      <result msg="2 protected field access(es)" baseImage="folder.gif" flags="2">
        <result msg="instanceLock.sameClass (2 issues)" baseImage="package.gif" flags="2">
          <result msg="Test (2 issues)" baseImage="class.gif" flags="2">
            <result msg="Lock &quot;&lt;this&gt;:DataLock.writeLock()&quot; held when accessing this.data at line 19" source="/TestCachedJUCRWLocks/src/instanceLock/sameClass/Test.java.html" line="19" baseImage="plus.gif" flags="0">
              <result msg="supporting information: java.util.concurrent lock &lt;this&gt;:DataLock.writeLock() is held" baseImage="info.gif" flags="0" />
            </result>
            <result msg="Lock &quot;&lt;this&gt;:DataLock.readLock()&quot; held when accessing this.data at line 28" source="/TestCachedJUCRWLocks/src/instanceLock/sameClass/Test.java.html" line="28" baseImage="plus.gif" flags="0">
              <result msg="supporting information: java.util.concurrent lock &lt;this&gt;:DataLock.readLock() is held" baseImage="info.gif" flags="0" />
            </result>
          </result>
        </result>
      </result>
      <result msg="Region private instanceLock.sameClass.Test.data at Test.java line 14" source="/TestCachedJUCRWLocks/src/instanceLock/sameClass/Test.java.html" line="14" baseImage="annotation.gif" flags="0" />
      <result msg="lock()–unlock() matches (4 issues)" baseImage="info.gif" flags="0">
        <result msg="instanceLock.sameClass (4 issues)" baseImage="package.gif" flags="64">
          <result msg="Test (4 issues)" baseImage="class.gif" flags="64">
            <result msg="lock() call has matching unlock() call at line 21 at Test.java line 17" source="/TestCachedJUCRWLocks/src/instanceLock/sameClass/Test.java.html" line="17" baseImage="info.gif" flags="0" />
            <result msg="unlock() call has matching lock() call at line 17 at Test.java line 21" source="/TestCachedJUCRWLocks/src/instanceLock/sameClass/Test.java.html" line="21" baseImage="info.gif" flags="0" />
            <result msg="lock() call has matching unlock() call at line 30 at Test.java line 26" source="/TestCachedJUCRWLocks/src/instanceLock/sameClass/Test.java.html" line="26" baseImage="info.gif" flags="0" />
            <result msg="unlock() call has matching lock() call at line 26 at Test.java line 30" source="/TestCachedJUCRWLocks/src/instanceLock/sameClass/Test.java.html" line="30" baseImage="info.gif" flags="0" />
          </result>
        </result>
      </result>
    </result>
    <result msg="RegionLock java.lang.Object.MUTEX is this protects WaitQueue on Object at java.lang.Object" baseImage="annotation.gif" flags="2">
      <result msg="5 lock precondition(s)" baseImage="folder.gif" flags="2">
        <result msg="RequiresLock MUTEX on java.lang.Object.notify() at java.lang.Object" baseImage="annotation.gif" flags="2" />
        <result msg="RequiresLock MUTEX on java.lang.Object.notifyAll() at java.lang.Object" baseImage="annotation.gif" flags="2" />
        <result msg="RequiresLock MUTEX on java.lang.Object.wait() at java.lang.Object" baseImage="annotation.gif" flags="2" />
        <result msg="RequiresLock MUTEX on java.lang.Object.wait(long) at java.lang.Object" baseImage="annotation.gif" flags="2" />
        <result msg="RequiresLock MUTEX on java.lang.Object.wait(long,int) at java.lang.Object" baseImage="annotation.gif" flags="2" />
      </result>
      <result msg="java.lang.Object.MUTEX is consistent with the code in java.lang.Object" baseImage="plus.gif" flags="0" />
      <result msg="Region public java.lang.Object.WaitQueue at java.lang.Object" baseImage="annotation.gif" flags="0">
        <result msg="Region public java.lang.Object.Instance at java.lang.Object" baseImage="annotation.gif" flags="0">
          <result msg="Region public static java.lang.Object.All at java.lang.Object" baseImage="annotation.gif" flags="0" />
        </result>
      </result>
    </result>
    <result msg="RegionLock staticLock.diffClass.C.DataLock is this.rwLock protects data on C at C.java line 9" source="/TestCachedJUCRWLocks/src/staticLock/diffClass/C.java.html" line="9" baseImage="annotation.gif" flags="66">
      <result msg="2 protected field access(es)" baseImage="folder.gif" flags="2">
        <result msg="staticLock.diffClass (2 issues)" baseImage="package.gif" flags="2">
          <result msg="Test (2 issues)" baseImage="class.gif" flags="2">
            <result msg="Lock &quot;DataLock.writeLock()&quot; held when accessing staticLock.diffClass.C.data at line 7" source="/TestCachedJUCRWLocks/src/staticLock/diffClass/Test.java.html" line="7" baseImage="plus.gif" flags="0">
              <result msg="supporting information: java.util.concurrent lock DataLock.writeLock() is held" baseImage="info.gif" flags="0" />
            </result>
            <result msg="Lock &quot;DataLock.readLock()&quot; held when accessing staticLock.diffClass.C.data at line 16" source="/TestCachedJUCRWLocks/src/staticLock/diffClass/Test.java.html" line="16" baseImage="plus.gif" flags="0">
              <result msg="supporting information: java.util.concurrent lock DataLock.readLock() is held" baseImage="info.gif" flags="0" />
            </result>
          </result>
        </result>
      </result>
      <result msg="Region protected static staticLock.diffClass.C.data at C.java line 14" source="/TestCachedJUCRWLocks/src/staticLock/diffClass/C.java.html" line="14" baseImage="annotation.gif" flags="0" />
      <result msg="lock()–unlock() matches (4 issues)" baseImage="info.gif" flags="0">
        <result msg="staticLock.diffClass (4 issues)" baseImage="package.gif" flags="64">
          <result msg="Test (4 issues)" baseImage="class.gif" flags="64">
            <result msg="lock() call has matching unlock() call at line 9 at Test.java line 5" source="/TestCachedJUCRWLocks/src/staticLock/diffClass/Test.java.html" line="5" baseImage="info.gif" flags="0" />
            <result msg="unlock() call has matching lock() call at line 5 at Test.java line 9" source="/TestCachedJUCRWLocks/src/staticLock/diffClass/Test.java.html" line="9" baseImage="info.gif" flags="0" />
            <result msg="lock() call has matching unlock() call at line 18 at Test.java line 14" source="/TestCachedJUCRWLocks/src/staticLock/diffClass/Test.java.html" line="14" baseImage="info.gif" flags="0" />
            <result msg="unlock() call has matching lock() call at line 14 at Test.java line 18" source="/TestCachedJUCRWLocks/src/staticLock/diffClass/Test.java.html" line="18" baseImage="info.gif" flags="0" />
          </result>
        </result>
      </result>
    </result>
    <result msg="RegionLock staticLock.duelingLocks.C.DataLock is this.rwLock protects data on C at C.java line 9" source="/TestCachedJUCRWLocks/src/staticLock/duelingLocks/C.java.html" line="9" baseImage="annotation.gif" flags="90" reddots="1">
      <result msg="Region protected static staticLock.duelingLocks.C.data at C.java line 14" source="/TestCachedJUCRWLocks/src/staticLock/duelingLocks/C.java.html" line="14" baseImage="annotation.gif" flags="0" />
      <result msg="lock()–unlock() matches (4 issues)" baseImage="info.gif" flags="0">
        <result msg="staticLock.duelingLocks (4 issues)" baseImage="package.gif" flags="64">
          <result msg="Test (4 issues)" baseImage="class.gif" flags="64">
            <result msg="lock() call has matching unlock() call at line 19 at Test.java line 15" source="/TestCachedJUCRWLocks/src/staticLock/duelingLocks/Test.java.html" line="15" baseImage="info.gif" flags="0" />
            <result msg="unlock() call has matching lock() call at line 15 at Test.java line 19" source="/TestCachedJUCRWLocks/src/staticLock/duelingLocks/Test.java.html" line="19" baseImage="info.gif" flags="0" />
            <result msg="lock() call has matching unlock() call at line 29 at Test.java line 25" source="/TestCachedJUCRWLocks/src/staticLock/duelingLocks/Test.java.html" line="25" baseImage="info.gif" flags="0" />
            <result msg="unlock() call has matching lock() call at line 25 at Test.java line 29" source="/TestCachedJUCRWLocks/src/staticLock/duelingLocks/Test.java.html" line="29" baseImage="info.gif" flags="0" />
          </result>
        </result>
      </result>
    </result>
    <result msg="RegionLock staticLock.duelingLocks.Test.DataLock is this.rwLock protects data on Test at Test.java line 8" source="/TestCachedJUCRWLocks/src/staticLock/duelingLocks/Test.java.html" line="8" baseImage="annotation.gif" flags="4">
      <result msg="2 unprotected field access(es); possible race condition detected" baseImage="folder.gif" flags="4">
        <result msg="staticLock.duelingLocks (2 issues)" baseImage="package.gif" flags="4">
          <result msg="Test (2 issues)" baseImage="class.gif" flags="4">
            <result msg="Lock &quot;DataLock.writeLock()&quot; not held when accessing staticLock.duelingLocks.Test.data at line 17" source="/TestCachedJUCRWLocks/src/staticLock/duelingLocks/Test.java.html" line="17" baseImage="red_x.gif" flags="0">
              <result msg="proposed promise: @RequiresLock(&quot;DataLock&quot;) at Test.java line 13" source="/TestCachedJUCRWLocks/src/staticLock/duelingLocks/Test.java.html" line="13" baseImage="annotation_proposed.gif" flags="0" />
              <result msg="supporting information: java.util.concurrent lock DataLock.writeLock() is held" baseImage="info.gif" flags="0" />
            </result>
            <result msg="Lock &quot;DataLock.readLock()&quot; not held when accessing staticLock.duelingLocks.Test.data at line 27" source="/TestCachedJUCRWLocks/src/staticLock/duelingLocks/Test.java.html" line="27" baseImage="red_x.gif" flags="0">
              <result msg="proposed promise: @RequiresLock(&quot;DataLock&quot;) at Test.java line 23" source="/TestCachedJUCRWLocks/src/staticLock/duelingLocks/Test.java.html" line="23" baseImage="annotation_proposed.gif" flags="0" />
              <result msg="supporting information: java.util.concurrent lock DataLock.readLock() is held" baseImage="info.gif" flags="0" />
            </result>
          </result>
        </result>
      </result>
      <result msg="Region protected static staticLock.duelingLocks.Test.data at Test.java line 11" source="/TestCachedJUCRWLocks/src/staticLock/duelingLocks/Test.java.html" line="11" baseImage="annotation.gif" flags="0" />
    </result>
    <result msg="RegionLock staticLock.sameClass.Test.DataLock is this.rwLock protects data on Test at Test.java line 9" source="/TestCachedJUCRWLocks/src/staticLock/sameClass/Test.java.html" line="9" baseImage="annotation.gif" flags="66">
      <result msg="2 protected field access(es)" baseImage="folder.gif" flags="2">
        <result msg="staticLock.sameClass (2 issues)" baseImage="package.gif" flags="2">
          <result msg="Test (2 issues)" baseImage="class.gif" flags="2">
            <result msg="Lock &quot;DataLock.writeLock()&quot; held when accessing staticLock.sameClass.Test.data at line 19" source="/TestCachedJUCRWLocks/src/staticLock/sameClass/Test.java.html" line="19" baseImage="plus.gif" flags="0">
              <result msg="supporting information: java.util.concurrent lock DataLock.writeLock() is held" baseImage="info.gif" flags="0" />
            </result>
            <result msg="Lock &quot;DataLock.readLock()&quot; held when accessing staticLock.sameClass.Test.data at line 28" source="/TestCachedJUCRWLocks/src/staticLock/sameClass/Test.java.html" line="28" baseImage="plus.gif" flags="0">
              <result msg="supporting information: java.util.concurrent lock DataLock.readLock() is held" baseImage="info.gif" flags="0" />
            </result>
          </result>
        </result>
      </result>
      <result msg="Region private static staticLock.sameClass.Test.data at Test.java line 14" source="/TestCachedJUCRWLocks/src/staticLock/sameClass/Test.java.html" line="14" baseImage="annotation.gif" flags="0" />
      <result msg="lock()–unlock() matches (4 issues)" baseImage="info.gif" flags="0">
        <result msg="staticLock.sameClass (4 issues)" baseImage="package.gif" flags="64">
          <result msg="Test (4 issues)" baseImage="class.gif" flags="64">
            <result msg="lock() call has matching unlock() call at line 21 at Test.java line 17" source="/TestCachedJUCRWLocks/src/staticLock/sameClass/Test.java.html" line="17" baseImage="info.gif" flags="0" />
            <result msg="unlock() call has matching lock() call at line 17 at Test.java line 21" source="/TestCachedJUCRWLocks/src/staticLock/sameClass/Test.java.html" line="21" baseImage="info.gif" flags="0" />
            <result msg="lock() call has matching unlock() call at line 30 at Test.java line 26" source="/TestCachedJUCRWLocks/src/staticLock/sameClass/Test.java.html" line="26" baseImage="info.gif" flags="0" />
            <result msg="unlock() call has matching lock() call at line 26 at Test.java line 30" source="/TestCachedJUCRWLocks/src/staticLock/sameClass/Test.java.html" line="30" baseImage="info.gif" flags="0" />
          </result>
        </result>
      </result>
    </result>
  </result>
  <result msg="Regions (2 issues)" baseImage="folder.gif" flags="2">
    <result msg="Region public [] at java.lang.[]" baseImage="annotation.gif" flags="0" />
    <result msg="Region public length at java.lang.[]" baseImage="annotation.gif" flags="0" />
  </result>
  <result msg="Suggestions and warnings (24 issues)" baseImage="info.gif" flags="0">
    <result msg="lock()–unlock() matches (24 issues)" baseImage="info.gif" flags="0">
      <result msg="instanceLock.diffClass (4 issues)" baseImage="package.gif" flags="64">
        <result msg="Test (4 issues)" baseImage="class.gif" flags="64">
          <result msg="lock() call has matching unlock() call at line 9 at Test.java line 5" source="/TestCachedJUCRWLocks/src/instanceLock/diffClass/Test.java.html" line="5" baseImage="info.gif" flags="0" />
          <result msg="unlock() call has matching lock() call at line 5 at Test.java line 9" source="/TestCachedJUCRWLocks/src/instanceLock/diffClass/Test.java.html" line="9" baseImage="info.gif" flags="0" />
          <result msg="lock() call has matching unlock() call at line 18 at Test.java line 14" source="/TestCachedJUCRWLocks/src/instanceLock/diffClass/Test.java.html" line="14" baseImage="info.gif" flags="0" />
          <result msg="unlock() call has matching lock() call at line 14 at Test.java line 18" source="/TestCachedJUCRWLocks/src/instanceLock/diffClass/Test.java.html" line="18" baseImage="info.gif" flags="0" />
        </result>
      </result>
      <result msg="instanceLock.duelingLocks (4 issues)" baseImage="package.gif" flags="64">
        <result msg="Test (4 issues)" baseImage="class.gif" flags="64">
          <result msg="lock() call has matching unlock() call at line 19 at Test.java line 15" source="/TestCachedJUCRWLocks/src/instanceLock/duelingLocks/Test.java.html" line="15" baseImage="info.gif" flags="0" />
          <result msg="unlock() call has matching lock() call at line 15 at Test.java line 19" source="/TestCachedJUCRWLocks/src/instanceLock/duelingLocks/Test.java.html" line="19" baseImage="info.gif" flags="0" />
          <result msg="lock() call has matching unlock() call at line 29 at Test.java line 25" source="/TestCachedJUCRWLocks/src/instanceLock/duelingLocks/Test.java.html" line="25" baseImage="info.gif" flags="0" />
          <result msg="unlock() call has matching lock() call at line 25 at Test.java line 29" source="/TestCachedJUCRWLocks/src/instanceLock/duelingLocks/Test.java.html" line="29" baseImage="info.gif" flags="0" />
        </result>
      </result>
      <result msg="instanceLock.sameClass (4 issues)" baseImage="package.gif" flags="64">
        <result msg="Test (4 issues)" baseImage="class.gif" flags="64">
          <result msg="lock() call has matching unlock() call at line 21 at Test.java line 17" source="/TestCachedJUCRWLocks/src/instanceLock/sameClass/Test.java.html" line="17" baseImage="info.gif" flags="0" />
          <result msg="unlock() call has matching lock() call at line 17 at Test.java line 21" source="/TestCachedJUCRWLocks/src/instanceLock/sameClass/Test.java.html" line="21" baseImage="info.gif" flags="0" />
          <result msg="lock() call has matching unlock() call at line 30 at Test.java line 26" source="/TestCachedJUCRWLocks/src/instanceLock/sameClass/Test.java.html" line="26" baseImage="info.gif" flags="0" />
          <result msg="unlock() call has matching lock() call at line 26 at Test.java line 30" source="/TestCachedJUCRWLocks/src/instanceLock/sameClass/Test.java.html" line="30" baseImage="info.gif" flags="0" />
        </result>
      </result>
      <result msg="staticLock.diffClass (4 issues)" baseImage="package.gif" flags="64">
        <result msg="Test (4 issues)" baseImage="class.gif" flags="64">
          <result msg="lock() call has matching unlock() call at line 9 at Test.java line 5" source="/TestCachedJUCRWLocks/src/staticLock/diffClass/Test.java.html" line="5" baseImage="info.gif" flags="0" />
          <result msg="unlock() call has matching lock() call at line 5 at Test.java line 9" source="/TestCachedJUCRWLocks/src/staticLock/diffClass/Test.java.html" line="9" baseImage="info.gif" flags="0" />
          <result msg="lock() call has matching unlock() call at line 18 at Test.java line 14" source="/TestCachedJUCRWLocks/src/staticLock/diffClass/Test.java.html" line="14" baseImage="info.gif" flags="0" />
          <result msg="unlock() call has matching lock() call at line 14 at Test.java line 18" source="/TestCachedJUCRWLocks/src/staticLock/diffClass/Test.java.html" line="18" baseImage="info.gif" flags="0" />
        </result>
      </result>
      <result msg="staticLock.duelingLocks (4 issues)" baseImage="package.gif" flags="64">
        <result msg="Test (4 issues)" baseImage="class.gif" flags="64">
          <result msg="lock() call has matching unlock() call at line 19 at Test.java line 15" source="/TestCachedJUCRWLocks/src/staticLock/duelingLocks/Test.java.html" line="15" baseImage="info.gif" flags="0" />
          <result msg="unlock() call has matching lock() call at line 15 at Test.java line 19" source="/TestCachedJUCRWLocks/src/staticLock/duelingLocks/Test.java.html" line="19" baseImage="info.gif" flags="0" />
          <result msg="lock() call has matching unlock() call at line 29 at Test.java line 25" source="/TestCachedJUCRWLocks/src/staticLock/duelingLocks/Test.java.html" line="25" baseImage="info.gif" flags="0" />
          <result msg="unlock() call has matching lock() call at line 25 at Test.java line 29" source="/TestCachedJUCRWLocks/src/staticLock/duelingLocks/Test.java.html" line="29" baseImage="info.gif" flags="0" />
        </result>
      </result>
      <result msg="staticLock.sameClass (4 issues)" baseImage="package.gif" flags="64">
        <result msg="Test (4 issues)" baseImage="class.gif" flags="64">
          <result msg="lock() call has matching unlock() call at line 21 at Test.java line 17" source="/TestCachedJUCRWLocks/src/staticLock/sameClass/Test.java.html" line="17" baseImage="info.gif" flags="0" />
          <result msg="unlock() call has matching lock() call at line 17 at Test.java line 21" source="/TestCachedJUCRWLocks/src/staticLock/sameClass/Test.java.html" line="21" baseImage="info.gif" flags="0" />
          <result msg="lock() call has matching unlock() call at line 30 at Test.java line 26" source="/TestCachedJUCRWLocks/src/staticLock/sameClass/Test.java.html" line="26" baseImage="info.gif" flags="0" />
          <result msg="unlock() call has matching lock() call at line 26 at Test.java line 30" source="/TestCachedJUCRWLocks/src/staticLock/sameClass/Test.java.html" line="30" baseImage="info.gif" flags="0" />
        </result>
      </result>
    </result>
  </result>
</root>