<root msg="Assurance Results">
  <result msg="Concurrency (2 issues)" baseImage="folder.gif" flags="2">
    <result msg="RegionLock java.lang.Object.MUTEX is this protects WaitQueue on Object at java.lang.Object" baseImage="annotation.gif" flags="2">
      <result msg="5 lock precondition(s)" baseImage="folder.gif" flags="2">
        <result msg="RequiresLock MUTEX on java.lang.Object.notify() at java.lang.Object" baseImage="annotation.gif" flags="2" />
        <result msg="RequiresLock MUTEX on java.lang.Object.notifyAll() at java.lang.Object" baseImage="annotation.gif" flags="2" />
        <result msg="RequiresLock MUTEX on java.lang.Object.wait() at java.lang.Object" baseImage="annotation.gif" flags="2" />
        <result msg="RequiresLock MUTEX on java.lang.Object.wait(long) at java.lang.Object" baseImage="annotation.gif" flags="2" />
        <result msg="RequiresLock MUTEX on java.lang.Object.wait(long,int) at java.lang.Object" baseImage="annotation.gif" flags="2" />
      </result>
      <result msg="java.lang.Object.MUTEX is consistent with the code in java.lang.Object" baseImage="plus.gif" flags="0" />
      <result msg="Region public java.lang.Object.WaitQueue at java.lang.Object" baseImage="annotation.gif" flags="0">
        <result msg="Region public java.lang.Object.Instance at java.lang.Object" baseImage="annotation.gif" flags="0">
          <result msg="Region public static java.lang.Object.All at java.lang.Object" baseImage="annotation.gif" flags="0" />
        </result>
      </result>
    </result>
    <result msg="RegionLock t.D.DLock is this protects D_R2 on D at D.java line 20" source="/BCASimple/src/t/D.java.html" line="20" baseImage="annotation.gif" flags="2">
      <result msg="2 protected indirect field access(es)" baseImage="folder.gif" flags="2">
        <result msg="t (2 issues)" baseImage="package.gif" flags="2">
          <result msg="D (2 issues)" baseImage="class.gif" flags="2">
            <result msg="Lock &quot;&lt;other&gt;:DLock&quot; held when invoking other.e.doStuff(10, 11) at line 65" source="/BCASimple/src/t/D.java.html" line="65" baseImage="plus.gif" flags="0">
              <result msg="supporting information:" baseImage="folder.gif" flags="0">
                <result msg="Intrinsic lock &lt;other&gt;:DLock is held at D.java line 63" source="/BCASimple/src/t/D.java.html" line="63" baseImage="info.gif" flags="0" />
                <result msg="Intrinsic lock &lt;other&gt;:MUTEX is held at D.java line 63" source="/BCASimple/src/t/D.java.html" line="63" baseImage="info.gif" flags="0" />
              </result>
            </result>
            <result msg="Lock &quot;&lt;other2&gt;:DLock&quot; held when invoking other2.e.doStuff(10, 11) at line 70" source="/BCASimple/src/t/D.java.html" line="70" baseImage="plus.gif" flags="0">
              <result msg="supporting information:" baseImage="folder.gif" flags="0">
                <result msg="Intrinsic lock &lt;other2&gt;:DLock is held at D.java line 68" source="/BCASimple/src/t/D.java.html" line="68" baseImage="info.gif" flags="0" />
                <result msg="Intrinsic lock &lt;other2&gt;:MUTEX is held at D.java line 68" source="/BCASimple/src/t/D.java.html" line="68" baseImage="info.gif" flags="0" />
              </result>
            </result>
          </result>
        </result>
      </result>
      <result msg="4 protected field access(es)" baseImage="folder.gif" flags="2">
        <result msg="t (4 issues)" baseImage="package.gif" flags="2">
          <result msg="D (4 issues)" baseImage="class.gif" flags="2">
            <result msg="Lock &quot;&lt;this&gt;:DLock&quot; held when accessing this.e.f2 at line 39" source="/BCASimple/src/t/D.java.html" line="39" baseImage="plus.gif" flags="0">
              <result msg="supporting information:" baseImage="folder.gif" flags="0">
                <result msg="Intrinsic lock &lt;this&gt;:DLock is held at D.java line 32" source="/BCASimple/src/t/D.java.html" line="32" baseImage="info.gif" flags="0" />
                <result msg="Intrinsic lock &lt;this&gt;:MUTEX is held at D.java line 32" source="/BCASimple/src/t/D.java.html" line="32" baseImage="info.gif" flags="0" />
              </result>
            </result>
            <result msg="Lock &quot;&lt;this&gt;:DLock&quot; held when accessing local_e.f2 at line 52" source="/BCASimple/src/t/D.java.html" line="52" baseImage="plus.gif" flags="0">
              <result msg="supporting information:" baseImage="folder.gif" flags="0">
                <result msg="Intrinsic lock &lt;this&gt;:DLock is held at D.java line 43" source="/BCASimple/src/t/D.java.html" line="43" baseImage="info.gif" flags="0" />
                <result msg="Intrinsic lock &lt;this&gt;:MUTEX is held at D.java line 43" source="/BCASimple/src/t/D.java.html" line="43" baseImage="info.gif" flags="0" />
              </result>
            </result>
            <result msg="Lock &quot;&lt;other&gt;:DLock&quot; held when accessing other.e.f2 at line 64" source="/BCASimple/src/t/D.java.html" line="64" baseImage="plus.gif" flags="0">
              <result msg="supporting information:" baseImage="folder.gif" flags="0">
                <result msg="Intrinsic lock &lt;other&gt;:DLock is held at D.java line 63" source="/BCASimple/src/t/D.java.html" line="63" baseImage="info.gif" flags="0" />
                <result msg="Intrinsic lock &lt;other&gt;:MUTEX is held at D.java line 63" source="/BCASimple/src/t/D.java.html" line="63" baseImage="info.gif" flags="0" />
              </result>
            </result>
            <result msg="Lock &quot;&lt;other2&gt;:DLock&quot; held when accessing other2.e.f2 at line 69" source="/BCASimple/src/t/D.java.html" line="69" baseImage="plus.gif" flags="0">
              <result msg="supporting information:" baseImage="folder.gif" flags="0">
                <result msg="Intrinsic lock &lt;other2&gt;:DLock is held at D.java line 68" source="/BCASimple/src/t/D.java.html" line="68" baseImage="info.gif" flags="0" />
                <result msg="Intrinsic lock &lt;other2&gt;:MUTEX is held at D.java line 68" source="/BCASimple/src/t/D.java.html" line="68" baseImage="info.gif" flags="0" />
              </result>
            </result>
          </result>
        </result>
      </result>
      <result msg="Region protected t.D.D_R2 at D.java line 18" source="/BCASimple/src/t/D.java.html" line="18" baseImage="annotation.gif" flags="0">
        <result msg="Region public java.lang.Object.Instance at java.lang.Object" baseImage="annotation.gif" flags="0">
          <result msg="Region public static java.lang.Object.All at java.lang.Object" baseImage="annotation.gif" flags="0" />
        </result>
      </result>
    </result>
  </result>
  <result msg="Effects (3 issues)" baseImage="folder.gif" flags="2">
    <result msg="No effects on t.D.D() at D.java line 27" source="/BCASimple/src/t/D.java.html" line="27" baseImage="annotation.gif" flags="2">
      <result msg="No effects from calling new t.E at line 24" source="/BCASimple/src/t/D.java.html" line="24" baseImage="plus.gif" flags="2">
        <result msg="1 prerequisite assertion:" baseImage="choice_item.gif" flags="2">
          <result msg="No effects on t.E.E() at E.java line 11" source="/BCASimple/src/t/E.java.html" line="11" baseImage="annotation.gif" flags="2">
            <result msg="&quot;writes &lt;this&gt;:f1&quot; checked by constructor rule: writes to a newly created object are invisible at line 7" source="/BCASimple/src/t/E.java.html" line="7" baseImage="plus.gif" flags="0" />
            <result msg="&quot;writes &lt;this&gt;:f2&quot; checked by constructor rule: writes to a newly created object are invisible at line 8" source="/BCASimple/src/t/E.java.html" line="8" baseImage="plus.gif" flags="0" />
            <result msg="No effects from calling super at line 13" source="/BCASimple/src/t/E.java.html" line="13" baseImage="plus.gif" flags="2">
              <result msg="1 prerequisite assertion:" baseImage="choice_item.gif" flags="2">
                <result msg="No effects on java.lang.Object.Object() at java.lang.Object" baseImage="annotation.gif" flags="2" />
              </result>
            </result>
          </result>
        </result>
      </result>
      <result msg="No effects from calling super at line 29" source="/BCASimple/src/t/D.java.html" line="29" baseImage="plus.gif" flags="2">
        <result msg="1 prerequisite assertion:" baseImage="choice_item.gif" flags="2">
          <result msg="No effects on java.lang.Object.Object() at java.lang.Object" baseImage="annotation.gif" flags="2" />
        </result>
      </result>
    </result>
    <result msg="No effects on t.E.E() at E.java line 11" source="/BCASimple/src/t/E.java.html" line="11" baseImage="annotation.gif" flags="2">
      <result msg="&quot;writes &lt;this&gt;:f1&quot; checked by constructor rule: writes to a newly created object are invisible at line 7" source="/BCASimple/src/t/E.java.html" line="7" baseImage="plus.gif" flags="0" />
      <result msg="&quot;writes &lt;this&gt;:f2&quot; checked by constructor rule: writes to a newly created object are invisible at line 8" source="/BCASimple/src/t/E.java.html" line="8" baseImage="plus.gif" flags="0" />
      <result msg="No effects from calling super at line 13" source="/BCASimple/src/t/E.java.html" line="13" baseImage="plus.gif" flags="2">
        <result msg="1 prerequisite assertion:" baseImage="choice_item.gif" flags="2">
          <result msg="No effects on java.lang.Object.Object() at java.lang.Object" baseImage="annotation.gif" flags="2" />
        </result>
      </result>
    </result>
    <result msg="Writes this:f1, this:f2 on t.E.doStuff(int,int) at E.java line 21" source="/BCASimple/src/t/E.java.html" line="21" baseImage="annotation.gif" flags="2">
      <result msg="&quot;writes &lt;this&gt;:f1&quot; checked by &quot;writes &lt;this&gt;:f1&quot; at line 23" source="/BCASimple/src/t/E.java.html" line="23" baseImage="plus.gif" flags="0" />
      <result msg="&quot;writes &lt;this&gt;:f2&quot; checked by &quot;writes &lt;this&gt;:f2&quot; at line 24" source="/BCASimple/src/t/E.java.html" line="24" baseImage="plus.gif" flags="0" />
    </result>
  </result>
  <result msg="Regions (6 issues)" baseImage="folder.gif" flags="10" reddots="1">
    <result msg="Region protected t.D.D_R1 at D.java line 17" source="/BCASimple/src/t/D.java.html" line="17" baseImage="annotation.gif" flags="0">
      <result msg="Region public java.lang.Object.Instance at java.lang.Object" baseImage="annotation.gif" flags="0">
        <result msg="Region public static java.lang.Object.All at java.lang.Object" baseImage="annotation.gif" flags="0" />
      </result>
    </result>
    <result msg="Region protected t.D.e at D.java line 24" source="/BCASimple/src/t/D.java.html" line="24" baseImage="annotation.gif" flags="0">
      <result msg="Aggregate f1 into D_R1, f2 into D_R2, Instance into Instance at D.java line 23" source="/BCASimple/src/t/D.java.html" line="23" baseImage="annotation.gif" flags="26" reddots="1">
        <result msg="Unique on e at D.java line 22" source="/BCASimple/src/t/D.java.html" line="22" baseImage="annotation.gif" flags="2" />
      </result>
    </result>
    <result msg="Region protected t.E.f1 at E.java line 7" source="/BCASimple/src/t/E.java.html" line="7" baseImage="annotation.gif" flags="0" />
    <result msg="Region protected t.E.f2 at E.java line 8" source="/BCASimple/src/t/E.java.html" line="8" baseImage="annotation.gif" flags="0" />
    <result msg="Region public [] at java.lang.[]" baseImage="annotation.gif" flags="0" />
    <result msg="Region public length at java.lang.[]" baseImage="annotation.gif" flags="0" />
  </result>
  <result msg="Uniqueness (6 issues)" baseImage="folder.gif" flags="10" reddots="1">
    <result msg="Borrowed(this) on t.D.D() at D.java line 26" source="/BCASimple/src/t/D.java.html" line="26" baseImage="annotation.gif" flags="26" reddots="1" />
    <result msg="Borrowed(this) on t.D.doStuff1(int,int) at D.java line 32" source="/BCASimple/src/t/D.java.html" line="32" baseImage="annotation.gif" flags="26" reddots="1" />
    <result msg="Borrowed(this) on t.D.doStuff2(int,int) at D.java line 43" source="/BCASimple/src/t/D.java.html" line="43" baseImage="annotation.gif" flags="26" reddots="1" />
    <result msg="Borrowed(this) on t.E.E() at E.java line 10" source="/BCASimple/src/t/E.java.html" line="10" baseImage="annotation.gif" flags="26" reddots="1" />
    <result msg="Borrowed(this) on t.E.doStuff(int,int) at E.java line 20" source="/BCASimple/src/t/E.java.html" line="20" baseImage="annotation.gif" flags="26" reddots="1" />
    <result msg="Unique on e at D.java line 22" source="/BCASimple/src/t/D.java.html" line="22" baseImage="annotation.gif" flags="2" />
  </result>
</root>