<root msg="Assurance Results">
  <result msg="Regions (1 issue)" baseImage="tallyho.gif" flags="2">
    <result msg="region   [] on (unknown)" baseImage="promise.gif" flags="0" />
  </result>
  <result msg="Uniqueness (73 issues)" baseImage="tallyho.gif" flags="10" reddots="1">
    <result msg="Other control flow for borrowed.TestBadArgs.Constructor4.Constructor4()  at  TestBadArgs.java line 82" source="/TestUniquenessSanityChecks/src/borrowed/TestBadArgs.java.html" line="82" baseImage="promise.gif" flags="2">
      <result msg="Method body respects uniqueness constraints  at  TestBadArgs.java line 83" source="/TestUniquenessSanityChecks/src/borrowed/TestBadArgs.java.html" line="83" baseImage="plus.gif" flags="0" />
    </result>
    <result msg="Other control flow for borrowed.TestBadArgs.Constructor4a.Constructor4a()  at  TestBadArgs.java line 112" source="/TestUniquenessSanityChecks/src/borrowed/TestBadArgs.java.html" line="112" baseImage="promise.gif" flags="2">
      <result msg="Method body respects uniqueness constraints  at  TestBadArgs.java line 113" source="/TestUniquenessSanityChecks/src/borrowed/TestBadArgs.java.html" line="113" baseImage="plus.gif" flags="0" />
    </result>
    <result msg="Other control flow for borrowed.TestBadArgs.annotatedMethod4()  at  TestBadArgs.java line 31" source="/TestUniquenessSanityChecks/src/borrowed/TestBadArgs.java.html" line="31" baseImage="promise.gif" flags="2">
      <result msg="Method body respects uniqueness constraints  at  TestBadArgs.java line 32" source="/TestUniquenessSanityChecks/src/borrowed/TestBadArgs.java.html" line="32" baseImage="plus.gif" flags="0" />
    </result>
    <result msg="Other control flow for borrowed.TestBadArgs.annotatedMethod4a()  at  TestBadArgs.java line 49" source="/TestUniquenessSanityChecks/src/borrowed/TestBadArgs.java.html" line="49" baseImage="promise.gif" flags="2">
      <result msg="Method body respects uniqueness constraints  at  TestBadArgs.java line 50" source="/TestUniquenessSanityChecks/src/borrowed/TestBadArgs.java.html" line="50" baseImage="plus.gif" flags="0" />
    </result>
    <result msg="Other control flow for borrowed.TestBadArgs.method1(java.lang.Object)  at  TestBadArgs.java line 6" source="/TestUniquenessSanityChecks/src/borrowed/TestBadArgs.java.html" line="6" baseImage="promise.gif" flags="2">
      <result msg="Method body respects uniqueness constraints  at  TestBadArgs.java line 6" source="/TestUniquenessSanityChecks/src/borrowed/TestBadArgs.java.html" line="6" baseImage="plus.gif" flags="0" />
    </result>
    <result msg="Other control flow for borrowed.TestBadArgs.method2(java.lang.Object)  at  TestBadArgs.java line 7" source="/TestUniquenessSanityChecks/src/borrowed/TestBadArgs.java.html" line="7" baseImage="promise.gif" flags="2">
      <result msg="Method body respects uniqueness constraints  at  TestBadArgs.java line 7" source="/TestUniquenessSanityChecks/src/borrowed/TestBadArgs.java.html" line="7" baseImage="plus.gif" flags="0" />
    </result>
    <result msg="Other control flow for borrowed.TestBadArgs.method3(java.lang.Object)  at  TestBadArgs.java line 8" source="/TestUniquenessSanityChecks/src/borrowed/TestBadArgs.java.html" line="8" baseImage="promise.gif" flags="2">
      <result msg="Method body respects uniqueness constraints  at  TestBadArgs.java line 8" source="/TestUniquenessSanityChecks/src/borrowed/TestBadArgs.java.html" line="8" baseImage="plus.gif" flags="0" />
    </result>
    <result msg="Other control flow for borrowed.TestBadArgs.method3a(java.lang.Object)  at  TestBadArgs.java line 14" source="/TestUniquenessSanityChecks/src/borrowed/TestBadArgs.java.html" line="14" baseImage="promise.gif" flags="2">
      <result msg="Method body respects uniqueness constraints  at  TestBadArgs.java line 14" source="/TestUniquenessSanityChecks/src/borrowed/TestBadArgs.java.html" line="14" baseImage="plus.gif" flags="0" />
    </result>
    <result msg="Other control flow for conflicts.Test.method2_good(java.lang.Object)  at  Test.java line 10" source="/TestUniquenessSanityChecks/src/conflicts/Test.java.html" line="10" baseImage="promise.gif" flags="2">
      <result msg="Method body respects uniqueness constraints  at  Test.java line 10" source="/TestUniquenessSanityChecks/src/conflicts/Test.java.html" line="10" baseImage="plus.gif" flags="0" />
    </result>
    <result msg="Other control flow for conflicts.Test.method4_bad(java.lang.Object)  at  Test.java line 12" source="/TestUniquenessSanityChecks/src/conflicts/Test.java.html" line="12" baseImage="promise.gif" flags="2">
      <result msg="Method body respects uniqueness constraints  at  Test.java line 12" source="/TestUniquenessSanityChecks/src/conflicts/Test.java.html" line="12" baseImage="plus.gif" flags="0" />
    </result>
    <result msg="Other control flow for conflicts.Test.method6_good(java.lang.Object)  at  Test.java line 14" source="/TestUniquenessSanityChecks/src/conflicts/Test.java.html" line="14" baseImage="promise.gif" flags="2">
      <result msg="Method body respects uniqueness constraints  at  Test.java line 14" source="/TestUniquenessSanityChecks/src/conflicts/Test.java.html" line="14" baseImage="plus.gif" flags="0" />
    </result>
    <result msg="Other control flow for conflicts.Test.method7_bad(java.lang.Object)  at  Test.java line 15" source="/TestUniquenessSanityChecks/src/conflicts/Test.java.html" line="15" baseImage="promise.gif" flags="2">
      <result msg="Method body respects uniqueness constraints  at  Test.java line 15" source="/TestUniquenessSanityChecks/src/conflicts/Test.java.html" line="15" baseImage="plus.gif" flags="0" />
    </result>
    <result msg="Other control flow for conflicts.Test.xxx2_good()  at  Test.java line 24" source="/TestUniquenessSanityChecks/src/conflicts/Test.java.html" line="24" baseImage="promise.gif" flags="2">
      <result msg="Method body respects uniqueness constraints  at  Test.java line 25" source="/TestUniquenessSanityChecks/src/conflicts/Test.java.html" line="25" baseImage="plus.gif" flags="0" />
    </result>
    <result msg="Other control flow for conflicts.Test.xxx4_bad()  at  Test.java line 30" source="/TestUniquenessSanityChecks/src/conflicts/Test.java.html" line="30" baseImage="promise.gif" flags="2">
      <result msg="Method body respects uniqueness constraints  at  Test.java line 32" source="/TestUniquenessSanityChecks/src/conflicts/Test.java.html" line="32" baseImage="plus.gif" flags="0" />
    </result>
    <result msg="Other control flow for conflicts.Test.xxx6_good()  at  Test.java line 38" source="/TestUniquenessSanityChecks/src/conflicts/Test.java.html" line="38" baseImage="promise.gif" flags="2">
      <result msg="Method body respects uniqueness constraints  at  Test.java line 40" source="/TestUniquenessSanityChecks/src/conflicts/Test.java.html" line="40" baseImage="plus.gif" flags="0" />
    </result>
    <result msg="Other control flow for conflicts.Test.xxx7_bad()  at  Test.java line 42" source="/TestUniquenessSanityChecks/src/conflicts/Test.java.html" line="42" baseImage="promise.gif" flags="2">
      <result msg="Method body respects uniqueness constraints  at  Test.java line 45" source="/TestUniquenessSanityChecks/src/conflicts/Test.java.html" line="45" baseImage="plus.gif" flags="0" />
    </result>
    <result msg="Other control flow for nonReference.Test.goodBorrowed(nonReference.Test)  at  Test.java line 52" source="/TestUniquenessSanityChecks/src/nonReference/Test.java.html" line="52" baseImage="promise.gif" flags="2">
      <result msg="Method body respects uniqueness constraints  at  Test.java line 52" source="/TestUniquenessSanityChecks/src/nonReference/Test.java.html" line="52" baseImage="plus.gif" flags="0" />
    </result>
    <result msg="Other control flow for nonReference.Test.goodBorrowedReceiver()  at  Test.java line 45" source="/TestUniquenessSanityChecks/src/nonReference/Test.java.html" line="45" baseImage="promise.gif" flags="2">
      <result msg="Method body respects uniqueness constraints  at  Test.java line 46" source="/TestUniquenessSanityChecks/src/nonReference/Test.java.html" line="46" baseImage="plus.gif" flags="0" />
    </result>
    <result msg="Other control flow for nonReference.Test.goodReturn()  at  Test.java line 21" source="/TestUniquenessSanityChecks/src/nonReference/Test.java.html" line="21" baseImage="promise.gif" flags="2">
      <result msg="Method body respects uniqueness constraints  at  Test.java line 22" source="/TestUniquenessSanityChecks/src/nonReference/Test.java.html" line="22" baseImage="plus.gif" flags="0" />
    </result>
    <result msg="Other control flow for unique.TestBadArgs.annotatedMethod5()  at  TestBadArgs.java line 183" source="/TestUniquenessSanityChecks/src/unique/TestBadArgs.java.html" line="183" baseImage="promise.gif" flags="2">
      <result msg="Method body respects uniqueness constraints  at  TestBadArgs.java line 184" source="/TestUniquenessSanityChecks/src/unique/TestBadArgs.java.html" line="184" baseImage="plus.gif" flags="0" />
    </result>
    <result msg="Other control flow for unique.TestBadArgs.annotatedMethod5a()  at  TestBadArgs.java line 201" source="/TestUniquenessSanityChecks/src/unique/TestBadArgs.java.html" line="201" baseImage="promise.gif" flags="2">
      <result msg="Method body respects uniqueness constraints  at  TestBadArgs.java line 202" source="/TestUniquenessSanityChecks/src/unique/TestBadArgs.java.html" line="202" baseImage="plus.gif" flags="0" />
    </result>
    <result msg="Other control flow for unique.TestBadArgs.annotatedMethod6()  at  TestBadArgs.java line 186" source="/TestUniquenessSanityChecks/src/unique/TestBadArgs.java.html" line="186" baseImage="promise.gif" flags="2">
      <result msg="Method body respects uniqueness constraints  at  TestBadArgs.java line 187" source="/TestUniquenessSanityChecks/src/unique/TestBadArgs.java.html" line="187" baseImage="plus.gif" flags="0" />
    </result>
    <result msg="Other control flow for unique.TestBadArgs.annotatedMethod6a()  at  TestBadArgs.java line 204" source="/TestUniquenessSanityChecks/src/unique/TestBadArgs.java.html" line="204" baseImage="promise.gif" flags="2">
      <result msg="Method body respects uniqueness constraints  at  TestBadArgs.java line 205" source="/TestUniquenessSanityChecks/src/unique/TestBadArgs.java.html" line="205" baseImage="plus.gif" flags="0" />
    </result>
    <result msg="Other control flow for unique.TestBadArgs.annotatedMethod7()  at  TestBadArgs.java line 189" source="/TestUniquenessSanityChecks/src/unique/TestBadArgs.java.html" line="189" baseImage="promise.gif" flags="2">
      <result msg="Method body respects uniqueness constraints  at  TestBadArgs.java line 190" source="/TestUniquenessSanityChecks/src/unique/TestBadArgs.java.html" line="190" baseImage="plus.gif" flags="0" />
    </result>
    <result msg="Other control flow for unique.TestBadArgs.annotatedMethod7a()  at  TestBadArgs.java line 207" source="/TestUniquenessSanityChecks/src/unique/TestBadArgs.java.html" line="207" baseImage="promise.gif" flags="2">
      <result msg="Method body respects uniqueness constraints  at  TestBadArgs.java line 208" source="/TestUniquenessSanityChecks/src/unique/TestBadArgs.java.html" line="208" baseImage="plus.gif" flags="0" />
    </result>
    <result msg="borrowed p on borrowed.TestBadArgs.method1(java.lang.Object)  at  TestBadArgs.java" source="/TestUniquenessSanityChecks/src/borrowed/TestBadArgs.java.html" line="0" baseImage="promise.gif" flags="2">
      <result msg="Conservative dependency  at  TestBadArgs.java line 6" source="/TestUniquenessSanityChecks/src/borrowed/TestBadArgs.java.html" line="6" baseImage="plus.gif" flags="2">
        <result msg="1 precondition:" baseImage="choice_item.gif" flags="2">
          <result msg="Other control flow for borrowed.TestBadArgs.method1(java.lang.Object)  at  TestBadArgs.java line 6" source="/TestUniquenessSanityChecks/src/borrowed/TestBadArgs.java.html" line="6" baseImage="promise.gif" flags="2">
            <result msg="Method body respects uniqueness constraints  at  TestBadArgs.java line 6" source="/TestUniquenessSanityChecks/src/borrowed/TestBadArgs.java.html" line="6" baseImage="plus.gif" flags="0" />
          </result>
        </result>
      </result>
    </result>
    <result msg="borrowed p on borrowed.TestBadArgs.method2(java.lang.Object)  at  TestBadArgs.java" source="/TestUniquenessSanityChecks/src/borrowed/TestBadArgs.java.html" line="0" baseImage="promise.gif" flags="2">
      <result msg="Conservative dependency  at  TestBadArgs.java line 7" source="/TestUniquenessSanityChecks/src/borrowed/TestBadArgs.java.html" line="7" baseImage="plus.gif" flags="2">
        <result msg="1 precondition:" baseImage="choice_item.gif" flags="2">
          <result msg="Other control flow for borrowed.TestBadArgs.method2(java.lang.Object)  at  TestBadArgs.java line 7" source="/TestUniquenessSanityChecks/src/borrowed/TestBadArgs.java.html" line="7" baseImage="promise.gif" flags="2">
            <result msg="Method body respects uniqueness constraints  at  TestBadArgs.java line 7" source="/TestUniquenessSanityChecks/src/borrowed/TestBadArgs.java.html" line="7" baseImage="plus.gif" flags="0" />
          </result>
        </result>
      </result>
    </result>
    <result msg="borrowed p on borrowed.TestBadArgs.method3(java.lang.Object)  at  TestBadArgs.java" source="/TestUniquenessSanityChecks/src/borrowed/TestBadArgs.java.html" line="0" baseImage="promise.gif" flags="2">
      <result msg="Conservative dependency  at  TestBadArgs.java line 8" source="/TestUniquenessSanityChecks/src/borrowed/TestBadArgs.java.html" line="8" baseImage="plus.gif" flags="2">
        <result msg="1 precondition:" baseImage="choice_item.gif" flags="2">
          <result msg="Other control flow for borrowed.TestBadArgs.method3(java.lang.Object)  at  TestBadArgs.java line 8" source="/TestUniquenessSanityChecks/src/borrowed/TestBadArgs.java.html" line="8" baseImage="promise.gif" flags="2">
            <result msg="Method body respects uniqueness constraints  at  TestBadArgs.java line 8" source="/TestUniquenessSanityChecks/src/borrowed/TestBadArgs.java.html" line="8" baseImage="plus.gif" flags="0" />
          </result>
        </result>
      </result>
    </result>
    <result msg="borrowed p on borrowed.TestBadArgs.method3a(java.lang.Object)  at  TestBadArgs.java" source="/TestUniquenessSanityChecks/src/borrowed/TestBadArgs.java.html" line="0" baseImage="promise.gif" flags="2">
      <result msg="Conservative dependency  at  TestBadArgs.java line 14" source="/TestUniquenessSanityChecks/src/borrowed/TestBadArgs.java.html" line="14" baseImage="plus.gif" flags="2">
        <result msg="1 precondition:" baseImage="choice_item.gif" flags="2">
          <result msg="Other control flow for borrowed.TestBadArgs.method3a(java.lang.Object)  at  TestBadArgs.java line 14" source="/TestUniquenessSanityChecks/src/borrowed/TestBadArgs.java.html" line="14" baseImage="promise.gif" flags="2">
            <result msg="Method body respects uniqueness constraints  at  TestBadArgs.java line 14" source="/TestUniquenessSanityChecks/src/borrowed/TestBadArgs.java.html" line="14" baseImage="plus.gif" flags="0" />
          </result>
        </result>
      </result>
    </result>
    <result msg="borrowed p on conflicts.Test.method2_good(java.lang.Object)  at  Test.java" source="/TestUniquenessSanityChecks/src/conflicts/Test.java.html" line="0" baseImage="promise.gif" flags="2">
      <result msg="Conservative dependency  at  Test.java line 10" source="/TestUniquenessSanityChecks/src/conflicts/Test.java.html" line="10" baseImage="plus.gif" flags="2">
        <result msg="1 precondition:" baseImage="choice_item.gif" flags="2">
          <result msg="Other control flow for conflicts.Test.method2_good(java.lang.Object)  at  Test.java line 10" source="/TestUniquenessSanityChecks/src/conflicts/Test.java.html" line="10" baseImage="promise.gif" flags="2">
            <result msg="Method body respects uniqueness constraints  at  Test.java line 10" source="/TestUniquenessSanityChecks/src/conflicts/Test.java.html" line="10" baseImage="plus.gif" flags="0" />
          </result>
        </result>
      </result>
    </result>
    <result msg="borrowed p on conflicts.Test.method6_good(java.lang.Object)  at  Test.java" source="/TestUniquenessSanityChecks/src/conflicts/Test.java.html" line="0" baseImage="promise.gif" flags="2">
      <result msg="Conservative dependency  at  Test.java line 14" source="/TestUniquenessSanityChecks/src/conflicts/Test.java.html" line="14" baseImage="plus.gif" flags="2">
        <result msg="1 precondition:" baseImage="choice_item.gif" flags="2">
          <result msg="Other control flow for conflicts.Test.method6_good(java.lang.Object)  at  Test.java line 14" source="/TestUniquenessSanityChecks/src/conflicts/Test.java.html" line="14" baseImage="promise.gif" flags="2">
            <result msg="Method body respects uniqueness constraints  at  Test.java line 14" source="/TestUniquenessSanityChecks/src/conflicts/Test.java.html" line="14" baseImage="plus.gif" flags="0" />
          </result>
        </result>
      </result>
    </result>
    <result msg="borrowed p on nonReference.Test.goodBorrowed(nonReference.Test)  at  Test.java" source="/TestUniquenessSanityChecks/src/nonReference/Test.java.html" line="0" baseImage="promise.gif" flags="2">
      <result msg="Conservative dependency  at  Test.java line 52" source="/TestUniquenessSanityChecks/src/nonReference/Test.java.html" line="52" baseImage="plus.gif" flags="2">
        <result msg="1 precondition:" baseImage="choice_item.gif" flags="2">
          <result msg="Other control flow for nonReference.Test.goodBorrowed(nonReference.Test)  at  Test.java line 52" source="/TestUniquenessSanityChecks/src/nonReference/Test.java.html" line="52" baseImage="promise.gif" flags="2">
            <result msg="Method body respects uniqueness constraints  at  Test.java line 52" source="/TestUniquenessSanityChecks/src/nonReference/Test.java.html" line="52" baseImage="plus.gif" flags="0" />
          </result>
        </result>
      </result>
    </result>
    <result msg="borrowed this on borrowed.TestBadArgs.Constructor4.Constructor4()" baseImage="promise.gif" flags="2">
      <result msg="Borrowed parameters of call &quot;super&quot;  at  TestBadArgs.java" source="/TestUniquenessSanityChecks/src/borrowed/TestBadArgs.java.html" line="0" baseImage="plus.gif" flags="2">
        <result msg="1 precondition:" baseImage="choice_item.gif" flags="2">
          <result msg="borrowed this on java.lang.Object.Object()" baseImage="promise.gif" flags="2" />
        </result>
      </result>
      <result msg="Conservative dependency  at  TestBadArgs.java line 82" source="/TestUniquenessSanityChecks/src/borrowed/TestBadArgs.java.html" line="82" baseImage="plus.gif" flags="2">
        <result msg="1 precondition:" baseImage="choice_item.gif" flags="2">
          <result msg="Other control flow for borrowed.TestBadArgs.Constructor4.Constructor4()  at  TestBadArgs.java line 82" source="/TestUniquenessSanityChecks/src/borrowed/TestBadArgs.java.html" line="82" baseImage="promise.gif" flags="2">
            <result msg="Method body respects uniqueness constraints  at  TestBadArgs.java line 83" source="/TestUniquenessSanityChecks/src/borrowed/TestBadArgs.java.html" line="83" baseImage="plus.gif" flags="0" />
          </result>
        </result>
      </result>
    </result>
    <result msg="borrowed this on borrowed.TestBadArgs.Constructor4a.Constructor4a()" baseImage="promise.gif" flags="2">
      <result msg="Borrowed parameters of call &quot;super&quot;  at  TestBadArgs.java" source="/TestUniquenessSanityChecks/src/borrowed/TestBadArgs.java.html" line="0" baseImage="plus.gif" flags="2">
        <result msg="1 precondition:" baseImage="choice_item.gif" flags="2">
          <result msg="borrowed this on java.lang.Object.Object()" baseImage="promise.gif" flags="2" />
        </result>
      </result>
      <result msg="Conservative dependency  at  TestBadArgs.java line 112" source="/TestUniquenessSanityChecks/src/borrowed/TestBadArgs.java.html" line="112" baseImage="plus.gif" flags="2">
        <result msg="1 precondition:" baseImage="choice_item.gif" flags="2">
          <result msg="Other control flow for borrowed.TestBadArgs.Constructor4a.Constructor4a()  at  TestBadArgs.java line 112" source="/TestUniquenessSanityChecks/src/borrowed/TestBadArgs.java.html" line="112" baseImage="promise.gif" flags="2">
            <result msg="Method body respects uniqueness constraints  at  TestBadArgs.java line 113" source="/TestUniquenessSanityChecks/src/borrowed/TestBadArgs.java.html" line="113" baseImage="plus.gif" flags="0" />
          </result>
        </result>
      </result>
    </result>
    <result msg="borrowed this on borrowed.TestBadArgs.annotatedMethod4()" baseImage="promise.gif" flags="2">
      <result msg="Conservative dependency  at  TestBadArgs.java line 31" source="/TestUniquenessSanityChecks/src/borrowed/TestBadArgs.java.html" line="31" baseImage="plus.gif" flags="2">
        <result msg="1 precondition:" baseImage="choice_item.gif" flags="2">
          <result msg="Other control flow for borrowed.TestBadArgs.annotatedMethod4()  at  TestBadArgs.java line 31" source="/TestUniquenessSanityChecks/src/borrowed/TestBadArgs.java.html" line="31" baseImage="promise.gif" flags="2">
            <result msg="Method body respects uniqueness constraints  at  TestBadArgs.java line 32" source="/TestUniquenessSanityChecks/src/borrowed/TestBadArgs.java.html" line="32" baseImage="plus.gif" flags="0" />
          </result>
        </result>
      </result>
    </result>
    <result msg="borrowed this on borrowed.TestBadArgs.annotatedMethod4a()" baseImage="promise.gif" flags="2">
      <result msg="Conservative dependency  at  TestBadArgs.java line 49" source="/TestUniquenessSanityChecks/src/borrowed/TestBadArgs.java.html" line="49" baseImage="plus.gif" flags="2">
        <result msg="1 precondition:" baseImage="choice_item.gif" flags="2">
          <result msg="Other control flow for borrowed.TestBadArgs.annotatedMethod4a()  at  TestBadArgs.java line 49" source="/TestUniquenessSanityChecks/src/borrowed/TestBadArgs.java.html" line="49" baseImage="promise.gif" flags="2">
            <result msg="Method body respects uniqueness constraints  at  TestBadArgs.java line 50" source="/TestUniquenessSanityChecks/src/borrowed/TestBadArgs.java.html" line="50" baseImage="plus.gif" flags="0" />
          </result>
        </result>
      </result>
    </result>
    <result msg="borrowed this on conflicts.Test.xxx2_good()" baseImage="promise.gif" flags="2">
      <result msg="Conservative dependency  at  Test.java line 24" source="/TestUniquenessSanityChecks/src/conflicts/Test.java.html" line="24" baseImage="plus.gif" flags="2">
        <result msg="1 precondition:" baseImage="choice_item.gif" flags="2">
          <result msg="Other control flow for conflicts.Test.xxx2_good()  at  Test.java line 24" source="/TestUniquenessSanityChecks/src/conflicts/Test.java.html" line="24" baseImage="promise.gif" flags="2">
            <result msg="Method body respects uniqueness constraints  at  Test.java line 25" source="/TestUniquenessSanityChecks/src/conflicts/Test.java.html" line="25" baseImage="plus.gif" flags="0" />
          </result>
        </result>
      </result>
    </result>
    <result msg="borrowed this on conflicts.Test.xxx6_good()" baseImage="promise.gif" flags="2">
      <result msg="Conservative dependency  at  Test.java line 38" source="/TestUniquenessSanityChecks/src/conflicts/Test.java.html" line="38" baseImage="plus.gif" flags="2">
        <result msg="1 precondition:" baseImage="choice_item.gif" flags="2">
          <result msg="Other control flow for conflicts.Test.xxx6_good()  at  Test.java line 38" source="/TestUniquenessSanityChecks/src/conflicts/Test.java.html" line="38" baseImage="promise.gif" flags="2">
            <result msg="Method body respects uniqueness constraints  at  Test.java line 40" source="/TestUniquenessSanityChecks/src/conflicts/Test.java.html" line="40" baseImage="plus.gif" flags="0" />
          </result>
        </result>
      </result>
    </result>
    <result msg="borrowed this on nonReference.Test.goodBorrowedReceiver()" baseImage="promise.gif" flags="2">
      <result msg="Conservative dependency  at  Test.java line 45" source="/TestUniquenessSanityChecks/src/nonReference/Test.java.html" line="45" baseImage="plus.gif" flags="2">
        <result msg="1 precondition:" baseImage="choice_item.gif" flags="2">
          <result msg="Other control flow for nonReference.Test.goodBorrowedReceiver()  at  Test.java line 45" source="/TestUniquenessSanityChecks/src/nonReference/Test.java.html" line="45" baseImage="promise.gif" flags="2">
            <result msg="Method body respects uniqueness constraints  at  Test.java line 46" source="/TestUniquenessSanityChecks/src/nonReference/Test.java.html" line="46" baseImage="plus.gif" flags="0" />
          </result>
        </result>
      </result>
    </result>
    <result msg="notunique on conflicts.Test.(none)" baseImage="promise.gif" flags="26" reddots="1" />
    <result msg="notunique on conflicts.Test.(none)" baseImage="promise.gif" flags="26" reddots="1" />
    <result msg="notunique on conflicts.Test.(none)  at  Test.java" source="/TestUniquenessSanityChecks/src/conflicts/Test.java.html" line="0" baseImage="promise.gif" flags="26" reddots="1" />
    <result msg="notunique on conflicts.Test.(none)  at  Test.java" source="/TestUniquenessSanityChecks/src/conflicts/Test.java.html" line="0" baseImage="promise.gif" flags="26" reddots="1" />
    <result msg="notunique on nonReference.Test.(none)" baseImage="promise.gif" flags="26" reddots="1" />
    <result msg="notunique on nonReference.Test.(none)  at  Test.java" source="/TestUniquenessSanityChecks/src/nonReference/Test.java.html" line="0" baseImage="promise.gif" flags="26" reddots="1" />
    <result msg="unique  on  good  at  Test.java" source="/TestUniquenessSanityChecks/src/nonReference/Test.java.html" line="0" baseImage="promise.gif" flags="2" />
    <result msg="unique  on  uniqueField1  at  TestBadArgs.java" source="/TestUniquenessSanityChecks/src/unique/TestBadArgs.java.html" line="0" baseImage="promise.gif" flags="2" />
    <result msg="unique  on  uniqueField2  at  TestBadArgs.java" source="/TestUniquenessSanityChecks/src/unique/TestBadArgs.java.html" line="0" baseImage="promise.gif" flags="2" />
    <result msg="unique  on  uniqueField3  at  TestBadArgs.java" source="/TestUniquenessSanityChecks/src/unique/TestBadArgs.java.html" line="0" baseImage="promise.gif" flags="2" />
    <result msg="unique  on  uniqueField3a  at  TestBadArgs.java" source="/TestUniquenessSanityChecks/src/unique/TestBadArgs.java.html" line="0" baseImage="promise.gif" flags="2" />
    <result msg="unique p on conflicts.Test.method1_good(java.lang.Object)   at  Test.java" source="/TestUniquenessSanityChecks/src/conflicts/Test.java.html" line="0" baseImage="promise.gif" flags="2" />
    <result msg="unique p on nonReference.Test.goodUnique(nonReference.Test)   at  Test.java" source="/TestUniquenessSanityChecks/src/nonReference/Test.java.html" line="0" baseImage="promise.gif" flags="2" />
    <result msg="unique p on unique.TestBadArgs.method1(java.lang.Object)   at  TestBadArgs.java" source="/TestUniquenessSanityChecks/src/unique/TestBadArgs.java.html" line="0" baseImage="promise.gif" flags="2" />
    <result msg="unique p on unique.TestBadArgs.method2(java.lang.Object)   at  TestBadArgs.java" source="/TestUniquenessSanityChecks/src/unique/TestBadArgs.java.html" line="0" baseImage="promise.gif" flags="2" />
    <result msg="unique p on unique.TestBadArgs.method3(java.lang.Object)   at  TestBadArgs.java" source="/TestUniquenessSanityChecks/src/unique/TestBadArgs.java.html" line="0" baseImage="promise.gif" flags="2" />
    <result msg="unique p on unique.TestBadArgs.method3a(java.lang.Object)   at  TestBadArgs.java" source="/TestUniquenessSanityChecks/src/unique/TestBadArgs.java.html" line="0" baseImage="promise.gif" flags="2" />
    <result msg="unique return on nonReference.Test.goodReturn() " baseImage="promise.gif" flags="2">
      <result msg="Conservative dependency  at  Test.java line 21" source="/TestUniquenessSanityChecks/src/nonReference/Test.java.html" line="21" baseImage="plus.gif" flags="2">
        <result msg="1 precondition:" baseImage="choice_item.gif" flags="2">
          <result msg="Other control flow for nonReference.Test.goodReturn()  at  Test.java line 21" source="/TestUniquenessSanityChecks/src/nonReference/Test.java.html" line="21" baseImage="promise.gif" flags="2">
            <result msg="Method body respects uniqueness constraints  at  Test.java line 22" source="/TestUniquenessSanityChecks/src/nonReference/Test.java.html" line="22" baseImage="plus.gif" flags="0" />
          </result>
        </result>
      </result>
    </result>
    <result msg="unique return on unique.TestBadArgs.Constructor5.Constructor5() " baseImage="promise.gif" flags="2" />
    <result msg="unique return on unique.TestBadArgs.Constructor5a.Constructor5a() " baseImage="promise.gif" flags="2" />
    <result msg="unique return on unique.TestBadArgs.annotatedMethod5() " baseImage="promise.gif" flags="2">
      <result msg="Conservative dependency  at  TestBadArgs.java line 183" source="/TestUniquenessSanityChecks/src/unique/TestBadArgs.java.html" line="183" baseImage="plus.gif" flags="2">
        <result msg="1 precondition:" baseImage="choice_item.gif" flags="2">
          <result msg="Other control flow for unique.TestBadArgs.annotatedMethod5()  at  TestBadArgs.java line 183" source="/TestUniquenessSanityChecks/src/unique/TestBadArgs.java.html" line="183" baseImage="promise.gif" flags="2">
            <result msg="Method body respects uniqueness constraints  at  TestBadArgs.java line 184" source="/TestUniquenessSanityChecks/src/unique/TestBadArgs.java.html" line="184" baseImage="plus.gif" flags="0" />
          </result>
        </result>
      </result>
    </result>
    <result msg="unique return on unique.TestBadArgs.annotatedMethod5a() " baseImage="promise.gif" flags="2">
      <result msg="Conservative dependency  at  TestBadArgs.java line 201" source="/TestUniquenessSanityChecks/src/unique/TestBadArgs.java.html" line="201" baseImage="plus.gif" flags="2">
        <result msg="1 precondition:" baseImage="choice_item.gif" flags="2">
          <result msg="Other control flow for unique.TestBadArgs.annotatedMethod5a()  at  TestBadArgs.java line 201" source="/TestUniquenessSanityChecks/src/unique/TestBadArgs.java.html" line="201" baseImage="promise.gif" flags="2">
            <result msg="Method body respects uniqueness constraints  at  TestBadArgs.java line 202" source="/TestUniquenessSanityChecks/src/unique/TestBadArgs.java.html" line="202" baseImage="plus.gif" flags="0" />
          </result>
        </result>
      </result>
    </result>
    <result msg="unique return on unique.TestBadArgs.annotatedMethod6() " baseImage="promise.gif" flags="2">
      <result msg="Conservative dependency  at  TestBadArgs.java line 186" source="/TestUniquenessSanityChecks/src/unique/TestBadArgs.java.html" line="186" baseImage="plus.gif" flags="2">
        <result msg="2 preconditions:" baseImage="choice_item.gif" flags="2">
          <result msg="Other control flow for unique.TestBadArgs.annotatedMethod6()  at  TestBadArgs.java line 186" source="/TestUniquenessSanityChecks/src/unique/TestBadArgs.java.html" line="186" baseImage="promise.gif" flags="2">
            <result msg="Method body respects uniqueness constraints  at  TestBadArgs.java line 187" source="/TestUniquenessSanityChecks/src/unique/TestBadArgs.java.html" line="187" baseImage="plus.gif" flags="0" />
          </result>
          <result msg="unique this on unique.TestBadArgs.annotatedMethod6() " baseImage="promise.gif" flags="2" />
        </result>
      </result>
    </result>
    <result msg="unique return on unique.TestBadArgs.annotatedMethod6a() " baseImage="promise.gif" flags="2">
      <result msg="Conservative dependency" baseImage="plus.gif" flags="2">
        <result msg="2 preconditions:" baseImage="choice_item.gif" flags="2">
          <result msg="Other control flow for unique.TestBadArgs.annotatedMethod6a()  at  TestBadArgs.java line 204" source="/TestUniquenessSanityChecks/src/unique/TestBadArgs.java.html" line="204" baseImage="promise.gif" flags="2">
            <result msg="Method body respects uniqueness constraints  at  TestBadArgs.java line 205" source="/TestUniquenessSanityChecks/src/unique/TestBadArgs.java.html" line="205" baseImage="plus.gif" flags="0" />
          </result>
          <result msg="unique this on unique.TestBadArgs.annotatedMethod6a() " baseImage="promise.gif" flags="2" />
        </result>
      </result>
    </result>
    <result msg="unique return on unique.TestBadArgs.annotatedMethod7() " baseImage="promise.gif" flags="2">
      <result msg="Conservative dependency  at  TestBadArgs.java line 189" source="/TestUniquenessSanityChecks/src/unique/TestBadArgs.java.html" line="189" baseImage="plus.gif" flags="2">
        <result msg="2 preconditions:" baseImage="choice_item.gif" flags="2">
          <result msg="Other control flow for unique.TestBadArgs.annotatedMethod7()  at  TestBadArgs.java line 189" source="/TestUniquenessSanityChecks/src/unique/TestBadArgs.java.html" line="189" baseImage="promise.gif" flags="2">
            <result msg="Method body respects uniqueness constraints  at  TestBadArgs.java line 190" source="/TestUniquenessSanityChecks/src/unique/TestBadArgs.java.html" line="190" baseImage="plus.gif" flags="0" />
          </result>
          <result msg="unique this on unique.TestBadArgs.annotatedMethod7() " baseImage="promise.gif" flags="2" />
        </result>
      </result>
    </result>
    <result msg="unique return on unique.TestBadArgs.annotatedMethod7a() " baseImage="promise.gif" flags="2">
      <result msg="Conservative dependency  at  TestBadArgs.java line 207" source="/TestUniquenessSanityChecks/src/unique/TestBadArgs.java.html" line="207" baseImage="plus.gif" flags="2">
        <result msg="2 preconditions:" baseImage="choice_item.gif" flags="2">
          <result msg="Other control flow for unique.TestBadArgs.annotatedMethod7a()  at  TestBadArgs.java line 207" source="/TestUniquenessSanityChecks/src/unique/TestBadArgs.java.html" line="207" baseImage="promise.gif" flags="2">
            <result msg="Method body respects uniqueness constraints  at  TestBadArgs.java line 208" source="/TestUniquenessSanityChecks/src/unique/TestBadArgs.java.html" line="208" baseImage="plus.gif" flags="0" />
          </result>
          <result msg="unique this on unique.TestBadArgs.annotatedMethod7a() " baseImage="promise.gif" flags="2" />
        </result>
      </result>
    </result>
    <result msg="unique this on conflicts.Test.xxx1_good() " baseImage="promise.gif" flags="2" />
    <result msg="unique this on nonReference.Test.goodUniqueReceiver() " baseImage="promise.gif" flags="2" />
    <result msg="unique this on unique.TestBadArgs.annotatedMethod4() " baseImage="promise.gif" flags="2" />
    <result msg="unique this on unique.TestBadArgs.annotatedMethod4a() " baseImage="promise.gif" flags="2" />
    <result msg="unique this on unique.TestBadArgs.annotatedMethod6() " baseImage="promise.gif" flags="2" />
    <result msg="unique this on unique.TestBadArgs.annotatedMethod6a() " baseImage="promise.gif" flags="2" />
    <result msg="unique this on unique.TestBadArgs.annotatedMethod7() " baseImage="promise.gif" flags="2" />
    <result msg="unique this on unique.TestBadArgs.annotatedMethod7a() " baseImage="promise.gif" flags="2" />
  </result>
  <result msg="Modeling problems (96 issues)" baseImage="warning.gif" flags="0">
    <result msg="/Users/aarong/Work/Eclipse Workspaces/Eclipse 3.3/Fluid Runtime Workspace/TestUniquenessSanityChecks/src/borrowed/TestBadArgs.java:0 -- Unable to parse: @Borrowed   at  TestBadArgs.java" source="/TestUniquenessSanityChecks/src/borrowed/TestBadArgs.java.html" line="0" baseImage="warning.gif" flags="0" />
    <result msg="/Users/aarong/Work/Eclipse Workspaces/Eclipse 3.3/Fluid Runtime Workspace/TestUniquenessSanityChecks/src/borrowed/TestBadArgs.java:0 -- Unable to parse: @Borrowed   at  TestBadArgs.java" source="/TestUniquenessSanityChecks/src/borrowed/TestBadArgs.java.html" line="0" baseImage="warning.gif" flags="0" />
    <result msg="/Users/aarong/Work/Eclipse Workspaces/Eclipse 3.3/Fluid Runtime Workspace/TestUniquenessSanityChecks/src/borrowed/TestBadArgs.java:0 -- Unable to parse: @Borrowed   at  TestBadArgs.java" source="/TestUniquenessSanityChecks/src/borrowed/TestBadArgs.java.html" line="0" baseImage="warning.gif" flags="0" />
    <result msg="/Users/aarong/Work/Eclipse Workspaces/Eclipse 3.3/Fluid Runtime Workspace/TestUniquenessSanityChecks/src/borrowed/TestBadArgs.java:0 -- Unable to parse: @Borrowed   at  TestBadArgs.java" source="/TestUniquenessSanityChecks/src/borrowed/TestBadArgs.java.html" line="0" baseImage="warning.gif" flags="0" />
    <result msg="/Users/aarong/Work/Eclipse Workspaces/Eclipse 3.3/Fluid Runtime Workspace/TestUniquenessSanityChecks/src/borrowed/TestBadArgs.java:0 -- Unable to parse: @Borrowed   at  TestBadArgs.java" source="/TestUniquenessSanityChecks/src/borrowed/TestBadArgs.java.html" line="0" baseImage="warning.gif" flags="0" />
    <result msg="/Users/aarong/Work/Eclipse Workspaces/Eclipse 3.3/Fluid Runtime Workspace/TestUniquenessSanityChecks/src/borrowed/TestBadArgs.java:0 -- Unable to parse: @Borrowed   at  TestBadArgs.java" source="/TestUniquenessSanityChecks/src/borrowed/TestBadArgs.java.html" line="0" baseImage="warning.gif" flags="0" />
    <result msg="/Users/aarong/Work/Eclipse Workspaces/Eclipse 3.3/Fluid Runtime Workspace/TestUniquenessSanityChecks/src/borrowed/TestBadArgs.java:0 -- Unable to parse: @Borrowed return  at  TestBadArgs.java" source="/TestUniquenessSanityChecks/src/borrowed/TestBadArgs.java.html" line="0" baseImage="warning.gif" flags="0" />
    <result msg="/Users/aarong/Work/Eclipse Workspaces/Eclipse 3.3/Fluid Runtime Workspace/TestUniquenessSanityChecks/src/borrowed/TestBadArgs.java:0 -- Unable to parse: @Borrowed return  at  TestBadArgs.java" source="/TestUniquenessSanityChecks/src/borrowed/TestBadArgs.java.html" line="0" baseImage="warning.gif" flags="0" />
    <result msg="/Users/aarong/Work/Eclipse Workspaces/Eclipse 3.3/Fluid Runtime Workspace/TestUniquenessSanityChecks/src/borrowed/TestBadArgs.java:0 -- Unable to parse: @Borrowed return  at  TestBadArgs.java" source="/TestUniquenessSanityChecks/src/borrowed/TestBadArgs.java.html" line="0" baseImage="warning.gif" flags="0" />
    <result msg="/Users/aarong/Work/Eclipse Workspaces/Eclipse 3.3/Fluid Runtime Workspace/TestUniquenessSanityChecks/src/borrowed/TestBadArgs.java:0 -- Unable to parse: @Borrowed return  at  TestBadArgs.java" source="/TestUniquenessSanityChecks/src/borrowed/TestBadArgs.java.html" line="0" baseImage="warning.gif" flags="0" />
    <result msg="/Users/aarong/Work/Eclipse Workspaces/Eclipse 3.3/Fluid Runtime Workspace/TestUniquenessSanityChecks/src/borrowed/TestBadArgs.java:0 -- Unable to parse: @Borrowed return  at  TestBadArgs.java" source="/TestUniquenessSanityChecks/src/borrowed/TestBadArgs.java.html" line="0" baseImage="warning.gif" flags="0" />
    <result msg="/Users/aarong/Work/Eclipse Workspaces/Eclipse 3.3/Fluid Runtime Workspace/TestUniquenessSanityChecks/src/borrowed/TestBadArgs.java:0 -- Unable to parse: @Borrowed return  at  TestBadArgs.java" source="/TestUniquenessSanityChecks/src/borrowed/TestBadArgs.java.html" line="0" baseImage="warning.gif" flags="0" />
    <result msg="/Users/aarong/Work/Eclipse Workspaces/Eclipse 3.3/Fluid Runtime Workspace/TestUniquenessSanityChecks/src/borrowed/TestBadArgs.java:0 -- Unable to parse: @Borrowed return, this  at  TestBadArgs.java" source="/TestUniquenessSanityChecks/src/borrowed/TestBadArgs.java.html" line="0" baseImage="warning.gif" flags="0" />
    <result msg="/Users/aarong/Work/Eclipse Workspaces/Eclipse 3.3/Fluid Runtime Workspace/TestUniquenessSanityChecks/src/borrowed/TestBadArgs.java:0 -- Unable to parse: @Borrowed return, this  at  TestBadArgs.java" source="/TestUniquenessSanityChecks/src/borrowed/TestBadArgs.java.html" line="0" baseImage="warning.gif" flags="0" />
    <result msg="/Users/aarong/Work/Eclipse Workspaces/Eclipse 3.3/Fluid Runtime Workspace/TestUniquenessSanityChecks/src/borrowed/TestBadArgs.java:0 -- Unable to parse: @Borrowed return, this  at  TestBadArgs.java" source="/TestUniquenessSanityChecks/src/borrowed/TestBadArgs.java.html" line="0" baseImage="warning.gif" flags="0" />
    <result msg="/Users/aarong/Work/Eclipse Workspaces/Eclipse 3.3/Fluid Runtime Workspace/TestUniquenessSanityChecks/src/borrowed/TestBadArgs.java:0 -- Unable to parse: @Borrowed return, this  at  TestBadArgs.java" source="/TestUniquenessSanityChecks/src/borrowed/TestBadArgs.java.html" line="0" baseImage="warning.gif" flags="0" />
    <result msg="/Users/aarong/Work/Eclipse Workspaces/Eclipse 3.3/Fluid Runtime Workspace/TestUniquenessSanityChecks/src/borrowed/TestBadArgs.java:0 -- Unable to parse: @Borrowed return, this  at  TestBadArgs.java" source="/TestUniquenessSanityChecks/src/borrowed/TestBadArgs.java.html" line="0" baseImage="warning.gif" flags="0" />
    <result msg="/Users/aarong/Work/Eclipse Workspaces/Eclipse 3.3/Fluid Runtime Workspace/TestUniquenessSanityChecks/src/borrowed/TestBadArgs.java:0 -- Unable to parse: @Borrowed return, this  at  TestBadArgs.java" source="/TestUniquenessSanityChecks/src/borrowed/TestBadArgs.java.html" line="0" baseImage="warning.gif" flags="0" />
    <result msg="/Users/aarong/Work/Eclipse Workspaces/Eclipse 3.3/Fluid Runtime Workspace/TestUniquenessSanityChecks/src/borrowed/TestBadArgs.java:0 -- Unable to parse: @Borrowed this  at  TestBadArgs.java" source="/TestUniquenessSanityChecks/src/borrowed/TestBadArgs.java.html" line="0" baseImage="warning.gif" flags="0" />
    <result msg="/Users/aarong/Work/Eclipse Workspaces/Eclipse 3.3/Fluid Runtime Workspace/TestUniquenessSanityChecks/src/borrowed/TestBadArgs.java:0 -- Unable to parse: @Borrowed this  at  TestBadArgs.java" source="/TestUniquenessSanityChecks/src/borrowed/TestBadArgs.java.html" line="0" baseImage="warning.gif" flags="0" />
    <result msg="/Users/aarong/Work/Eclipse Workspaces/Eclipse 3.3/Fluid Runtime Workspace/TestUniquenessSanityChecks/src/borrowed/TestBadArgs.java:0 -- Unable to parse: @Borrowed this, return  at  TestBadArgs.java" source="/TestUniquenessSanityChecks/src/borrowed/TestBadArgs.java.html" line="0" baseImage="warning.gif" flags="0" />
    <result msg="/Users/aarong/Work/Eclipse Workspaces/Eclipse 3.3/Fluid Runtime Workspace/TestUniquenessSanityChecks/src/borrowed/TestBadArgs.java:0 -- Unable to parse: @Borrowed this, return  at  TestBadArgs.java" source="/TestUniquenessSanityChecks/src/borrowed/TestBadArgs.java.html" line="0" baseImage="warning.gif" flags="0" />
    <result msg="/Users/aarong/Work/Eclipse Workspaces/Eclipse 3.3/Fluid Runtime Workspace/TestUniquenessSanityChecks/src/borrowed/TestBadArgs.java:1 -- Unable to parse past @Borrowed   ___ f, a, b  at  TestBadArgs.java" source="/TestUniquenessSanityChecks/src/borrowed/TestBadArgs.java.html" line="0" baseImage="warning.gif" flags="0" />
    <result msg="/Users/aarong/Work/Eclipse Workspaces/Eclipse 3.3/Fluid Runtime Workspace/TestUniquenessSanityChecks/src/borrowed/TestBadArgs.java:1 -- Unable to parse past @Borrowed   ___ f, a, b  at  TestBadArgs.java" source="/TestUniquenessSanityChecks/src/borrowed/TestBadArgs.java.html" line="0" baseImage="warning.gif" flags="0" />
    <result msg="/Users/aarong/Work/Eclipse Workspaces/Eclipse 3.3/Fluid Runtime Workspace/TestUniquenessSanityChecks/src/borrowed/TestBadArgs.java:1 -- Unable to parse past @Borrowed   ___ f, a, b  at  TestBadArgs.java" source="/TestUniquenessSanityChecks/src/borrowed/TestBadArgs.java.html" line="0" baseImage="warning.gif" flags="0" />
    <result msg="/Users/aarong/Work/Eclipse Workspaces/Eclipse 3.3/Fluid Runtime Workspace/TestUniquenessSanityChecks/src/borrowed/TestBadArgs.java:1 -- Unable to parse past @Borrowed   ___ f, a, b  at  TestBadArgs.java" source="/TestUniquenessSanityChecks/src/borrowed/TestBadArgs.java.html" line="0" baseImage="warning.gif" flags="0" />
    <result msg="/Users/aarong/Work/Eclipse Workspaces/Eclipse 3.3/Fluid Runtime Workspace/TestUniquenessSanityChecks/src/borrowed/TestBadArgs.java:1 -- Unable to parse past @Borrowed   ___ f, a, b  at  TestBadArgs.java" source="/TestUniquenessSanityChecks/src/borrowed/TestBadArgs.java.html" line="0" baseImage="warning.gif" flags="0" />
    <result msg="/Users/aarong/Work/Eclipse Workspaces/Eclipse 3.3/Fluid Runtime Workspace/TestUniquenessSanityChecks/src/borrowed/TestBadArgs.java:1 -- Unable to parse past @Borrowed   ___ f, a, b  at  TestBadArgs.java" source="/TestUniquenessSanityChecks/src/borrowed/TestBadArgs.java.html" line="0" baseImage="warning.gif" flags="0" />
    <result msg="/Users/aarong/Work/Eclipse Workspaces/Eclipse 3.3/Fluid Runtime Workspace/TestUniquenessSanityChecks/src/borrowed/TestBadArgs.java:4 -- Unable to parse past @Borrowed this ___ , return  at  TestBadArgs.java" source="/TestUniquenessSanityChecks/src/borrowed/TestBadArgs.java.html" line="0" baseImage="warning.gif" flags="0" />
    <result msg="/Users/aarong/Work/Eclipse Workspaces/Eclipse 3.3/Fluid Runtime Workspace/TestUniquenessSanityChecks/src/borrowed/TestBadArgs.java:4 -- Unable to parse past @Borrowed this ___ , return  at  TestBadArgs.java" source="/TestUniquenessSanityChecks/src/borrowed/TestBadArgs.java.html" line="0" baseImage="warning.gif" flags="0" />
    <result msg="/Users/aarong/Work/Eclipse Workspaces/Eclipse 3.3/Fluid Runtime Workspace/TestUniquenessSanityChecks/src/borrowed/TestBadArgs.java:4 -- Unable to parse past @Borrowed this ___ , return  at  TestBadArgs.java" source="/TestUniquenessSanityChecks/src/borrowed/TestBadArgs.java.html" line="0" baseImage="warning.gif" flags="0" />
    <result msg="/Users/aarong/Work/Eclipse Workspaces/Eclipse 3.3/Fluid Runtime Workspace/TestUniquenessSanityChecks/src/borrowed/TestBadArgs.java:4 -- Unable to parse past @Borrowed this ___ , return  at  TestBadArgs.java" source="/TestUniquenessSanityChecks/src/borrowed/TestBadArgs.java.html" line="0" baseImage="warning.gif" flags="0" />
    <result msg="/Users/aarong/Work/Eclipse Workspaces/Eclipse 3.3/Fluid Runtime Workspace/TestUniquenessSanityChecks/src/unique/TestBadArgs.java:0 -- Unable to parse: @Unique   at  TestBadArgs.java" source="/TestUniquenessSanityChecks/src/unique/TestBadArgs.java.html" line="0" baseImage="warning.gif" flags="0" />
    <result msg="/Users/aarong/Work/Eclipse Workspaces/Eclipse 3.3/Fluid Runtime Workspace/TestUniquenessSanityChecks/src/unique/TestBadArgs.java:0 -- Unable to parse: @Unique   at  TestBadArgs.java" source="/TestUniquenessSanityChecks/src/unique/TestBadArgs.java.html" line="0" baseImage="warning.gif" flags="0" />
    <result msg="/Users/aarong/Work/Eclipse Workspaces/Eclipse 3.3/Fluid Runtime Workspace/TestUniquenessSanityChecks/src/unique/TestBadArgs.java:0 -- Unable to parse: @Unique   at  TestBadArgs.java" source="/TestUniquenessSanityChecks/src/unique/TestBadArgs.java.html" line="0" baseImage="warning.gif" flags="0" />
    <result msg="/Users/aarong/Work/Eclipse Workspaces/Eclipse 3.3/Fluid Runtime Workspace/TestUniquenessSanityChecks/src/unique/TestBadArgs.java:0 -- Unable to parse: @Unique   at  TestBadArgs.java" source="/TestUniquenessSanityChecks/src/unique/TestBadArgs.java.html" line="0" baseImage="warning.gif" flags="0" />
    <result msg="/Users/aarong/Work/Eclipse Workspaces/Eclipse 3.3/Fluid Runtime Workspace/TestUniquenessSanityChecks/src/unique/TestBadArgs.java:0 -- Unable to parse: @Unique   at  TestBadArgs.java" source="/TestUniquenessSanityChecks/src/unique/TestBadArgs.java.html" line="0" baseImage="warning.gif" flags="0" />
    <result msg="/Users/aarong/Work/Eclipse Workspaces/Eclipse 3.3/Fluid Runtime Workspace/TestUniquenessSanityChecks/src/unique/TestBadArgs.java:0 -- Unable to parse: @Unique   at  TestBadArgs.java" source="/TestUniquenessSanityChecks/src/unique/TestBadArgs.java.html" line="0" baseImage="warning.gif" flags="0" />
    <result msg="/Users/aarong/Work/Eclipse Workspaces/Eclipse 3.3/Fluid Runtime Workspace/TestUniquenessSanityChecks/src/unique/TestBadArgs.java:1 -- Unable to parse past @Unique   ___ a, b, c  at  TestBadArgs.java" source="/TestUniquenessSanityChecks/src/unique/TestBadArgs.java.html" line="0" baseImage="warning.gif" flags="0" />
    <result msg="/Users/aarong/Work/Eclipse Workspaces/Eclipse 3.3/Fluid Runtime Workspace/TestUniquenessSanityChecks/src/unique/TestBadArgs.java:1 -- Unable to parse past @Unique   ___ a, b, c  at  TestBadArgs.java" source="/TestUniquenessSanityChecks/src/unique/TestBadArgs.java.html" line="0" baseImage="warning.gif" flags="0" />
    <result msg="/Users/aarong/Work/Eclipse Workspaces/Eclipse 3.3/Fluid Runtime Workspace/TestUniquenessSanityChecks/src/unique/TestBadArgs.java:1 -- Unable to parse past @Unique   ___ a, b, c  at  TestBadArgs.java" source="/TestUniquenessSanityChecks/src/unique/TestBadArgs.java.html" line="0" baseImage="warning.gif" flags="0" />
    <result msg="/Users/aarong/Work/Eclipse Workspaces/Eclipse 3.3/Fluid Runtime Workspace/TestUniquenessSanityChecks/src/unique/TestBadArgs.java:1 -- Unable to parse past @Unique   ___ a, b, c  at  TestBadArgs.java" source="/TestUniquenessSanityChecks/src/unique/TestBadArgs.java.html" line="0" baseImage="warning.gif" flags="0" />
    <result msg="/Users/aarong/Work/Eclipse Workspaces/Eclipse 3.3/Fluid Runtime Workspace/TestUniquenessSanityChecks/src/unique/TestBadArgs.java:1 -- Unable to parse past @Unique   ___ a, b, c  at  TestBadArgs.java" source="/TestUniquenessSanityChecks/src/unique/TestBadArgs.java.html" line="0" baseImage="warning.gif" flags="0" />
    <result msg="/Users/aarong/Work/Eclipse Workspaces/Eclipse 3.3/Fluid Runtime Workspace/TestUniquenessSanityChecks/src/unique/TestBadArgs.java:1 -- Unable to parse past @Unique   ___ a, b, c  at  TestBadArgs.java" source="/TestUniquenessSanityChecks/src/unique/TestBadArgs.java.html" line="0" baseImage="warning.gif" flags="0" />
    <result msg="/Users/aarong/Work/Eclipse Workspaces/Eclipse 3.3/Fluid Runtime Workspace/TestUniquenessSanityChecks/src/unique/TestBadArgs.java:1 -- Unable to parse past @Unique   ___ return    at  TestBadArgs.java" source="/TestUniquenessSanityChecks/src/unique/TestBadArgs.java.html" line="0" baseImage="warning.gif" flags="0" />
    <result msg="/Users/aarong/Work/Eclipse Workspaces/Eclipse 3.3/Fluid Runtime Workspace/TestUniquenessSanityChecks/src/unique/TestBadArgs.java:1 -- Unable to parse past @Unique   ___ return    at  TestBadArgs.java" source="/TestUniquenessSanityChecks/src/unique/TestBadArgs.java.html" line="0" baseImage="warning.gif" flags="0" />
    <result msg="/Users/aarong/Work/Eclipse Workspaces/Eclipse 3.3/Fluid Runtime Workspace/TestUniquenessSanityChecks/src/unique/TestBadArgs.java:1 -- Unable to parse past @Unique   ___ return , this   at  TestBadArgs.java" source="/TestUniquenessSanityChecks/src/unique/TestBadArgs.java.html" line="0" baseImage="warning.gif" flags="0" />
    <result msg="/Users/aarong/Work/Eclipse Workspaces/Eclipse 3.3/Fluid Runtime Workspace/TestUniquenessSanityChecks/src/unique/TestBadArgs.java:1 -- Unable to parse past @Unique   ___ return , this   at  TestBadArgs.java" source="/TestUniquenessSanityChecks/src/unique/TestBadArgs.java.html" line="0" baseImage="warning.gif" flags="0" />
    <result msg="/Users/aarong/Work/Eclipse Workspaces/Eclipse 3.3/Fluid Runtime Workspace/TestUniquenessSanityChecks/src/unique/TestBadArgs.java:1 -- Unable to parse past @Unique   ___ this   at  TestBadArgs.java" source="/TestUniquenessSanityChecks/src/unique/TestBadArgs.java.html" line="0" baseImage="warning.gif" flags="0" />
    <result msg="/Users/aarong/Work/Eclipse Workspaces/Eclipse 3.3/Fluid Runtime Workspace/TestUniquenessSanityChecks/src/unique/TestBadArgs.java:1 -- Unable to parse past @Unique   ___ this   at  TestBadArgs.java" source="/TestUniquenessSanityChecks/src/unique/TestBadArgs.java.html" line="0" baseImage="warning.gif" flags="0" />
    <result msg="/Users/aarong/Work/Eclipse Workspaces/Eclipse 3.3/Fluid Runtime Workspace/TestUniquenessSanityChecks/src/unique/TestBadArgs.java:1 -- Unable to parse past @Unique   ___ this   at  TestBadArgs.java" source="/TestUniquenessSanityChecks/src/unique/TestBadArgs.java.html" line="0" baseImage="warning.gif" flags="0" />
    <result msg="/Users/aarong/Work/Eclipse Workspaces/Eclipse 3.3/Fluid Runtime Workspace/TestUniquenessSanityChecks/src/unique/TestBadArgs.java:1 -- Unable to parse past @Unique   ___ this   at  TestBadArgs.java" source="/TestUniquenessSanityChecks/src/unique/TestBadArgs.java.html" line="0" baseImage="warning.gif" flags="0" />
    <result msg="/Users/aarong/Work/Eclipse Workspaces/Eclipse 3.3/Fluid Runtime Workspace/TestUniquenessSanityChecks/src/unique/TestBadArgs.java:1 -- Unable to parse past @Unique   ___ this , return   at  TestBadArgs.java" source="/TestUniquenessSanityChecks/src/unique/TestBadArgs.java.html" line="0" baseImage="warning.gif" flags="0" />
    <result msg="/Users/aarong/Work/Eclipse Workspaces/Eclipse 3.3/Fluid Runtime Workspace/TestUniquenessSanityChecks/src/unique/TestBadArgs.java:1 -- Unable to parse past @Unique   ___ this , return   at  TestBadArgs.java" source="/TestUniquenessSanityChecks/src/unique/TestBadArgs.java.html" line="0" baseImage="warning.gif" flags="0" />
    <result msg="/Users/aarong/Work/Eclipse Workspaces/Eclipse 3.3/Fluid Runtime Workspace/TestUniquenessSanityChecks/src/unique/TestBadArgs.java:1 -- Unable to parse past @Unique   ___ this, return   at  TestBadArgs.java" source="/TestUniquenessSanityChecks/src/unique/TestBadArgs.java.html" line="0" baseImage="warning.gif" flags="0" />
    <result msg="/Users/aarong/Work/Eclipse Workspaces/Eclipse 3.3/Fluid Runtime Workspace/TestUniquenessSanityChecks/src/unique/TestBadArgs.java:1 -- Unable to parse past @Unique   ___ this, return   at  TestBadArgs.java" source="/TestUniquenessSanityChecks/src/unique/TestBadArgs.java.html" line="0" baseImage="warning.gif" flags="0" />
    <result msg="/Users/aarong/Work/Eclipse Workspaces/Eclipse 3.3/Fluid Runtime Workspace/TestUniquenessSanityChecks/src/unique/TestBadArgs.java:1 -- Unable to parse past @Unique   ___ this, return   at  TestBadArgs.java" source="/TestUniquenessSanityChecks/src/unique/TestBadArgs.java.html" line="0" baseImage="warning.gif" flags="0" />
    <result msg="/Users/aarong/Work/Eclipse Workspaces/Eclipse 3.3/Fluid Runtime Workspace/TestUniquenessSanityChecks/src/unique/TestBadArgs.java:1 -- Unable to parse past @Unique   ___ this, return   at  TestBadArgs.java" source="/TestUniquenessSanityChecks/src/unique/TestBadArgs.java.html" line="0" baseImage="warning.gif" flags="0" />
    <result msg="/Users/aarong/Work/Eclipse Workspaces/Eclipse 3.3/Fluid Runtime Workspace/TestUniquenessSanityChecks/src/unique/TestBadArgs.java:2 -- Unable to parse past @Unique    ___ a    at  TestBadArgs.java" source="/TestUniquenessSanityChecks/src/unique/TestBadArgs.java.html" line="0" baseImage="warning.gif" flags="0" />
    <result msg="/Users/aarong/Work/Eclipse Workspaces/Eclipse 3.3/Fluid Runtime Workspace/TestUniquenessSanityChecks/src/unique/TestBadArgs.java:2 -- Unable to parse past @Unique    ___ a    at  TestBadArgs.java" source="/TestUniquenessSanityChecks/src/unique/TestBadArgs.java.html" line="0" baseImage="warning.gif" flags="0" />
    <result msg="/Users/aarong/Work/Eclipse Workspaces/Eclipse 3.3/Fluid Runtime Workspace/TestUniquenessSanityChecks/src/unique/TestBadArgs.java:2 -- Unable to parse past @Unique    ___ return    at  TestBadArgs.java" source="/TestUniquenessSanityChecks/src/unique/TestBadArgs.java.html" line="0" baseImage="warning.gif" flags="0" />
    <result msg="/Users/aarong/Work/Eclipse Workspaces/Eclipse 3.3/Fluid Runtime Workspace/TestUniquenessSanityChecks/src/unique/TestBadArgs.java:2 -- Unable to parse past @Unique    ___ return    at  TestBadArgs.java" source="/TestUniquenessSanityChecks/src/unique/TestBadArgs.java.html" line="0" baseImage="warning.gif" flags="0" />
    <result msg="/Users/aarong/Work/Eclipse Workspaces/Eclipse 3.3/Fluid Runtime Workspace/TestUniquenessSanityChecks/src/unique/TestBadArgs.java:2 -- Unable to parse past @Unique    ___ return  , this    at  TestBadArgs.java" source="/TestUniquenessSanityChecks/src/unique/TestBadArgs.java.html" line="0" baseImage="warning.gif" flags="0" />
    <result msg="/Users/aarong/Work/Eclipse Workspaces/Eclipse 3.3/Fluid Runtime Workspace/TestUniquenessSanityChecks/src/unique/TestBadArgs.java:2 -- Unable to parse past @Unique    ___ return  , this    at  TestBadArgs.java" source="/TestUniquenessSanityChecks/src/unique/TestBadArgs.java.html" line="0" baseImage="warning.gif" flags="0" />
    <result msg="/Users/aarong/Work/Eclipse Workspaces/Eclipse 3.3/Fluid Runtime Workspace/TestUniquenessSanityChecks/src/unique/TestBadArgs.java:2 -- Unable to parse past @Unique    ___ this    at  TestBadArgs.java" source="/TestUniquenessSanityChecks/src/unique/TestBadArgs.java.html" line="0" baseImage="warning.gif" flags="0" />
    <result msg="/Users/aarong/Work/Eclipse Workspaces/Eclipse 3.3/Fluid Runtime Workspace/TestUniquenessSanityChecks/src/unique/TestBadArgs.java:2 -- Unable to parse past @Unique    ___ this    at  TestBadArgs.java" source="/TestUniquenessSanityChecks/src/unique/TestBadArgs.java.html" line="0" baseImage="warning.gif" flags="0" />
    <result msg="/Users/aarong/Work/Eclipse Workspaces/Eclipse 3.3/Fluid Runtime Workspace/TestUniquenessSanityChecks/src/unique/TestBadArgs.java:7 -- Unable to parse past @Unique  this,  ___ a, b, c  at  TestBadArgs.java" source="/TestUniquenessSanityChecks/src/unique/TestBadArgs.java.html" line="0" baseImage="warning.gif" flags="0" />
    <result msg="/Users/aarong/Work/Eclipse Workspaces/Eclipse 3.3/Fluid Runtime Workspace/TestUniquenessSanityChecks/src/unique/TestBadArgs.java:8 -- Unable to parse past @Unique  return  ___ , this   at  TestBadArgs.java" source="/TestUniquenessSanityChecks/src/unique/TestBadArgs.java.html" line="0" baseImage="warning.gif" flags="0" />
    <result msg="/Users/aarong/Work/Eclipse Workspaces/Eclipse 3.3/Fluid Runtime Workspace/TestUniquenessSanityChecks/src/unique/TestBadArgs.java:8 -- Unable to parse past @Unique  return  ___ , this   at  TestBadArgs.java" source="/TestUniquenessSanityChecks/src/unique/TestBadArgs.java.html" line="0" baseImage="warning.gif" flags="0" />
    <result msg="Borrowed may not be used on primitive types on Borrowed  at  Test.java" source="/TestUniquenessSanityChecks/src/nonReference/Test.java.html" line="0" baseImage="warning.gif" flags="0" />
    <result msg="Cannot be both unique and borrowed on Unique" baseImage="warning.gif" flags="0" />
    <result msg="Cannot be both unique and borrowed on Unique" baseImage="warning.gif" flags="0" />
    <result msg="Cannot be both unique and borrowed on Unique  at  Test.java" source="/TestUniquenessSanityChecks/src/conflicts/Test.java.html" line="0" baseImage="warning.gif" flags="0" />
    <result msg="Cannot be both unique and borrowed on Unique  at  Test.java" source="/TestUniquenessSanityChecks/src/conflicts/Test.java.html" line="0" baseImage="warning.gif" flags="0" />
    <result msg="Cannot be both unique and not unique on Unique" baseImage="warning.gif" flags="0" />
    <result msg="Cannot be both unique and not unique on Unique" baseImage="warning.gif" flags="0" />
    <result msg="Cannot be both unique and not unique on Unique  at  Test.java" source="/TestUniquenessSanityChecks/src/conflicts/Test.java.html" line="0" baseImage="warning.gif" flags="0" />
    <result msg="Cannot be both unique and not unique on Unique  at  Test.java" source="/TestUniquenessSanityChecks/src/conflicts/Test.java.html" line="0" baseImage="warning.gif" flags="0" />
    <result msg="NotUnique may not be used on primitive types on NotUnique  at  Test.java" source="/TestUniquenessSanityChecks/src/nonReference/Test.java.html" line="0" baseImage="warning.gif" flags="0" />
    <result msg="PromiseWarningDrop (EMPTY)  at  Test.java line 12" source="/TestUniquenessSanityChecks/src/conflicts/Test.java.html" line="12" baseImage="warning.gif" flags="0" />
    <result msg="PromiseWarningDrop (EMPTY)  at  Test.java line 12" source="/TestUniquenessSanityChecks/src/conflicts/Test.java.html" line="12" baseImage="warning.gif" flags="0" />
    <result msg="PromiseWarningDrop (EMPTY)  at  Test.java line 13" source="/TestUniquenessSanityChecks/src/conflicts/Test.java.html" line="13" baseImage="warning.gif" flags="0" />
    <result msg="PromiseWarningDrop (EMPTY)  at  Test.java line 13" source="/TestUniquenessSanityChecks/src/conflicts/Test.java.html" line="13" baseImage="warning.gif" flags="0" />
    <result msg="PromiseWarningDrop (EMPTY)  at  Test.java line 15" source="/TestUniquenessSanityChecks/src/conflicts/Test.java.html" line="15" baseImage="warning.gif" flags="0" />
    <result msg="PromiseWarningDrop (EMPTY)  at  Test.java line 15" source="/TestUniquenessSanityChecks/src/conflicts/Test.java.html" line="15" baseImage="warning.gif" flags="0" />
    <result msg="PromiseWarningDrop (EMPTY)  at  Test.java line 15" source="/TestUniquenessSanityChecks/src/conflicts/Test.java.html" line="15" baseImage="warning.gif" flags="0" />
    <result msg="PromiseWarningDrop (EMPTY)  at  Test.java line 30" source="/TestUniquenessSanityChecks/src/conflicts/Test.java.html" line="30" baseImage="warning.gif" flags="0" />
    <result msg="PromiseWarningDrop (EMPTY)  at  Test.java line 31" source="/TestUniquenessSanityChecks/src/conflicts/Test.java.html" line="31" baseImage="warning.gif" flags="0" />
    <result msg="PromiseWarningDrop (EMPTY)  at  Test.java line 34" source="/TestUniquenessSanityChecks/src/conflicts/Test.java.html" line="34" baseImage="warning.gif" flags="0" />
    <result msg="PromiseWarningDrop (EMPTY)  at  Test.java line 35" source="/TestUniquenessSanityChecks/src/conflicts/Test.java.html" line="35" baseImage="warning.gif" flags="0" />
    <result msg="PromiseWarningDrop (EMPTY)  at  Test.java line 42" source="/TestUniquenessSanityChecks/src/conflicts/Test.java.html" line="42" baseImage="warning.gif" flags="0" />
    <result msg="PromiseWarningDrop (EMPTY)  at  Test.java line 43" source="/TestUniquenessSanityChecks/src/conflicts/Test.java.html" line="43" baseImage="warning.gif" flags="0" />
    <result msg="PromiseWarningDrop (EMPTY)  at  Test.java line 44" source="/TestUniquenessSanityChecks/src/conflicts/Test.java.html" line="44" baseImage="warning.gif" flags="0" />
    <result msg="Unique may not be used on primitive types on Unique" baseImage="warning.gif" flags="0" />
    <result msg="Unique may not be used on primitive types on Unique  at  Test.java" source="/TestUniquenessSanityChecks/src/nonReference/Test.java.html" line="0" baseImage="warning.gif" flags="0" />
    <result msg="Unique may not be used on primitive types on Unique  at  Test.java" source="/TestUniquenessSanityChecks/src/nonReference/Test.java.html" line="0" baseImage="warning.gif" flags="0" />
  </result>
  <result msg="Suggestions and warnings (115 issues)" baseImage="info.gif" flags="0">
    <result msg="borrowed (39 issues)" baseImage="package.gif" flags="64">
      <result msg="borrowed.TestBadArgs (26 issues)" baseImage="class.gif" flags="64">
        <result msg="@Borrowed  f, a, b matched UNPARSEABLE  at  TestBadArgs.java line 13" source="/TestUniquenessSanityChecks/src/borrowed/TestBadArgs.java.html" line="13" baseImage="info.gif" flags="0" />
        <result msg="@Borrowed  f, a, b matched UNPARSEABLE  at  TestBadArgs.java line 19" source="/TestUniquenessSanityChecks/src/borrowed/TestBadArgs.java.html" line="19" baseImage="info.gif" flags="0" />
        <result msg="@Borrowed  f, a, b matched UNPARSEABLE  at  TestBadArgs.java line 43" source="/TestUniquenessSanityChecks/src/borrowed/TestBadArgs.java.html" line="43" baseImage="info.gif" flags="0" />
        <result msg="@Borrowed  f, a, b matched UNPARSEABLE  at  TestBadArgs.java line 61" source="/TestUniquenessSanityChecks/src/borrowed/TestBadArgs.java.html" line="61" baseImage="info.gif" flags="0" />
        <result msg="@Borrowed  matched CONSISTENT  at  TestBadArgs.java line 14" source="/TestUniquenessSanityChecks/src/borrowed/TestBadArgs.java.html" line="14" baseImage="info.gif" flags="0" />
        <result msg="@Borrowed  matched CONSISTENT  at  TestBadArgs.java line 7" source="/TestUniquenessSanityChecks/src/borrowed/TestBadArgs.java.html" line="7" baseImage="info.gif" flags="0" />
        <result msg="@Borrowed  matched CONSISTENT  at  TestBadArgs.java line 8" source="/TestUniquenessSanityChecks/src/borrowed/TestBadArgs.java.html" line="8" baseImage="info.gif" flags="0" />
        <result msg="@Borrowed  matched UNPARSEABLE  at  TestBadArgs.java line 25" source="/TestUniquenessSanityChecks/src/borrowed/TestBadArgs.java.html" line="25" baseImage="info.gif" flags="0" />
        <result msg="@Borrowed  matched UNPARSEABLE  at  TestBadArgs.java line 28" source="/TestUniquenessSanityChecks/src/borrowed/TestBadArgs.java.html" line="28" baseImage="info.gif" flags="0" />
        <result msg="@Borrowed  matched UNPARSEABLE  at  TestBadArgs.java line 46" source="/TestUniquenessSanityChecks/src/borrowed/TestBadArgs.java.html" line="46" baseImage="info.gif" flags="0" />
        <result msg="@Borrowed return matched UNPARSEABLE  at  TestBadArgs.java line 10" source="/TestUniquenessSanityChecks/src/borrowed/TestBadArgs.java.html" line="10" baseImage="info.gif" flags="0" />
        <result msg="@Borrowed return matched UNPARSEABLE  at  TestBadArgs.java line 16" source="/TestUniquenessSanityChecks/src/borrowed/TestBadArgs.java.html" line="16" baseImage="info.gif" flags="0" />
        <result msg="@Borrowed return matched UNPARSEABLE  at  TestBadArgs.java line 34" source="/TestUniquenessSanityChecks/src/borrowed/TestBadArgs.java.html" line="34" baseImage="info.gif" flags="0" />
        <result msg="@Borrowed return matched UNPARSEABLE  at  TestBadArgs.java line 52" source="/TestUniquenessSanityChecks/src/borrowed/TestBadArgs.java.html" line="52" baseImage="info.gif" flags="0" />
        <result msg="@Borrowed return, this matched UNPARSEABLE  at  TestBadArgs.java line 11" source="/TestUniquenessSanityChecks/src/borrowed/TestBadArgs.java.html" line="11" baseImage="info.gif" flags="0" />
        <result msg="@Borrowed return, this matched UNPARSEABLE  at  TestBadArgs.java line 17" source="/TestUniquenessSanityChecks/src/borrowed/TestBadArgs.java.html" line="17" baseImage="info.gif" flags="0" />
        <result msg="@Borrowed return, this matched UNPARSEABLE  at  TestBadArgs.java line 37" source="/TestUniquenessSanityChecks/src/borrowed/TestBadArgs.java.html" line="37" baseImage="info.gif" flags="0" />
        <result msg="@Borrowed return, this matched UNPARSEABLE  at  TestBadArgs.java line 55" source="/TestUniquenessSanityChecks/src/borrowed/TestBadArgs.java.html" line="55" baseImage="info.gif" flags="0" />
        <result msg="@Borrowed this matched CONSISTENT  at  TestBadArgs.java line 31" source="/TestUniquenessSanityChecks/src/borrowed/TestBadArgs.java.html" line="31" baseImage="info.gif" flags="0" />
        <result msg="@Borrowed this matched CONSISTENT  at  TestBadArgs.java line 49" source="/TestUniquenessSanityChecks/src/borrowed/TestBadArgs.java.html" line="49" baseImage="info.gif" flags="0" />
        <result msg="@Borrowed this matched UNPARSEABLE  at  TestBadArgs.java line 15" source="/TestUniquenessSanityChecks/src/borrowed/TestBadArgs.java.html" line="15" baseImage="info.gif" flags="0" />
        <result msg="@Borrowed this matched UNPARSEABLE  at  TestBadArgs.java line 9" source="/TestUniquenessSanityChecks/src/borrowed/TestBadArgs.java.html" line="9" baseImage="info.gif" flags="0" />
        <result msg="@Borrowed this, return matched UNPARSEABLE  at  TestBadArgs.java line 12" source="/TestUniquenessSanityChecks/src/borrowed/TestBadArgs.java.html" line="12" baseImage="info.gif" flags="0" />
        <result msg="@Borrowed this, return matched UNPARSEABLE  at  TestBadArgs.java line 18" source="/TestUniquenessSanityChecks/src/borrowed/TestBadArgs.java.html" line="18" baseImage="info.gif" flags="0" />
        <result msg="@Borrowed this, return matched UNPARSEABLE  at  TestBadArgs.java line 40" source="/TestUniquenessSanityChecks/src/borrowed/TestBadArgs.java.html" line="40" baseImage="info.gif" flags="0" />
        <result msg="@Borrowed this, return matched UNPARSEABLE  at  TestBadArgs.java line 58" source="/TestUniquenessSanityChecks/src/borrowed/TestBadArgs.java.html" line="58" baseImage="info.gif" flags="0" />
      </result>
      <result msg="borrowed.TestBadArgs.Constructor2 (1 issue)" baseImage="class.gif" flags="64">
        <result msg="@Borrowed  matched UNPARSEABLE  at  TestBadArgs.java line 72" source="/TestUniquenessSanityChecks/src/borrowed/TestBadArgs.java.html" line="72" baseImage="info.gif" flags="0" />
      </result>
      <result msg="borrowed.TestBadArgs.Constructor3 (1 issue)" baseImage="class.gif" flags="64">
        <result msg="@Borrowed  matched UNPARSEABLE  at  TestBadArgs.java line 77" source="/TestUniquenessSanityChecks/src/borrowed/TestBadArgs.java.html" line="77" baseImage="info.gif" flags="0" />
      </result>
      <result msg="borrowed.TestBadArgs.Constructor3a (1 issue)" baseImage="class.gif" flags="64">
        <result msg="@Borrowed  matched UNPARSEABLE  at  TestBadArgs.java line 107" source="/TestUniquenessSanityChecks/src/borrowed/TestBadArgs.java.html" line="107" baseImage="info.gif" flags="0" />
      </result>
      <result msg="borrowed.TestBadArgs.Constructor4 (1 issue)" baseImage="class.gif" flags="64">
        <result msg="@Borrowed this matched CONSISTENT  at  TestBadArgs.java line 82" source="/TestUniquenessSanityChecks/src/borrowed/TestBadArgs.java.html" line="82" baseImage="info.gif" flags="0" />
      </result>
      <result msg="borrowed.TestBadArgs.Constructor4a (1 issue)" baseImage="class.gif" flags="64">
        <result msg="@Borrowed this matched CONSISTENT  at  TestBadArgs.java line 112" source="/TestUniquenessSanityChecks/src/borrowed/TestBadArgs.java.html" line="112" baseImage="info.gif" flags="0" />
      </result>
      <result msg="borrowed.TestBadArgs.Constructor5 (1 issue)" baseImage="class.gif" flags="64">
        <result msg="@Borrowed return matched UNPARSEABLE  at  TestBadArgs.java line 87" source="/TestUniquenessSanityChecks/src/borrowed/TestBadArgs.java.html" line="87" baseImage="info.gif" flags="0" />
      </result>
      <result msg="borrowed.TestBadArgs.Constructor5a (1 issue)" baseImage="class.gif" flags="64">
        <result msg="@Borrowed return matched UNPARSEABLE  at  TestBadArgs.java line 117" source="/TestUniquenessSanityChecks/src/borrowed/TestBadArgs.java.html" line="117" baseImage="info.gif" flags="0" />
      </result>
      <result msg="borrowed.TestBadArgs.Constructor6 (1 issue)" baseImage="class.gif" flags="64">
        <result msg="@Borrowed return, this matched UNPARSEABLE  at  TestBadArgs.java line 92" source="/TestUniquenessSanityChecks/src/borrowed/TestBadArgs.java.html" line="92" baseImage="info.gif" flags="0" />
      </result>
      <result msg="borrowed.TestBadArgs.Constructor6a (1 issue)" baseImage="class.gif" flags="64">
        <result msg="@Borrowed return, this matched UNPARSEABLE  at  TestBadArgs.java line 122" source="/TestUniquenessSanityChecks/src/borrowed/TestBadArgs.java.html" line="122" baseImage="info.gif" flags="0" />
      </result>
      <result msg="borrowed.TestBadArgs.Constructor7 (1 issue)" baseImage="class.gif" flags="64">
        <result msg="@Borrowed this, return matched UNPARSEABLE  at  TestBadArgs.java line 97" source="/TestUniquenessSanityChecks/src/borrowed/TestBadArgs.java.html" line="97" baseImage="info.gif" flags="0" />
      </result>
      <result msg="borrowed.TestBadArgs.Constructor7a (1 issue)" baseImage="class.gif" flags="64">
        <result msg="@Borrowed this, return matched UNPARSEABLE  at  TestBadArgs.java line 127" source="/TestUniquenessSanityChecks/src/borrowed/TestBadArgs.java.html" line="127" baseImage="info.gif" flags="0" />
      </result>
      <result msg="borrowed.TestBadArgs.Constructor8 (1 issue)" baseImage="class.gif" flags="64">
        <result msg="@Borrowed  f, a, b matched UNPARSEABLE  at  TestBadArgs.java line 102" source="/TestUniquenessSanityChecks/src/borrowed/TestBadArgs.java.html" line="102" baseImage="info.gif" flags="0" />
      </result>
      <result msg="borrowed.TestBadArgs.Constructor8a (1 issue)" baseImage="class.gif" flags="64">
        <result msg="@Borrowed  f, a, b matched UNPARSEABLE  at  TestBadArgs.java line 132" source="/TestUniquenessSanityChecks/src/borrowed/TestBadArgs.java.html" line="132" baseImage="info.gif" flags="0" />
      </result>
    </result>
    <result msg="conflicts (10 issues)" baseImage="package.gif" flags="64">
      <result msg="conflicts.Test (10 issues)" baseImage="class.gif" flags="64">
        <result msg="@Borrowed  matched CONSISTENT  at  Test.java line 10" source="/TestUniquenessSanityChecks/src/conflicts/Test.java.html" line="10" baseImage="info.gif" flags="0" />
        <result msg="@Borrowed  matched CONSISTENT  at  Test.java line 14" source="/TestUniquenessSanityChecks/src/conflicts/Test.java.html" line="14" baseImage="info.gif" flags="0" />
        <result msg="@Borrowed this matched CONSISTENT  at  Test.java line 24" source="/TestUniquenessSanityChecks/src/conflicts/Test.java.html" line="24" baseImage="info.gif" flags="0" />
        <result msg="@Borrowed this matched CONSISTENT  at  Test.java line 38" source="/TestUniquenessSanityChecks/src/conflicts/Test.java.html" line="38" baseImage="info.gif" flags="0" />
        <result msg="@NotUnique  matched CONSISTENT  at  Test.java line 11" source="/TestUniquenessSanityChecks/src/conflicts/Test.java.html" line="11" baseImage="info.gif" flags="0" />
        <result msg="@NotUnique  matched CONSISTENT  at  Test.java line 14" source="/TestUniquenessSanityChecks/src/conflicts/Test.java.html" line="14" baseImage="info.gif" flags="0" />
        <result msg="@NotUnique this matched CONSISTENT  at  Test.java line 27" source="/TestUniquenessSanityChecks/src/conflicts/Test.java.html" line="27" baseImage="info.gif" flags="0" />
        <result msg="@NotUnique this matched CONSISTENT  at  Test.java line 39" source="/TestUniquenessSanityChecks/src/conflicts/Test.java.html" line="39" baseImage="info.gif" flags="0" />
        <result msg="@Unique  matched CONSISTENT  at  Test.java line 9" source="/TestUniquenessSanityChecks/src/conflicts/Test.java.html" line="9" baseImage="info.gif" flags="0" />
        <result msg="@Unique this matched CONSISTENT  at  Test.java line 21" source="/TestUniquenessSanityChecks/src/conflicts/Test.java.html" line="21" baseImage="info.gif" flags="0" />
      </result>
    </result>
    <result msg="nonReference (13 issues)" baseImage="package.gif" flags="64">
      <result msg="nonReference.Test (13 issues)" baseImage="class.gif" flags="64">
        <result msg="@Borrowed  matched CONSISTENT  at  Test.java line 52" source="/TestUniquenessSanityChecks/src/nonReference/Test.java.html" line="52" baseImage="info.gif" flags="0" />
        <result msg="@Borrowed  matched UNASSOCIATED  at  Test.java line 56" source="/TestUniquenessSanityChecks/src/nonReference/Test.java.html" line="56" baseImage="info.gif" flags="0" />
        <result msg="@Borrowed this matched CONSISTENT  at  Test.java line 45" source="/TestUniquenessSanityChecks/src/nonReference/Test.java.html" line="45" baseImage="info.gif" flags="0" />
        <result msg="@NotUnique  matched CONSISTENT  at  Test.java line 69" source="/TestUniquenessSanityChecks/src/nonReference/Test.java.html" line="69" baseImage="info.gif" flags="0" />
        <result msg="@NotUnique  matched UNASSOCIATED  at  Test.java line 73" source="/TestUniquenessSanityChecks/src/nonReference/Test.java.html" line="73" baseImage="info.gif" flags="0" />
        <result msg="@NotUnique this matched CONSISTENT  at  Test.java line 62" source="/TestUniquenessSanityChecks/src/nonReference/Test.java.html" line="62" baseImage="info.gif" flags="0" />
        <result msg="@Unique  matched CONSISTENT  at  Test.java line 11" source="/TestUniquenessSanityChecks/src/nonReference/Test.java.html" line="11" baseImage="info.gif" flags="0" />
        <result msg="@Unique  matched CONSISTENT  at  Test.java line 35" source="/TestUniquenessSanityChecks/src/nonReference/Test.java.html" line="35" baseImage="info.gif" flags="0" />
        <result msg="@Unique  matched UNASSOCIATED  at  Test.java line 39" source="/TestUniquenessSanityChecks/src/nonReference/Test.java.html" line="39" baseImage="info.gif" flags="0" />
        <result msg="@Unique  matched UNASSOCIATED  at  Test.java line 8" source="/TestUniquenessSanityChecks/src/nonReference/Test.java.html" line="8" baseImage="info.gif" flags="0" />
        <result msg="@Unique return matched CONSISTENT  at  Test.java line 21" source="/TestUniquenessSanityChecks/src/nonReference/Test.java.html" line="21" baseImage="info.gif" flags="0" />
        <result msg="@Unique return matched UNASSOCIATED  at  Test.java line 16" source="/TestUniquenessSanityChecks/src/nonReference/Test.java.html" line="16" baseImage="info.gif" flags="0" />
        <result msg="@Unique this matched CONSISTENT  at  Test.java line 28" source="/TestUniquenessSanityChecks/src/nonReference/Test.java.html" line="28" baseImage="info.gif" flags="0" />
      </result>
    </result>
    <result msg="unique (53 issues)" baseImage="package.gif" flags="64">
      <result msg="unique.TestBadArgs (40 issues)" baseImage="class.gif" flags="64">
        <result msg="@Unique   a   matched UNPARSEABLE  at  TestBadArgs.java line 29" source="/TestUniquenessSanityChecks/src/unique/TestBadArgs.java.html" line="29" baseImage="info.gif" flags="0" />
        <result msg="@Unique   a   matched UNPARSEABLE  at  TestBadArgs.java line 47" source="/TestUniquenessSanityChecks/src/unique/TestBadArgs.java.html" line="47" baseImage="info.gif" flags="0" />
        <result msg="@Unique   return   matched UNPARSEABLE  at  TestBadArgs.java line 20" source="/TestUniquenessSanityChecks/src/unique/TestBadArgs.java.html" line="20" baseImage="info.gif" flags="0" />
        <result msg="@Unique   return   matched UNPARSEABLE  at  TestBadArgs.java line 38" source="/TestUniquenessSanityChecks/src/unique/TestBadArgs.java.html" line="38" baseImage="info.gif" flags="0" />
        <result msg="@Unique   return  , this   matched UNPARSEABLE  at  TestBadArgs.java line 26" source="/TestUniquenessSanityChecks/src/unique/TestBadArgs.java.html" line="26" baseImage="info.gif" flags="0" />
        <result msg="@Unique   return  , this   matched UNPARSEABLE  at  TestBadArgs.java line 44" source="/TestUniquenessSanityChecks/src/unique/TestBadArgs.java.html" line="44" baseImage="info.gif" flags="0" />
        <result msg="@Unique   this   matched UNPARSEABLE  at  TestBadArgs.java line 17" source="/TestUniquenessSanityChecks/src/unique/TestBadArgs.java.html" line="17" baseImage="info.gif" flags="0" />
        <result msg="@Unique   this   matched UNPARSEABLE  at  TestBadArgs.java line 35" source="/TestUniquenessSanityChecks/src/unique/TestBadArgs.java.html" line="35" baseImage="info.gif" flags="0" />
        <result msg="@Unique  a, b, c matched UNPARSEABLE  at  TestBadArgs.java line 192" source="/TestUniquenessSanityChecks/src/unique/TestBadArgs.java.html" line="192" baseImage="info.gif" flags="0" />
        <result msg="@Unique  a, b, c matched UNPARSEABLE  at  TestBadArgs.java line 210" source="/TestUniquenessSanityChecks/src/unique/TestBadArgs.java.html" line="210" baseImage="info.gif" flags="0" />
        <result msg="@Unique  a, b, c matched UNPARSEABLE  at  TestBadArgs.java line 67" source="/TestUniquenessSanityChecks/src/unique/TestBadArgs.java.html" line="67" baseImage="info.gif" flags="0" />
        <result msg="@Unique  a, b, c matched UNPARSEABLE  at  TestBadArgs.java line 79" source="/TestUniquenessSanityChecks/src/unique/TestBadArgs.java.html" line="79" baseImage="info.gif" flags="0" />
        <result msg="@Unique  matched CONSISTENT  at  TestBadArgs.java line 11" source="/TestUniquenessSanityChecks/src/unique/TestBadArgs.java.html" line="11" baseImage="info.gif" flags="0" />
        <result msg="@Unique  matched CONSISTENT  at  TestBadArgs.java line 14" source="/TestUniquenessSanityChecks/src/unique/TestBadArgs.java.html" line="14" baseImage="info.gif" flags="0" />
        <result msg="@Unique  matched CONSISTENT  at  TestBadArgs.java line 32" source="/TestUniquenessSanityChecks/src/unique/TestBadArgs.java.html" line="32" baseImage="info.gif" flags="0" />
        <result msg="@Unique  matched CONSISTENT  at  TestBadArgs.java line 55" source="/TestUniquenessSanityChecks/src/unique/TestBadArgs.java.html" line="55" baseImage="info.gif" flags="0" />
        <result msg="@Unique  matched CONSISTENT  at  TestBadArgs.java line 57" source="/TestUniquenessSanityChecks/src/unique/TestBadArgs.java.html" line="57" baseImage="info.gif" flags="0" />
        <result msg="@Unique  matched CONSISTENT  at  TestBadArgs.java line 69" source="/TestUniquenessSanityChecks/src/unique/TestBadArgs.java.html" line="69" baseImage="info.gif" flags="0" />
        <result msg="@Unique  matched UNPARSEABLE  at  TestBadArgs.java line 174" source="/TestUniquenessSanityChecks/src/unique/TestBadArgs.java.html" line="174" baseImage="info.gif" flags="0" />
        <result msg="@Unique  matched UNPARSEABLE  at  TestBadArgs.java line 177" source="/TestUniquenessSanityChecks/src/unique/TestBadArgs.java.html" line="177" baseImage="info.gif" flags="0" />
        <result msg="@Unique  matched UNPARSEABLE  at  TestBadArgs.java line 195" source="/TestUniquenessSanityChecks/src/unique/TestBadArgs.java.html" line="195" baseImage="info.gif" flags="0" />
        <result msg="@Unique  return   matched CONSISTENT  at  TestBadArgs.java line 183" source="/TestUniquenessSanityChecks/src/unique/TestBadArgs.java.html" line="183" baseImage="info.gif" flags="0" />
        <result msg="@Unique  return   matched CONSISTENT  at  TestBadArgs.java line 201" source="/TestUniquenessSanityChecks/src/unique/TestBadArgs.java.html" line="201" baseImage="info.gif" flags="0" />
        <result msg="@Unique  return   matched UNPARSEABLE  at  TestBadArgs.java line 61" source="/TestUniquenessSanityChecks/src/unique/TestBadArgs.java.html" line="61" baseImage="info.gif" flags="0" />
        <result msg="@Unique  return   matched UNPARSEABLE  at  TestBadArgs.java line 73" source="/TestUniquenessSanityChecks/src/unique/TestBadArgs.java.html" line="73" baseImage="info.gif" flags="0" />
        <result msg="@Unique  return , this  matched CONSISTENT  at  TestBadArgs.java line 189" source="/TestUniquenessSanityChecks/src/unique/TestBadArgs.java.html" line="189" baseImage="info.gif" flags="0" />
        <result msg="@Unique  return , this  matched CONSISTENT  at  TestBadArgs.java line 207" source="/TestUniquenessSanityChecks/src/unique/TestBadArgs.java.html" line="207" baseImage="info.gif" flags="0" />
        <result msg="@Unique  return , this  matched UNPARSEABLE  at  TestBadArgs.java line 65" source="/TestUniquenessSanityChecks/src/unique/TestBadArgs.java.html" line="65" baseImage="info.gif" flags="0" />
        <result msg="@Unique  return , this  matched UNPARSEABLE  at  TestBadArgs.java line 77" source="/TestUniquenessSanityChecks/src/unique/TestBadArgs.java.html" line="77" baseImage="info.gif" flags="0" />
        <result msg="@Unique  this  matched CONSISTENT  at  TestBadArgs.java line 180" source="/TestUniquenessSanityChecks/src/unique/TestBadArgs.java.html" line="180" baseImage="info.gif" flags="0" />
        <result msg="@Unique  this  matched CONSISTENT  at  TestBadArgs.java line 198" source="/TestUniquenessSanityChecks/src/unique/TestBadArgs.java.html" line="198" baseImage="info.gif" flags="0" />
        <result msg="@Unique  this  matched UNPARSEABLE  at  TestBadArgs.java line 59" source="/TestUniquenessSanityChecks/src/unique/TestBadArgs.java.html" line="59" baseImage="info.gif" flags="0" />
        <result msg="@Unique  this  matched UNPARSEABLE  at  TestBadArgs.java line 71" source="/TestUniquenessSanityChecks/src/unique/TestBadArgs.java.html" line="71" baseImage="info.gif" flags="0" />
        <result msg="@Unique  this , return  matched UNPARSEABLE  at  TestBadArgs.java line 23" source="/TestUniquenessSanityChecks/src/unique/TestBadArgs.java.html" line="23" baseImage="info.gif" flags="0" />
        <result msg="@Unique  this , return  matched UNPARSEABLE  at  TestBadArgs.java line 41" source="/TestUniquenessSanityChecks/src/unique/TestBadArgs.java.html" line="41" baseImage="info.gif" flags="0" />
        <result msg="@Unique  this, a, b, c matched UNPARSEABLE  at  TestBadArgs.java line 213" source="/TestUniquenessSanityChecks/src/unique/TestBadArgs.java.html" line="213" baseImage="info.gif" flags="0" />
        <result msg="@Unique  this, return  matched CONSISTENT  at  TestBadArgs.java line 186" source="/TestUniquenessSanityChecks/src/unique/TestBadArgs.java.html" line="186" baseImage="info.gif" flags="0" />
        <result msg="@Unique  this, return  matched CONSISTENT  at  TestBadArgs.java line 204" source="/TestUniquenessSanityChecks/src/unique/TestBadArgs.java.html" line="204" baseImage="info.gif" flags="0" />
        <result msg="@Unique  this, return  matched UNPARSEABLE  at  TestBadArgs.java line 63" source="/TestUniquenessSanityChecks/src/unique/TestBadArgs.java.html" line="63" baseImage="info.gif" flags="0" />
        <result msg="@Unique  this, return  matched UNPARSEABLE  at  TestBadArgs.java line 75" source="/TestUniquenessSanityChecks/src/unique/TestBadArgs.java.html" line="75" baseImage="info.gif" flags="0" />
      </result>
      <result msg="unique.TestBadArgs.Constructor2 (1 issue)" baseImage="class.gif" flags="64">
        <result msg="@Unique  matched UNPARSEABLE  at  TestBadArgs.java line 92" source="/TestUniquenessSanityChecks/src/unique/TestBadArgs.java.html" line="92" baseImage="info.gif" flags="0" />
      </result>
      <result msg="unique.TestBadArgs.Constructor3 (1 issue)" baseImage="class.gif" flags="64">
        <result msg="@Unique  matched UNPARSEABLE  at  TestBadArgs.java line 98" source="/TestUniquenessSanityChecks/src/unique/TestBadArgs.java.html" line="98" baseImage="info.gif" flags="0" />
      </result>
      <result msg="unique.TestBadArgs.Constructor3a (1 issue)" baseImage="class.gif" flags="64">
        <result msg="@Unique  matched UNPARSEABLE  at  TestBadArgs.java line 134" source="/TestUniquenessSanityChecks/src/unique/TestBadArgs.java.html" line="134" baseImage="info.gif" flags="0" />
      </result>
      <result msg="unique.TestBadArgs.Constructor4 (1 issue)" baseImage="class.gif" flags="64">
        <result msg="@Unique  this  matched UNPARSEABLE  at  TestBadArgs.java line 104" source="/TestUniquenessSanityChecks/src/unique/TestBadArgs.java.html" line="104" baseImage="info.gif" flags="0" />
      </result>
      <result msg="unique.TestBadArgs.Constructor4a (1 issue)" baseImage="class.gif" flags="64">
        <result msg="@Unique  this  matched UNPARSEABLE  at  TestBadArgs.java line 140" source="/TestUniquenessSanityChecks/src/unique/TestBadArgs.java.html" line="140" baseImage="info.gif" flags="0" />
      </result>
      <result msg="unique.TestBadArgs.Constructor5 (1 issue)" baseImage="class.gif" flags="64">
        <result msg="@Unique  return   matched CONSISTENT  at  TestBadArgs.java line 110" source="/TestUniquenessSanityChecks/src/unique/TestBadArgs.java.html" line="110" baseImage="info.gif" flags="0" />
      </result>
      <result msg="unique.TestBadArgs.Constructor5a (1 issue)" baseImage="class.gif" flags="64">
        <result msg="@Unique  return   matched CONSISTENT  at  TestBadArgs.java line 146" source="/TestUniquenessSanityChecks/src/unique/TestBadArgs.java.html" line="146" baseImage="info.gif" flags="0" />
      </result>
      <result msg="unique.TestBadArgs.Constructor6 (1 issue)" baseImage="class.gif" flags="64">
        <result msg="@Unique  this, return  matched UNPARSEABLE  at  TestBadArgs.java line 116" source="/TestUniquenessSanityChecks/src/unique/TestBadArgs.java.html" line="116" baseImage="info.gif" flags="0" />
      </result>
      <result msg="unique.TestBadArgs.Constructor6a (1 issue)" baseImage="class.gif" flags="64">
        <result msg="@Unique  this, return  matched UNPARSEABLE  at  TestBadArgs.java line 152" source="/TestUniquenessSanityChecks/src/unique/TestBadArgs.java.html" line="152" baseImage="info.gif" flags="0" />
      </result>
      <result msg="unique.TestBadArgs.Constructor7 (1 issue)" baseImage="class.gif" flags="64">
        <result msg="@Unique  return , this  matched UNPARSEABLE  at  TestBadArgs.java line 122" source="/TestUniquenessSanityChecks/src/unique/TestBadArgs.java.html" line="122" baseImage="info.gif" flags="0" />
      </result>
      <result msg="unique.TestBadArgs.Constructor7a (1 issue)" baseImage="class.gif" flags="64">
        <result msg="@Unique  return , this  matched UNPARSEABLE  at  TestBadArgs.java line 158" source="/TestUniquenessSanityChecks/src/unique/TestBadArgs.java.html" line="158" baseImage="info.gif" flags="0" />
      </result>
      <result msg="unique.TestBadArgs.Constructor8 (1 issue)" baseImage="class.gif" flags="64">
        <result msg="@Unique  a, b, c matched UNPARSEABLE  at  TestBadArgs.java line 128" source="/TestUniquenessSanityChecks/src/unique/TestBadArgs.java.html" line="128" baseImage="info.gif" flags="0" />
      </result>
      <result msg="unique.TestBadArgs.Constructor8a (1 issue)" baseImage="class.gif" flags="64">
        <result msg="@Unique  a, b, c matched UNPARSEABLE  at  TestBadArgs.java line 164" source="/TestUniquenessSanityChecks/src/unique/TestBadArgs.java.html" line="164" baseImage="info.gif" flags="0" />
      </result>
    </result>
  </result>
</root>