<sourceFiles>
	<package name="com.surelogic">
		<class name="Aggregate.java" source="/promises/src/com/surelogic/Aggregate.java.html"/>
		<class name="AllowsReferencesFrom.java" source="/promises/src/com/surelogic/AllowsReferencesFrom.java.html"/>
		<class name="Assume.java" source="/promises/src/com/surelogic/Assume.java.html"/>
		<class name="Assumes.java" source="/promises/src/com/surelogic/Assumes.java.html"/>
		<class name="Borrowed.java" source="/promises/src/com/surelogic/Borrowed.java.html"/>
		<class name="Component.java" source="/promises/src/com/surelogic/Component.java.html"/>
		<class name="Components.java" source="/promises/src/com/surelogic/Components.java.html"/>
		<class name="InLayer.java" source="/promises/src/com/surelogic/InLayer.java.html"/>
		<class name="IsLock.java" source="/promises/src/com/surelogic/IsLock.java.html"/>
		<class name="Layer.java" source="/promises/src/com/surelogic/Layer.java.html"/>
		<class name="Layers.java" source="/promises/src/com/surelogic/Layers.java.html"/>
		<class name="Lock.java" source="/promises/src/com/surelogic/Lock.java.html"/>
		<class name="Locks.java" source="/promises/src/com/surelogic/Locks.java.html"/>
		<class name="MapFields.java" source="/promises/src/com/surelogic/MapFields.java.html"/>
		<class name="MapInto.java" source="/promises/src/com/surelogic/MapInto.java.html"/>
		<class name="MapsFields.java" source="/promises/src/com/surelogic/MapsFields.java.html"/>
		<class name="MayReferTo.java" source="/promises/src/com/surelogic/MayReferTo.java.html"/>
		<class name="PolicyLock.java" source="/promises/src/com/surelogic/PolicyLock.java.html"/>
		<class name="PolicyLocks.java" source="/promises/src/com/surelogic/PolicyLocks.java.html"/>
		<class name="Promise.java" source="/promises/src/com/surelogic/Promise.java.html"/>
		<class name="Promises.java" source="/promises/src/com/surelogic/Promises.java.html"/>
		<class name="Reads.java" source="/promises/src/com/surelogic/Reads.java.html"/>
		<class name="Region.java" source="/promises/src/com/surelogic/Region.java.html"/>
		<class name="Regions.java" source="/promises/src/com/surelogic/Regions.java.html"/>
		<class name="RequiresLock.java" source="/promises/src/com/surelogic/RequiresLock.java.html"/>
		<class name="ReturnsLock.java" source="/promises/src/com/surelogic/ReturnsLock.java.html"/>
		<class name="SelfProtected.java" source="/promises/src/com/surelogic/SelfProtected.java.html"/>
		<class name="SingleThreaded.java" source="/promises/src/com/surelogic/SingleThreaded.java.html"/>
		<class name="Starts.java" source="/promises/src/com/surelogic/Starts.java.html"/>
		<class name="TypeSet.java" source="/promises/src/com/surelogic/TypeSet.java.html"/>
		<class name="TypeSets.java" source="/promises/src/com/surelogic/TypeSets.java.html"/>
		<class name="Unique.java" source="/promises/src/com/surelogic/Unique.java.html"/>
		<class name="Writes.java" source="/promises/src/com/surelogic/Writes.java.html"/>
	</package>
	<package name="inherited_region.Instance">
		<class name="Bad1.java" source="/TestLockSanityChecks-Revised/src/inherited_region/Instance/Bad1.java.html"/>
		<class name="BadRoot1.java" source="/TestLockSanityChecks-Revised/src/inherited_region/Instance/BadRoot1.java.html"/>
	</package>
	<package name="inherited_region.Subregion">
		<class name="Bad2.java" source="/TestLockSanityChecks-Revised/src/inherited_region/Subregion/Bad2.java.html"/>
		<class name="Bad3.java" source="/TestLockSanityChecks-Revised/src/inherited_region/Subregion/Bad3.java.html"/>
		<class name="BadRoot2.java" source="/TestLockSanityChecks-Revised/src/inherited_region/Subregion/BadRoot2.java.html"/>
	</package>
	<package name="inherited_region.baseCase">
		<class name="Good1.java" source="/TestLockSanityChecks-Revised/src/inherited_region/baseCase/Good1.java.html"/>
	</package>
	<package name="inherited_region.good">
		<class name="Good2.java" source="/TestLockSanityChecks-Revised/src/inherited_region/good/Good2.java.html"/>
		<class name="Good3.java" source="/TestLockSanityChecks-Revised/src/inherited_region/good/Good3.java.html"/>
		<class name="Good4.java" source="/TestLockSanityChecks-Revised/src/inherited_region/good/Good4.java.html"/>
		<class name="GoodRoot.java" source="/TestLockSanityChecks-Revised/src/inherited_region/good/GoodRoot.java.html"/>
	</package>
	<package name="net.jcip.annotations">
		<class name="GuardedBy.java" source="/promises/src/net/jcip/annotations/GuardedBy.java.html"/>
		<class name="Immutable.java" source="/promises/src/net/jcip/annotations/Immutable.java.html"/>
		<class name="NotThreadSafe.java" source="/promises/src/net/jcip/annotations/NotThreadSafe.java.html"/>
		<class name="ThreadSafe.java" source="/promises/src/net/jcip/annotations/ThreadSafe.java.html"/>
	</package>
	<package name="test_lock_field">
		<class name="A.java" source="/TestLockSanityChecks-Revised/src/test_lock_field/A.java.html"/>
		<class name="B.java" source="/TestLockSanityChecks-Revised/src/test_lock_field/B.java.html"/>
		<class name="C.java" source="/TestLockSanityChecks-Revised/src/test_lock_field/C.java.html"/>
		<class name="D.java" source="/TestLockSanityChecks-Revised/src/test_lock_field/D.java.html"/>
		<class name="Other.java" source="/TestLockSanityChecks-Revised/src/test_lock_field/Other.java.html"/>
	</package>
	<package name="test_lock_region">
		<class name="B.java" source="/TestLockSanityChecks-Revised/src/test_lock_region/B.java.html"/>
		<class name="C.java" source="/TestLockSanityChecks-Revised/src/test_lock_region/C.java.html"/>
		<class name="D.java" source="/TestLockSanityChecks-Revised/src/test_lock_region/D.java.html"/>
		<class name="Grandparent.java" source="/TestLockSanityChecks-Revised/src/test_lock_region/Grandparent.java.html"/>
		<class name="GreatGrandparent.java" source="/TestLockSanityChecks-Revised/src/test_lock_region/GreatGrandparent.java.html"/>
		<class name="LockViz.java" source="/TestLockSanityChecks-Revised/src/test_lock_region/LockViz.java.html"/>
		<class name="LockVizJUC.java" source="/TestLockSanityChecks-Revised/src/test_lock_region/LockVizJUC.java.html"/>
		<class name="Other.java" source="/TestLockSanityChecks-Revised/src/test_lock_region/Other.java.html"/>
		<class name="Parent.java" source="/TestLockSanityChecks-Revised/src/test_lock_region/Parent.java.html"/>
		<class name="ProtectInheritedRegion.java" source="/TestLockSanityChecks-Revised/src/test_lock_region/ProtectInheritedRegion.java.html"/>
	</package>
	<package name="test_requires_lock">
		<class name="C.java" source="/TestLockSanityChecks-Revised/src/test_requires_lock/C.java.html"/>
		<class name="C_Policy.java" source="/TestLockSanityChecks-Revised/src/test_requires_lock/C_Policy.java.html"/>
		<class name="CannotRequireRWLock.java" source="/TestLockSanityChecks-Revised/src/test_requires_lock/CannotRequireRWLock.java.html"/>
		<class name="D.java" source="/TestLockSanityChecks-Revised/src/test_requires_lock/D.java.html"/>
		<class name="PolicyLock_Constructor.java" source="/TestLockSanityChecks-Revised/src/test_requires_lock/PolicyLock_Constructor.java.html"/>
		<class name="PolicyLock_LockNames.java" source="/TestLockSanityChecks-Revised/src/test_requires_lock/PolicyLock_LockNames.java.html"/>
		<class name="PolicyLock_visibility.java" source="/TestLockSanityChecks-Revised/src/test_requires_lock/PolicyLock_visibility.java.html"/>
		<class name="Root.java" source="/TestLockSanityChecks-Revised/src/test_requires_lock/Root.java.html"/>
		<class name="StateLock_Constructor.java" source="/TestLockSanityChecks-Revised/src/test_requires_lock/StateLock_Constructor.java.html"/>
		<class name="StateLock_LockNames.java" source="/TestLockSanityChecks-Revised/src/test_requires_lock/StateLock_LockNames.java.html"/>
		<class name="StateLock_visibility.java" source="/TestLockSanityChecks-Revised/src/test_requires_lock/StateLock_visibility.java.html"/>
		<class name="TestDuplicates.java" source="/TestLockSanityChecks-Revised/src/test_requires_lock/TestDuplicates.java.html"/>
		<class name="TestImprovedMessages.java" source="/TestLockSanityChecks-Revised/src/test_requires_lock/TestImprovedMessages.java.html"/>
	</package>
	<package name="test_returns_lock">
		<class name="C.java" source="/TestLockSanityChecks-Revised/src/test_returns_lock/C.java.html"/>
		<class name="C_Policy.java" source="/TestLockSanityChecks-Revised/src/test_returns_lock/C_Policy.java.html"/>
		<class name="PLock.java" source="/TestLockSanityChecks-Java5/src/test_returns_lock/PLock.java.html"/>
		<class name="PolicyLock.java" source="/TestLockSanityChecks-Revised/src/test_returns_lock/PolicyLock.java.html"/>
		<class name="StateLock.java" source="/TestLockSanityChecks-Revised/src/test_returns_lock/StateLock.java.html"/>
	</package>
	<package name="test_unique_names">
		<class name="BadC2.java" source="/TestLockSanityChecks-Revised/src/test_unique_names/BadC2.java.html"/>
		<class name="BadC3.java" source="/TestLockSanityChecks-Revised/src/test_unique_names/BadC3.java.html"/>
		<class name="C1.java" source="/TestLockSanityChecks-Revised/src/test_unique_names/C1.java.html"/>
		<class name="GoodC2.java" source="/TestLockSanityChecks-Revised/src/test_unique_names/GoodC2.java.html"/>
		<class name="GoodC3.java" source="/TestLockSanityChecks-Revised/src/test_unique_names/GoodC3.java.html"/>
		<class name="StateVsPolicyLocks.java" source="/TestLockSanityChecks-Revised/src/test_unique_names/StateVsPolicyLocks.java.html"/>
	</package>
</sourceFiles>
