<root msg="Assurance Results">
  <result msg="Concurrency (5 issues)" baseImage="folder.gif" flags="10" reddots="1">
    <result msg="AssumedFinal  on  assumedFinal  at  SanityChecks.java line 13" source="/AssumeFinal/src/test/SanityChecks.java.html" line="13" baseImage="annotation.gif" flags="26" reddots="1" />
    <result msg="AssumedFinal  on  assumedFinal  at  SanityChecks.java line 6" source="/AssumeFinal/src/test/SanityChecks.java.html" line="6" baseImage="annotation.gif" flags="26" reddots="1" />
    <result msg="PolicyLock test.BadFinalPolicy.BadFinalLock is this.lock  on  BadFinalPolicy  at  BadFinalPolicy.java line 6" source="/AssumeFinal/src/test/BadFinalPolicy.java.html" line="6" baseImage="annotation.gif" flags="26" reddots="1">
      <result msg="AssumedFinal  on  lock  at  BadFinalPolicy.java line 9" source="/AssumeFinal/src/test/BadFinalPolicy.java.html" line="9" baseImage="annotation.gif" flags="26" reddots="1" />
    </result>
    <result msg="RegionLock java.lang.Object.MUTEX is this protects WaitQueue  on  Object  at  java.lang.Object" baseImage="annotation.gif" flags="2">
      <result msg="5 lock precondition(s)" baseImage="folder.gif" flags="2">
        <result msg="RequiresLock MUTEX  on  java.lang.Object.notify()  at  java.lang.Object" baseImage="annotation.gif" flags="2" />
        <result msg="RequiresLock MUTEX  on  java.lang.Object.notifyAll()  at  java.lang.Object" baseImage="annotation.gif" flags="2" />
        <result msg="RequiresLock MUTEX  on  java.lang.Object.wait()  at  java.lang.Object" baseImage="annotation.gif" flags="2" />
        <result msg="RequiresLock MUTEX  on  java.lang.Object.wait(long)  at  java.lang.Object" baseImage="annotation.gif" flags="2" />
        <result msg="RequiresLock MUTEX  on  java.lang.Object.wait(long,int)  at  java.lang.Object" baseImage="annotation.gif" flags="2" />
      </result>
      <result msg="java.lang.Object.MUTEX is consistent with the code in java.lang.Object" baseImage="plus.gif" flags="0" />
      <result msg="Region public java.lang.Object.WaitQueue  at  java.lang.Object" baseImage="annotation.gif" flags="0">
        <result msg="Region public java.lang.Object.Instance  at  java.lang.Object" baseImage="annotation.gif" flags="0">
          <result msg="Region public static java.lang.Object.All  at  java.lang.Object" baseImage="annotation.gif" flags="0" />
        </result>
      </result>
    </result>
    <result msg="RegionLock test.BadFinal.BadFinalLock is this.lock protects BadFinalRegion  on  BadFinal  at  BadFinal.java line 9" source="/AssumeFinal/src/test/BadFinal.java.html" line="9" baseImage="annotation.gif" flags="10" reddots="1">
      <result msg="2 protected field access(es)" baseImage="folder.gif" flags="2">
        <result msg="test (2 issues)" baseImage="package.gif" flags="2">
          <result msg="test.BadFinal (2 issues)" baseImage="class.gif" flags="2">
            <result msg="Lock &quot;&lt;this&gt;:BadFinalLock&quot; held when accessing (this.x)  at  BadFinal.java line 25" source="/AssumeFinal/src/test/BadFinal.java.html" line="25" baseImage="plus.gif" flags="0">
              <result msg="supporting information:" baseImage="folder.gif" flags="0">
                <result msg="Intrinsic lock &lt;this.lock&gt;:MUTEX is held  at  BadFinal.java line 24" source="/AssumeFinal/src/test/BadFinal.java.html" line="24" baseImage="info.gif" flags="0" />
                <result msg="Intrinsic lock &lt;this&gt;:BadFinalLock is held  at  BadFinal.java line 24" source="/AssumeFinal/src/test/BadFinal.java.html" line="24" baseImage="info.gif" flags="0" />
              </result>
            </result>
            <result msg="Lock &quot;&lt;this&gt;:BadFinalLock&quot; held when accessing (this.y)  at  BadFinal.java line 26" source="/AssumeFinal/src/test/BadFinal.java.html" line="26" baseImage="plus.gif" flags="0">
              <result msg="supporting information:" baseImage="folder.gif" flags="0">
                <result msg="Intrinsic lock &lt;this.lock&gt;:MUTEX is held  at  BadFinal.java line 24" source="/AssumeFinal/src/test/BadFinal.java.html" line="24" baseImage="info.gif" flags="0" />
                <result msg="Intrinsic lock &lt;this&gt;:BadFinalLock is held  at  BadFinal.java line 24" source="/AssumeFinal/src/test/BadFinal.java.html" line="24" baseImage="info.gif" flags="0" />
              </result>
            </result>
          </result>
        </result>
      </result>
      <result msg="AssumedFinal  on  lock  at  BadFinal.java line 12" source="/AssumeFinal/src/test/BadFinal.java.html" line="12" baseImage="annotation.gif" flags="26" reddots="1" />
      <result msg="Region private test.BadFinal.BadFinalRegion  at  BadFinal.java line 8" source="/AssumeFinal/src/test/BadFinal.java.html" line="8" baseImage="annotation.gif" flags="0">
        <result msg="Region public java.lang.Object.Instance  at  java.lang.Object" baseImage="annotation.gif" flags="0">
          <result msg="Region public static java.lang.Object.All  at  java.lang.Object" baseImage="annotation.gif" flags="0" />
        </result>
      </result>
    </result>
  </result>
  <result msg="Regions (4 issues)" baseImage="folder.gif" flags="2">
    <result msg="Region private test.BadFinal.x  at  BadFinal.java line 21" source="/AssumeFinal/src/test/BadFinal.java.html" line="21" baseImage="annotation.gif" flags="0">
      <result msg="InRegion(BadFinalRegion)  on  x  at  BadFinal.java line 20" source="/AssumeFinal/src/test/BadFinal.java.html" line="20" baseImage="annotation.gif" flags="0" />
      <result msg="Region private test.BadFinal.BadFinalRegion  at  BadFinal.java line 8" source="/AssumeFinal/src/test/BadFinal.java.html" line="8" baseImage="annotation.gif" flags="0">
        <result msg="Region public java.lang.Object.Instance  at  java.lang.Object" baseImage="annotation.gif" flags="0">
          <result msg="Region public static java.lang.Object.All  at  java.lang.Object" baseImage="annotation.gif" flags="0" />
        </result>
      </result>
    </result>
    <result msg="Region private test.BadFinal.y  at  BadFinal.java line 21" source="/AssumeFinal/src/test/BadFinal.java.html" line="21" baseImage="annotation.gif" flags="0">
      <result msg="InRegion(BadFinalRegion)  on  y  at  BadFinal.java line 20" source="/AssumeFinal/src/test/BadFinal.java.html" line="20" baseImage="annotation.gif" flags="0" />
      <result msg="Region private test.BadFinal.BadFinalRegion  at  BadFinal.java line 8" source="/AssumeFinal/src/test/BadFinal.java.html" line="8" baseImage="annotation.gif" flags="0">
        <result msg="Region public java.lang.Object.Instance  at  java.lang.Object" baseImage="annotation.gif" flags="0">
          <result msg="Region public static java.lang.Object.All  at  java.lang.Object" baseImage="annotation.gif" flags="0" />
        </result>
      </result>
    </result>
    <result msg="Region public []  at  java.lang.[]" baseImage="annotation.gif" flags="0" />
    <result msg="Region public length  at  java.lang.[]" baseImage="annotation.gif" flags="0" />
  </result>
</root>