<sourceFiles>
	<package name="EDU.oswego.cs.dl.util.concurrent">
		<class name="Barrier.java" source="/util.concurrent_regression/src/EDU/oswego/cs/dl/util/concurrent/Barrier.java"/>
		<class name="BoundedBuffer.java" source="/util.concurrent_regression/src/EDU/oswego/cs/dl/util/concurrent/BoundedBuffer.java"/>
		<class name="BoundedChannel.java" source="/util.concurrent_regression/src/EDU/oswego/cs/dl/util/concurrent/BoundedChannel.java"/>
		<class name="BoundedLinkedQueue.java" source="/util.concurrent_regression/src/EDU/oswego/cs/dl/util/concurrent/BoundedLinkedQueue.java"/>
		<class name="BoundedPriorityQueue.java" source="/util.concurrent_regression/src/EDU/oswego/cs/dl/util/concurrent/BoundedPriorityQueue.java"/>
		<class name="BrokenBarrierException.java" source="/util.concurrent_regression/src/EDU/oswego/cs/dl/util/concurrent/BrokenBarrierException.java"/>
		<class name="Callable.java" source="/util.concurrent_regression/src/EDU/oswego/cs/dl/util/concurrent/Callable.java"/>
		<class name="Channel.java" source="/util.concurrent_regression/src/EDU/oswego/cs/dl/util/concurrent/Channel.java"/>
		<class name="ClockDaemon.java" source="/util.concurrent_regression/src/EDU/oswego/cs/dl/util/concurrent/ClockDaemon.java"/>
		<class name="ConcurrentHashMap.java" source="/util.concurrent_regression/src/EDU/oswego/cs/dl/util/concurrent/ConcurrentHashMap.java"/>
		<class name="ConcurrentReaderHashMap.java" source="/util.concurrent_regression/src/EDU/oswego/cs/dl/util/concurrent/ConcurrentReaderHashMap.java"/>
		<class name="CondVar.java" source="/util.concurrent_regression/src/EDU/oswego/cs/dl/util/concurrent/CondVar.java"/>
		<class name="CopyOnWriteArrayList.java" source="/util.concurrent_regression/src/EDU/oswego/cs/dl/util/concurrent/CopyOnWriteArrayList.java"/>
		<class name="CopyOnWriteArraySet.java" source="/util.concurrent_regression/src/EDU/oswego/cs/dl/util/concurrent/CopyOnWriteArraySet.java"/>
		<class name="CountDown.java" source="/util.concurrent_regression/src/EDU/oswego/cs/dl/util/concurrent/CountDown.java"/>
		<class name="CyclicBarrier.java" source="/util.concurrent_regression/src/EDU/oswego/cs/dl/util/concurrent/CyclicBarrier.java"/>
		<class name="DefaultChannelCapacity.java" source="/util.concurrent_regression/src/EDU/oswego/cs/dl/util/concurrent/DefaultChannelCapacity.java"/>
		<class name="DirectExecutor.java" source="/util.concurrent_regression/src/EDU/oswego/cs/dl/util/concurrent/DirectExecutor.java"/>
		<class name="Executor.java" source="/util.concurrent_regression/src/EDU/oswego/cs/dl/util/concurrent/Executor.java"/>
		<class name="FIFOReadWriteLock.java" source="/util.concurrent_regression/src/EDU/oswego/cs/dl/util/concurrent/FIFOReadWriteLock.java"/>
		<class name="FIFOSemaphore.java" source="/util.concurrent_regression/src/EDU/oswego/cs/dl/util/concurrent/FIFOSemaphore.java"/>
		<class name="FJTask.java" source="/util.concurrent_regression/src/EDU/oswego/cs/dl/util/concurrent/FJTask.java"/>
		<class name="FJTaskRunner.java" source="/util.concurrent_regression/src/EDU/oswego/cs/dl/util/concurrent/FJTaskRunner.java"/>
		<class name="FJTaskRunnerGroup.java" source="/util.concurrent_regression/src/EDU/oswego/cs/dl/util/concurrent/FJTaskRunnerGroup.java"/>
		<class name="FutureResult.java" source="/util.concurrent_regression/src/EDU/oswego/cs/dl/util/concurrent/FutureResult.java"/>
		<class name="Heap.java" source="/util.concurrent_regression/src/EDU/oswego/cs/dl/util/concurrent/Heap.java"/>
		<class name="Latch.java" source="/util.concurrent_regression/src/EDU/oswego/cs/dl/util/concurrent/Latch.java"/>
		<class name="LayeredSync.java" source="/util.concurrent_regression/src/EDU/oswego/cs/dl/util/concurrent/LayeredSync.java"/>
		<class name="LinkedNode.java" source="/util.concurrent_regression/src/EDU/oswego/cs/dl/util/concurrent/LinkedNode.java"/>
		<class name="LinkedQueue.java" source="/util.concurrent_regression/src/EDU/oswego/cs/dl/util/concurrent/LinkedQueue.java"/>
		<class name="LockedExecutor.java" source="/util.concurrent_regression/src/EDU/oswego/cs/dl/util/concurrent/LockedExecutor.java"/>
		<class name="Mutex.java" source="/util.concurrent_regression/src/EDU/oswego/cs/dl/util/concurrent/Mutex.java"/>
		<class name="NullSync.java" source="/util.concurrent_regression/src/EDU/oswego/cs/dl/util/concurrent/NullSync.java"/>
		<class name="ObservableSync.java" source="/util.concurrent_regression/src/EDU/oswego/cs/dl/util/concurrent/ObservableSync.java"/>
		<class name="PooledExecutor.java" source="/util.concurrent_regression/src/EDU/oswego/cs/dl/util/concurrent/PooledExecutor.java"/>
		<class name="PrioritySemaphore.java" source="/util.concurrent_regression/src/EDU/oswego/cs/dl/util/concurrent/PrioritySemaphore.java"/>
		<class name="PropertyChangeMulticaster.java" source="/util.concurrent_regression/src/EDU/oswego/cs/dl/util/concurrent/PropertyChangeMulticaster.java"/>
		<class name="Puttable.java" source="/util.concurrent_regression/src/EDU/oswego/cs/dl/util/concurrent/Puttable.java"/>
		<class name="QueuedExecutor.java" source="/util.concurrent_regression/src/EDU/oswego/cs/dl/util/concurrent/QueuedExecutor.java"/>
		<class name="QueuedSemaphore.java" source="/util.concurrent_regression/src/EDU/oswego/cs/dl/util/concurrent/QueuedSemaphore.java"/>
		<class name="ReadWriteLock.java" source="/util.concurrent_regression/src/EDU/oswego/cs/dl/util/concurrent/ReadWriteLock.java"/>
		<class name="ReaderPreferenceReadWriteLock.java" source="/util.concurrent_regression/src/EDU/oswego/cs/dl/util/concurrent/ReaderPreferenceReadWriteLock.java"/>
		<class name="ReentrantLock.java" source="/util.concurrent_regression/src/EDU/oswego/cs/dl/util/concurrent/ReentrantLock.java"/>
		<class name="ReentrantWriterPreferenceReadWriteLock.java" source="/util.concurrent_regression/src/EDU/oswego/cs/dl/util/concurrent/ReentrantWriterPreferenceReadWriteLock.java"/>
		<class name="Rendezvous.java" source="/util.concurrent_regression/src/EDU/oswego/cs/dl/util/concurrent/Rendezvous.java"/>
		<class name="Semaphore.java" source="/util.concurrent_regression/src/EDU/oswego/cs/dl/util/concurrent/Semaphore.java"/>
		<class name="SemaphoreControlledChannel.java" source="/util.concurrent_regression/src/EDU/oswego/cs/dl/util/concurrent/SemaphoreControlledChannel.java"/>
		<class name="Slot.java" source="/util.concurrent_regression/src/EDU/oswego/cs/dl/util/concurrent/Slot.java"/>
		<class name="Sync.java" source="/util.concurrent_regression/src/EDU/oswego/cs/dl/util/concurrent/Sync.java"/>
		<class name="SyncCollection.java" source="/util.concurrent_regression/src/EDU/oswego/cs/dl/util/concurrent/SyncCollection.java"/>
		<class name="SyncList.java" source="/util.concurrent_regression/src/EDU/oswego/cs/dl/util/concurrent/SyncList.java"/>
		<class name="SyncMap.java" source="/util.concurrent_regression/src/EDU/oswego/cs/dl/util/concurrent/SyncMap.java"/>
		<class name="SyncSet.java" source="/util.concurrent_regression/src/EDU/oswego/cs/dl/util/concurrent/SyncSet.java"/>
		<class name="SyncSortedMap.java" source="/util.concurrent_regression/src/EDU/oswego/cs/dl/util/concurrent/SyncSortedMap.java"/>
		<class name="SyncSortedSet.java" source="/util.concurrent_regression/src/EDU/oswego/cs/dl/util/concurrent/SyncSortedSet.java"/>
		<class name="SynchronizedBoolean.java" source="/util.concurrent_regression/src/EDU/oswego/cs/dl/util/concurrent/SynchronizedBoolean.java"/>
		<class name="SynchronizedByte.java" source="/util.concurrent_regression/src/EDU/oswego/cs/dl/util/concurrent/SynchronizedByte.java"/>
		<class name="SynchronizedChar.java" source="/util.concurrent_regression/src/EDU/oswego/cs/dl/util/concurrent/SynchronizedChar.java"/>
		<class name="SynchronizedDouble.java" source="/util.concurrent_regression/src/EDU/oswego/cs/dl/util/concurrent/SynchronizedDouble.java"/>
		<class name="SynchronizedFloat.java" source="/util.concurrent_regression/src/EDU/oswego/cs/dl/util/concurrent/SynchronizedFloat.java"/>
		<class name="SynchronizedInt.java" source="/util.concurrent_regression/src/EDU/oswego/cs/dl/util/concurrent/SynchronizedInt.java"/>
		<class name="SynchronizedLong.java" source="/util.concurrent_regression/src/EDU/oswego/cs/dl/util/concurrent/SynchronizedLong.java"/>
		<class name="SynchronizedRef.java" source="/util.concurrent_regression/src/EDU/oswego/cs/dl/util/concurrent/SynchronizedRef.java"/>
		<class name="SynchronizedShort.java" source="/util.concurrent_regression/src/EDU/oswego/cs/dl/util/concurrent/SynchronizedShort.java"/>
		<class name="SynchronizedVariable.java" source="/util.concurrent_regression/src/EDU/oswego/cs/dl/util/concurrent/SynchronizedVariable.java"/>
		<class name="SynchronousChannel.java" source="/util.concurrent_regression/src/EDU/oswego/cs/dl/util/concurrent/SynchronousChannel.java"/>
		<class name="Takable.java" source="/util.concurrent_regression/src/EDU/oswego/cs/dl/util/concurrent/Takable.java"/>
		<class name="ThreadFactory.java" source="/util.concurrent_regression/src/EDU/oswego/cs/dl/util/concurrent/ThreadFactory.java"/>
		<class name="ThreadFactoryUser.java" source="/util.concurrent_regression/src/EDU/oswego/cs/dl/util/concurrent/ThreadFactoryUser.java"/>
		<class name="ThreadedExecutor.java" source="/util.concurrent_regression/src/EDU/oswego/cs/dl/util/concurrent/ThreadedExecutor.java"/>
		<class name="TimedCallable.java" source="/util.concurrent_regression/src/EDU/oswego/cs/dl/util/concurrent/TimedCallable.java"/>
		<class name="TimeoutException.java" source="/util.concurrent_regression/src/EDU/oswego/cs/dl/util/concurrent/TimeoutException.java"/>
		<class name="TimeoutSync.java" source="/util.concurrent_regression/src/EDU/oswego/cs/dl/util/concurrent/TimeoutSync.java"/>
		<class name="VetoableChangeMulticaster.java" source="/util.concurrent_regression/src/EDU/oswego/cs/dl/util/concurrent/VetoableChangeMulticaster.java"/>
		<class name="WaitFreeQueue.java" source="/util.concurrent_regression/src/EDU/oswego/cs/dl/util/concurrent/WaitFreeQueue.java"/>
		<class name="WaitableBoolean.java" source="/util.concurrent_regression/src/EDU/oswego/cs/dl/util/concurrent/WaitableBoolean.java"/>
		<class name="WaitableByte.java" source="/util.concurrent_regression/src/EDU/oswego/cs/dl/util/concurrent/WaitableByte.java"/>
		<class name="WaitableChar.java" source="/util.concurrent_regression/src/EDU/oswego/cs/dl/util/concurrent/WaitableChar.java"/>
		<class name="WaitableDouble.java" source="/util.concurrent_regression/src/EDU/oswego/cs/dl/util/concurrent/WaitableDouble.java"/>
		<class name="WaitableFloat.java" source="/util.concurrent_regression/src/EDU/oswego/cs/dl/util/concurrent/WaitableFloat.java"/>
		<class name="WaitableInt.java" source="/util.concurrent_regression/src/EDU/oswego/cs/dl/util/concurrent/WaitableInt.java"/>
		<class name="WaitableLong.java" source="/util.concurrent_regression/src/EDU/oswego/cs/dl/util/concurrent/WaitableLong.java"/>
		<class name="WaitableRef.java" source="/util.concurrent_regression/src/EDU/oswego/cs/dl/util/concurrent/WaitableRef.java"/>
		<class name="WaitableShort.java" source="/util.concurrent_regression/src/EDU/oswego/cs/dl/util/concurrent/WaitableShort.java"/>
		<class name="WaiterPreferenceSemaphore.java" source="/util.concurrent_regression/src/EDU/oswego/cs/dl/util/concurrent/WaiterPreferenceSemaphore.java"/>
		<class name="WriterPreferenceReadWriteLock.java" source="/util.concurrent_regression/src/EDU/oswego/cs/dl/util/concurrent/WriterPreferenceReadWriteLock.java"/>
	</package>
	<package name="EDU.oswego.cs.dl.util.concurrent.misc">
		<class name="CVBuffer.java" source="/util.concurrent_regression/src/EDU/oswego/cs/dl/util/concurrent/misc/CVBuffer.java"/>
		<class name="FIFOSlot.java" source="/util.concurrent_regression/src/EDU/oswego/cs/dl/util/concurrent/misc/FIFOSlot.java"/>
		<class name="Fraction.java" source="/util.concurrent_regression/src/EDU/oswego/cs/dl/util/concurrent/misc/Fraction.java"/>
		<class name="PipedChannel.java" source="/util.concurrent_regression/src/EDU/oswego/cs/dl/util/concurrent/misc/PipedChannel.java"/>
		<class name="SwingWorker.java" source="/util.concurrent_regression/src/EDU/oswego/cs/dl/util/concurrent/misc/SwingWorker.java"/>
		<class name="SynchronizationTimer.java" source="/util.concurrent_regression/src/EDU/oswego/cs/dl/util/concurrent/misc/SynchronizationTimer.java"/>
	</package>
	<package name="com.surelogic">
		<class name="Aggregate.java" source="/promises/src/com/surelogic/Aggregate.java"/>
		<class name="AllowsReferencesFrom.java" source="/promises/src/com/surelogic/AllowsReferencesFrom.java"/>
		<class name="Assume.java" source="/promises/src/com/surelogic/Assume.java"/>
		<class name="Assumes.java" source="/promises/src/com/surelogic/Assumes.java"/>
		<class name="Borrowed.java" source="/promises/src/com/surelogic/Borrowed.java"/>
		<class name="InLayer.java" source="/promises/src/com/surelogic/InLayer.java"/>
		<class name="InRegion.java" source="/promises/src/com/surelogic/InRegion.java"/>
		<class name="IsLock.java" source="/promises/src/com/surelogic/IsLock.java"/>
		<class name="Layer.java" source="/promises/src/com/surelogic/Layer.java"/>
		<class name="Layers.java" source="/promises/src/com/surelogic/Layers.java"/>
		<class name="MapFields.java" source="/promises/src/com/surelogic/MapFields.java"/>
		<class name="MapsFields.java" source="/promises/src/com/surelogic/MapsFields.java"/>
		<class name="MayReferTo.java" source="/promises/src/com/surelogic/MayReferTo.java"/>
		<class name="NotUnique.java" source="/promises/src/com/surelogic/NotUnique.java"/>
		<class name="PolicyLock.java" source="/promises/src/com/surelogic/PolicyLock.java"/>
		<class name="PolicyLocks.java" source="/promises/src/com/surelogic/PolicyLocks.java"/>
		<class name="Promise.java" source="/promises/src/com/surelogic/Promise.java"/>
		<class name="Promises.java" source="/promises/src/com/surelogic/Promises.java"/>
		<class name="Region.java" source="/promises/src/com/surelogic/Region.java"/>
		<class name="RegionEffects.java" source="/promises/src/com/surelogic/RegionEffects.java"/>
		<class name="RegionLock.java" source="/promises/src/com/surelogic/RegionLock.java"/>
		<class name="RegionLocks.java" source="/promises/src/com/surelogic/RegionLocks.java"/>
		<class name="Regions.java" source="/promises/src/com/surelogic/Regions.java"/>
		<class name="RequiresLock.java" source="/promises/src/com/surelogic/RequiresLock.java"/>
		<class name="ReturnsLock.java" source="/promises/src/com/surelogic/ReturnsLock.java"/>
		<class name="SelfProtected.java" source="/promises/src/com/surelogic/SelfProtected.java"/>
		<class name="SingleThreaded.java" source="/promises/src/com/surelogic/SingleThreaded.java"/>
		<class name="Starts.java" source="/promises/src/com/surelogic/Starts.java"/>
		<class name="TypeSet.java" source="/promises/src/com/surelogic/TypeSet.java"/>
		<class name="TypeSets.java" source="/promises/src/com/surelogic/TypeSets.java"/>
		<class name="Unique.java" source="/promises/src/com/surelogic/Unique.java"/>
	</package>
	<package name="net.jcip.annotations">
		<class name="GuardedBy.java" source="/promises/src/net/jcip/annotations/GuardedBy.java"/>
		<class name="Immutable.java" source="/promises/src/net/jcip/annotations/Immutable.java"/>
		<class name="NotThreadSafe.java" source="/promises/src/net/jcip/annotations/NotThreadSafe.java"/>
		<class name="ThreadSafe.java" source="/promises/src/net/jcip/annotations/ThreadSafe.java"/>
	</package>
	<package name="test">
		<class name="ConstructorExample.java" source="/Lock Output/src/test/ConstructorExample.java"/>
		<class name="NonFinalLockExample.java" source="/Lock Output/src/test/NonFinalLockExample.java"/>
		<class name="RedundantLockExample.java" source="/Lock Output/src/test/RedundantLockExample.java"/>
		<class name="RequiresLockExample.java" source="/Lock Output/src/test/RequiresLockExample.java"/>
		<class name="ReturnsLockExample.java" source="/Lock Output/src/test/ReturnsLockExample.java"/>
		<class name="SimpleLockExample.java" source="/Lock Output/src/test/SimpleLockExample.java"/>
		<class name="UnidentifiableLockExample.java" source="/Lock Output/src/test/UnidentifiableLockExample.java"/>
		<class name="UnusedLockExample.java" source="/Lock Output/src/test/UnusedLockExample.java"/>
	</package>
</sourceFiles>
