<sourceFiles>
	<package name="EDU.oswego.cs.dl.util.concurrent">
		<class name="Barrier.java" source="/util.concurrent_regression/src/EDU/oswego/cs/dl/util/concurrent/Barrier.java"/>
		<class name="BoundedBuffer.java" source="/util.concurrent_regression/src/EDU/oswego/cs/dl/util/concurrent/BoundedBuffer.java"/>
		<class name="BoundedChannel.java" source="/util.concurrent_regression/src/EDU/oswego/cs/dl/util/concurrent/BoundedChannel.java"/>
		<class name="BoundedLinkedQueue.java" source="/util.concurrent_regression/src/EDU/oswego/cs/dl/util/concurrent/BoundedLinkedQueue.java"/>
		<class name="BoundedPriorityQueue.java" source="/util.concurrent_regression/src/EDU/oswego/cs/dl/util/concurrent/BoundedPriorityQueue.java"/>
		<class name="BrokenBarrierException.java" source="/util.concurrent_regression/src/EDU/oswego/cs/dl/util/concurrent/BrokenBarrierException.java"/>
		<class name="Callable.java" source="/util.concurrent_regression/src/EDU/oswego/cs/dl/util/concurrent/Callable.java"/>
		<class name="Channel.java" source="/util.concurrent_regression/src/EDU/oswego/cs/dl/util/concurrent/Channel.java"/>
		<class name="ClockDaemon.java" source="/util.concurrent_regression/src/EDU/oswego/cs/dl/util/concurrent/ClockDaemon.java"/>
		<class name="ConcurrentHashMap.java" source="/util.concurrent_regression/src/EDU/oswego/cs/dl/util/concurrent/ConcurrentHashMap.java"/>
		<class name="ConcurrentReaderHashMap.java" source="/util.concurrent_regression/src/EDU/oswego/cs/dl/util/concurrent/ConcurrentReaderHashMap.java"/>
		<class name="CondVar.java" source="/util.concurrent_regression/src/EDU/oswego/cs/dl/util/concurrent/CondVar.java"/>
		<class name="CopyOnWriteArrayList.java" source="/util.concurrent_regression/src/EDU/oswego/cs/dl/util/concurrent/CopyOnWriteArrayList.java"/>
		<class name="CopyOnWriteArraySet.java" source="/util.concurrent_regression/src/EDU/oswego/cs/dl/util/concurrent/CopyOnWriteArraySet.java"/>
		<class name="CountDown.java" source="/util.concurrent_regression/src/EDU/oswego/cs/dl/util/concurrent/CountDown.java"/>
		<class name="CyclicBarrier.java" source="/util.concurrent_regression/src/EDU/oswego/cs/dl/util/concurrent/CyclicBarrier.java"/>
		<class name="DefaultChannelCapacity.java" source="/util.concurrent_regression/src/EDU/oswego/cs/dl/util/concurrent/DefaultChannelCapacity.java"/>
		<class name="DirectExecutor.java" source="/util.concurrent_regression/src/EDU/oswego/cs/dl/util/concurrent/DirectExecutor.java"/>
		<class name="Executor.java" source="/util.concurrent_regression/src/EDU/oswego/cs/dl/util/concurrent/Executor.java"/>
		<class name="FIFOReadWriteLock.java" source="/util.concurrent_regression/src/EDU/oswego/cs/dl/util/concurrent/FIFOReadWriteLock.java"/>
		<class name="FIFOSemaphore.java" source="/util.concurrent_regression/src/EDU/oswego/cs/dl/util/concurrent/FIFOSemaphore.java"/>
		<class name="FJTask.java" source="/util.concurrent_regression/src/EDU/oswego/cs/dl/util/concurrent/FJTask.java"/>
		<class name="FJTaskRunner.java" source="/util.concurrent_regression/src/EDU/oswego/cs/dl/util/concurrent/FJTaskRunner.java"/>
		<class name="FJTaskRunnerGroup.java" source="/util.concurrent_regression/src/EDU/oswego/cs/dl/util/concurrent/FJTaskRunnerGroup.java"/>
		<class name="FutureResult.java" source="/util.concurrent_regression/src/EDU/oswego/cs/dl/util/concurrent/FutureResult.java"/>
		<class name="Heap.java" source="/util.concurrent_regression/src/EDU/oswego/cs/dl/util/concurrent/Heap.java"/>
		<class name="Latch.java" source="/util.concurrent_regression/src/EDU/oswego/cs/dl/util/concurrent/Latch.java"/>
		<class name="LayeredSync.java" source="/util.concurrent_regression/src/EDU/oswego/cs/dl/util/concurrent/LayeredSync.java"/>
		<class name="LinkedNode.java" source="/util.concurrent_regression/src/EDU/oswego/cs/dl/util/concurrent/LinkedNode.java"/>
		<class name="LinkedQueue.java" source="/util.concurrent_regression/src/EDU/oswego/cs/dl/util/concurrent/LinkedQueue.java"/>
		<class name="LockedExecutor.java" source="/util.concurrent_regression/src/EDU/oswego/cs/dl/util/concurrent/LockedExecutor.java"/>
		<class name="Mutex.java" source="/util.concurrent_regression/src/EDU/oswego/cs/dl/util/concurrent/Mutex.java"/>
		<class name="NullSync.java" source="/util.concurrent_regression/src/EDU/oswego/cs/dl/util/concurrent/NullSync.java"/>
		<class name="ObservableSync.java" source="/util.concurrent_regression/src/EDU/oswego/cs/dl/util/concurrent/ObservableSync.java"/>
		<class name="PooledExecutor.java" source="/util.concurrent_regression/src/EDU/oswego/cs/dl/util/concurrent/PooledExecutor.java"/>
		<class name="PrioritySemaphore.java" source="/util.concurrent_regression/src/EDU/oswego/cs/dl/util/concurrent/PrioritySemaphore.java"/>
		<class name="PropertyChangeMulticaster.java" source="/util.concurrent_regression/src/EDU/oswego/cs/dl/util/concurrent/PropertyChangeMulticaster.java"/>
		<class name="Puttable.java" source="/util.concurrent_regression/src/EDU/oswego/cs/dl/util/concurrent/Puttable.java"/>
		<class name="QueuedExecutor.java" source="/util.concurrent_regression/src/EDU/oswego/cs/dl/util/concurrent/QueuedExecutor.java"/>
		<class name="QueuedSemaphore.java" source="/util.concurrent_regression/src/EDU/oswego/cs/dl/util/concurrent/QueuedSemaphore.java"/>
		<class name="ReadWriteLock.java" source="/util.concurrent_regression/src/EDU/oswego/cs/dl/util/concurrent/ReadWriteLock.java"/>
		<class name="ReaderPreferenceReadWriteLock.java" source="/util.concurrent_regression/src/EDU/oswego/cs/dl/util/concurrent/ReaderPreferenceReadWriteLock.java"/>
		<class name="ReentrantLock.java" source="/util.concurrent_regression/src/EDU/oswego/cs/dl/util/concurrent/ReentrantLock.java"/>
		<class name="ReentrantWriterPreferenceReadWriteLock.java" source="/util.concurrent_regression/src/EDU/oswego/cs/dl/util/concurrent/ReentrantWriterPreferenceReadWriteLock.java"/>
		<class name="Rendezvous.java" source="/util.concurrent_regression/src/EDU/oswego/cs/dl/util/concurrent/Rendezvous.java"/>
		<class name="Semaphore.java" source="/util.concurrent_regression/src/EDU/oswego/cs/dl/util/concurrent/Semaphore.java"/>
		<class name="SemaphoreControlledChannel.java" source="/util.concurrent_regression/src/EDU/oswego/cs/dl/util/concurrent/SemaphoreControlledChannel.java"/>
		<class name="Slot.java" source="/util.concurrent_regression/src/EDU/oswego/cs/dl/util/concurrent/Slot.java"/>
		<class name="Sync.java" source="/util.concurrent_regression/src/EDU/oswego/cs/dl/util/concurrent/Sync.java"/>
		<class name="SyncCollection.java" source="/util.concurrent_regression/src/EDU/oswego/cs/dl/util/concurrent/SyncCollection.java"/>
		<class name="SyncList.java" source="/util.concurrent_regression/src/EDU/oswego/cs/dl/util/concurrent/SyncList.java"/>
		<class name="SyncMap.java" source="/util.concurrent_regression/src/EDU/oswego/cs/dl/util/concurrent/SyncMap.java"/>
		<class name="SyncSet.java" source="/util.concurrent_regression/src/EDU/oswego/cs/dl/util/concurrent/SyncSet.java"/>
		<class name="SyncSortedMap.java" source="/util.concurrent_regression/src/EDU/oswego/cs/dl/util/concurrent/SyncSortedMap.java"/>
		<class name="SyncSortedSet.java" source="/util.concurrent_regression/src/EDU/oswego/cs/dl/util/concurrent/SyncSortedSet.java"/>
		<class name="SynchronizedBoolean.java" source="/util.concurrent_regression/src/EDU/oswego/cs/dl/util/concurrent/SynchronizedBoolean.java"/>
		<class name="SynchronizedByte.java" source="/util.concurrent_regression/src/EDU/oswego/cs/dl/util/concurrent/SynchronizedByte.java"/>
		<class name="SynchronizedChar.java" source="/util.concurrent_regression/src/EDU/oswego/cs/dl/util/concurrent/SynchronizedChar.java"/>
		<class name="SynchronizedDouble.java" source="/util.concurrent_regression/src/EDU/oswego/cs/dl/util/concurrent/SynchronizedDouble.java"/>
		<class name="SynchronizedFloat.java" source="/util.concurrent_regression/src/EDU/oswego/cs/dl/util/concurrent/SynchronizedFloat.java"/>
		<class name="SynchronizedInt.java" source="/util.concurrent_regression/src/EDU/oswego/cs/dl/util/concurrent/SynchronizedInt.java"/>
		<class name="SynchronizedLong.java" source="/util.concurrent_regression/src/EDU/oswego/cs/dl/util/concurrent/SynchronizedLong.java"/>
		<class name="SynchronizedRef.java" source="/util.concurrent_regression/src/EDU/oswego/cs/dl/util/concurrent/SynchronizedRef.java"/>
		<class name="SynchronizedShort.java" source="/util.concurrent_regression/src/EDU/oswego/cs/dl/util/concurrent/SynchronizedShort.java"/>
		<class name="SynchronizedVariable.java" source="/util.concurrent_regression/src/EDU/oswego/cs/dl/util/concurrent/SynchronizedVariable.java"/>
		<class name="SynchronousChannel.java" source="/util.concurrent_regression/src/EDU/oswego/cs/dl/util/concurrent/SynchronousChannel.java"/>
		<class name="Takable.java" source="/util.concurrent_regression/src/EDU/oswego/cs/dl/util/concurrent/Takable.java"/>
		<class name="ThreadFactory.java" source="/util.concurrent_regression/src/EDU/oswego/cs/dl/util/concurrent/ThreadFactory.java"/>
		<class name="ThreadFactoryUser.java" source="/util.concurrent_regression/src/EDU/oswego/cs/dl/util/concurrent/ThreadFactoryUser.java"/>
		<class name="ThreadedExecutor.java" source="/util.concurrent_regression/src/EDU/oswego/cs/dl/util/concurrent/ThreadedExecutor.java"/>
		<class name="TimedCallable.java" source="/util.concurrent_regression/src/EDU/oswego/cs/dl/util/concurrent/TimedCallable.java"/>
		<class name="TimeoutException.java" source="/util.concurrent_regression/src/EDU/oswego/cs/dl/util/concurrent/TimeoutException.java"/>
		<class name="TimeoutSync.java" source="/util.concurrent_regression/src/EDU/oswego/cs/dl/util/concurrent/TimeoutSync.java"/>
		<class name="VetoableChangeMulticaster.java" source="/util.concurrent_regression/src/EDU/oswego/cs/dl/util/concurrent/VetoableChangeMulticaster.java"/>
		<class name="WaitFreeQueue.java" source="/util.concurrent_regression/src/EDU/oswego/cs/dl/util/concurrent/WaitFreeQueue.java"/>
		<class name="WaitableBoolean.java" source="/util.concurrent_regression/src/EDU/oswego/cs/dl/util/concurrent/WaitableBoolean.java"/>
		<class name="WaitableByte.java" source="/util.concurrent_regression/src/EDU/oswego/cs/dl/util/concurrent/WaitableByte.java"/>
		<class name="WaitableChar.java" source="/util.concurrent_regression/src/EDU/oswego/cs/dl/util/concurrent/WaitableChar.java"/>
		<class name="WaitableDouble.java" source="/util.concurrent_regression/src/EDU/oswego/cs/dl/util/concurrent/WaitableDouble.java"/>
		<class name="WaitableFloat.java" source="/util.concurrent_regression/src/EDU/oswego/cs/dl/util/concurrent/WaitableFloat.java"/>
		<class name="WaitableInt.java" source="/util.concurrent_regression/src/EDU/oswego/cs/dl/util/concurrent/WaitableInt.java"/>
		<class name="WaitableLong.java" source="/util.concurrent_regression/src/EDU/oswego/cs/dl/util/concurrent/WaitableLong.java"/>
		<class name="WaitableRef.java" source="/util.concurrent_regression/src/EDU/oswego/cs/dl/util/concurrent/WaitableRef.java"/>
		<class name="WaitableShort.java" source="/util.concurrent_regression/src/EDU/oswego/cs/dl/util/concurrent/WaitableShort.java"/>
		<class name="WaiterPreferenceSemaphore.java" source="/util.concurrent_regression/src/EDU/oswego/cs/dl/util/concurrent/WaiterPreferenceSemaphore.java"/>
		<class name="WriterPreferenceReadWriteLock.java" source="/util.concurrent_regression/src/EDU/oswego/cs/dl/util/concurrent/WriterPreferenceReadWriteLock.java"/>
	</package>
	<package name="EDU.oswego.cs.dl.util.concurrent.misc">
		<class name="CVBuffer.java" source="/util.concurrent_regression/src/EDU/oswego/cs/dl/util/concurrent/misc/CVBuffer.java"/>
		<class name="FIFOSlot.java" source="/util.concurrent_regression/src/EDU/oswego/cs/dl/util/concurrent/misc/FIFOSlot.java"/>
		<class name="Fraction.java" source="/util.concurrent_regression/src/EDU/oswego/cs/dl/util/concurrent/misc/Fraction.java"/>
		<class name="PipedChannel.java" source="/util.concurrent_regression/src/EDU/oswego/cs/dl/util/concurrent/misc/PipedChannel.java"/>
		<class name="SwingWorker.java" source="/util.concurrent_regression/src/EDU/oswego/cs/dl/util/concurrent/misc/SwingWorker.java"/>
		<class name="SynchronizationTimer.java" source="/util.concurrent_regression/src/EDU/oswego/cs/dl/util/concurrent/misc/SynchronizationTimer.java"/>
	</package>
	<package name="aggregate.accessibility.differentPackages.p1">
		<class name="DefaultDelegate.java" source="/TestRegionSanityChecks/src/aggregate/accessibility/differentPackages/p1/DefaultDelegate.java"/>
		<class name="PrivateDelegate.java" source="/TestRegionSanityChecks/src/aggregate/accessibility/differentPackages/p1/PrivateDelegate.java"/>
		<class name="ProtectedDelegate.java" source="/TestRegionSanityChecks/src/aggregate/accessibility/differentPackages/p1/ProtectedDelegate.java"/>
		<class name="PublicDelegate.java" source="/TestRegionSanityChecks/src/aggregate/accessibility/differentPackages/p1/PublicDelegate.java"/>
		<class name="Super.java" source="/TestRegionSanityChecks/src/aggregate/accessibility/differentPackages/p1/Super.java"/>
	</package>
	<package name="aggregate.accessibility.differentPackages.p2">
		<class name="ParentIsSuper.java" source="/TestRegionSanityChecks/src/aggregate/accessibility/differentPackages/p2/ParentIsSuper.java"/>
	</package>
	<package name="aggregate.accessibility.samePackage">
		<class name="DefaultDelegate.java" source="/TestRegionSanityChecks/src/aggregate/accessibility/samePackage/DefaultDelegate.java"/>
		<class name="ParentIsSuper.java" source="/TestRegionSanityChecks/src/aggregate/accessibility/samePackage/ParentIsSuper.java"/>
		<class name="PrivateDelegate.java" source="/TestRegionSanityChecks/src/aggregate/accessibility/samePackage/PrivateDelegate.java"/>
		<class name="ProtectedDelegate.java" source="/TestRegionSanityChecks/src/aggregate/accessibility/samePackage/ProtectedDelegate.java"/>
		<class name="PublicDelegate.java" source="/TestRegionSanityChecks/src/aggregate/accessibility/samePackage/PublicDelegate.java"/>
		<class name="Super.java" source="/TestRegionSanityChecks/src/aggregate/accessibility/samePackage/Super.java"/>
	</package>
	<package name="aggregate.dstRegionExists">
		<class name="C.java" source="/TestRegionSanityChecks/src/aggregate/dstRegionExists/C.java"/>
		<class name="Child.java" source="/TestRegionSanityChecks/src/aggregate/dstRegionExists/Child.java"/>
		<class name="Other.java" source="/TestRegionSanityChecks/src/aggregate/dstRegionExists/Other.java"/>
		<class name="Parent.java" source="/TestRegionSanityChecks/src/aggregate/dstRegionExists/Parent.java"/>
		<class name="Test.java" source="/TestRegionSanityChecks/src/aggregate/dstRegionExists/Test.java"/>
	</package>
	<package name="aggregate.dstStatic">
		<class name="C.java" source="/TestRegionSanityChecks/src/aggregate/dstStatic/C.java"/>
		<class name="Parent.java" source="/TestRegionSanityChecks/src/aggregate/dstStatic/Parent.java"/>
		<class name="Test.java" source="/TestRegionSanityChecks/src/aggregate/dstStatic/Test.java"/>
	</package>
	<package name="aggregate.fieldIsObject">
		<class name="Test.java" source="/TestRegionSanityChecks/src/aggregate/fieldIsObject/Test.java"/>
	</package>
	<package name="aggregate.fieldMustBeUnique">
		<class name="C.java" source="/TestRegionSanityChecks/src/aggregate/fieldMustBeUnique/C.java"/>
		<class name="Test.java" source="/TestRegionSanityChecks/src/aggregate/fieldMustBeUnique/Test.java"/>
	</package>
	<package name="aggregate.mustMapInstance">
		<class name="C.java" source="/TestRegionSanityChecks/src/aggregate/mustMapInstance/C.java"/>
		<class name="D.java" source="/TestRegionSanityChecks/src/aggregate/mustMapInstance/D.java"/>
		<class name="Test.java" source="/TestRegionSanityChecks/src/aggregate/mustMapInstance/Test.java"/>
	</package>
	<package name="aggregate.nonFinalField">
		<class name="C.java" source="/TestRegionSanityChecks/src/aggregate/nonFinalField/C.java"/>
		<class name="Test.java" source="/TestRegionSanityChecks/src/aggregate/nonFinalField/Test.java"/>
	</package>
	<package name="aggregate.respectsHierarchy">
		<class name="C.java" source="/TestRegionSanityChecks/src/aggregate/respectsHierarchy/C.java"/>
		<class name="Test.java" source="/TestRegionSanityChecks/src/aggregate/respectsHierarchy/Test.java"/>
	</package>
	<package name="aggregate.srcRegionExists">
		<class name="C.java" source="/TestRegionSanityChecks/src/aggregate/srcRegionExists/C.java"/>
		<class name="D.java" source="/TestRegionSanityChecks/src/aggregate/srcRegionExists/D.java"/>
		<class name="Other.java" source="/TestRegionSanityChecks/src/aggregate/srcRegionExists/Other.java"/>
		<class name="Test.java" source="/TestRegionSanityChecks/src/aggregate/srcRegionExists/Test.java"/>
	</package>
	<package name="aggregate.srcRegionIsntStatic">
		<class name="C.java" source="/TestRegionSanityChecks/src/aggregate/srcRegionIsntStatic/C.java"/>
		<class name="Test.java" source="/TestRegionSanityChecks/src/aggregate/srcRegionIsntStatic/Test.java"/>
	</package>
	<package name="aggregate.srcRepeated">
		<class name="C.java" source="/TestRegionSanityChecks/src/aggregate/srcRepeated/C.java"/>
		<class name="Test.java" source="/TestRegionSanityChecks/src/aggregate/srcRepeated/Test.java"/>
	</package>
	<package name="borrowed">
		<class name="BorrowedStaticMethod.java" source="/TestUniquenessSanityChecks/src/borrowed/BorrowedStaticMethod.java"/>
		<class name="TestBadArgs.java" source="/TestUniquenessSanityChecks/src/borrowed/TestBadArgs.java"/>
	</package>
	<package name="borrowedThis">
		<class name="RelyOnBorrowedThis.java" source="/TestUniqueReturnOnConstructor/src/borrowedThis/RelyOnBorrowedThis.java"/>
		<class name="TestSingleThreaded.java" source="/TestUniqueReturnOnConstructor/src/borrowedThis/TestSingleThreaded.java"/>
		<class name="UseIt.java" source="/TestUniqueReturnOnConstructor/src/borrowedThis/UseIt.java"/>
	</package>
	<package name="com.sun.grizzly">
		<class name="CallbackHandler.java" source="/Grizzly_regression/src/com/sun/grizzly/CallbackHandler.java"/>
		<class name="ComplexSelectorHandler.java" source="/Grizzly_regression/src/com/sun/grizzly/ComplexSelectorHandler.java"/>
		<class name="ConnectorHandler.java" source="/Grizzly_regression/src/com/sun/grizzly/ConnectorHandler.java"/>
		<class name="ConnectorHandlerPool.java" source="/Grizzly_regression/src/com/sun/grizzly/ConnectorHandlerPool.java"/>
		<class name="ConnectorInstanceHandler.java" source="/Grizzly_regression/src/com/sun/grizzly/ConnectorInstanceHandler.java"/>
		<class name="Context.java" source="/Grizzly_regression/src/com/sun/grizzly/Context.java"/>
		<class name="Controller.java" source="/Grizzly_regression/src/com/sun/grizzly/Controller.java"/>
		<class name="ControllerStateListener.java" source="/Grizzly_regression/src/com/sun/grizzly/ControllerStateListener.java"/>
		<class name="ControllerStateListenerAdapter.java" source="/Grizzly_regression/src/com/sun/grizzly/ControllerStateListenerAdapter.java"/>
		<class name="DefaultConnectorHandlerPool.java" source="/Grizzly_regression/src/com/sun/grizzly/DefaultConnectorHandlerPool.java"/>
		<class name="DefaultPipeline.java" source="/Grizzly_regression/src/com/sun/grizzly/DefaultPipeline.java"/>
		<class name="DefaultProtocolChain.java" source="/Grizzly_regression/src/com/sun/grizzly/DefaultProtocolChain.java"/>
		<class name="DefaultProtocolChainInstanceHandler.java" source="/Grizzly_regression/src/com/sun/grizzly/DefaultProtocolChainInstanceHandler.java"/>
		<class name="DefaultSelectionKeyHandler.java" source="/Grizzly_regression/src/com/sun/grizzly/DefaultSelectionKeyHandler.java"/>
		<class name="Handler.java" source="/Grizzly_regression/src/com/sun/grizzly/Handler.java"/>
		<class name="IOEvent.java" source="/Grizzly_regression/src/com/sun/grizzly/IOEvent.java"/>
		<class name="Lifecycle.java" source="/Grizzly_regression/src/com/sun/grizzly/Lifecycle.java"/>
		<class name="Pipeline.java" source="/Grizzly_regression/src/com/sun/grizzly/Pipeline.java"/>
		<class name="PipelineFullException.java" source="/Grizzly_regression/src/com/sun/grizzly/PipelineFullException.java"/>
		<class name="ProtocolChain.java" source="/Grizzly_regression/src/com/sun/grizzly/ProtocolChain.java"/>
		<class name="ProtocolChainInstanceHandler.java" source="/Grizzly_regression/src/com/sun/grizzly/ProtocolChainInstanceHandler.java"/>
		<class name="ProtocolFilter.java" source="/Grizzly_regression/src/com/sun/grizzly/ProtocolFilter.java"/>
		<class name="ProtocolParser.java" source="/Grizzly_regression/src/com/sun/grizzly/ProtocolParser.java"/>
		<class name="ReadController.java" source="/Grizzly_regression/src/com/sun/grizzly/ReadController.java"/>
		<class name="RoundRobinSelectorHandler.java" source="/Grizzly_regression/src/com/sun/grizzly/RoundRobinSelectorHandler.java"/>
		<class name="SSLCallbackHandler.java" source="/Grizzly_regression/src/com/sun/grizzly/SSLCallbackHandler.java"/>
		<class name="SSLConfig.java" source="/Grizzly_regression/src/com/sun/grizzly/SSLConfig.java"/>
		<class name="SSLConnectorHandler.java" source="/Grizzly_regression/src/com/sun/grizzly/SSLConnectorHandler.java"/>
		<class name="SSLSelectorHandler.java" source="/Grizzly_regression/src/com/sun/grizzly/SSLSelectorHandler.java"/>
		<class name="SelectionKeyHandler.java" source="/Grizzly_regression/src/com/sun/grizzly/SelectionKeyHandler.java"/>
		<class name="SelectorHandler.java" source="/Grizzly_regression/src/com/sun/grizzly/SelectorHandler.java"/>
		<class name="TCPConnectorHandler.java" source="/Grizzly_regression/src/com/sun/grizzly/TCPConnectorHandler.java"/>
		<class name="TCPSelectorHandler.java" source="/Grizzly_regression/src/com/sun/grizzly/TCPSelectorHandler.java"/>
		<class name="UDPConnectorHandler.java" source="/Grizzly_regression/src/com/sun/grizzly/UDPConnectorHandler.java"/>
		<class name="UDPSelectorHandler.java" source="/Grizzly_regression/src/com/sun/grizzly/UDPSelectorHandler.java"/>
	</package>
	<package name="com.sun.grizzly.connectioncache.client">
		<class name="CacheableConnectorHandler.java" source="/Grizzly_regression/src/com/sun/grizzly/connectioncache/client/CacheableConnectorHandler.java"/>
		<class name="CacheableConnectorHandlerPool.java" source="/Grizzly_regression/src/com/sun/grizzly/connectioncache/client/CacheableConnectorHandlerPool.java"/>
	</package>
	<package name="com.sun.grizzly.connectioncache.impl.concurrent">
		<class name="ConcurrentQueueBlockingImpl.java" source="/Grizzly_regression/src/com/sun/grizzly/connectioncache/impl/concurrent/ConcurrentQueueBlockingImpl.java"/>
		<class name="ConcurrentQueueImpl.java" source="/Grizzly_regression/src/com/sun/grizzly/connectioncache/impl/concurrent/ConcurrentQueueImpl.java"/>
		<class name="ConcurrentQueueNonBlockingImpl.java" source="/Grizzly_regression/src/com/sun/grizzly/connectioncache/impl/concurrent/ConcurrentQueueNonBlockingImpl.java"/>
	</package>
	<package name="com.sun.grizzly.connectioncache.impl.transport">
		<class name="ConnectionCacheBase.java" source="/Grizzly_regression/src/com/sun/grizzly/connectioncache/impl/transport/ConnectionCacheBase.java"/>
		<class name="ConnectionCacheBlockingBase.java" source="/Grizzly_regression/src/com/sun/grizzly/connectioncache/impl/transport/ConnectionCacheBlockingBase.java"/>
		<class name="InboundConnectionCacheBlockingImpl.java" source="/Grizzly_regression/src/com/sun/grizzly/connectioncache/impl/transport/InboundConnectionCacheBlockingImpl.java"/>
		<class name="OutboundConnectionCacheBlockingImpl.java" source="/Grizzly_regression/src/com/sun/grizzly/connectioncache/impl/transport/OutboundConnectionCacheBlockingImpl.java"/>
	</package>
	<package name="com.sun.grizzly.connectioncache.server">
		<class name="CacheableSelectionKeyHandler.java" source="/Grizzly_regression/src/com/sun/grizzly/connectioncache/server/CacheableSelectionKeyHandler.java"/>
	</package>
	<package name="com.sun.grizzly.connectioncache.spi.concurrent">
		<class name="ConcurrentQueue.java" source="/Grizzly_regression/src/com/sun/grizzly/connectioncache/spi/concurrent/ConcurrentQueue.java"/>
		<class name="ConcurrentQueueFactory.java" source="/Grizzly_regression/src/com/sun/grizzly/connectioncache/spi/concurrent/ConcurrentQueueFactory.java"/>
	</package>
	<package name="com.sun.grizzly.connectioncache.spi.transport">
		<class name="ConnectionCache.java" source="/Grizzly_regression/src/com/sun/grizzly/connectioncache/spi/transport/ConnectionCache.java"/>
		<class name="ConnectionCacheFactory.java" source="/Grizzly_regression/src/com/sun/grizzly/connectioncache/spi/transport/ConnectionCacheFactory.java"/>
		<class name="ConnectionFinder.java" source="/Grizzly_regression/src/com/sun/grizzly/connectioncache/spi/transport/ConnectionFinder.java"/>
		<class name="ContactInfo.java" source="/Grizzly_regression/src/com/sun/grizzly/connectioncache/spi/transport/ContactInfo.java"/>
		<class name="InboundConnectionCache.java" source="/Grizzly_regression/src/com/sun/grizzly/connectioncache/spi/transport/InboundConnectionCache.java"/>
		<class name="OutboundConnectionCache.java" source="/Grizzly_regression/src/com/sun/grizzly/connectioncache/spi/transport/OutboundConnectionCache.java"/>
	</package>
	<package name="com.sun.grizzly.filter">
		<class name="EchoFilter.java" source="/Grizzly_regression/src/com/sun/grizzly/filter/EchoFilter.java"/>
		<class name="LogFilter.java" source="/Grizzly_regression/src/com/sun/grizzly/filter/LogFilter.java"/>
		<class name="ParserProtocolFilter.java" source="/Grizzly_regression/src/com/sun/grizzly/filter/ParserProtocolFilter.java"/>
		<class name="ReadFilter.java" source="/Grizzly_regression/src/com/sun/grizzly/filter/ReadFilter.java"/>
		<class name="SSLEchoFilter.java" source="/Grizzly_regression/src/com/sun/grizzly/filter/SSLEchoFilter.java"/>
		<class name="SSLReadFilter.java" source="/Grizzly_regression/src/com/sun/grizzly/filter/SSLReadFilter.java"/>
		<class name="UDPReadFilter.java" source="/Grizzly_regression/src/com/sun/grizzly/filter/UDPReadFilter.java"/>
		<class name="UDPWriteFilter.java" source="/Grizzly_regression/src/com/sun/grizzly/filter/UDPWriteFilter.java"/>
	</package>
	<package name="com.sun.grizzly.util">
		<class name="ByteBufferFactory.java" source="/Grizzly_regression/src/com/sun/grizzly/util/ByteBufferFactory.java"/>
		<class name="ByteBufferInputStream.java" source="/Grizzly_regression/src/com/sun/grizzly/util/ByteBufferInputStream.java"/>
		<class name="Cloner.java" source="/Grizzly_regression/src/com/sun/grizzly/util/Cloner.java"/>
		<class name="Copyable.java" source="/Grizzly_regression/src/com/sun/grizzly/util/Copyable.java"/>
		<class name="Interceptor.java" source="/Grizzly_regression/src/com/sun/grizzly/util/Interceptor.java"/>
		<class name="OutputWriter.java" source="/Grizzly_regression/src/com/sun/grizzly/util/OutputWriter.java"/>
		<class name="SSLOutputWriter.java" source="/Grizzly_regression/src/com/sun/grizzly/util/SSLOutputWriter.java"/>
		<class name="SSLUtils.java" source="/Grizzly_regression/src/com/sun/grizzly/util/SSLUtils.java"/>
		<class name="SelectorFactory.java" source="/Grizzly_regression/src/com/sun/grizzly/util/SelectorFactory.java"/>
		<class name="StreamAlgorithm.java" source="/Grizzly_regression/src/com/sun/grizzly/util/StreamAlgorithm.java"/>
		<class name="ThreadAttachment.java" source="/Grizzly_regression/src/com/sun/grizzly/util/ThreadAttachment.java"/>
		<class name="WorkerThread.java" source="/Grizzly_regression/src/com/sun/grizzly/util/WorkerThread.java"/>
		<class name="WorkerThreadImpl.java" source="/Grizzly_regression/src/com/sun/grizzly/util/WorkerThreadImpl.java"/>
	</package>
	<package name="conflicts">
		<class name="Test.java" source="/TestUniquenessSanityChecks/src/conflicts/Test.java"/>
	</package>
	<package name="inRegion.accessibility.differentPackages.p1">
		<class name="DefaultSuper.java" source="/TestRegionSanityChecks/src/inRegion/accessibility/differentPackages/p1/DefaultSuper.java"/>
		<class name="ParentIsDefaultSuper.java" source="/TestRegionSanityChecks/src/inRegion/accessibility/differentPackages/p1/ParentIsDefaultSuper.java"/>
		<class name="PublicSuper.java" source="/TestRegionSanityChecks/src/inRegion/accessibility/differentPackages/p1/PublicSuper.java"/>
	</package>
	<package name="inRegion.accessibility.differentPackages.p2">
		<class name="ParentIsDefaultSuper2.java" source="/TestRegionSanityChecks/src/inRegion/accessibility/differentPackages/p2/ParentIsDefaultSuper2.java"/>
		<class name="ParentIsPublicSuper.java" source="/TestRegionSanityChecks/src/inRegion/accessibility/differentPackages/p2/ParentIsPublicSuper.java"/>
	</package>
	<package name="inRegion.accessibility.samePackage">
		<class name="DefaultSuper.java" source="/TestRegionSanityChecks/src/inRegion/accessibility/samePackage/DefaultSuper.java"/>
		<class name="ParentIsDefaultSuper.java" source="/TestRegionSanityChecks/src/inRegion/accessibility/samePackage/ParentIsDefaultSuper.java"/>
		<class name="ParentIsPublicSuper.java" source="/TestRegionSanityChecks/src/inRegion/accessibility/samePackage/ParentIsPublicSuper.java"/>
		<class name="PublicSuper.java" source="/TestRegionSanityChecks/src/inRegion/accessibility/samePackage/PublicSuper.java"/>
	</package>
	<package name="inRegion.finalFields">
		<class name="C.java" source="/TestRegionSanityChecks/src/inRegion/finalFields/C.java"/>
	</package>
	<package name="inRegion.nonFieldParent">
		<class name="Super.java" source="/TestRegionSanityChecks/src/inRegion/nonFieldParent/Super.java"/>
		<class name="Test.java" source="/TestRegionSanityChecks/src/inRegion/nonFieldParent/Test.java"/>
	</package>
	<package name="inRegion.parentMustExist">
		<class name="Child.java" source="/TestRegionSanityChecks/src/inRegion/parentMustExist/Child.java"/>
		<class name="Other.java" source="/TestRegionSanityChecks/src/inRegion/parentMustExist/Other.java"/>
		<class name="Super.java" source="/TestRegionSanityChecks/src/inRegion/parentMustExist/Super.java"/>
		<class name="Test.java" source="/TestRegionSanityChecks/src/inRegion/parentMustExist/Test.java"/>
	</package>
	<package name="inRegion.staticParents">
		<class name="Super.java" source="/TestRegionSanityChecks/src/inRegion/staticParents/Super.java"/>
		<class name="Test.java" source="/TestRegionSanityChecks/src/inRegion/staticParents/Test.java"/>
	</package>
	<package name="inRegion.visibility">
		<class name="Super.java" source="/TestRegionSanityChecks/src/inRegion/visibility/Super.java"/>
		<class name="Test.java" source="/TestRegionSanityChecks/src/inRegion/visibility/Test.java"/>
	</package>
	<package name="inherited_region.Instance">
		<class name="Bad1.java" source="/TestLockSanityChecks/src/inherited_region/Instance/Bad1.java"/>
		<class name="BadRoot1.java" source="/TestLockSanityChecks/src/inherited_region/Instance/BadRoot1.java"/>
	</package>
	<package name="inherited_region.Subregion">
		<class name="Bad2.java" source="/TestLockSanityChecks/src/inherited_region/Subregion/Bad2.java"/>
		<class name="Bad3.java" source="/TestLockSanityChecks/src/inherited_region/Subregion/Bad3.java"/>
		<class name="BadRoot2.java" source="/TestLockSanityChecks/src/inherited_region/Subregion/BadRoot2.java"/>
	</package>
	<package name="inherited_region.baseCase">
		<class name="Good1.java" source="/TestLockSanityChecks/src/inherited_region/baseCase/Good1.java"/>
	</package>
	<package name="inherited_region.good">
		<class name="Good2.java" source="/TestLockSanityChecks/src/inherited_region/good/Good2.java"/>
		<class name="Good3.java" source="/TestLockSanityChecks/src/inherited_region/good/Good3.java"/>
		<class name="Good4.java" source="/TestLockSanityChecks/src/inherited_region/good/Good4.java"/>
		<class name="GoodRoot.java" source="/TestLockSanityChecks/src/inherited_region/good/GoodRoot.java"/>
	</package>
	<package name="intrinsic.bad">
		<class name="Test.java" source="/TestLockMessages/src/intrinsic/bad/Test.java"/>
	</package>
	<package name="intrinsic.classInit">
		<class name="Test.java" source="/TestLockMessages/src/intrinsic/classInit/Test.java"/>
	</package>
	<package name="intrinsic.classInitAlt">
		<class name="Test.java" source="/TestLockMessages/src/intrinsic/classInitAlt/Test.java"/>
	</package>
	<package name="intrinsic.good">
		<class name="Test.java" source="/TestLockMessages/src/intrinsic/good/Test.java"/>
	</package>
	<package name="intrinsic.goodAlt">
		<class name="Test.java" source="/TestLockMessages/src/intrinsic/goodAlt/Test.java"/>
	</package>
	<package name="intrinsic.threadConfined">
		<class name="Test.java" source="/TestLockMessages/src/intrinsic/threadConfined/Test.java"/>
	</package>
	<package name="intrinsic.threadConfinedAlt">
		<class name="Test.java" source="/TestLockMessages/src/intrinsic/threadConfinedAlt/Test.java"/>
	</package>
	<package name="intrinsic.unresolvable">
		<class name="Test.java" source="/TestLockMessages/src/intrinsic/unresolvable/Test.java"/>
	</package>
	<package name="juc.bad">
		<class name="Test.java" source="/TestLockMessages/src/juc/bad/Test.java"/>
	</package>
	<package name="juc.classInit">
		<class name="Test.java" source="/TestLockMessages/src/juc/classInit/Test.java"/>
	</package>
	<package name="juc.classInitAlt">
		<class name="Test.java" source="/TestLockMessages/src/juc/classInitAlt/Test.java"/>
	</package>
	<package name="juc.good">
		<class name="Test.java" source="/TestLockMessages/src/juc/good/Test.java"/>
	</package>
	<package name="juc.goodAlt">
		<class name="Test.java" source="/TestLockMessages/src/juc/goodAlt/Test.java"/>
	</package>
	<package name="juc.threadConfined">
		<class name="Test.java" source="/TestLockMessages/src/juc/threadConfined/Test.java"/>
	</package>
	<package name="juc.threadConfinedAlt">
		<class name="Test.java" source="/TestLockMessages/src/juc/threadConfinedAlt/Test.java"/>
	</package>
	<package name="juc.unresolvable">
		<class name="Test.java" source="/TestLockMessages/src/juc/unresolvable/Test.java"/>
	</package>
	<package name="misc.anonClassMethods">
		<class name="Test.java" source="/TestQualifiedReceiverSubstitutionsAndAnonymousClassLocks/src/misc/anonClassMethods/Test.java"/>
	</package>
	<package name="misc.heldAs_unresolvable_tests">
		<class name="C.java" source="/TestQualifiedReceiverSubstitutionsAndAnonymousClassLocks/src/misc/heldAs_unresolvable_tests/C.java"/>
		<class name="Test.java" source="/TestQualifiedReceiverSubstitutionsAndAnonymousClassLocks/src/misc/heldAs_unresolvable_tests/Test.java"/>
	</package>
	<package name="nonReference">
		<class name="Test.java" source="/TestUniquenessSanityChecks/src/nonReference/Test.java"/>
	</package>
	<package name="qualified_receivers_as_locks">
		<class name="Outer.java" source="/TestLockSanityChecks/src/qualified_receivers_as_locks/Outer.java"/>
	</package>
	<package name="region.accessibility.differentPackages.p1">
		<class name="DefaultSuper.java" source="/TestRegionSanityChecks/src/region/accessibility/differentPackages/p1/DefaultSuper.java"/>
		<class name="ParentIsDefaultSuper.java" source="/TestRegionSanityChecks/src/region/accessibility/differentPackages/p1/ParentIsDefaultSuper.java"/>
		<class name="PublicSuper.java" source="/TestRegionSanityChecks/src/region/accessibility/differentPackages/p1/PublicSuper.java"/>
	</package>
	<package name="region.accessibility.differentPackages.p2">
		<class name="ParentIsDefaultSuper2.java" source="/TestRegionSanityChecks/src/region/accessibility/differentPackages/p2/ParentIsDefaultSuper2.java"/>
		<class name="ParentIsPublicSuper.java" source="/TestRegionSanityChecks/src/region/accessibility/differentPackages/p2/ParentIsPublicSuper.java"/>
	</package>
	<package name="region.accessibility.samePackage">
		<class name="DefaultSuper.java" source="/TestRegionSanityChecks/src/region/accessibility/samePackage/DefaultSuper.java"/>
		<class name="ParentIsDefaultSuper.java" source="/TestRegionSanityChecks/src/region/accessibility/samePackage/ParentIsDefaultSuper.java"/>
		<class name="ParentIsPublicSuper.java" source="/TestRegionSanityChecks/src/region/accessibility/samePackage/ParentIsPublicSuper.java"/>
		<class name="PublicSuper.java" source="/TestRegionSanityChecks/src/region/accessibility/samePackage/PublicSuper.java"/>
	</package>
	<package name="region.noCycles">
		<class name="Test.java" source="/TestRegionSanityChecks/src/region/noCycles/Test.java"/>
	</package>
	<package name="region.nonFieldParent">
		<class name="Super.java" source="/TestRegionSanityChecks/src/region/nonFieldParent/Super.java"/>
		<class name="Test.java" source="/TestRegionSanityChecks/src/region/nonFieldParent/Test.java"/>
	</package>
	<package name="region.parentMustExist">
		<class name="Child.java" source="/TestRegionSanityChecks/src/region/parentMustExist/Child.java"/>
		<class name="Other.java" source="/TestRegionSanityChecks/src/region/parentMustExist/Other.java"/>
		<class name="Super.java" source="/TestRegionSanityChecks/src/region/parentMustExist/Super.java"/>
		<class name="Test.java" source="/TestRegionSanityChecks/src/region/parentMustExist/Test.java"/>
	</package>
	<package name="region.staticParents">
		<class name="Super.java" source="/TestRegionSanityChecks/src/region/staticParents/Super.java"/>
		<class name="Test.java" source="/TestRegionSanityChecks/src/region/staticParents/Test.java"/>
	</package>
	<package name="region.uniqueRegion">
		<class name="Super.java" source="/TestRegionSanityChecks/src/region/uniqueRegion/Super.java"/>
		<class name="Test.java" source="/TestRegionSanityChecks/src/region/uniqueRegion/Test.java"/>
	</package>
	<package name="region.visibility">
		<class name="Super.java" source="/TestRegionSanityChecks/src/region/visibility/Super.java"/>
		<class name="Test.java" source="/TestRegionSanityChecks/src/region/visibility/Test.java"/>
	</package>
	<package name="sanityChecks">
		<class name="C.java" source="/TestUniqueReturnOnConstructor/src/sanityChecks/C.java"/>
	</package>
	<package name="t">
		<class name="A.java" source="/t/src/t/A.java"/>
		<class name="B.java" source="/t/src/t/B.java"/>
	</package>
	<package name="test">
		<class name="Blooper.java" source="/TestRegionAndFieldHiding/src/test/Blooper.java"/>
		<class name="C.java" source="/TestSyntacticEquality/src/test/C.java"/>
		<class name="Duper.java" source="/TestRegionAndFieldHiding/src/test/Duper.java"/>
		<class name="Super.java" source="/TestRegionAndFieldHiding/src/test/Super.java"/>
		<class name="Test.java" source="/TestSubAnalysisInInitializer/src/test/Test.java"/>
	</package>
	<package name="test.AnonymousClass.SuperIsLocal.OneLevel">
		<class name="Outer.java" source="/TestQualifiedReceiverSubstitutionsAndAnonymousClassLocks/src/test/AnonymousClass/SuperIsLocal/OneLevel/Outer.java"/>
	</package>
	<package name="test.AnonymousClass.SuperIsLocal.ThreeLevels.DirectInner">
		<class name="Outer1.java" source="/TestQualifiedReceiverSubstitutionsAndAnonymousClassLocks/src/test/AnonymousClass/SuperIsLocal/ThreeLevels/DirectInner/Outer1.java"/>
	</package>
	<package name="test.AnonymousClass.SuperIsLocal.ThreeLevels.Local">
		<class name="Outer.java" source="/TestQualifiedReceiverSubstitutionsAndAnonymousClassLocks/src/test/AnonymousClass/SuperIsLocal/ThreeLevels/Local/Outer.java"/>
	</package>
	<package name="test.AnonymousClass.SuperIsLocal.ThreeLevels.Mixed">
		<class name="Outer1.java" source="/TestQualifiedReceiverSubstitutionsAndAnonymousClassLocks/src/test/AnonymousClass/SuperIsLocal/ThreeLevels/Mixed/Outer1.java"/>
	</package>
	<package name="test.AnonymousClass.SuperIsLocal.TwoLevels.DirectInner">
		<class name="Outer1.java" source="/TestQualifiedReceiverSubstitutionsAndAnonymousClassLocks/src/test/AnonymousClass/SuperIsLocal/TwoLevels/DirectInner/Outer1.java"/>
	</package>
	<package name="test.AnonymousClass.SuperIsLocal.TwoLevels.Local">
		<class name="Outer.java" source="/TestQualifiedReceiverSubstitutionsAndAnonymousClassLocks/src/test/AnonymousClass/SuperIsLocal/TwoLevels/Local/Outer.java"/>
	</package>
	<package name="test.AnonymousClass.SuperIsMember.Qualified.OneLevel">
		<class name="Test.java" source="/TestQualifiedReceiverSubstitutionsAndAnonymousClassLocks/src/test/AnonymousClass/SuperIsMember/Qualified/OneLevel/Test.java"/>
	</package>
	<package name="test.AnonymousClass.SuperIsMember.Qualified.TwoLevels">
		<class name="Test.java" source="/TestQualifiedReceiverSubstitutionsAndAnonymousClassLocks/src/test/AnonymousClass/SuperIsMember/Qualified/TwoLevels/Test.java"/>
	</package>
	<package name="test.AnonymousClass.SuperIsMember.Unqualified.OneLevel">
		<class name="Test.java" source="/TestQualifiedReceiverSubstitutionsAndAnonymousClassLocks/src/test/AnonymousClass/SuperIsMember/Unqualified/OneLevel/Test.java"/>
		<class name="TestFieldInit.java" source="/TestQualifiedReceiverSubstitutionsAndAnonymousClassLocks/src/test/AnonymousClass/SuperIsMember/Unqualified/OneLevel/TestFieldInit.java"/>
		<class name="TestInstanceInit.java" source="/TestQualifiedReceiverSubstitutionsAndAnonymousClassLocks/src/test/AnonymousClass/SuperIsMember/Unqualified/OneLevel/TestInstanceInit.java"/>
	</package>
	<package name="test.AnonymousClass.SuperIsMember.Unqualified.TwoLevels">
		<class name="Test.java" source="/TestQualifiedReceiverSubstitutionsAndAnonymousClassLocks/src/test/AnonymousClass/SuperIsMember/Unqualified/TwoLevels/Test.java"/>
		<class name="TestFieldInit.java" source="/TestQualifiedReceiverSubstitutionsAndAnonymousClassLocks/src/test/AnonymousClass/SuperIsMember/Unqualified/TwoLevels/TestFieldInit.java"/>
		<class name="TestInstanceInit.java" source="/TestQualifiedReceiverSubstitutionsAndAnonymousClassLocks/src/test/AnonymousClass/SuperIsMember/Unqualified/TwoLevels/TestInstanceInit.java"/>
	</package>
	<package name="test.AnonymousClass.SuperIsNotInner">
		<class name="StaticContext.java" source="/TestQualifiedReceiverSubstitutionsAndAnonymousClassLocks/src/test/AnonymousClass/SuperIsNotInner/StaticContext.java"/>
		<class name="Super.java" source="/TestQualifiedReceiverSubstitutionsAndAnonymousClassRequiresLocks/src/test/AnonymousClass/SuperIsNotInner/Super.java"/>
		<class name="Test.java" source="/TestQualifiedReceiverSubstitutionsAndAnonymousClassRequiresLocks/src/test/AnonymousClass/SuperIsNotInner/Test.java"/>
		<class name="TestFieldInit.java" source="/TestQualifiedReceiverSubstitutionsAndAnonymousClassRequiresLocks/src/test/AnonymousClass/SuperIsNotInner/TestFieldInit.java"/>
		<class name="TestInstanceInit.java" source="/TestQualifiedReceiverSubstitutionsAndAnonymousClassRequiresLocks/src/test/AnonymousClass/SuperIsNotInner/TestInstanceInit.java"/>
	</package>
	<package name="test.ConstructorCall.Qualified.DoubleNesting">
		<class name="E2.java" source="/TestQualifiedReceiverSubstitutionsAndAnonymousClassLocks/src/test/ConstructorCall/Qualified/DoubleNesting/E2.java"/>
		<class name="E3.java" source="/TestQualifiedReceiverSubstitutionsAndAnonymousClassLocks/src/test/ConstructorCall/Qualified/DoubleNesting/E3.java"/>
		<class name="Outer1.java" source="/TestQualifiedReceiverSubstitutionsAndAnonymousClassLocks/src/test/ConstructorCall/Qualified/DoubleNesting/Outer1.java"/>
	</package>
	<package name="test.ConstructorCall.Qualified.SingleNesting">
		<class name="E2.java" source="/TestQualifiedReceiverSubstitutionsAndAnonymousClassLocks/src/test/ConstructorCall/Qualified/SingleNesting/E2.java"/>
		<class name="Outer1.java" source="/TestQualifiedReceiverSubstitutionsAndAnonymousClassLocks/src/test/ConstructorCall/Qualified/SingleNesting/Outer1.java"/>
	</package>
	<package name="test.ConstructorCall.Unqualified.DoubleNesting">
		<class name="Outer1.java" source="/TestQualifiedReceiverSubstitutionsAndAnonymousClassLocks/src/test/ConstructorCall/Unqualified/DoubleNesting/Outer1.java"/>
	</package>
	<package name="test.ConstructorCall.Unqualified.SingleNesting">
		<class name="Outer1.java" source="/TestQualifiedReceiverSubstitutionsAndAnonymousClassLocks/src/test/ConstructorCall/Unqualified/SingleNesting/Outer1.java"/>
		<class name="Outer2.java" source="/TestQualifiedReceiverSubstitutionsAndAnonymousClassLocks/src/test/ConstructorCall/Unqualified/SingleNesting/Outer2.java"/>
	</package>
	<package name="test.MethodCall.DoubleNesting">
		<class name="E2.java" source="/TestQualifiedReceiverSubstitutionsAndAnonymousClassLocks/src/test/MethodCall/DoubleNesting/E2.java"/>
		<class name="Outer1.java" source="/TestQualifiedReceiverSubstitutionsAndAnonymousClassLocks/src/test/MethodCall/DoubleNesting/Outer1.java"/>
	</package>
	<package name="test.MethodCall.NoNesting">
		<class name="NormalCall.java" source="/TestQualifiedReceiverSubstitutionsAndAnonymousClassLocks/src/test/MethodCall/NoNesting/NormalCall.java"/>
		<class name="TestDefinitionAndSynchronization.java" source="/TestQualifiedReceiverSubstitutionsAndAnonymousClassLocks/src/test/MethodCall/NoNesting/TestDefinitionAndSynchronization.java"/>
	</package>
	<package name="test.MethodCall.SingleNesting">
		<class name="E2.java" source="/TestQualifiedReceiverSubstitutionsAndAnonymousClassLocks/src/test/MethodCall/SingleNesting/E2.java"/>
		<class name="Outer1.java" source="/TestQualifiedReceiverSubstitutionsAndAnonymousClassLocks/src/test/MethodCall/SingleNesting/Outer1.java"/>
		<class name="Outer2.java" source="/TestQualifiedReceiverSubstitutionsAndAnonymousClassLocks/src/test/MethodCall/SingleNesting/Outer2.java"/>
	</package>
	<package name="test.NewExpression.LocalClass">
		<class name="Outer.java" source="/TestQualifiedReceiverSubstitutionsAndAnonymousClassLocks/src/test/NewExpression/LocalClass/Outer.java"/>
	</package>
	<package name="test.NewExpression.MemberClass.Qualified">
		<class name="Outer.java" source="/TestQualifiedReceiverSubstitutionsAndAnonymousClassLocks/src/test/NewExpression/MemberClass/Qualified/Outer.java"/>
	</package>
	<package name="test.NewExpression.MemberClass.Unqualified">
		<class name="Outer.java" source="/TestQualifiedReceiverSubstitutionsAndAnonymousClassLocks/src/test/NewExpression/MemberClass/Unqualified/Outer.java"/>
	</package>
	<package name="test_lock_field">
		<class name="A.java" source="/TestLockSanityChecks/src/test_lock_field/A.java"/>
		<class name="B.java" source="/TestLockSanityChecks/src/test_lock_field/B.java"/>
		<class name="C.java" source="/TestLockSanityChecks/src/test_lock_field/C.java"/>
		<class name="D.java" source="/TestLockSanityChecks/src/test_lock_field/D.java"/>
		<class name="Other.java" source="/TestLockSanityChecks/src/test_lock_field/Other.java"/>
	</package>
	<package name="test_lock_region">
		<class name="B.java" source="/TestLockSanityChecks/src/test_lock_region/B.java"/>
		<class name="C.java" source="/TestLockSanityChecks/src/test_lock_region/C.java"/>
		<class name="D.java" source="/TestLockSanityChecks/src/test_lock_region/D.java"/>
		<class name="Grandparent.java" source="/TestLockSanityChecks/src/test_lock_region/Grandparent.java"/>
		<class name="GreatGrandparent.java" source="/TestLockSanityChecks/src/test_lock_region/GreatGrandparent.java"/>
		<class name="LockViz.java" source="/TestLockSanityChecks/src/test_lock_region/LockViz.java"/>
		<class name="LockVizJUC.java" source="/TestLockSanityChecks/src/test_lock_region/LockVizJUC.java"/>
		<class name="Other.java" source="/TestLockSanityChecks/src/test_lock_region/Other.java"/>
		<class name="Parent.java" source="/TestLockSanityChecks/src/test_lock_region/Parent.java"/>
		<class name="ProtectInheritedRegion.java" source="/TestLockSanityChecks/src/test_lock_region/ProtectInheritedRegion.java"/>
	</package>
	<package name="test_requires_lock">
		<class name="C.java" source="/TestLockSanityChecks/src/test_requires_lock/C.java"/>
		<class name="C_Policy.java" source="/TestLockSanityChecks/src/test_requires_lock/C_Policy.java"/>
		<class name="CannotRequireRWLock.java" source="/TestLockSanityChecks/src/test_requires_lock/CannotRequireRWLock.java"/>
		<class name="D.java" source="/TestLockSanityChecks/src/test_requires_lock/D.java"/>
		<class name="Other1.java" source="/TestLockSanityChecks/src/test_requires_lock/Other1.java"/>
		<class name="PolicyLock_Constructor.java" source="/TestLockSanityChecks/src/test_requires_lock/PolicyLock_Constructor.java"/>
		<class name="PolicyLock_LockNames.java" source="/TestLockSanityChecks/src/test_requires_lock/PolicyLock_LockNames.java"/>
		<class name="PolicyLock_visibility.java" source="/TestLockSanityChecks/src/test_requires_lock/PolicyLock_visibility.java"/>
		<class name="Root.java" source="/TestLockSanityChecks/src/test_requires_lock/Root.java"/>
		<class name="StateLock_Constructor.java" source="/TestLockSanityChecks/src/test_requires_lock/StateLock_Constructor.java"/>
		<class name="StateLock_LockNames.java" source="/TestLockSanityChecks/src/test_requires_lock/StateLock_LockNames.java"/>
		<class name="StateLock_visibility.java" source="/TestLockSanityChecks/src/test_requires_lock/StateLock_visibility.java"/>
		<class name="TestDuplicates.java" source="/TestLockSanityChecks/src/test_requires_lock/TestDuplicates.java"/>
		<class name="TestImprovedMessages.java" source="/TestLockSanityChecks/src/test_requires_lock/TestImprovedMessages.java"/>
	</package>
	<package name="test_returns_lock">
		<class name="C.java" source="/TestLockSanityChecks/src/test_returns_lock/C.java"/>
		<class name="C_Policy.java" source="/TestLockSanityChecks/src/test_returns_lock/C_Policy.java"/>
		<class name="PLock.java" source="/TestLockSanityChecks/src/test_returns_lock/PLock.java"/>
		<class name="StateLock.java" source="/TestLockSanityChecks/src/test_returns_lock/StateLock.java"/>
	</package>
	<package name="test_unique_names">
		<class name="BadC2.java" source="/TestLockSanityChecks/src/test_unique_names/BadC2.java"/>
		<class name="BadC3.java" source="/TestLockSanityChecks/src/test_unique_names/BadC3.java"/>
		<class name="C1.java" source="/TestLockSanityChecks/src/test_unique_names/C1.java"/>
		<class name="GoodC2.java" source="/TestLockSanityChecks/src/test_unique_names/GoodC2.java"/>
		<class name="GoodC3.java" source="/TestLockSanityChecks/src/test_unique_names/GoodC3.java"/>
		<class name="StateVsPolicyLocks.java" source="/TestLockSanityChecks/src/test_unique_names/StateVsPolicyLocks.java"/>
	</package>
	<package name="twoLocksOneRegion.inherited">
		<class name="Duper.java" source="/TestLockSanityChecks/src/twoLocksOneRegion/inherited/Duper.java"/>
		<class name="Super.java" source="/TestLockSanityChecks/src/twoLocksOneRegion/inherited/Super.java"/>
	</package>
	<package name="twoLocksOneRegion.sameClass">
		<class name="Bad.java" source="/TestLockSanityChecks/src/twoLocksOneRegion/sameClass/Bad.java"/>
	</package>
	<package name="twoLocksOneRegion.unrelatedClasses">
		<class name="Test.java" source="/TestLockSanityChecks/src/twoLocksOneRegion/unrelatedClasses/Test.java"/>
		<class name="Test2.java" source="/TestLockSanityChecks/src/twoLocksOneRegion/unrelatedClasses/Test2.java"/>
	</package>
	<package name="unique">
		<class name="TestBadArgs.java" source="/TestUniquenessSanityChecks/src/unique/TestBadArgs.java"/>
	</package>
	<package name="uniqueReturn">
		<class name="RelyOnUniqueReturn.java" source="/TestUniqueReturnOnConstructor/src/uniqueReturn/RelyOnUniqueReturn.java"/>
		<class name="TestSingleThreaded.java" source="/TestUniqueReturnOnConstructor/src/uniqueReturn/TestSingleThreaded.java"/>
		<class name="UseIt.java" source="/TestUniqueReturnOnConstructor/src/uniqueReturn/UseIt.java"/>
	</package>
</sourceFiles>
