<root msg="Assurance Results">
  <result msg="Concurrency (5 issues)" baseImage="folder.gif" flags="68">
    <result msg="RegionLock intrinsicLock.qualifiedSuper.Test.LLL is this protects Instance on Test at Test.java line 6" source="/TestInstanceInitializerVisitorAndControlFlow/src/intrinsicLock/qualifiedSuper/Test.java.html" line="6" baseImage="annotation.gif" flags="4">
      <result msg="1 protected field access(es)" baseImage="folder.gif" flags="2">
        <result msg="intrinsicLock.qualifiedSuper (1 issue)" baseImage="package.gif" flags="2">
          <result msg="Test (1 issue)" baseImage="class.gif" flags="2">
            <result msg="Acting as if lock &quot;&lt;this&gt;:LLL&quot; were held when accessing f = 10 (occurs within a thread-confined constructor) at line 9" source="/TestInstanceInitializerVisitorAndControlFlow/src/intrinsicLock/qualifiedSuper/Test.java.html" line="9" baseImage="plus.gif" flags="2">
              <result msg="1 possible prerequisite assertion choice:" baseImage="choice.gif" flags="2">
                <result msg="by unique return:" baseImage="choice_item.gif" flags="2">
                  <result msg="Unique(return) on intrinsicLock.qualifiedSuper.Test.Test(intrinsicLock.qualifiedSuper.Outer,int) at Test.java line 15" source="/TestInstanceInitializerVisitorAndControlFlow/src/intrinsicLock/qualifiedSuper/Test.java.html" line="15" baseImage="annotation.gif" flags="2">
                    <result msg="Control flow of constructor intrinsicLock.qualifiedSuper.Test.Test(intrinsicLock.qualifiedSuper.Outer,int) at line 15" source="/TestInstanceInitializerVisitorAndControlFlow/src/intrinsicLock/qualifiedSuper/Test.java.html" line="15" baseImage="plus.gif" flags="0" />
                    <result msg="Unique return value of call super at line 17" source="/TestInstanceInitializerVisitorAndControlFlow/src/intrinsicLock/qualifiedSuper/Test.java.html" line="17" baseImage="plus.gif" flags="2">
                      <result msg="1 prerequisite assertion:" baseImage="choice_item.gif" flags="2">
                        <result msg="Unique(return) on intrinsicLock.qualifiedSuper.Outer.Inner.Inner() at Outer.java line 7" source="/TestInstanceInitializerVisitorAndControlFlow/src/intrinsicLock/qualifiedSuper/Outer.java.html" line="7" baseImage="annotation.gif" flags="2">
                          <result msg="Control flow of constructor intrinsicLock.qualifiedSuper.Outer.Inner.Inner() at line 7" source="/TestInstanceInitializerVisitorAndControlFlow/src/intrinsicLock/qualifiedSuper/Outer.java.html" line="7" baseImage="plus.gif" flags="0" />
                          <result msg="Unique return value of call super at line 9" source="/TestInstanceInitializerVisitorAndControlFlow/src/intrinsicLock/qualifiedSuper/Outer.java.html" line="9" baseImage="plus.gif" flags="2">
                            <result msg="1 prerequisite assertion:" baseImage="choice_item.gif" flags="2">
                              <result msg="Unique(return) on java.lang.Object.Object() at java.lang.Object" baseImage="annotation.gif" flags="2" />
                            </result>
                          </result>
                        </result>
                      </result>
                    </result>
                  </result>
                </result>
              </result>
              <result msg="supporting information: Analyzed on behalf of constructor intrinsicLock.qualifiedSuper.Test.Test(intrinsicLock.qualifiedSuper.Outer,int) at Test.java line 15" source="/TestInstanceInitializerVisitorAndControlFlow/src/intrinsicLock/qualifiedSuper/Test.java.html" line="15" baseImage="info.gif" flags="0" />
            </result>
          </result>
        </result>
      </result>
      <result msg="1 unprotected field access(es); possible race condition detected" baseImage="folder.gif" flags="4">
        <result msg="intrinsicLock.qualifiedSuper (1 issue)" baseImage="package.gif" flags="4">
          <result msg="Test (1 issue)" baseImage="class.gif" flags="4">
            <result msg="Lock &quot;&lt;this&gt;:LLL&quot; not held when accessing f = 10 at line 9" source="/TestInstanceInitializerVisitorAndControlFlow/src/intrinsicLock/qualifiedSuper/Test.java.html" line="9" baseImage="red_x.gif" flags="0">
              <result msg="proposed promise: @Unique(&quot;return&quot;) at Test.java line 11" source="/TestInstanceInitializerVisitorAndControlFlow/src/intrinsicLock/qualifiedSuper/Test.java.html" line="11" baseImage="annotation_proposed.gif" flags="0" />
              <result msg="supporting information: Analyzed on behalf of constructor intrinsicLock.qualifiedSuper.Test.Test(intrinsicLock.qualifiedSuper.Outer) at Test.java line 11" source="/TestInstanceInitializerVisitorAndControlFlow/src/intrinsicLock/qualifiedSuper/Test.java.html" line="11" baseImage="info.gif" flags="0" />
            </result>
          </result>
        </result>
      </result>
      <result msg="Region public java.lang.Object.Instance at java.lang.Object" baseImage="annotation.gif" flags="0">
        <result msg="Region public static java.lang.Object.All at java.lang.Object" baseImage="annotation.gif" flags="0" />
      </result>
    </result>
    <result msg="RegionLock intrinsicLock.superVsThis.Test.LLL is this protects Instance on Test at Test.java line 5" source="/TestInstanceInitializerVisitorAndControlFlow/src/intrinsicLock/superVsThis/Test.java.html" line="5" baseImage="annotation.gif" flags="4">
      <result msg="2 protected field access(es)" baseImage="folder.gif" flags="2">
        <result msg="intrinsicLock.superVsThis (2 issues)" baseImage="package.gif" flags="2">
          <result msg="Test (2 issues)" baseImage="class.gif" flags="2">
            <result msg="Lock &quot;&lt;this&gt;:LLL&quot; held when accessing this.x at line 16" source="/TestInstanceInitializerVisitorAndControlFlow/src/intrinsicLock/superVsThis/Test.java.html" line="16" baseImage="plus.gif" flags="0">
              <result msg="proposed promise: @Unique(&quot;return&quot;) at Test.java line 20" source="/TestInstanceInitializerVisitorAndControlFlow/src/intrinsicLock/superVsThis/Test.java.html" line="20" baseImage="annotation_proposed.gif" flags="0" />
              <result msg="supporting information:" baseImage="folder.gif" flags="0">
                <result msg="Intrinsic lock &lt;this&gt;:LLL is held at Test.java line 15" source="/TestInstanceInitializerVisitorAndControlFlow/src/intrinsicLock/superVsThis/Test.java.html" line="15" baseImage="info.gif" flags="0" />
                <result msg="Intrinsic lock &lt;this&gt;:MUTEX is held at Test.java line 15" source="/TestInstanceInitializerVisitorAndControlFlow/src/intrinsicLock/superVsThis/Test.java.html" line="15" baseImage="info.gif" flags="0" />
                <result msg="Analyzed on behalf of constructor intrinsicLock.superVsThis.Test.Test(int,int) at Test.java line 20" source="/TestInstanceInitializerVisitorAndControlFlow/src/intrinsicLock/superVsThis/Test.java.html" line="20" baseImage="info.gif" flags="0" />
              </result>
            </result>
            <result msg="Lock &quot;&lt;this&gt;:LLL&quot; held when accessing this.x at line 16" source="/TestInstanceInitializerVisitorAndControlFlow/src/intrinsicLock/superVsThis/Test.java.html" line="16" baseImage="plus.gif" flags="0">
              <result msg="proposed promise: @Unique(&quot;return&quot;) at Test.java line 22" source="/TestInstanceInitializerVisitorAndControlFlow/src/intrinsicLock/superVsThis/Test.java.html" line="22" baseImage="annotation_proposed.gif" flags="0" />
              <result msg="supporting information:" baseImage="folder.gif" flags="0">
                <result msg="Intrinsic lock &lt;this&gt;:LLL is held at Test.java line 15" source="/TestInstanceInitializerVisitorAndControlFlow/src/intrinsicLock/superVsThis/Test.java.html" line="15" baseImage="info.gif" flags="0" />
                <result msg="Intrinsic lock &lt;this&gt;:MUTEX is held at Test.java line 15" source="/TestInstanceInitializerVisitorAndControlFlow/src/intrinsicLock/superVsThis/Test.java.html" line="15" baseImage="info.gif" flags="0" />
                <result msg="Analyzed on behalf of constructor intrinsicLock.superVsThis.Test.Test(int) at Test.java line 22" source="/TestInstanceInitializerVisitorAndControlFlow/src/intrinsicLock/superVsThis/Test.java.html" line="22" baseImage="info.gif" flags="0" />
              </result>
            </result>
          </result>
        </result>
      </result>
      <result msg="4 unprotected field access(es); possible race condition detected" baseImage="folder.gif" flags="4">
        <result msg="intrinsicLock.superVsThis (4 issues)" baseImage="package.gif" flags="4">
          <result msg="Test (4 issues)" baseImage="class.gif" flags="4">
            <result msg="Lock &quot;&lt;this&gt;:LLL&quot; not held when accessing x = 10 at line 8" source="/TestInstanceInitializerVisitorAndControlFlow/src/intrinsicLock/superVsThis/Test.java.html" line="8" baseImage="red_x.gif" flags="0">
              <result msg="proposed promise: @Unique(&quot;return&quot;) at Test.java line 20" source="/TestInstanceInitializerVisitorAndControlFlow/src/intrinsicLock/superVsThis/Test.java.html" line="20" baseImage="annotation_proposed.gif" flags="0" />
              <result msg="supporting information: Analyzed on behalf of constructor intrinsicLock.superVsThis.Test.Test(int,int) at Test.java line 20" source="/TestInstanceInitializerVisitorAndControlFlow/src/intrinsicLock/superVsThis/Test.java.html" line="20" baseImage="info.gif" flags="0" />
            </result>
            <result msg="Lock &quot;&lt;this&gt;:LLL&quot; not held when accessing x = 10 at line 8" source="/TestInstanceInitializerVisitorAndControlFlow/src/intrinsicLock/superVsThis/Test.java.html" line="8" baseImage="red_x.gif" flags="0">
              <result msg="proposed promise: @Unique(&quot;return&quot;) at Test.java line 22" source="/TestInstanceInitializerVisitorAndControlFlow/src/intrinsicLock/superVsThis/Test.java.html" line="22" baseImage="annotation_proposed.gif" flags="0" />
              <result msg="supporting information: Analyzed on behalf of constructor intrinsicLock.superVsThis.Test.Test(int) at Test.java line 22" source="/TestInstanceInitializerVisitorAndControlFlow/src/intrinsicLock/superVsThis/Test.java.html" line="22" baseImage="info.gif" flags="0" />
            </result>
            <result msg="Lock &quot;&lt;this&gt;:LLL&quot; not held when accessing this.x at line 11" source="/TestInstanceInitializerVisitorAndControlFlow/src/intrinsicLock/superVsThis/Test.java.html" line="11" baseImage="red_x.gif" flags="0">
              <result msg="proposed promise: @Unique(&quot;return&quot;) at Test.java line 22" source="/TestInstanceInitializerVisitorAndControlFlow/src/intrinsicLock/superVsThis/Test.java.html" line="22" baseImage="annotation_proposed.gif" flags="0" />
              <result msg="supporting information: Analyzed on behalf of constructor intrinsicLock.superVsThis.Test.Test(int) at Test.java line 22" source="/TestInstanceInitializerVisitorAndControlFlow/src/intrinsicLock/superVsThis/Test.java.html" line="22" baseImage="info.gif" flags="0" />
            </result>
            <result msg="Lock &quot;&lt;this&gt;:LLL&quot; not held when accessing this.x at line 11" source="/TestInstanceInitializerVisitorAndControlFlow/src/intrinsicLock/superVsThis/Test.java.html" line="11" baseImage="red_x.gif" flags="0">
              <result msg="proposed promise: @Unique(&quot;return&quot;) at Test.java line 20" source="/TestInstanceInitializerVisitorAndControlFlow/src/intrinsicLock/superVsThis/Test.java.html" line="20" baseImage="annotation_proposed.gif" flags="0" />
              <result msg="supporting information: Analyzed on behalf of constructor intrinsicLock.superVsThis.Test.Test(int,int) at Test.java line 20" source="/TestInstanceInitializerVisitorAndControlFlow/src/intrinsicLock/superVsThis/Test.java.html" line="20" baseImage="info.gif" flags="0" />
            </result>
          </result>
        </result>
      </result>
      <result msg="Region public java.lang.Object.Instance at java.lang.Object" baseImage="annotation.gif" flags="0">
        <result msg="Region public static java.lang.Object.All at java.lang.Object" baseImage="annotation.gif" flags="0" />
      </result>
    </result>
    <result msg="RegionLock java.lang.Object.MUTEX is this protects WaitQueue on Object at java.lang.Object" baseImage="annotation.gif" flags="2">
      <result msg="5 lock precondition(s)" baseImage="folder.gif" flags="2">
        <result msg="RequiresLock MUTEX on java.lang.Object.notify() at java.lang.Object" baseImage="annotation.gif" flags="2" />
        <result msg="RequiresLock MUTEX on java.lang.Object.notifyAll() at java.lang.Object" baseImage="annotation.gif" flags="2" />
        <result msg="RequiresLock MUTEX on java.lang.Object.wait() at java.lang.Object" baseImage="annotation.gif" flags="2" />
        <result msg="RequiresLock MUTEX on java.lang.Object.wait(long) at java.lang.Object" baseImage="annotation.gif" flags="2" />
        <result msg="RequiresLock MUTEX on java.lang.Object.wait(long,int) at java.lang.Object" baseImage="annotation.gif" flags="2" />
      </result>
      <result msg="java.lang.Object.MUTEX is consistent with the code in java.lang.Object" baseImage="plus.gif" flags="0" />
      <result msg="Region public java.lang.Object.WaitQueue at java.lang.Object" baseImage="annotation.gif" flags="0">
        <result msg="Region public java.lang.Object.Instance at java.lang.Object" baseImage="annotation.gif" flags="0">
          <result msg="Region public static java.lang.Object.All at java.lang.Object" baseImage="annotation.gif" flags="0" />
        </result>
      </result>
    </result>
    <result msg="RegionLock jucLock.qualifiedSuper.Test.L is this.lock protects Instance on Test at Test.java line 9" source="/TestInstanceInitializerVisitorAndControlFlow/src/jucLock/qualifiedSuper/Test.java.html" line="9" baseImage="annotation.gif" flags="4">
      <result msg="1 protected field access(es)" baseImage="folder.gif" flags="2">
        <result msg="jucLock.qualifiedSuper (1 issue)" baseImage="package.gif" flags="2">
          <result msg="Test (1 issue)" baseImage="class.gif" flags="2">
            <result msg="Acting as if lock &quot;&lt;this&gt;:L&quot; were held when accessing f = 10 (occurs within a thread-confined constructor) at line 13" source="/TestInstanceInitializerVisitorAndControlFlow/src/jucLock/qualifiedSuper/Test.java.html" line="13" baseImage="plus.gif" flags="2">
              <result msg="1 possible prerequisite assertion choice:" baseImage="choice.gif" flags="2">
                <result msg="by unique return:" baseImage="choice_item.gif" flags="2">
                  <result msg="Unique(return) on jucLock.qualifiedSuper.Test.Test(jucLock.qualifiedSuper.Outer,int) at Test.java line 19" source="/TestInstanceInitializerVisitorAndControlFlow/src/jucLock/qualifiedSuper/Test.java.html" line="19" baseImage="annotation.gif" flags="2">
                    <result msg="Control flow of constructor jucLock.qualifiedSuper.Test.Test(jucLock.qualifiedSuper.Outer,int) at line 19" source="/TestInstanceInitializerVisitorAndControlFlow/src/jucLock/qualifiedSuper/Test.java.html" line="19" baseImage="plus.gif" flags="0" />
                    <result msg="Unique return value of call super at line 21" source="/TestInstanceInitializerVisitorAndControlFlow/src/jucLock/qualifiedSuper/Test.java.html" line="21" baseImage="plus.gif" flags="2">
                      <result msg="1 prerequisite assertion:" baseImage="choice_item.gif" flags="2">
                        <result msg="Unique(return) on jucLock.qualifiedSuper.Outer.Inner.Inner() at Outer.java line 7" source="/TestInstanceInitializerVisitorAndControlFlow/src/jucLock/qualifiedSuper/Outer.java.html" line="7" baseImage="annotation.gif" flags="2">
                          <result msg="Control flow of constructor jucLock.qualifiedSuper.Outer.Inner.Inner() at line 7" source="/TestInstanceInitializerVisitorAndControlFlow/src/jucLock/qualifiedSuper/Outer.java.html" line="7" baseImage="plus.gif" flags="0" />
                          <result msg="Unique return value of call super at line 9" source="/TestInstanceInitializerVisitorAndControlFlow/src/jucLock/qualifiedSuper/Outer.java.html" line="9" baseImage="plus.gif" flags="2">
                            <result msg="1 prerequisite assertion:" baseImage="choice_item.gif" flags="2">
                              <result msg="Unique(return) on java.lang.Object.Object() at java.lang.Object" baseImage="annotation.gif" flags="2" />
                            </result>
                          </result>
                        </result>
                      </result>
                    </result>
                  </result>
                </result>
              </result>
              <result msg="supporting information: Analyzed on behalf of constructor jucLock.qualifiedSuper.Test.Test(jucLock.qualifiedSuper.Outer,int) at Test.java line 19" source="/TestInstanceInitializerVisitorAndControlFlow/src/jucLock/qualifiedSuper/Test.java.html" line="19" baseImage="info.gif" flags="0" />
            </result>
          </result>
        </result>
      </result>
      <result msg="1 unprotected field access(es); possible race condition detected" baseImage="folder.gif" flags="4">
        <result msg="jucLock.qualifiedSuper (1 issue)" baseImage="package.gif" flags="4">
          <result msg="Test (1 issue)" baseImage="class.gif" flags="4">
            <result msg="Lock &quot;&lt;this&gt;:L&quot; not held when accessing f = 10 at line 13" source="/TestInstanceInitializerVisitorAndControlFlow/src/jucLock/qualifiedSuper/Test.java.html" line="13" baseImage="red_x.gif" flags="0">
              <result msg="proposed promise: @Unique(&quot;return&quot;) at Test.java line 15" source="/TestInstanceInitializerVisitorAndControlFlow/src/jucLock/qualifiedSuper/Test.java.html" line="15" baseImage="annotation_proposed.gif" flags="0" />
              <result msg="supporting information: Analyzed on behalf of constructor jucLock.qualifiedSuper.Test.Test(jucLock.qualifiedSuper.Outer) at Test.java line 15" source="/TestInstanceInitializerVisitorAndControlFlow/src/jucLock/qualifiedSuper/Test.java.html" line="15" baseImage="info.gif" flags="0" />
            </result>
          </result>
        </result>
      </result>
      <result msg="Region public java.lang.Object.Instance at java.lang.Object" baseImage="annotation.gif" flags="0">
        <result msg="Region public static java.lang.Object.All at java.lang.Object" baseImage="annotation.gif" flags="0" />
      </result>
    </result>
    <result msg="RegionLock jucLock.superVsThis.Test.L is this.lock protects Instance on Test at Test.java line 8" source="/TestInstanceInitializerVisitorAndControlFlow/src/jucLock/superVsThis/Test.java.html" line="8" baseImage="annotation.gif" flags="68">
      <result msg="2 protected field access(es)" baseImage="folder.gif" flags="2">
        <result msg="jucLock.superVsThis (2 issues)" baseImage="package.gif" flags="2">
          <result msg="Test (2 issues)" baseImage="class.gif" flags="2">
            <result msg="Lock &quot;&lt;this&gt;:L&quot; held when accessing this.x at line 22" source="/TestInstanceInitializerVisitorAndControlFlow/src/jucLock/superVsThis/Test.java.html" line="22" baseImage="plus.gif" flags="0">
              <result msg="proposed promise: @Unique(&quot;return&quot;) at Test.java line 28" source="/TestInstanceInitializerVisitorAndControlFlow/src/jucLock/superVsThis/Test.java.html" line="28" baseImage="annotation_proposed.gif" flags="0" />
              <result msg="supporting information:" baseImage="folder.gif" flags="0">
                <result msg="Analyzed on behalf of constructor jucLock.superVsThis.Test.Test(int,int) at Test.java line 28" source="/TestInstanceInitializerVisitorAndControlFlow/src/jucLock/superVsThis/Test.java.html" line="28" baseImage="info.gif" flags="0" />
                <result msg="java.util.concurrent lock &lt;this&gt;:L is held" baseImage="info.gif" flags="0" />
              </result>
            </result>
            <result msg="Lock &quot;&lt;this&gt;:L&quot; held when accessing this.x at line 22" source="/TestInstanceInitializerVisitorAndControlFlow/src/jucLock/superVsThis/Test.java.html" line="22" baseImage="plus.gif" flags="0">
              <result msg="proposed promise: @Unique(&quot;return&quot;) at Test.java line 30" source="/TestInstanceInitializerVisitorAndControlFlow/src/jucLock/superVsThis/Test.java.html" line="30" baseImage="annotation_proposed.gif" flags="0" />
              <result msg="supporting information:" baseImage="folder.gif" flags="0">
                <result msg="Analyzed on behalf of constructor jucLock.superVsThis.Test.Test(int) at Test.java line 30" source="/TestInstanceInitializerVisitorAndControlFlow/src/jucLock/superVsThis/Test.java.html" line="30" baseImage="info.gif" flags="0" />
                <result msg="java.util.concurrent lock &lt;this&gt;:L is held" baseImage="info.gif" flags="0" />
              </result>
            </result>
          </result>
        </result>
      </result>
      <result msg="4 unprotected field access(es); possible race condition detected" baseImage="folder.gif" flags="4">
        <result msg="jucLock.superVsThis (4 issues)" baseImage="package.gif" flags="4">
          <result msg="Test (4 issues)" baseImage="class.gif" flags="4">
            <result msg="Lock &quot;&lt;this&gt;:L&quot; not held when accessing x = 10 at line 13" source="/TestInstanceInitializerVisitorAndControlFlow/src/jucLock/superVsThis/Test.java.html" line="13" baseImage="red_x.gif" flags="0">
              <result msg="proposed promise: @Unique(&quot;return&quot;) at Test.java line 30" source="/TestInstanceInitializerVisitorAndControlFlow/src/jucLock/superVsThis/Test.java.html" line="30" baseImage="annotation_proposed.gif" flags="0" />
              <result msg="supporting information: Analyzed on behalf of constructor jucLock.superVsThis.Test.Test(int) at Test.java line 30" source="/TestInstanceInitializerVisitorAndControlFlow/src/jucLock/superVsThis/Test.java.html" line="30" baseImage="info.gif" flags="0" />
            </result>
            <result msg="Lock &quot;&lt;this&gt;:L&quot; not held when accessing x = 10 at line 13" source="/TestInstanceInitializerVisitorAndControlFlow/src/jucLock/superVsThis/Test.java.html" line="13" baseImage="red_x.gif" flags="0">
              <result msg="proposed promise: @Unique(&quot;return&quot;) at Test.java line 28" source="/TestInstanceInitializerVisitorAndControlFlow/src/jucLock/superVsThis/Test.java.html" line="28" baseImage="annotation_proposed.gif" flags="0" />
              <result msg="supporting information: Analyzed on behalf of constructor jucLock.superVsThis.Test.Test(int,int) at Test.java line 28" source="/TestInstanceInitializerVisitorAndControlFlow/src/jucLock/superVsThis/Test.java.html" line="28" baseImage="info.gif" flags="0" />
            </result>
            <result msg="Lock &quot;&lt;this&gt;:L&quot; not held when accessing this.x at line 16" source="/TestInstanceInitializerVisitorAndControlFlow/src/jucLock/superVsThis/Test.java.html" line="16" baseImage="red_x.gif" flags="0">
              <result msg="proposed promise: @Unique(&quot;return&quot;) at Test.java line 28" source="/TestInstanceInitializerVisitorAndControlFlow/src/jucLock/superVsThis/Test.java.html" line="28" baseImage="annotation_proposed.gif" flags="0" />
              <result msg="supporting information: Analyzed on behalf of constructor jucLock.superVsThis.Test.Test(int,int) at Test.java line 28" source="/TestInstanceInitializerVisitorAndControlFlow/src/jucLock/superVsThis/Test.java.html" line="28" baseImage="info.gif" flags="0" />
            </result>
            <result msg="Lock &quot;&lt;this&gt;:L&quot; not held when accessing this.x at line 16" source="/TestInstanceInitializerVisitorAndControlFlow/src/jucLock/superVsThis/Test.java.html" line="16" baseImage="red_x.gif" flags="0">
              <result msg="proposed promise: @Unique(&quot;return&quot;) at Test.java line 30" source="/TestInstanceInitializerVisitorAndControlFlow/src/jucLock/superVsThis/Test.java.html" line="30" baseImage="annotation_proposed.gif" flags="0" />
              <result msg="supporting information: Analyzed on behalf of constructor jucLock.superVsThis.Test.Test(int) at Test.java line 30" source="/TestInstanceInitializerVisitorAndControlFlow/src/jucLock/superVsThis/Test.java.html" line="30" baseImage="info.gif" flags="0" />
            </result>
          </result>
        </result>
      </result>
      <result msg="Region public java.lang.Object.Instance at java.lang.Object" baseImage="annotation.gif" flags="0">
        <result msg="Region public static java.lang.Object.All at java.lang.Object" baseImage="annotation.gif" flags="0" />
      </result>
      <result msg="lock()–unlock() matches (4 issues)" baseImage="info.gif" flags="0">
        <result msg="jucLock.superVsThis (4 issues)" baseImage="package.gif" flags="64">
          <result msg="Test (4 issues)" baseImage="class.gif" flags="64">
            <result msg="lock() call has matching unlock() call at line 24 at Test.java line 20" source="/TestInstanceInitializerVisitorAndControlFlow/src/jucLock/superVsThis/Test.java.html" line="20" baseImage="info.gif" flags="0" />
            <result msg="lock() call has matching unlock() call at line 24 at Test.java line 20" source="/TestInstanceInitializerVisitorAndControlFlow/src/jucLock/superVsThis/Test.java.html" line="20" baseImage="info.gif" flags="0" />
            <result msg="unlock() call has matching lock() call at line 20 at Test.java line 24" source="/TestInstanceInitializerVisitorAndControlFlow/src/jucLock/superVsThis/Test.java.html" line="24" baseImage="info.gif" flags="0" />
            <result msg="unlock() call has matching lock() call at line 20 at Test.java line 24" source="/TestInstanceInitializerVisitorAndControlFlow/src/jucLock/superVsThis/Test.java.html" line="24" baseImage="info.gif" flags="0" />
          </result>
        </result>
      </result>
    </result>
  </result>
  <result msg="Regions (2 issues)" baseImage="folder.gif" flags="2">
    <result msg="Region public [] at java.lang.[]" baseImage="annotation.gif" flags="0" />
    <result msg="Region public length at java.lang.[]" baseImage="annotation.gif" flags="0" />
  </result>
  <result msg="Uniqueness (4 issues)" baseImage="folder.gif" flags="2">
    <result msg="Unique(return) on intrinsicLock.qualifiedSuper.Outer.Inner.Inner() at Outer.java line 7" source="/TestInstanceInitializerVisitorAndControlFlow/src/intrinsicLock/qualifiedSuper/Outer.java.html" line="7" baseImage="annotation.gif" flags="2">
      <result msg="Control flow of constructor intrinsicLock.qualifiedSuper.Outer.Inner.Inner() at line 7" source="/TestInstanceInitializerVisitorAndControlFlow/src/intrinsicLock/qualifiedSuper/Outer.java.html" line="7" baseImage="plus.gif" flags="0" />
      <result msg="Unique return value of call super at line 9" source="/TestInstanceInitializerVisitorAndControlFlow/src/intrinsicLock/qualifiedSuper/Outer.java.html" line="9" baseImage="plus.gif" flags="2">
        <result msg="1 prerequisite assertion:" baseImage="choice_item.gif" flags="2">
          <result msg="Unique(return) on java.lang.Object.Object() at java.lang.Object" baseImage="annotation.gif" flags="2" />
        </result>
      </result>
    </result>
    <result msg="Unique(return) on intrinsicLock.qualifiedSuper.Test.Test(intrinsicLock.qualifiedSuper.Outer,int) at Test.java line 15" source="/TestInstanceInitializerVisitorAndControlFlow/src/intrinsicLock/qualifiedSuper/Test.java.html" line="15" baseImage="annotation.gif" flags="2">
      <result msg="Control flow of constructor intrinsicLock.qualifiedSuper.Test.Test(intrinsicLock.qualifiedSuper.Outer,int) at line 15" source="/TestInstanceInitializerVisitorAndControlFlow/src/intrinsicLock/qualifiedSuper/Test.java.html" line="15" baseImage="plus.gif" flags="0" />
      <result msg="Unique return value of call super at line 17" source="/TestInstanceInitializerVisitorAndControlFlow/src/intrinsicLock/qualifiedSuper/Test.java.html" line="17" baseImage="plus.gif" flags="2">
        <result msg="1 prerequisite assertion:" baseImage="choice_item.gif" flags="2">
          <result msg="Unique(return) on intrinsicLock.qualifiedSuper.Outer.Inner.Inner() at Outer.java line 7" source="/TestInstanceInitializerVisitorAndControlFlow/src/intrinsicLock/qualifiedSuper/Outer.java.html" line="7" baseImage="annotation.gif" flags="2">
            <result msg="Control flow of constructor intrinsicLock.qualifiedSuper.Outer.Inner.Inner() at line 7" source="/TestInstanceInitializerVisitorAndControlFlow/src/intrinsicLock/qualifiedSuper/Outer.java.html" line="7" baseImage="plus.gif" flags="0" />
            <result msg="Unique return value of call super at line 9" source="/TestInstanceInitializerVisitorAndControlFlow/src/intrinsicLock/qualifiedSuper/Outer.java.html" line="9" baseImage="plus.gif" flags="2">
              <result msg="1 prerequisite assertion:" baseImage="choice_item.gif" flags="2">
                <result msg="Unique(return) on java.lang.Object.Object() at java.lang.Object" baseImage="annotation.gif" flags="2" />
              </result>
            </result>
          </result>
        </result>
      </result>
    </result>
    <result msg="Unique(return) on jucLock.qualifiedSuper.Outer.Inner.Inner() at Outer.java line 7" source="/TestInstanceInitializerVisitorAndControlFlow/src/jucLock/qualifiedSuper/Outer.java.html" line="7" baseImage="annotation.gif" flags="2">
      <result msg="Control flow of constructor jucLock.qualifiedSuper.Outer.Inner.Inner() at line 7" source="/TestInstanceInitializerVisitorAndControlFlow/src/jucLock/qualifiedSuper/Outer.java.html" line="7" baseImage="plus.gif" flags="0" />
      <result msg="Unique return value of call super at line 9" source="/TestInstanceInitializerVisitorAndControlFlow/src/jucLock/qualifiedSuper/Outer.java.html" line="9" baseImage="plus.gif" flags="2">
        <result msg="1 prerequisite assertion:" baseImage="choice_item.gif" flags="2">
          <result msg="Unique(return) on java.lang.Object.Object() at java.lang.Object" baseImage="annotation.gif" flags="2" />
        </result>
      </result>
    </result>
    <result msg="Unique(return) on jucLock.qualifiedSuper.Test.Test(jucLock.qualifiedSuper.Outer,int) at Test.java line 19" source="/TestInstanceInitializerVisitorAndControlFlow/src/jucLock/qualifiedSuper/Test.java.html" line="19" baseImage="annotation.gif" flags="2">
      <result msg="Control flow of constructor jucLock.qualifiedSuper.Test.Test(jucLock.qualifiedSuper.Outer,int) at line 19" source="/TestInstanceInitializerVisitorAndControlFlow/src/jucLock/qualifiedSuper/Test.java.html" line="19" baseImage="plus.gif" flags="0" />
      <result msg="Unique return value of call super at line 21" source="/TestInstanceInitializerVisitorAndControlFlow/src/jucLock/qualifiedSuper/Test.java.html" line="21" baseImage="plus.gif" flags="2">
        <result msg="1 prerequisite assertion:" baseImage="choice_item.gif" flags="2">
          <result msg="Unique(return) on jucLock.qualifiedSuper.Outer.Inner.Inner() at Outer.java line 7" source="/TestInstanceInitializerVisitorAndControlFlow/src/jucLock/qualifiedSuper/Outer.java.html" line="7" baseImage="annotation.gif" flags="2">
            <result msg="Control flow of constructor jucLock.qualifiedSuper.Outer.Inner.Inner() at line 7" source="/TestInstanceInitializerVisitorAndControlFlow/src/jucLock/qualifiedSuper/Outer.java.html" line="7" baseImage="plus.gif" flags="0" />
            <result msg="Unique return value of call super at line 9" source="/TestInstanceInitializerVisitorAndControlFlow/src/jucLock/qualifiedSuper/Outer.java.html" line="9" baseImage="plus.gif" flags="2">
              <result msg="1 prerequisite assertion:" baseImage="choice_item.gif" flags="2">
                <result msg="Unique(return) on java.lang.Object.Object() at java.lang.Object" baseImage="annotation.gif" flags="2" />
              </result>
            </result>
          </result>
        </result>
      </result>
    </result>
  </result>
  <result msg="Suggestions and warnings (4 issues)" baseImage="info.gif" flags="0">
    <result msg="lock()–unlock() matches (4 issues)" baseImage="info.gif" flags="0">
      <result msg="jucLock.superVsThis (4 issues)" baseImage="package.gif" flags="64">
        <result msg="Test (4 issues)" baseImage="class.gif" flags="64">
          <result msg="lock() call has matching unlock() call at line 24 at Test.java line 20" source="/TestInstanceInitializerVisitorAndControlFlow/src/jucLock/superVsThis/Test.java.html" line="20" baseImage="info.gif" flags="0" />
          <result msg="lock() call has matching unlock() call at line 24 at Test.java line 20" source="/TestInstanceInitializerVisitorAndControlFlow/src/jucLock/superVsThis/Test.java.html" line="20" baseImage="info.gif" flags="0" />
          <result msg="unlock() call has matching lock() call at line 20 at Test.java line 24" source="/TestInstanceInitializerVisitorAndControlFlow/src/jucLock/superVsThis/Test.java.html" line="24" baseImage="info.gif" flags="0" />
          <result msg="unlock() call has matching lock() call at line 20 at Test.java line 24" source="/TestInstanceInitializerVisitorAndControlFlow/src/jucLock/superVsThis/Test.java.html" line="24" baseImage="info.gif" flags="0" />
        </result>
      </result>
    </result>
  </result>
</root>