<root msg="Assurance Results">
  <result msg="Concurrency (2 issues)" baseImage="tallyho.gif" flags="12" reddots="1">
    <result msg="RegionLock java.lang.Object.MUTEX is this protects WaitQueue  on  Object  at  java.lang.Object" baseImage="promise.gif" flags="26" reddots="1">
      <result msg="5 lock precondition(s)" baseImage="folder.gif" flags="2">
        <result msg="requiresLock RequiresLock MUTEX  on  java.lang.Object.notify()  at  java.lang.Object" baseImage="promise.gif" flags="2" />
        <result msg="requiresLock RequiresLock MUTEX  on  java.lang.Object.notifyAll()  at  java.lang.Object" baseImage="promise.gif" flags="2" />
        <result msg="requiresLock RequiresLock MUTEX  on  java.lang.Object.wait()  at  java.lang.Object" baseImage="promise.gif" flags="2" />
        <result msg="requiresLock RequiresLock MUTEX  on  java.lang.Object.wait(long)  at  java.lang.Object" baseImage="promise.gif" flags="2" />
        <result msg="requiresLock RequiresLock MUTEX  on  java.lang.Object.wait(long,int)  at  java.lang.Object" baseImage="promise.gif" flags="2" />
      </result>
      <result msg="region  public  java.lang.Object.WaitQueue on (unknown)  at  java.lang.Object" baseImage="promise.gif" flags="0" />
    </result>
    <result msg="RegionLock test.C.MyLock is this protects Instance  on  C  at  C.java" source="/TestSyntacticEquality_JavaDoc/test/C.java.html" line="0" baseImage="promise.gif" flags="4">
      <result msg="10 unprotected field access(es); possible race condition detected" baseImage="folder.gif" flags="4">
        <result msg="test (10 issues)" baseImage="package.gif" flags="4">
          <result msg="test.C (9 issues)" baseImage="class.gif" flags="4">
            <result msg="Lock &quot;&lt;array [ 1 ]&gt;:MyLock&quot; not held when accessing array [ 1 ].field  at  C.java line 65" source="/TestSyntacticEquality_JavaDoc/test/C.java.html" line="65" baseImage="redx.gif" flags="0">
              <result msg="supporting information:" baseImage="folder.gif" flags="0">
                <result msg="Intrinsic lock &quot;&lt;array [ 0 ]&gt;:MUTEX&quot; is held  at  C.java line 52" source="/TestSyntacticEquality_JavaDoc/test/C.java.html" line="52" baseImage="info.gif" flags="0" />
                <result msg="Intrinsic lock &quot;&lt;array [ 0 ]&gt;:MyLock&quot; is held  at  C.java line 52" source="/TestSyntacticEquality_JavaDoc/test/C.java.html" line="52" baseImage="info.gif" flags="0" />
              </result>
            </result>
            <result msg="Lock &quot;&lt;array [ j ]&gt;:MyLock&quot; not held when accessing array [ j ].field  at  C.java line 47" source="/TestSyntacticEquality_JavaDoc/test/C.java.html" line="47" baseImage="redx.gif" flags="0">
              <result msg="supporting information:" baseImage="folder.gif" flags="0">
                <result msg="Intrinsic lock &quot;&lt;array [ i ]&gt;:MUTEX&quot; is held  at  C.java line 43" source="/TestSyntacticEquality_JavaDoc/test/C.java.html" line="43" baseImage="info.gif" flags="0" />
                <result msg="Intrinsic lock &quot;&lt;array [ i ]&gt;:MyLock&quot; is held  at  C.java line 43" source="/TestSyntacticEquality_JavaDoc/test/C.java.html" line="43" baseImage="info.gif" flags="0" />
              </result>
            </result>
            <result msg="Lock &quot;&lt;c1&gt;:MyLock&quot; not held when accessing c1.field  at  C.java line 81" source="/TestSyntacticEquality_JavaDoc/test/C.java.html" line="81" baseImage="redx.gif" flags="0">
              <result msg="supporting information:" baseImage="folder.gif" flags="0">
                <result msg="Intrinsic lock &quot;&lt;c2&gt;:MUTEX&quot; is held  at  C.java line 79" source="/TestSyntacticEquality_JavaDoc/test/C.java.html" line="79" baseImage="info.gif" flags="0" />
                <result msg="Intrinsic lock &quot;&lt;c2&gt;:MyLock&quot; is held  at  C.java line 79" source="/TestSyntacticEquality_JavaDoc/test/C.java.html" line="79" baseImage="info.gif" flags="0" />
              </result>
            </result>
            <result msg="Lock &quot;&lt;c2&gt;:MyLock&quot; not held when accessing c2.field  at  C.java line 76" source="/TestSyntacticEquality_JavaDoc/test/C.java.html" line="76" baseImage="redx.gif" flags="0">
              <result msg="supporting information:" baseImage="folder.gif" flags="0">
                <result msg="Intrinsic lock &quot;&lt;c1&gt;:MUTEX&quot; is held  at  C.java line 72" source="/TestSyntacticEquality_JavaDoc/test/C.java.html" line="72" baseImage="info.gif" flags="0" />
                <result msg="Intrinsic lock &quot;&lt;c1&gt;:MyLock&quot; is held  at  C.java line 72" source="/TestSyntacticEquality_JavaDoc/test/C.java.html" line="72" baseImage="info.gif" flags="0" />
              </result>
            </result>
            <result msg="Lock &quot;&lt;other&gt;:MyLock&quot; not held when accessing other.field  at  C.java line 99" source="/TestSyntacticEquality_JavaDoc/test/C.java.html" line="99" baseImage="redx.gif" flags="0">
              <result msg="supporting information:" baseImage="folder.gif" flags="0">
                <result msg="Intrinsic lock &quot;&lt;this&gt;:MUTEX&quot; is held  at  C.java line 95" source="/TestSyntacticEquality_JavaDoc/test/C.java.html" line="95" baseImage="info.gif" flags="0" />
                <result msg="Intrinsic lock &quot;&lt;this&gt;:MyLock&quot; is held  at  C.java line 95" source="/TestSyntacticEquality_JavaDoc/test/C.java.html" line="95" baseImage="info.gif" flags="0" />
              </result>
            </result>
            <result msg="Lock &quot;&lt;otherArray [ i ]&gt;:MyLock&quot; not held when accessing otherArray [ i ].field  at  C.java line 49" source="/TestSyntacticEquality_JavaDoc/test/C.java.html" line="49" baseImage="redx.gif" flags="0">
              <result msg="supporting information:" baseImage="folder.gif" flags="0">
                <result msg="Intrinsic lock &quot;&lt;array [ i ]&gt;:MUTEX&quot; is held  at  C.java line 43" source="/TestSyntacticEquality_JavaDoc/test/C.java.html" line="43" baseImage="info.gif" flags="0" />
                <result msg="Intrinsic lock &quot;&lt;array [ i ]&gt;:MyLock&quot; is held  at  C.java line 43" source="/TestSyntacticEquality_JavaDoc/test/C.java.html" line="43" baseImage="info.gif" flags="0" />
              </result>
            </result>
            <result msg="Lock &quot;&lt;t1.f2&gt;:MyLock&quot; not held when accessing t1.f2.field  at  C.java line 25" source="/TestSyntacticEquality_JavaDoc/test/C.java.html" line="25" baseImage="redx.gif" flags="0">
              <result msg="supporting information:" baseImage="folder.gif" flags="0">
                <result msg="Intrinsic lock &quot;&lt;t1.f1&gt;:MUTEX&quot; is held  at  C.java line 21" source="/TestSyntacticEquality_JavaDoc/test/C.java.html" line="21" baseImage="info.gif" flags="0" />
                <result msg="Intrinsic lock &quot;&lt;t1.f1&gt;:MyLock&quot; is held  at  C.java line 21" source="/TestSyntacticEquality_JavaDoc/test/C.java.html" line="21" baseImage="info.gif" flags="0" />
              </result>
            </result>
            <result msg="Lock &quot;&lt;t2.f1&gt;:MyLock&quot; not held when accessing t2.f1.field  at  C.java line 27" source="/TestSyntacticEquality_JavaDoc/test/C.java.html" line="27" baseImage="redx.gif" flags="0">
              <result msg="supporting information:" baseImage="folder.gif" flags="0">
                <result msg="Intrinsic lock &quot;&lt;t1.f1&gt;:MUTEX&quot; is held  at  C.java line 21" source="/TestSyntacticEquality_JavaDoc/test/C.java.html" line="21" baseImage="info.gif" flags="0" />
                <result msg="Intrinsic lock &quot;&lt;t1.f1&gt;:MyLock&quot; is held  at  C.java line 21" source="/TestSyntacticEquality_JavaDoc/test/C.java.html" line="21" baseImage="info.gif" flags="0" />
              </result>
            </result>
            <result msg="Lock &quot;&lt;this&gt;:MyLock&quot; not held when accessing this.field  at  C.java line 88" source="/TestSyntacticEquality_JavaDoc/test/C.java.html" line="88" baseImage="redx.gif" flags="0">
              <result msg="supporting information:" baseImage="folder.gif" flags="0">
                <result msg="Intrinsic lock &quot;&lt;c1&gt;:MUTEX&quot; is held  at  C.java line 86" source="/TestSyntacticEquality_JavaDoc/test/C.java.html" line="86" baseImage="info.gif" flags="0" />
                <result msg="Intrinsic lock &quot;&lt;c1&gt;:MyLock&quot; is held  at  C.java line 86" source="/TestSyntacticEquality_JavaDoc/test/C.java.html" line="86" baseImage="info.gif" flags="0" />
              </result>
            </result>
          </result>
          <result msg="test.C.Inner (1 issue)" baseImage="class.gif" flags="4">
            <result msg="Lock &quot;&lt;this.innerField&gt;:MyLock&quot; not held when accessing this.innerField.field  at  C.java line 112" source="/TestSyntacticEquality_JavaDoc/test/C.java.html" line="112" baseImage="redx.gif" flags="0">
              <result msg="supporting information:" baseImage="folder.gif" flags="0">
                <result msg="Intrinsic lock &quot;&lt;test.C.this&gt;:MUTEX&quot; is held  at  C.java line 108" source="/TestSyntacticEquality_JavaDoc/test/C.java.html" line="108" baseImage="info.gif" flags="0" />
                <result msg="Intrinsic lock &quot;&lt;test.C.this&gt;:MyLock&quot; is held  at  C.java line 108" source="/TestSyntacticEquality_JavaDoc/test/C.java.html" line="108" baseImage="info.gif" flags="0" />
              </result>
            </result>
          </result>
        </result>
      </result>
      <result msg="11 protected field access(es)" baseImage="folder.gif" flags="2">
        <result msg="test (11 issues)" baseImage="package.gif" flags="2">
          <result msg="test.C (10 issues)" baseImage="class.gif" flags="2">
            <result msg="Lock &quot;&lt;array [ &apos;\0&apos; ]&gt;:MyLock&quot; held when accessing array [ &apos;\0&apos; ].field  at  C.java line 60" source="/TestSyntacticEquality_JavaDoc/test/C.java.html" line="60" baseImage="plus.gif" flags="0">
              <result msg="supporting information:" baseImage="folder.gif" flags="0">
                <result msg="Intrinsic lock &quot;&lt;array [ 0 ]&gt;:MUTEX&quot; is held  at  C.java line 52" source="/TestSyntacticEquality_JavaDoc/test/C.java.html" line="52" baseImage="info.gif" flags="0" />
                <result msg="Intrinsic lock &quot;&lt;array [ 0 ]&gt;:MyLock&quot; is held  at  C.java line 52" source="/TestSyntacticEquality_JavaDoc/test/C.java.html" line="52" baseImage="info.gif" flags="0" />
              </result>
            </result>
            <result msg="Lock &quot;&lt;array [ &apos;\u0000&apos; ]&gt;:MyLock&quot; held when accessing array [ &apos;\u0000&apos; ].field  at  C.java line 62" source="/TestSyntacticEquality_JavaDoc/test/C.java.html" line="62" baseImage="plus.gif" flags="0">
              <result msg="supporting information:" baseImage="folder.gif" flags="0">
                <result msg="Intrinsic lock &quot;&lt;array [ 0 ]&gt;:MUTEX&quot; is held  at  C.java line 52" source="/TestSyntacticEquality_JavaDoc/test/C.java.html" line="52" baseImage="info.gif" flags="0" />
                <result msg="Intrinsic lock &quot;&lt;array [ 0 ]&gt;:MyLock&quot; is held  at  C.java line 52" source="/TestSyntacticEquality_JavaDoc/test/C.java.html" line="52" baseImage="info.gif" flags="0" />
              </result>
            </result>
            <result msg="Lock &quot;&lt;array [ 0 ]&gt;:MyLock&quot; held when accessing array [ 0 ].field  at  C.java line 54" source="/TestSyntacticEquality_JavaDoc/test/C.java.html" line="54" baseImage="plus.gif" flags="0">
              <result msg="supporting information:" baseImage="folder.gif" flags="0">
                <result msg="Intrinsic lock &quot;&lt;array [ 0 ]&gt;:MUTEX&quot; is held  at  C.java line 52" source="/TestSyntacticEquality_JavaDoc/test/C.java.html" line="52" baseImage="info.gif" flags="0" />
                <result msg="Intrinsic lock &quot;&lt;array [ 0 ]&gt;:MyLock&quot; is held  at  C.java line 52" source="/TestSyntacticEquality_JavaDoc/test/C.java.html" line="52" baseImage="info.gif" flags="0" />
              </result>
            </result>
            <result msg="Lock &quot;&lt;array [ 00 ]&gt;:MyLock&quot; held when accessing array [ 00 ].field  at  C.java line 56" source="/TestSyntacticEquality_JavaDoc/test/C.java.html" line="56" baseImage="plus.gif" flags="0">
              <result msg="supporting information:" baseImage="folder.gif" flags="0">
                <result msg="Intrinsic lock &quot;&lt;array [ 0 ]&gt;:MUTEX&quot; is held  at  C.java line 52" source="/TestSyntacticEquality_JavaDoc/test/C.java.html" line="52" baseImage="info.gif" flags="0" />
                <result msg="Intrinsic lock &quot;&lt;array [ 0 ]&gt;:MyLock&quot; is held  at  C.java line 52" source="/TestSyntacticEquality_JavaDoc/test/C.java.html" line="52" baseImage="info.gif" flags="0" />
              </result>
            </result>
            <result msg="Lock &quot;&lt;array [ 0x0 ]&gt;:MyLock&quot; held when accessing array [ 0x0 ].field  at  C.java line 58" source="/TestSyntacticEquality_JavaDoc/test/C.java.html" line="58" baseImage="plus.gif" flags="0">
              <result msg="supporting information:" baseImage="folder.gif" flags="0">
                <result msg="Intrinsic lock &quot;&lt;array [ 0 ]&gt;:MUTEX&quot; is held  at  C.java line 52" source="/TestSyntacticEquality_JavaDoc/test/C.java.html" line="52" baseImage="info.gif" flags="0" />
                <result msg="Intrinsic lock &quot;&lt;array [ 0 ]&gt;:MyLock&quot; is held  at  C.java line 52" source="/TestSyntacticEquality_JavaDoc/test/C.java.html" line="52" baseImage="info.gif" flags="0" />
              </result>
            </result>
            <result msg="Lock &quot;&lt;array [ i ]&gt;:MyLock&quot; held when accessing array [ i ].field  at  C.java line 45" source="/TestSyntacticEquality_JavaDoc/test/C.java.html" line="45" baseImage="plus.gif" flags="0">
              <result msg="supporting information:" baseImage="folder.gif" flags="0">
                <result msg="Intrinsic lock &quot;&lt;array [ i ]&gt;:MUTEX&quot; is held  at  C.java line 43" source="/TestSyntacticEquality_JavaDoc/test/C.java.html" line="43" baseImage="info.gif" flags="0" />
                <result msg="Intrinsic lock &quot;&lt;array [ i ]&gt;:MyLock&quot; is held  at  C.java line 43" source="/TestSyntacticEquality_JavaDoc/test/C.java.html" line="43" baseImage="info.gif" flags="0" />
              </result>
            </result>
            <result msg="Lock &quot;&lt;c1&gt;:MyLock&quot; held when accessing c1.field  at  C.java line 74" source="/TestSyntacticEquality_JavaDoc/test/C.java.html" line="74" baseImage="plus.gif" flags="0">
              <result msg="supporting information:" baseImage="folder.gif" flags="0">
                <result msg="Intrinsic lock &quot;&lt;c1&gt;:MUTEX&quot; is held  at  C.java line 72" source="/TestSyntacticEquality_JavaDoc/test/C.java.html" line="72" baseImage="info.gif" flags="0" />
                <result msg="Intrinsic lock &quot;&lt;c1&gt;:MyLock&quot; is held  at  C.java line 72" source="/TestSyntacticEquality_JavaDoc/test/C.java.html" line="72" baseImage="info.gif" flags="0" />
              </result>
            </result>
            <result msg="Lock &quot;&lt;c2&gt;:MyLock&quot; held when accessing c2.field  at  C.java line 83" source="/TestSyntacticEquality_JavaDoc/test/C.java.html" line="83" baseImage="plus.gif" flags="0">
              <result msg="supporting information:" baseImage="folder.gif" flags="0">
                <result msg="Intrinsic lock &quot;&lt;c2&gt;:MUTEX&quot; is held  at  C.java line 79" source="/TestSyntacticEquality_JavaDoc/test/C.java.html" line="79" baseImage="info.gif" flags="0" />
                <result msg="Intrinsic lock &quot;&lt;c2&gt;:MyLock&quot; is held  at  C.java line 79" source="/TestSyntacticEquality_JavaDoc/test/C.java.html" line="79" baseImage="info.gif" flags="0" />
              </result>
            </result>
            <result msg="Lock &quot;&lt;t1.f1&gt;:MyLock&quot; held when accessing t1.f1.field  at  C.java line 23" source="/TestSyntacticEquality_JavaDoc/test/C.java.html" line="23" baseImage="plus.gif" flags="0">
              <result msg="supporting information:" baseImage="folder.gif" flags="0">
                <result msg="Intrinsic lock &quot;&lt;t1.f1&gt;:MUTEX&quot; is held  at  C.java line 21" source="/TestSyntacticEquality_JavaDoc/test/C.java.html" line="21" baseImage="info.gif" flags="0" />
                <result msg="Intrinsic lock &quot;&lt;t1.f1&gt;:MyLock&quot; is held  at  C.java line 21" source="/TestSyntacticEquality_JavaDoc/test/C.java.html" line="21" baseImage="info.gif" flags="0" />
              </result>
            </result>
            <result msg="Lock &quot;&lt;this&gt;:MyLock&quot; held when accessing this.field  at  C.java line 97" source="/TestSyntacticEquality_JavaDoc/test/C.java.html" line="97" baseImage="plus.gif" flags="0">
              <result msg="supporting information:" baseImage="folder.gif" flags="0">
                <result msg="Intrinsic lock &quot;&lt;this&gt;:MUTEX&quot; is held  at  C.java line 95" source="/TestSyntacticEquality_JavaDoc/test/C.java.html" line="95" baseImage="info.gif" flags="0" />
                <result msg="Intrinsic lock &quot;&lt;this&gt;:MyLock&quot; is held  at  C.java line 95" source="/TestSyntacticEquality_JavaDoc/test/C.java.html" line="95" baseImage="info.gif" flags="0" />
              </result>
            </result>
          </result>
          <result msg="test.C.Inner (1 issue)" baseImage="class.gif" flags="2">
            <result msg="Lock &quot;&lt;test.C.this&gt;:MyLock&quot; held when accessing test.C.this.field  at  C.java line 110" source="/TestSyntacticEquality_JavaDoc/test/C.java.html" line="110" baseImage="plus.gif" flags="0">
              <result msg="supporting information:" baseImage="folder.gif" flags="0">
                <result msg="Intrinsic lock &quot;&lt;test.C.this&gt;:MUTEX&quot; is held  at  C.java line 108" source="/TestSyntacticEquality_JavaDoc/test/C.java.html" line="108" baseImage="info.gif" flags="0" />
                <result msg="Intrinsic lock &quot;&lt;test.C.this&gt;:MyLock&quot; is held  at  C.java line 108" source="/TestSyntacticEquality_JavaDoc/test/C.java.html" line="108" baseImage="info.gif" flags="0" />
              </result>
            </result>
          </result>
        </result>
      </result>
      <result msg="region  public  java.lang.Object.Instance on (unknown)  at  java.lang.Object" baseImage="promise.gif" flags="0">
        <result msg="supporting information: Child of region &quot;java.lang.Object.All&quot;  at  java.lang.Object" baseImage="info.gif" flags="0" />
      </result>
    </result>
  </result>
  <result msg="Regions (1 issue)" baseImage="tallyho.gif" flags="2">
    <result msg="region  public  [] on (unknown)" baseImage="promise.gif" flags="0" />
  </result>
  <result msg="Suggestions and warnings (1 issue)" baseImage="warning.gif" flags="128">
    <result msg="1 synchronized block(s) not protecting any state; what state is being protected?" baseImage="warning.gif" flags="128">
      <result msg="test (1 issue)" baseImage="package.gif" flags="128">
        <result msg="test.C (1 issue)" baseImage="class.gif" flags="128">
          <result msg="Locks [&lt;c1&gt;:MUTEX, &lt;c1&gt;:MyLock] not needed by body of synchronized block  at  C.java line 86" source="/TestSyntacticEquality_JavaDoc/test/C.java.html" line="86" baseImage="warning.gif" flags="128" />
        </result>
      </result>
    </result>
  </result>
</root>