<?xml version='1.0' encoding='UTF-8' standalone='yes'?>
<sea-summary time='Nov 12, 2010 10:06:36 AM'
	 project='workspace'>

<count LockModel='1'/>
<count LayerPromiseDrop='3'/>
<count InfoDrop='11'/>
<count MayReferToPromiseDrop='1'/>
<count PromisePromiseDrop='3'/>
<count TypeSetPromiseDrop='2'/>
<count InLayerPromiseDrop='8'/>
<count ResultDrop='13'/>
<count RegionModel='2'/>
<promise-drop type='RegionModel'
	 line='0'
	 file='java.lang.[]'
	 hash='-1305411288'
	 context='156839830'
	 message='Region public length'
	 message-id='(117,public,,length)'
	 category='Regions'
	 proved-consistent='true'
	 checked-by-analysis='true'
	 from-src='true'/>

<promise-drop type='LayerPromiseDrop'
	 offset='211'
	 line='1'
	 path='/SmallWorld-layers-2/src/edu/afit/csce593/smallworld/package-info.java'
	 uri='file://C:/work/jsure-test-script-workspace/TestLayers/SmallWorld-layers-2/src/edu/afit/csce593/smallworld/package-info.java'
	 file='file://C:/work/jsure-test-script-workspace/TestLayers/SmallWorld-layers-2/src/edu/afit/csce593/smallworld/package-info.java'
	 hash='-369752013'
	 context='476132679'
	 message='Layer PERSISTENCE may refer to MODEL | XML'
	 category='Static structure'
	 proved-consistent='true'
	 checked-by-analysis='true'
	 from-src='true'
	 to-be-checked-by-analysis='true'/>

<result-drop type='ResultDrop'
	 offset='5392'
	 line='202'
	 path='/SmallWorld-layers-2/src/edu/afit/csce593/smallworld/controller/WorldController.java'
	 uri='file://C:/work/jsure-test-script-workspace/TestLayers/SmallWorld-layers-2/src/edu/afit/csce593/smallworld/controller/WorldController.java'
	 file='file://C:/work/jsure-test-script-workspace/TestLayers/SmallWorld-layers-2/src/edu/afit/csce593/smallworld/controller/WorldController.java'
	 hash='-659472624'
	 context='-678574790'
	 message='Prohibited reference to java.util.Set'
	 message-id='(350,java.util.Set,edu.afit.csce593.smallworld.controller.WorldController)'
	 category='Static structure'
	 result-type='Layers'/>

<promise-drop type='InLayerPromiseDrop'
	 offset='234'
	 line='10'
	 path='/SmallWorld-layers-2/src/edu/afit/csce593/smallworld/model/Direction.java'
	 uri='file://C:/work/jsure-test-script-workspace/TestLayers/SmallWorld-layers-2/src/edu/afit/csce593/smallworld/model/Direction.java'
	 file='file://C:/work/jsure-test-script-workspace/TestLayers/SmallWorld-layers-2/src/edu/afit/csce593/smallworld/model/Direction.java'
	 hash='1311769904'
	 context='-166613298'
	 message='InLayer edu.afit.csce593.smallworld.MODEL'
	 category='Static structure'
	 proved-consistent='true'
	 checked-by-analysis='true'
	 from-src='true'
	 virtual='true'
	 to-be-checked-by-analysis='true'/>

<result-drop type='ResultDrop'
	 offset='828'
	 line='20'
	 path='/SmallWorld-layers-2/src/edu/afit/csce593/smallworld/model/World.java'
	 uri='file://C:/work/jsure-test-script-workspace/TestLayers/SmallWorld-layers-2/src/edu/afit/csce593/smallworld/model/World.java'
	 file='file://C:/work/jsure-test-script-workspace/TestLayers/SmallWorld-layers-2/src/edu/afit/csce593/smallworld/model/World.java'
	 hash='-2024183287'
	 context='-955202975'
	 message='All types referenced by World are permitted'
	 message-id='(351,World)'
	 category='Static structure'
	 proved-consistent='true'
	 consistent='true'
	 result-type='Layers -- no errors'/>

<promise-drop type='TypeSetPromiseDrop'
	 offset='23'
	 line='1'
	 path='/SmallWorld-layers-2/src/edu/afit/csce593/smallworld/package-info.java'
	 uri='file://C:/work/jsure-test-script-workspace/TestLayers/SmallWorld-layers-2/src/edu/afit/csce593/smallworld/package-info.java'
	 file='file://C:/work/jsure-test-script-workspace/TestLayers/SmallWorld-layers-2/src/edu/afit/csce593/smallworld/package-info.java'
	 hash='-369752013'
	 context='476132679'
	 message='TypeSet UTIL = java.util &amp; !java.util.{ Enumeration, Hashtable, Vector }'
	 category='Static structure'
	 proved-consistent='true'
	 checked-by-analysis='true'
	 from-src='true'/>

<promise-drop type='LockModel'
	 offset='2147483647'
	 line='0'
	 file='java.lang.Object'
	 hash='1709211273'
	 context='1063877011'
	 message='RegionLock java.lang.Object.MUTEX is this protects WaitQueue on Object'
	 message-id='(100,java.lang.Object.MUTEX,this,WaitQueue,Object)'
	 category='Concurrency'
	 proved-consistent='true'
	 checked-by-analysis='true'
	 from-src='true'
	 to-be-checked-by-analysis='true'/>

<result-drop type='ResultDrop'
	 offset='234'
	 line='10'
	 path='/SmallWorld-layers-2/src/edu/afit/csce593/smallworld/model/Direction.java'
	 uri='file://C:/work/jsure-test-script-workspace/TestLayers/SmallWorld-layers-2/src/edu/afit/csce593/smallworld/model/Direction.java'
	 file='file://C:/work/jsure-test-script-workspace/TestLayers/SmallWorld-layers-2/src/edu/afit/csce593/smallworld/model/Direction.java'
	 hash='1311769904'
	 context='-166613298'
	 message='All types referenced by Direction are permitted'
	 message-id='(351,Direction)'
	 category='Static structure'
	 proved-consistent='true'
	 consistent='true'
	 result-type='Layers -- no errors'/>

<promise-drop type='InLayerPromiseDrop'
	 offset='828'
	 line='20'
	 path='/SmallWorld-layers-2/src/edu/afit/csce593/smallworld/model/World.java'
	 uri='file://C:/work/jsure-test-script-workspace/TestLayers/SmallWorld-layers-2/src/edu/afit/csce593/smallworld/model/World.java'
	 file='file://C:/work/jsure-test-script-workspace/TestLayers/SmallWorld-layers-2/src/edu/afit/csce593/smallworld/model/World.java'
	 hash='-2024183287'
	 context='-955202975'
	 message='InLayer edu.afit.csce593.smallworld.MODEL'
	 category='Static structure'
	 proved-consistent='true'
	 checked-by-analysis='true'
	 from-src='true'
	 virtual='true'
	 to-be-checked-by-analysis='true'/>

<ir-drop type='InfoDrop'
	 offset='521'
	 line='17'
	 path='/SmallWorld-layers-2/src/edu/afit/csce593/smallworld/textui/WordWrappedMessage.java'
	 uri='file://C:/work/jsure-test-script-workspace/TestLayers/SmallWorld-layers-2/src/edu/afit/csce593/smallworld/textui/WordWrappedMessage.java'
	 file='file://C:/work/jsure-test-script-workspace/TestLayers/SmallWorld-layers-2/src/edu/afit/csce593/smallworld/textui/WordWrappedMessage.java'
	 hash='-1366867380'
	 context='1366726730'
	 message='WordWrappedMessage.&lt;clinit&gt; has effect &quot;writes java.lang.Object:All&quot; from java.lang.System.getProperty(&quot;line.separator&quot;)'
	 message-id='(156,WordWrappedMessage,writes java.lang.Object:All,java.lang.System.getProperty(&quot;line.separator&quot;))'
	 category='non-trivial effect(s) in a class initializer'
	 result-type='EffectAssurance'/>

<ir-drop type='InfoDrop'
	 offset='5621'
	 line='172'
	 path='/SmallWorld-layers-2/src/edu/afit/csce593/smallworld/model/World.java'
	 uri='file://C:/work/jsure-test-script-workspace/TestLayers/SmallWorld-layers-2/src/edu/afit/csce593/smallworld/model/World.java'
	 file='file://C:/work/jsure-test-script-workspace/TestLayers/SmallWorld-layers-2/src/edu/afit/csce593/smallworld/model/World.java'
	 hash='-714854875'
	 context='-1595275971'
	 message='World.&lt;clinit&gt; has effect &quot;writes edu.afit.csce593.smallworld.model.World:LINESEP&quot; from LINESEP = java.lang.System.getProperty(&quot;line.separator&quot;)'
	 message-id='(156,World,writes edu.afit.csce593.smallworld.model.World:LINESEP,LINESEP = java.lang.System.getProperty(&quot;line.separator&quot;))'
	 category='non-trivial effect(s) in a class initializer'
	 result-type='EffectAssurance'/>

<ir-drop type='InfoDrop'
	 offset='280'
	 line='12'
	 path='/SmallWorld-layers-2/src/edu/afit/csce593/smallworld/model/Direction.java'
	 uri='file://C:/work/jsure-test-script-workspace/TestLayers/SmallWorld-layers-2/src/edu/afit/csce593/smallworld/model/Direction.java'
	 file='file://C:/work/jsure-test-script-workspace/TestLayers/SmallWorld-layers-2/src/edu/afit/csce593/smallworld/model/Direction.java'
	 hash='2120701'
	 context='-1746170329'
	 message='Direction.&lt;clinit&gt; has effect &quot;writes java.lang.Object:All&quot; from EAST'
	 message-id='(156,Direction,writes java.lang.Object:All,EAST)'
	 category='non-trivial effect(s) in a class initializer'
	 result-type='EffectAssurance'/>

<result-drop type='ResultDrop'
	 offset='5392'
	 line='202'
	 path='/SmallWorld-layers-2/src/edu/afit/csce593/smallworld/controller/WorldController.java'
	 uri='file://C:/work/jsure-test-script-workspace/TestLayers/SmallWorld-layers-2/src/edu/afit/csce593/smallworld/controller/WorldController.java'
	 file='file://C:/work/jsure-test-script-workspace/TestLayers/SmallWorld-layers-2/src/edu/afit/csce593/smallworld/controller/WorldController.java'
	 hash='-619097084'
	 context='-678574790'
	 message='Prohibited reference to java.util.Iterator'
	 message-id='(350,java.util.Iterator,edu.afit.csce593.smallworld.controller.WorldController)'
	 category='Static structure'
	 result-type='Layers'/>

<result-drop type='ResultDrop'
	 offset='697'
	 line='23'
	 path='/SmallWorld-layers-2/src/edu/afit/csce593/smallworld/controller/WorldController.java'
	 uri='file://C:/work/jsure-test-script-workspace/TestLayers/SmallWorld-layers-2/src/edu/afit/csce593/smallworld/controller/WorldController.java'
	 file='file://C:/work/jsure-test-script-workspace/TestLayers/SmallWorld-layers-2/src/edu/afit/csce593/smallworld/controller/WorldController.java'
	 hash='-742962680'
	 context='1359787496'
	 message='All types referenced by WorldController are permitted'
	 message-id='(351,WorldController)'
	 category='Static structure'
	 proved-consistent='true'
	 consistent='true'
	 result-type='Layers -- no errors'/>

<ir-drop type='InfoDrop'
	 offset='286'
	 line='12'
	 path='/SmallWorld-layers-2/src/edu/afit/csce593/smallworld/model/Direction.java'
	 uri='file://C:/work/jsure-test-script-workspace/TestLayers/SmallWorld-layers-2/src/edu/afit/csce593/smallworld/model/Direction.java'
	 file='file://C:/work/jsure-test-script-workspace/TestLayers/SmallWorld-layers-2/src/edu/afit/csce593/smallworld/model/Direction.java'
	 hash='2660783'
	 context='-1746170329'
	 message='Direction.&lt;clinit&gt; has effect &quot;writes java.lang.Object:All&quot; from WEST'
	 message-id='(156,Direction,writes java.lang.Object:All,WEST)'
	 category='non-trivial effect(s) in a class initializer'
	 result-type='EffectAssurance'/>

<result-drop type='ResultDrop'
	 offset='46'
	 line='3'
	 path='/SmallWorld-layers-2/src/edu/afit/csce593/smallworld/model/Item.java'
	 uri='file://C:/work/jsure-test-script-workspace/TestLayers/SmallWorld-layers-2/src/edu/afit/csce593/smallworld/model/Item.java'
	 file='file://C:/work/jsure-test-script-workspace/TestLayers/SmallWorld-layers-2/src/edu/afit/csce593/smallworld/model/Item.java'
	 hash='-267711296'
	 context='1492794980'
	 message='All types referenced by Item are permitted'
	 message-id='(351,Item)'
	 category='Static structure'
	 proved-consistent='true'
	 consistent='true'
	 result-type='Layers -- no errors'/>

<promise-drop type='InLayerPromiseDrop'
	 offset='706'
	 line='23'
	 path='/SmallWorld-layers-2/src/edu/afit/csce593/smallworld/controller/WorldController.java'
	 uri='file://C:/work/jsure-test-script-workspace/TestLayers/SmallWorld-layers-2/src/edu/afit/csce593/smallworld/controller/WorldController.java'
	 file='file://C:/work/jsure-test-script-workspace/TestLayers/SmallWorld-layers-2/src/edu/afit/csce593/smallworld/controller/WorldController.java'
	 hash='-742962680'
	 context='1359787496'
	 message='InLayer edu.afit.csce593.smallworld.CONTROLLER'
	 category='Static structure'
	 checked-by-analysis='true'
	 from-src='true'
	 to-be-checked-by-analysis='true'/>

<promise-drop type='MayReferToPromiseDrop'
	 offset='697'
	 line='23'
	 path='/SmallWorld-layers-2/src/edu/afit/csce593/smallworld/controller/WorldController.java'
	 uri='file://C:/work/jsure-test-script-workspace/TestLayers/SmallWorld-layers-2/src/edu/afit/csce593/smallworld/controller/WorldController.java'
	 file='file://C:/work/jsure-test-script-workspace/TestLayers/SmallWorld-layers-2/src/edu/afit/csce593/smallworld/controller/WorldController.java'
	 hash='-742962680'
	 context='1359787496'
	 message='MayReferTo edu.afit.csce593.smallworld.{ model, persistence } | java.util | java.io.File'
	 category='Static structure'
	 proved-consistent='true'
	 checked-by-analysis='true'
	 from-src='true'
	 virtual='true'
	 to-be-checked-by-analysis='true'/>

<promise-drop type='InLayerPromiseDrop'
	 offset='198'
	 line='9'
	 path='/SmallWorld-layers-2/src/edu/afit/csce593/smallworld/model/IWorldObserver.java'
	 uri='file://C:/work/jsure-test-script-workspace/TestLayers/SmallWorld-layers-2/src/edu/afit/csce593/smallworld/model/IWorldObserver.java'
	 file='file://C:/work/jsure-test-script-workspace/TestLayers/SmallWorld-layers-2/src/edu/afit/csce593/smallworld/model/IWorldObserver.java'
	 hash='2134525949'
	 context='-1207724880'
	 message='InLayer edu.afit.csce593.smallworld.MODEL'
	 category='Static structure'
	 proved-consistent='true'
	 checked-by-analysis='true'
	 from-src='true'
	 virtual='true'
	 to-be-checked-by-analysis='true'/>

<result-drop type='ResultDrop'
	 offset='5392'
	 line='202'
	 path='/SmallWorld-layers-2/src/edu/afit/csce593/smallworld/controller/WorldController.java'
	 uri='file://C:/work/jsure-test-script-workspace/TestLayers/SmallWorld-layers-2/src/edu/afit/csce593/smallworld/controller/WorldController.java'
	 file='file://C:/work/jsure-test-script-workspace/TestLayers/SmallWorld-layers-2/src/edu/afit/csce593/smallworld/controller/WorldController.java'
	 hash='1549261222'
	 context='1652204499'
	 message='Prohibited reference to java.util.Set.iterator()'
	 message-id='(350,java.util.Set.iterator(),edu.afit.csce593.smallworld.controller.WorldController)'
	 category='Static structure'
	 result-type='Layers'/>

<result-drop type='ResultDrop'
	 offset='278'
	 line='11'
	 path='/SmallWorld-layers-2/src/edu/afit/csce593/smallworld/model/Player.java'
	 uri='file://C:/work/jsure-test-script-workspace/TestLayers/SmallWorld-layers-2/src/edu/afit/csce593/smallworld/model/Player.java'
	 file='file://C:/work/jsure-test-script-workspace/TestLayers/SmallWorld-layers-2/src/edu/afit/csce593/smallworld/model/Player.java'
	 hash='-1717758633'
	 context='249810418'
	 message='All types referenced by Player are permitted'
	 message-id='(351,Player)'
	 category='Static structure'
	 proved-consistent='true'
	 consistent='true'
	 result-type='Layers -- no errors'/>

<promise-drop type='InLayerPromiseDrop'
	 offset='278'
	 line='11'
	 path='/SmallWorld-layers-2/src/edu/afit/csce593/smallworld/model/Player.java'
	 uri='file://C:/work/jsure-test-script-workspace/TestLayers/SmallWorld-layers-2/src/edu/afit/csce593/smallworld/model/Player.java'
	 file='file://C:/work/jsure-test-script-workspace/TestLayers/SmallWorld-layers-2/src/edu/afit/csce593/smallworld/model/Player.java'
	 hash='-1717758633'
	 context='249810418'
	 message='InLayer edu.afit.csce593.smallworld.MODEL'
	 category='Static structure'
	 proved-consistent='true'
	 checked-by-analysis='true'
	 from-src='true'
	 virtual='true'
	 to-be-checked-by-analysis='true'/>

<ir-drop type='InfoDrop'
	 offset='493'
	 line='22'
	 path='/SmallWorld-layers-2/src/edu/afit/csce593/smallworld/textui/TextUtilities.java'
	 uri='file://C:/work/jsure-test-script-workspace/TestLayers/SmallWorld-layers-2/src/edu/afit/csce593/smallworld/textui/TextUtilities.java'
	 file='file://C:/work/jsure-test-script-workspace/TestLayers/SmallWorld-layers-2/src/edu/afit/csce593/smallworld/textui/TextUtilities.java'
	 hash='-1366867380'
	 context='-1138618633'
	 message='TextUtilities.&lt;clinit&gt; has effect &quot;writes java.lang.Object:All&quot; from java.lang.System.getProperty(&quot;line.separator&quot;)'
	 message-id='(156,TextUtilities,writes java.lang.Object:All,java.lang.System.getProperty(&quot;line.separator&quot;))'
	 category='non-trivial effect(s) in a class initializer'
	 result-type='EffectAssurance'/>

<promise-drop type='LayerPromiseDrop'
	 offset='168'
	 line='1'
	 path='/SmallWorld-layers-2/src/edu/afit/csce593/smallworld/package-info.java'
	 uri='file://C:/work/jsure-test-script-workspace/TestLayers/SmallWorld-layers-2/src/edu/afit/csce593/smallworld/package-info.java'
	 file='file://C:/work/jsure-test-script-workspace/TestLayers/SmallWorld-layers-2/src/edu/afit/csce593/smallworld/package-info.java'
	 hash='-369752013'
	 context='476132679'
	 message='Layer MODEL may refer to UTIL'
	 category='Static structure'
	 proved-consistent='true'
	 checked-by-analysis='true'
	 from-src='true'
	 to-be-checked-by-analysis='true'/>

<result-drop type='ResultDrop'
	 offset='771'
	 line='27'
	 path='/SmallWorld-layers-2/src/edu/afit/csce593/smallworld/persistence/WorldPersistence.java'
	 uri='file://C:/work/jsure-test-script-workspace/TestLayers/SmallWorld-layers-2/src/edu/afit/csce593/smallworld/persistence/WorldPersistence.java'
	 file='file://C:/work/jsure-test-script-workspace/TestLayers/SmallWorld-layers-2/src/edu/afit/csce593/smallworld/persistence/WorldPersistence.java'
	 hash='-347276874'
	 context='1273957320'
	 message='All types referenced by WorldPersistence are permitted'
	 message-id='(351,WorldPersistence)'
	 category='Static structure'
	 proved-consistent='true'
	 consistent='true'
	 result-type='Layers -- no errors'/>

<ir-drop type='InfoDrop'
	 offset='2327'
	 line='72'
	 path='/SmallWorld-layers-2/src/edu/afit/csce593/smallworld/textui/console/SmallWorld.java'
	 uri='file://C:/work/jsure-test-script-workspace/TestLayers/SmallWorld-layers-2/src/edu/afit/csce593/smallworld/textui/console/SmallWorld.java'
	 file='file://C:/work/jsure-test-script-workspace/TestLayers/SmallWorld-layers-2/src/edu/afit/csce593/smallworld/textui/console/SmallWorld.java'
	 hash='1462359619'
	 context='-966536887'
	 message='SmallWorld.&lt;clinit&gt; has effect &quot;writes java.lang.Object:All&quot; from new java.io.BufferedReader (new java.io.InputStreamReader (#.in))'
	 message-id='(156,SmallWorld,writes java.lang.Object:All,new java.io.BufferedReader (new java.io.InputStreamReader (#.in)))'
	 category='non-trivial effect(s) in a class initializer'
	 result-type='EffectAssurance'/>

<ir-drop type='InfoDrop'
	 offset='521'
	 line='17'
	 path='/SmallWorld-layers-2/src/edu/afit/csce593/smallworld/textui/WordWrappedMessage.java'
	 uri='file://C:/work/jsure-test-script-workspace/TestLayers/SmallWorld-layers-2/src/edu/afit/csce593/smallworld/textui/WordWrappedMessage.java'
	 file='file://C:/work/jsure-test-script-workspace/TestLayers/SmallWorld-layers-2/src/edu/afit/csce593/smallworld/textui/WordWrappedMessage.java'
	 hash='-714854875'
	 context='1624326633'
	 message='WordWrappedMessage.&lt;clinit&gt; has effect &quot;writes edu.afit.csce593.smallworld.textui.WordWrappedMessage:LINESEP&quot; from LINESEP = java.lang.System.getProperty(&quot;line.separator&quot;)'
	 message-id='(156,WordWrappedMessage,writes edu.afit.csce593.smallworld.textui.WordWrappedMessage:LINESEP,LINESEP = java.lang.System.getProperty(&quot;line.separator&quot;))'
	 category='non-trivial effect(s) in a class initializer'
	 result-type='EffectAssurance'/>

<ir-drop type='InfoDrop'
	 offset='267'
	 line='12'
	 path='/SmallWorld-layers-2/src/edu/afit/csce593/smallworld/model/Direction.java'
	 uri='file://C:/work/jsure-test-script-workspace/TestLayers/SmallWorld-layers-2/src/edu/afit/csce593/smallworld/model/Direction.java'
	 file='file://C:/work/jsure-test-script-workspace/TestLayers/SmallWorld-layers-2/src/edu/afit/csce593/smallworld/model/Direction.java'
	 hash='74469605'
	 context='-1746170329'
	 message='Direction.&lt;clinit&gt; has effect &quot;writes java.lang.Object:All&quot; from NORTH'
	 message-id='(156,Direction,writes java.lang.Object:All,NORTH)'
	 category='non-trivial effect(s) in a class initializer'
	 result-type='EffectAssurance'/>

<result-drop type='ResultDrop'
	 offset='5392'
	 line='202'
	 path='/SmallWorld-layers-2/src/edu/afit/csce593/smallworld/controller/WorldController.java'
	 uri='file://C:/work/jsure-test-script-workspace/TestLayers/SmallWorld-layers-2/src/edu/afit/csce593/smallworld/controller/WorldController.java'
	 file='file://C:/work/jsure-test-script-workspace/TestLayers/SmallWorld-layers-2/src/edu/afit/csce593/smallworld/controller/WorldController.java'
	 hash='1243924050'
	 context='-748920688'
	 message='Prohibited reference to java.util.Iterator.next()'
	 message-id='(350,java.util.Iterator.next(),edu.afit.csce593.smallworld.controller.WorldController)'
	 category='Static structure'
	 result-type='Layers'/>

<promise-drop type='TypeSetPromiseDrop'
	 offset='102'
	 line='1'
	 path='/SmallWorld-layers-2/src/edu/afit/csce593/smallworld/package-info.java'
	 uri='file://C:/work/jsure-test-script-workspace/TestLayers/SmallWorld-layers-2/src/edu/afit/csce593/smallworld/package-info.java'
	 file='file://C:/work/jsure-test-script-workspace/TestLayers/SmallWorld-layers-2/src/edu/afit/csce593/smallworld/package-info.java'
	 hash='-369752013'
	 context='476132679'
	 message='TypeSet XML = org.jdom+ | UTIL | java.{ io, net }'
	 category='Static structure'
	 proved-consistent='true'
	 checked-by-analysis='true'
	 from-src='true'/>

<result-drop type='ResultDrop'
	 offset='5392'
	 line='202'
	 path='/SmallWorld-layers-2/src/edu/afit/csce593/smallworld/controller/WorldController.java'
	 uri='file://C:/work/jsure-test-script-workspace/TestLayers/SmallWorld-layers-2/src/edu/afit/csce593/smallworld/controller/WorldController.java'
	 file='file://C:/work/jsure-test-script-workspace/TestLayers/SmallWorld-layers-2/src/edu/afit/csce593/smallworld/controller/WorldController.java'
	 hash='-386676498'
	 context='926370587'
	 message='Prohibited reference to java.util.Iterator.hasNext()'
	 message-id='(350,java.util.Iterator.hasNext(),edu.afit.csce593.smallworld.controller.WorldController)'
	 category='Static structure'
	 result-type='Layers'/>

<promise-drop type='LayerPromiseDrop'
	 offset='261'
	 line='1'
	 path='/SmallWorld-layers-2/src/edu/afit/csce593/smallworld/package-info.java'
	 uri='file://C:/work/jsure-test-script-workspace/TestLayers/SmallWorld-layers-2/src/edu/afit/csce593/smallworld/package-info.java'
	 file='file://C:/work/jsure-test-script-workspace/TestLayers/SmallWorld-layers-2/src/edu/afit/csce593/smallworld/package-info.java'
	 hash='-369752013'
	 context='476132679'
	 message='Layer CONTROLLER may refer to MODEL | PERSISTENCE | java.io.File'
	 category='Static structure'
	 checked-by-analysis='true'
	 from-src='true'
	 to-be-checked-by-analysis='true'/>

<promise-drop type='InLayerPromiseDrop'
	 offset='46'
	 line='3'
	 path='/SmallWorld-layers-2/src/edu/afit/csce593/smallworld/model/Item.java'
	 uri='file://C:/work/jsure-test-script-workspace/TestLayers/SmallWorld-layers-2/src/edu/afit/csce593/smallworld/model/Item.java'
	 file='file://C:/work/jsure-test-script-workspace/TestLayers/SmallWorld-layers-2/src/edu/afit/csce593/smallworld/model/Item.java'
	 hash='-267711296'
	 context='1492794980'
	 message='InLayer edu.afit.csce593.smallworld.MODEL'
	 category='Static structure'
	 proved-consistent='true'
	 checked-by-analysis='true'
	 from-src='true'
	 virtual='true'
	 to-be-checked-by-analysis='true'/>

<promise-drop type='PromisePromiseDrop'
	 offset='9'
	 line='1'
	 path='/SmallWorld-layers-2/src/edu/afit/csce593/smallworld/model/package-info.java'
	 uri='file://C:/work/jsure-test-script-workspace/TestLayers/SmallWorld-layers-2/src/edu/afit/csce593/smallworld/model/package-info.java'
	 file='file://C:/work/jsure-test-script-workspace/TestLayers/SmallWorld-layers-2/src/edu/afit/csce593/smallworld/model/package-info.java'
	 hash='-439861800'
	 context='476132679'
	 message='Promise @InLayer(edu.afit.csce593.smallworld.MODEL)'
	 category='Scoped promises'
	 proved-consistent='true'
	 checked-by-analysis='true'
	 from-src='true'
	 to-be-checked-by-analysis='true'/>

<promise-drop type='RegionModel'
	 line='0'
	 file='java.lang.[]'
	 hash='-1305411288'
	 context='156839830'
	 message='Region public []'
	 message-id='(117,public,,[])'
	 category='Regions'
	 proved-consistent='true'
	 checked-by-analysis='true'
	 from-src='true'/>

<promise-drop type='PromisePromiseDrop'
	 offset='9'
	 line='1'
	 path='/SmallWorld-layers-2/src/edu/afit/csce593/smallworld/persistence/package-info.java'
	 uri='file://C:/work/jsure-test-script-workspace/TestLayers/SmallWorld-layers-2/src/edu/afit/csce593/smallworld/persistence/package-info.java'
	 file='file://C:/work/jsure-test-script-workspace/TestLayers/SmallWorld-layers-2/src/edu/afit/csce593/smallworld/persistence/package-info.java'
	 hash='-763424606'
	 context='476132679'
	 message='Promise @InLayer(edu.afit.csce593.smallworld.PERSISTENCE)'
	 category='Scoped promises'
	 proved-consistent='true'
	 checked-by-analysis='true'
	 from-src='true'
	 to-be-checked-by-analysis='true'/>

<ir-drop type='InfoDrop'
	 offset='274'
	 line='12'
	 path='/SmallWorld-layers-2/src/edu/afit/csce593/smallworld/model/Direction.java'
	 uri='file://C:/work/jsure-test-script-workspace/TestLayers/SmallWorld-layers-2/src/edu/afit/csce593/smallworld/model/Direction.java'
	 file='file://C:/work/jsure-test-script-workspace/TestLayers/SmallWorld-layers-2/src/edu/afit/csce593/smallworld/model/Direction.java'
	 hash='79090093'
	 context='-1746170329'
	 message='Direction.&lt;clinit&gt; has effect &quot;writes java.lang.Object:All&quot; from SOUTH'
	 message-id='(156,Direction,writes java.lang.Object:All,SOUTH)'
	 category='non-trivial effect(s) in a class initializer'
	 result-type='EffectAssurance'/>

<result-drop type='ResultDrop'
	 offset='198'
	 line='9'
	 path='/SmallWorld-layers-2/src/edu/afit/csce593/smallworld/model/IWorldObserver.java'
	 uri='file://C:/work/jsure-test-script-workspace/TestLayers/SmallWorld-layers-2/src/edu/afit/csce593/smallworld/model/IWorldObserver.java'
	 file='file://C:/work/jsure-test-script-workspace/TestLayers/SmallWorld-layers-2/src/edu/afit/csce593/smallworld/model/IWorldObserver.java'
	 hash='2134525949'
	 context='-1207724880'
	 message='All types referenced by IWorldObserver are permitted'
	 message-id='(351,IWorldObserver)'
	 category='Static structure'
	 proved-consistent='true'
	 consistent='true'
	 result-type='Layers -- no errors'/>

<result-drop type='ResultDrop'
	 offset='358'
	 line='14'
	 path='/SmallWorld-layers-2/src/edu/afit/csce593/smallworld/model/Place.java'
	 uri='file://C:/work/jsure-test-script-workspace/TestLayers/SmallWorld-layers-2/src/edu/afit/csce593/smallworld/model/Place.java'
	 file='file://C:/work/jsure-test-script-workspace/TestLayers/SmallWorld-layers-2/src/edu/afit/csce593/smallworld/model/Place.java'
	 hash='-50583055'
	 context='-961773610'
	 message='All types referenced by Place are permitted'
	 message-id='(351,Place)'
	 category='Static structure'
	 proved-consistent='true'
	 consistent='true'
	 result-type='Layers -- no errors'/>

<promise-drop type='InLayerPromiseDrop'
	 offset='358'
	 line='14'
	 path='/SmallWorld-layers-2/src/edu/afit/csce593/smallworld/model/Place.java'
	 uri='file://C:/work/jsure-test-script-workspace/TestLayers/SmallWorld-layers-2/src/edu/afit/csce593/smallworld/model/Place.java'
	 file='file://C:/work/jsure-test-script-workspace/TestLayers/SmallWorld-layers-2/src/edu/afit/csce593/smallworld/model/Place.java'
	 hash='-50583055'
	 context='-961773610'
	 message='InLayer edu.afit.csce593.smallworld.MODEL'
	 category='Static structure'
	 proved-consistent='true'
	 checked-by-analysis='true'
	 from-src='true'
	 virtual='true'
	 to-be-checked-by-analysis='true'/>

<promise-drop type='InLayerPromiseDrop'
	 offset='771'
	 line='27'
	 path='/SmallWorld-layers-2/src/edu/afit/csce593/smallworld/persistence/WorldPersistence.java'
	 uri='file://C:/work/jsure-test-script-workspace/TestLayers/SmallWorld-layers-2/src/edu/afit/csce593/smallworld/persistence/WorldPersistence.java'
	 file='file://C:/work/jsure-test-script-workspace/TestLayers/SmallWorld-layers-2/src/edu/afit/csce593/smallworld/persistence/WorldPersistence.java'
	 hash='-347276874'
	 context='1273957320'
	 message='InLayer edu.afit.csce593.smallworld.PERSISTENCE'
	 category='Static structure'
	 proved-consistent='true'
	 checked-by-analysis='true'
	 from-src='true'
	 virtual='true'
	 to-be-checked-by-analysis='true'/>

<promise-drop type='PromisePromiseDrop'
	 offset='9'
	 line='1'
	 path='/SmallWorld-layers-1/src/edu/afit/csce593/smallworld/controller/package-info.java'
	 uri='file://C:/work/jsure-test-script-workspace/TestLayers/SmallWorld-layers-1/src/edu/afit/csce593/smallworld/controller/package-info.java'
	 file='file://C:/work/jsure-test-script-workspace/TestLayers/SmallWorld-layers-1/src/edu/afit/csce593/smallworld/controller/package-info.java'
	 hash='-1415474119'
	 context='476132679'
	 message='Promise @MayReferTo(edu.afit.csce593.smallworld.{model, persistence} | java.util | java.io.File)'
	 category='Scoped promises'
	 proved-consistent='true'
	 checked-by-analysis='true'
	 from-src='true'
	 to-be-checked-by-analysis='true'/>

<ir-drop type='InfoDrop'
	 offset='5621'
	 line='172'
	 path='/SmallWorld-layers-2/src/edu/afit/csce593/smallworld/model/World.java'
	 uri='file://C:/work/jsure-test-script-workspace/TestLayers/SmallWorld-layers-2/src/edu/afit/csce593/smallworld/model/World.java'
	 file='file://C:/work/jsure-test-script-workspace/TestLayers/SmallWorld-layers-2/src/edu/afit/csce593/smallworld/model/World.java'
	 hash='-1366867380'
	 context='997566814'
	 message='World.&lt;clinit&gt; has effect &quot;writes java.lang.Object:All&quot; from java.lang.System.getProperty(&quot;line.separator&quot;)'
	 message-id='(156,World,writes java.lang.Object:All,java.lang.System.getProperty(&quot;line.separator&quot;))'
	 category='non-trivial effect(s) in a class initializer'
	 result-type='EffectAssurance'/>

<ir-drop type='InfoDrop'
	 offset='2351'
	 line='73'
	 path='/SmallWorld-layers-2/src/edu/afit/csce593/smallworld/textui/console/SmallWorld.java'
	 uri='file://C:/work/jsure-test-script-workspace/TestLayers/SmallWorld-layers-2/src/edu/afit/csce593/smallworld/textui/console/SmallWorld.java'
	 file='file://C:/work/jsure-test-script-workspace/TestLayers/SmallWorld-layers-2/src/edu/afit/csce593/smallworld/textui/console/SmallWorld.java'
	 hash='-1540552398'
	 context='-966536887'
	 message='SmallWorld.&lt;clinit&gt; has effect &quot;writes java.lang.Object:All&quot; from new java.io.InputStreamReader (java.lang.System.in)'
	 message-id='(156,SmallWorld,writes java.lang.Object:All,new java.io.InputStreamReader (java.lang.System.in))'
	 category='non-trivial effect(s) in a class initializer'
	 result-type='EffectAssurance'/>

</sea-summary>

