<?xml version='1.0' encoding='UTF-8' standalone='yes'?>
<sea-summary time='Nov 12, 2010 10:06:02 AM'
	 project='workspace'>

<count LockModel='1'/>
<count InfoDrop='11'/>
<count MayReferToPromiseDrop='8'/>
<count PromisePromiseDrop='3'/>
<count ResultDrop='11'/>
<count RegionModel='2'/>
<promise-drop type='RegionModel'
	 line='0'
	 file='java.lang.[]'
	 hash='-1305411288'
	 context='156839830'
	 message='Region public length'
	 message-id='(117,public,,length)'
	 category='Regions'
	 proved-consistent='true'
	 checked-by-analysis='true'
	 from-src='true'/>

<ir-drop type='InfoDrop'
	 offset='521'
	 line='17'
	 path='/SmallWorld-layers-1/src/edu/afit/csce593/smallworld/textui/WordWrappedMessage.java'
	 uri='file://C:/work/jsure-test-script-workspace/TestLayers/SmallWorld-layers-1/src/edu/afit/csce593/smallworld/textui/WordWrappedMessage.java'
	 file='file://C:/work/jsure-test-script-workspace/TestLayers/SmallWorld-layers-1/src/edu/afit/csce593/smallworld/textui/WordWrappedMessage.java'
	 hash='-714854875'
	 context='1624326633'
	 message='WordWrappedMessage.&lt;clinit&gt; has effect &quot;writes edu.afit.csce593.smallworld.textui.WordWrappedMessage:LINESEP&quot; from LINESEP = java.lang.System.getProperty(&quot;line.separator&quot;)'
	 message-id='(156,WordWrappedMessage,writes edu.afit.csce593.smallworld.textui.WordWrappedMessage:LINESEP,LINESEP = java.lang.System.getProperty(&quot;line.separator&quot;))'
	 category='non-trivial effect(s) in a class initializer'
	 result-type='EffectAssurance'/>

<promise-drop type='MayReferToPromiseDrop'
	 offset='198'
	 line='9'
	 path='/SmallWorld-layers-1/src/edu/afit/csce593/smallworld/model/IWorldObserver.java'
	 uri='file://C:/work/jsure-test-script-workspace/TestLayers/SmallWorld-layers-1/src/edu/afit/csce593/smallworld/model/IWorldObserver.java'
	 file='file://C:/work/jsure-test-script-workspace/TestLayers/SmallWorld-layers-1/src/edu/afit/csce593/smallworld/model/IWorldObserver.java'
	 hash='2134525949'
	 context='-1207724880'
	 message='MayReferTo java.util'
	 category='Static structure'
	 proved-consistent='true'
	 checked-by-analysis='true'
	 from-src='true'
	 virtual='true'
	 to-be-checked-by-analysis='true'/>

<ir-drop type='InfoDrop'
	 offset='280'
	 line='12'
	 path='/SmallWorld-layers-1/src/edu/afit/csce593/smallworld/model/Direction.java'
	 uri='file://C:/work/jsure-test-script-workspace/TestLayers/SmallWorld-layers-1/src/edu/afit/csce593/smallworld/model/Direction.java'
	 file='file://C:/work/jsure-test-script-workspace/TestLayers/SmallWorld-layers-1/src/edu/afit/csce593/smallworld/model/Direction.java'
	 hash='2120701'
	 context='-1746170329'
	 message='Direction.&lt;clinit&gt; has effect &quot;writes java.lang.Object:All&quot; from EAST'
	 message-id='(156,Direction,writes java.lang.Object:All,EAST)'
	 category='non-trivial effect(s) in a class initializer'
	 result-type='EffectAssurance'/>

<promise-drop type='MayReferToPromiseDrop'
	 offset='278'
	 line='11'
	 path='/SmallWorld-layers-1/src/edu/afit/csce593/smallworld/model/Player.java'
	 uri='file://C:/work/jsure-test-script-workspace/TestLayers/SmallWorld-layers-1/src/edu/afit/csce593/smallworld/model/Player.java'
	 file='file://C:/work/jsure-test-script-workspace/TestLayers/SmallWorld-layers-1/src/edu/afit/csce593/smallworld/model/Player.java'
	 hash='-1717758633'
	 context='249810418'
	 message='MayReferTo java.util'
	 category='Static structure'
	 checked-by-analysis='true'
	 from-src='true'
	 virtual='true'
	 to-be-checked-by-analysis='true'/>

<promise-drop type='PromisePromiseDrop'
	 offset='9'
	 line='1'
	 path='/SmallWorld-layers-1/src/edu/afit/csce593/smallworld/model/package-info.java'
	 uri='file://C:/work/jsure-test-script-workspace/TestLayers/SmallWorld-layers-1/src/edu/afit/csce593/smallworld/model/package-info.java'
	 file='file://C:/work/jsure-test-script-workspace/TestLayers/SmallWorld-layers-1/src/edu/afit/csce593/smallworld/model/package-info.java'
	 hash='-439861800'
	 context='476132679'
	 message='Promise @MayReferTo(java.util)'
	 category='Scoped promises'
	 checked-by-analysis='true'
	 from-src='true'
	 to-be-checked-by-analysis='true'/>

<ir-drop type='InfoDrop'
	 offset='5621'
	 line='172'
	 path='/SmallWorld-layers-1/src/edu/afit/csce593/smallworld/model/World.java'
	 uri='file://C:/work/jsure-test-script-workspace/TestLayers/SmallWorld-layers-1/src/edu/afit/csce593/smallworld/model/World.java'
	 file='file://C:/work/jsure-test-script-workspace/TestLayers/SmallWorld-layers-1/src/edu/afit/csce593/smallworld/model/World.java'
	 hash='-714854875'
	 context='-1595275971'
	 message='World.&lt;clinit&gt; has effect &quot;writes edu.afit.csce593.smallworld.model.World:LINESEP&quot; from LINESEP = java.lang.System.getProperty(&quot;line.separator&quot;)'
	 message-id='(156,World,writes edu.afit.csce593.smallworld.model.World:LINESEP,LINESEP = java.lang.System.getProperty(&quot;line.separator&quot;))'
	 category='non-trivial effect(s) in a class initializer'
	 result-type='EffectAssurance'/>

<promise-drop type='LockModel'
	 offset='2147483647'
	 line='0'
	 file='java.lang.Object'
	 hash='1709211273'
	 context='1063877011'
	 message='RegionLock java.lang.Object.MUTEX is this protects WaitQueue on Object'
	 message-id='(100,java.lang.Object.MUTEX,this,WaitQueue,Object)'
	 category='Concurrency'
	 proved-consistent='true'
	 checked-by-analysis='true'
	 from-src='true'
	 to-be-checked-by-analysis='true'/>

<result-drop type='ResultDrop'
	 offset='679'
	 line='25'
	 path='/SmallWorld-layers-1/src/edu/afit/csce593/smallworld/model/Player.java'
	 uri='file://C:/work/jsure-test-script-workspace/TestLayers/SmallWorld-layers-1/src/edu/afit/csce593/smallworld/model/Player.java'
	 file='file://C:/work/jsure-test-script-workspace/TestLayers/SmallWorld-layers-1/src/edu/afit/csce593/smallworld/model/Player.java'
	 hash='1796910738'
	 context='-1160211906'
	 message='Prohibited reference to edu.afit.csce593.smallworld.model.World.getNowherePlace()'
	 message-id='(350,edu.afit.csce593.smallworld.model.World.getNowherePlace(),edu.afit.csce593.smallworld.model.Player)'
	 category='Static structure'
	 result-type='Layers'/>

<ir-drop type='InfoDrop'
	 offset='274'
	 line='12'
	 path='/SmallWorld-layers-1/src/edu/afit/csce593/smallworld/model/Direction.java'
	 uri='file://C:/work/jsure-test-script-workspace/TestLayers/SmallWorld-layers-1/src/edu/afit/csce593/smallworld/model/Direction.java'
	 file='file://C:/work/jsure-test-script-workspace/TestLayers/SmallWorld-layers-1/src/edu/afit/csce593/smallworld/model/Direction.java'
	 hash='79090093'
	 context='-1746170329'
	 message='Direction.&lt;clinit&gt; has effect &quot;writes java.lang.Object:All&quot; from SOUTH'
	 message-id='(156,Direction,writes java.lang.Object:All,SOUTH)'
	 category='non-trivial effect(s) in a class initializer'
	 result-type='EffectAssurance'/>

<ir-drop type='InfoDrop'
	 offset='2351'
	 line='73'
	 path='/SmallWorld-layers-1/src/edu/afit/csce593/smallworld/textui/console/SmallWorld.java'
	 uri='file://C:/work/jsure-test-script-workspace/TestLayers/SmallWorld-layers-1/src/edu/afit/csce593/smallworld/textui/console/SmallWorld.java'
	 file='file://C:/work/jsure-test-script-workspace/TestLayers/SmallWorld-layers-1/src/edu/afit/csce593/smallworld/textui/console/SmallWorld.java'
	 hash='-1540552398'
	 context='-966536887'
	 message='SmallWorld.&lt;clinit&gt; has effect &quot;writes java.lang.Object:All&quot; from new java.io.InputStreamReader (java.lang.System.in)'
	 message-id='(156,SmallWorld,writes java.lang.Object:All,new java.io.InputStreamReader (java.lang.System.in))'
	 category='non-trivial effect(s) in a class initializer'
	 result-type='EffectAssurance'/>

<result-drop type='ResultDrop'
	 offset='5256'
	 line='158'
	 path='/SmallWorld-layers-1/src/edu/afit/csce593/smallworld/model/World.java'
	 uri='file://C:/work/jsure-test-script-workspace/TestLayers/SmallWorld-layers-1/src/edu/afit/csce593/smallworld/model/World.java'
	 file='file://C:/work/jsure-test-script-workspace/TestLayers/SmallWorld-layers-1/src/edu/afit/csce593/smallworld/model/World.java'
	 hash='1324987848'
	 context='1477087284'
	 message='Prohibited reference to edu.afit.csce593.smallworld.model.Place.Place(edu.afit.csce593.smallworld.model.World,java.lang.String,java.lang.String,java.lang.String)'
	 message-id='(350,edu.afit.csce593.smallworld.model.Place.Place(edu.afit.csce593.smallworld.model.World,java.lang.String,java.lang.String,java.lang.String),edu.afit.csce593.smallworld.model.World)'
	 category='Static structure'
	 result-type='Layers'/>

<promise-drop type='MayReferToPromiseDrop'
	 offset='46'
	 line='3'
	 path='/SmallWorld-layers-1/src/edu/afit/csce593/smallworld/model/Item.java'
	 uri='file://C:/work/jsure-test-script-workspace/TestLayers/SmallWorld-layers-1/src/edu/afit/csce593/smallworld/model/Item.java'
	 file='file://C:/work/jsure-test-script-workspace/TestLayers/SmallWorld-layers-1/src/edu/afit/csce593/smallworld/model/Item.java'
	 hash='-267711296'
	 context='1492794980'
	 message='MayReferTo java.util'
	 category='Static structure'
	 proved-consistent='true'
	 checked-by-analysis='true'
	 from-src='true'
	 virtual='true'
	 to-be-checked-by-analysis='true'/>

<promise-drop type='MayReferToPromiseDrop'
	 offset='828'
	 line='20'
	 path='/SmallWorld-layers-1/src/edu/afit/csce593/smallworld/model/World.java'
	 uri='file://C:/work/jsure-test-script-workspace/TestLayers/SmallWorld-layers-1/src/edu/afit/csce593/smallworld/model/World.java'
	 file='file://C:/work/jsure-test-script-workspace/TestLayers/SmallWorld-layers-1/src/edu/afit/csce593/smallworld/model/World.java'
	 hash='-2024183287'
	 context='-955202975'
	 message='MayReferTo java.util'
	 category='Static structure'
	 checked-by-analysis='true'
	 from-src='true'
	 virtual='true'
	 to-be-checked-by-analysis='true'/>

<promise-drop type='MayReferToPromiseDrop'
	 offset='771'
	 line='27'
	 path='/SmallWorld-layers-1/src/edu/afit/csce593/smallworld/persistence/WorldPersistence.java'
	 uri='file://C:/work/jsure-test-script-workspace/TestLayers/SmallWorld-layers-1/src/edu/afit/csce593/smallworld/persistence/WorldPersistence.java'
	 file='file://C:/work/jsure-test-script-workspace/TestLayers/SmallWorld-layers-1/src/edu/afit/csce593/smallworld/persistence/WorldPersistence.java'
	 hash='-347276874'
	 context='1273957320'
	 message='MayReferTo edu.afit.csce593.smallworld.model | org.jdom+ | java.{ io, net, util }'
	 category='Static structure'
	 proved-consistent='true'
	 checked-by-analysis='true'
	 from-src='true'
	 virtual='true'
	 to-be-checked-by-analysis='true'/>

<ir-drop type='InfoDrop'
	 offset='267'
	 line='12'
	 path='/SmallWorld-layers-1/src/edu/afit/csce593/smallworld/model/Direction.java'
	 uri='file://C:/work/jsure-test-script-workspace/TestLayers/SmallWorld-layers-1/src/edu/afit/csce593/smallworld/model/Direction.java'
	 file='file://C:/work/jsure-test-script-workspace/TestLayers/SmallWorld-layers-1/src/edu/afit/csce593/smallworld/model/Direction.java'
	 hash='74469605'
	 context='-1746170329'
	 message='Direction.&lt;clinit&gt; has effect &quot;writes java.lang.Object:All&quot; from NORTH'
	 message-id='(156,Direction,writes java.lang.Object:All,NORTH)'
	 category='non-trivial effect(s) in a class initializer'
	 result-type='EffectAssurance'/>

<result-drop type='ResultDrop'
	 offset='751'
	 line='24'
	 path='/SmallWorld-layers-1/src/edu/afit/csce593/smallworld/controller/WorldController.java'
	 uri='file://C:/work/jsure-test-script-workspace/TestLayers/SmallWorld-layers-1/src/edu/afit/csce593/smallworld/controller/WorldController.java'
	 file='file://C:/work/jsure-test-script-workspace/TestLayers/SmallWorld-layers-1/src/edu/afit/csce593/smallworld/controller/WorldController.java'
	 hash='-742962680'
	 context='1359787496'
	 message='All types referenced by WorldController are permitted'
	 message-id='(351,WorldController)'
	 category='Static structure'
	 proved-consistent='true'
	 consistent='true'
	 result-type='Layers -- no errors'/>

<result-drop type='ResultDrop'
	 offset='198'
	 line='9'
	 path='/SmallWorld-layers-1/src/edu/afit/csce593/smallworld/model/IWorldObserver.java'
	 uri='file://C:/work/jsure-test-script-workspace/TestLayers/SmallWorld-layers-1/src/edu/afit/csce593/smallworld/model/IWorldObserver.java'
	 file='file://C:/work/jsure-test-script-workspace/TestLayers/SmallWorld-layers-1/src/edu/afit/csce593/smallworld/model/IWorldObserver.java'
	 hash='2134525949'
	 context='-1207724880'
	 message='All types referenced by IWorldObserver are permitted'
	 message-id='(351,IWorldObserver)'
	 category='Static structure'
	 proved-consistent='true'
	 consistent='true'
	 result-type='Layers -- no errors'/>

<ir-drop type='InfoDrop'
	 offset='2327'
	 line='72'
	 path='/SmallWorld-layers-1/src/edu/afit/csce593/smallworld/textui/console/SmallWorld.java'
	 uri='file://C:/work/jsure-test-script-workspace/TestLayers/SmallWorld-layers-1/src/edu/afit/csce593/smallworld/textui/console/SmallWorld.java'
	 file='file://C:/work/jsure-test-script-workspace/TestLayers/SmallWorld-layers-1/src/edu/afit/csce593/smallworld/textui/console/SmallWorld.java'
	 hash='1462359619'
	 context='-966536887'
	 message='SmallWorld.&lt;clinit&gt; has effect &quot;writes java.lang.Object:All&quot; from new java.io.BufferedReader (new java.io.InputStreamReader (#.in))'
	 message-id='(156,SmallWorld,writes java.lang.Object:All,new java.io.BufferedReader (new java.io.InputStreamReader (#.in)))'
	 category='non-trivial effect(s) in a class initializer'
	 result-type='EffectAssurance'/>

<result-drop type='ResultDrop'
	 offset='1707'
	 line='50'
	 path='/SmallWorld-layers-1/src/edu/afit/csce593/smallworld/model/World.java'
	 uri='file://C:/work/jsure-test-script-workspace/TestLayers/SmallWorld-layers-1/src/edu/afit/csce593/smallworld/model/World.java'
	 file='file://C:/work/jsure-test-script-workspace/TestLayers/SmallWorld-layers-1/src/edu/afit/csce593/smallworld/model/World.java'
	 hash='-953882223'
	 context='-785398329'
	 message='Prohibited reference to edu.afit.csce593.smallworld.model.Player.Player(edu.afit.csce593.smallworld.model.World)'
	 message-id='(350,edu.afit.csce593.smallworld.model.Player.Player(edu.afit.csce593.smallworld.model.World),edu.afit.csce593.smallworld.model.World)'
	 category='Static structure'
	 result-type='Layers'/>

<result-drop type='ResultDrop'
	 offset='771'
	 line='27'
	 path='/SmallWorld-layers-1/src/edu/afit/csce593/smallworld/persistence/WorldPersistence.java'
	 uri='file://C:/work/jsure-test-script-workspace/TestLayers/SmallWorld-layers-1/src/edu/afit/csce593/smallworld/persistence/WorldPersistence.java'
	 file='file://C:/work/jsure-test-script-workspace/TestLayers/SmallWorld-layers-1/src/edu/afit/csce593/smallworld/persistence/WorldPersistence.java'
	 hash='-347276874'
	 context='1273957320'
	 message='All types referenced by WorldPersistence are permitted'
	 message-id='(351,WorldPersistence)'
	 category='Static structure'
	 proved-consistent='true'
	 consistent='true'
	 result-type='Layers -- no errors'/>

<ir-drop type='InfoDrop'
	 offset='493'
	 line='22'
	 path='/SmallWorld-layers-1/src/edu/afit/csce593/smallworld/textui/TextUtilities.java'
	 uri='file://C:/work/jsure-test-script-workspace/TestLayers/SmallWorld-layers-1/src/edu/afit/csce593/smallworld/textui/TextUtilities.java'
	 file='file://C:/work/jsure-test-script-workspace/TestLayers/SmallWorld-layers-1/src/edu/afit/csce593/smallworld/textui/TextUtilities.java'
	 hash='-1366867380'
	 context='-1138618633'
	 message='TextUtilities.&lt;clinit&gt; has effect &quot;writes java.lang.Object:All&quot; from java.lang.System.getProperty(&quot;line.separator&quot;)'
	 message-id='(156,TextUtilities,writes java.lang.Object:All,java.lang.System.getProperty(&quot;line.separator&quot;))'
	 category='non-trivial effect(s) in a class initializer'
	 result-type='EffectAssurance'/>

<ir-drop type='InfoDrop'
	 offset='5621'
	 line='172'
	 path='/SmallWorld-layers-1/src/edu/afit/csce593/smallworld/model/World.java'
	 uri='file://C:/work/jsure-test-script-workspace/TestLayers/SmallWorld-layers-1/src/edu/afit/csce593/smallworld/model/World.java'
	 file='file://C:/work/jsure-test-script-workspace/TestLayers/SmallWorld-layers-1/src/edu/afit/csce593/smallworld/model/World.java'
	 hash='-1366867380'
	 context='997566814'
	 message='World.&lt;clinit&gt; has effect &quot;writes java.lang.Object:All&quot; from java.lang.System.getProperty(&quot;line.separator&quot;)'
	 message-id='(156,World,writes java.lang.Object:All,java.lang.System.getProperty(&quot;line.separator&quot;))'
	 category='non-trivial effect(s) in a class initializer'
	 result-type='EffectAssurance'/>

<ir-drop type='InfoDrop'
	 offset='521'
	 line='17'
	 path='/SmallWorld-layers-1/src/edu/afit/csce593/smallworld/textui/WordWrappedMessage.java'
	 uri='file://C:/work/jsure-test-script-workspace/TestLayers/SmallWorld-layers-1/src/edu/afit/csce593/smallworld/textui/WordWrappedMessage.java'
	 file='file://C:/work/jsure-test-script-workspace/TestLayers/SmallWorld-layers-1/src/edu/afit/csce593/smallworld/textui/WordWrappedMessage.java'
	 hash='-1366867380'
	 context='1366726730'
	 message='WordWrappedMessage.&lt;clinit&gt; has effect &quot;writes java.lang.Object:All&quot; from java.lang.System.getProperty(&quot;line.separator&quot;)'
	 message-id='(156,WordWrappedMessage,writes java.lang.Object:All,java.lang.System.getProperty(&quot;line.separator&quot;))'
	 category='non-trivial effect(s) in a class initializer'
	 result-type='EffectAssurance'/>

<promise-drop type='RegionModel'
	 line='0'
	 file='java.lang.[]'
	 hash='-1305411288'
	 context='156839830'
	 message='Region public []'
	 message-id='(117,public,,[])'
	 category='Regions'
	 proved-consistent='true'
	 checked-by-analysis='true'
	 from-src='true'/>

<result-drop type='ResultDrop'
	 offset='751'
	 line='24'
	 path='/SmallWorld-layers-1/src/edu/afit/csce593/smallworld/controller/WorldController.java'
	 uri='file://C:/work/jsure-test-script-workspace/TestLayers/SmallWorld-layers-1/src/edu/afit/csce593/smallworld/controller/WorldController.java'
	 file='file://C:/work/jsure-test-script-workspace/TestLayers/SmallWorld-layers-1/src/edu/afit/csce593/smallworld/controller/WorldController.java'
	 hash='-742962680'
	 context='1359787496'
	 message='All types referenced by WorldController are permitted'
	 message-id='(351,WorldController)'
	 category='Static structure'
	 proved-consistent='true'
	 consistent='true'
	 result-type='Layers -- no errors'/>

<result-drop type='ResultDrop'
	 offset='358'
	 line='14'
	 path='/SmallWorld-layers-1/src/edu/afit/csce593/smallworld/model/Place.java'
	 uri='file://C:/work/jsure-test-script-workspace/TestLayers/SmallWorld-layers-1/src/edu/afit/csce593/smallworld/model/Place.java'
	 file='file://C:/work/jsure-test-script-workspace/TestLayers/SmallWorld-layers-1/src/edu/afit/csce593/smallworld/model/Place.java'
	 hash='-50583055'
	 context='-961773610'
	 message='All types referenced by Place are permitted'
	 message-id='(351,Place)'
	 category='Static structure'
	 proved-consistent='true'
	 consistent='true'
	 result-type='Layers -- no errors'/>

<result-drop type='ResultDrop'
	 offset='234'
	 line='10'
	 path='/SmallWorld-layers-1/src/edu/afit/csce593/smallworld/model/Direction.java'
	 uri='file://C:/work/jsure-test-script-workspace/TestLayers/SmallWorld-layers-1/src/edu/afit/csce593/smallworld/model/Direction.java'
	 file='file://C:/work/jsure-test-script-workspace/TestLayers/SmallWorld-layers-1/src/edu/afit/csce593/smallworld/model/Direction.java'
	 hash='1311769904'
	 context='-166613298'
	 message='All types referenced by Direction are permitted'
	 message-id='(351,Direction)'
	 category='Static structure'
	 proved-consistent='true'
	 consistent='true'
	 result-type='Layers -- no errors'/>

<ir-drop type='InfoDrop'
	 offset='286'
	 line='12'
	 path='/SmallWorld-layers-1/src/edu/afit/csce593/smallworld/model/Direction.java'
	 uri='file://C:/work/jsure-test-script-workspace/TestLayers/SmallWorld-layers-1/src/edu/afit/csce593/smallworld/model/Direction.java'
	 file='file://C:/work/jsure-test-script-workspace/TestLayers/SmallWorld-layers-1/src/edu/afit/csce593/smallworld/model/Direction.java'
	 hash='2660783'
	 context='-1746170329'
	 message='Direction.&lt;clinit&gt; has effect &quot;writes java.lang.Object:All&quot; from WEST'
	 message-id='(156,Direction,writes java.lang.Object:All,WEST)'
	 category='non-trivial effect(s) in a class initializer'
	 result-type='EffectAssurance'/>

<result-drop type='ResultDrop'
	 offset='8426'
	 line='280'
	 path='/SmallWorld-layers-1/src/edu/afit/csce593/smallworld/model/World.java'
	 uri='file://C:/work/jsure-test-script-workspace/TestLayers/SmallWorld-layers-1/src/edu/afit/csce593/smallworld/model/World.java'
	 file='file://C:/work/jsure-test-script-workspace/TestLayers/SmallWorld-layers-1/src/edu/afit/csce593/smallworld/model/World.java'
	 hash='1521467460'
	 context='-436487317'
	 message='Prohibited reference to edu.afit.csce593.smallworld.model.IWorldObserver.update(edu.afit.csce593.smallworld.model.World)'
	 message-id='(350,edu.afit.csce593.smallworld.model.IWorldObserver.update(edu.afit.csce593.smallworld.model.World),edu.afit.csce593.smallworld.model.World)'
	 category='Static structure'
	 result-type='Layers'/>

<promise-drop type='MayReferToPromiseDrop'
	 offset='751'
	 line='24'
	 path='/SmallWorld-layers-1/src/edu/afit/csce593/smallworld/controller/WorldController.java'
	 uri='file://C:/work/jsure-test-script-workspace/TestLayers/SmallWorld-layers-1/src/edu/afit/csce593/smallworld/controller/WorldController.java'
	 file='file://C:/work/jsure-test-script-workspace/TestLayers/SmallWorld-layers-1/src/edu/afit/csce593/smallworld/controller/WorldController.java'
	 hash='-742962680'
	 context='1359787496'
	 message='MayReferTo edu.afit.csce593.smallworld.{ model, persistence } | java.util | java.io.File'
	 category='Static structure'
	 proved-consistent='true'
	 checked-by-analysis='true'
	 from-src='true'
	 virtual='true'
	 to-be-checked-by-analysis='true'/>

<result-drop type='ResultDrop'
	 offset='46'
	 line='3'
	 path='/SmallWorld-layers-1/src/edu/afit/csce593/smallworld/model/Item.java'
	 uri='file://C:/work/jsure-test-script-workspace/TestLayers/SmallWorld-layers-1/src/edu/afit/csce593/smallworld/model/Item.java'
	 file='file://C:/work/jsure-test-script-workspace/TestLayers/SmallWorld-layers-1/src/edu/afit/csce593/smallworld/model/Item.java'
	 hash='-267711296'
	 context='1492794980'
	 message='All types referenced by Item are permitted'
	 message-id='(351,Item)'
	 category='Static structure'
	 proved-consistent='true'
	 consistent='true'
	 result-type='Layers -- no errors'/>

<promise-drop type='PromisePromiseDrop'
	 offset='9'
	 line='1'
	 path='/SmallWorld-layers-1/src/edu/afit/csce593/smallworld/controller/package-info.java'
	 uri='file://C:/work/jsure-test-script-workspace/TestLayers/SmallWorld-layers-1/src/edu/afit/csce593/smallworld/controller/package-info.java'
	 file='file://C:/work/jsure-test-script-workspace/TestLayers/SmallWorld-layers-1/src/edu/afit/csce593/smallworld/controller/package-info.java'
	 hash='-1415474119'
	 context='476132679'
	 message='Promise @MayReferTo(edu.afit.csce593.smallworld.{model, persistence} | java.util | java.io.File)'
	 category='Scoped promises'
	 proved-consistent='true'
	 checked-by-analysis='true'
	 from-src='true'
	 to-be-checked-by-analysis='true'/>

<promise-drop type='MayReferToPromiseDrop'
	 offset='234'
	 line='10'
	 path='/SmallWorld-layers-1/src/edu/afit/csce593/smallworld/model/Direction.java'
	 uri='file://C:/work/jsure-test-script-workspace/TestLayers/SmallWorld-layers-1/src/edu/afit/csce593/smallworld/model/Direction.java'
	 file='file://C:/work/jsure-test-script-workspace/TestLayers/SmallWorld-layers-1/src/edu/afit/csce593/smallworld/model/Direction.java'
	 hash='1311769904'
	 context='-166613298'
	 message='MayReferTo java.util'
	 category='Static structure'
	 proved-consistent='true'
	 checked-by-analysis='true'
	 from-src='true'
	 virtual='true'
	 to-be-checked-by-analysis='true'/>

<promise-drop type='MayReferToPromiseDrop'
	 offset='358'
	 line='14'
	 path='/SmallWorld-layers-1/src/edu/afit/csce593/smallworld/model/Place.java'
	 uri='file://C:/work/jsure-test-script-workspace/TestLayers/SmallWorld-layers-1/src/edu/afit/csce593/smallworld/model/Place.java'
	 file='file://C:/work/jsure-test-script-workspace/TestLayers/SmallWorld-layers-1/src/edu/afit/csce593/smallworld/model/Place.java'
	 hash='-50583055'
	 context='-961773610'
	 message='MayReferTo java.util'
	 category='Static structure'
	 proved-consistent='true'
	 checked-by-analysis='true'
	 from-src='true'
	 virtual='true'
	 to-be-checked-by-analysis='true'/>

<promise-drop type='PromisePromiseDrop'
	 offset='9'
	 line='1'
	 path='/SmallWorld-layers-1/src/edu/afit/csce593/smallworld/persistence/package-info.java'
	 uri='file://C:/work/jsure-test-script-workspace/TestLayers/SmallWorld-layers-1/src/edu/afit/csce593/smallworld/persistence/package-info.java'
	 file='file://C:/work/jsure-test-script-workspace/TestLayers/SmallWorld-layers-1/src/edu/afit/csce593/smallworld/persistence/package-info.java'
	 hash='-763424606'
	 context='476132679'
	 message='Promise @MayReferTo(edu.afit.csce593.smallworld.model | org.jdom+ | java.{io, net, util})'
	 category='Scoped promises'
	 proved-consistent='true'
	 checked-by-analysis='true'
	 from-src='true'
	 to-be-checked-by-analysis='true'/>

</sea-summary>

