<root msg="Assurance Results">
  <result msg="Concurrency (4 issues)" baseImage="folder.gif" flags="4">
    <result msg="RegionLock java.lang.Object.MUTEX is this protects WaitQueue  on  Object  at  java.lang.Object" baseImage="annotation.gif" flags="2">
      <result msg="5 lock precondition(s)" baseImage="folder.gif" flags="2">
        <result msg="RequiresLock RequiresLock MUTEX  on  java.lang.Object.notify()  at  java.lang.Object" baseImage="annotation.gif" flags="2" />
        <result msg="RequiresLock RequiresLock MUTEX  on  java.lang.Object.notifyAll()  at  java.lang.Object" baseImage="annotation.gif" flags="2" />
        <result msg="RequiresLock RequiresLock MUTEX  on  java.lang.Object.wait()  at  java.lang.Object" baseImage="annotation.gif" flags="2" />
        <result msg="RequiresLock RequiresLock MUTEX  on  java.lang.Object.wait(long)  at  java.lang.Object" baseImage="annotation.gif" flags="2" />
        <result msg="RequiresLock RequiresLock MUTEX  on  java.lang.Object.wait(long,int)  at  java.lang.Object" baseImage="annotation.gif" flags="2" />
      </result>
      <result msg="java.lang.Object.MUTEX is consistent with the code in java.lang.Object" baseImage="plus.gif" flags="0" />
      <result msg="Region public java.lang.Object.WaitQueue  at  java.lang.Object" baseImage="annotation.gif" flags="0">
        <result msg="Region public java.lang.Object.Instance  at  java.lang.Object" baseImage="annotation.gif" flags="0">
          <result msg="Region public static java.lang.Object.All  at  java.lang.Object" baseImage="annotation.gif" flags="0" />
        </result>
      </result>
    </result>
    <result msg="RegionLock test.Blooper.LLL is this.blooperLock protects R  on  Blooper  at  Blooper.java line 8" source="/TestRegionAndFieldHiding/src/test/Blooper.java.html" line="8" baseImage="annotation.gif" flags="4">
      <result msg="1 unprotected field access(es); possible race condition detected" baseImage="folder.gif" flags="4">
        <result msg="test (1 issue)" baseImage="package.gif" flags="4">
          <result msg="test.Blooper (1 issue)" baseImage="class.gif" flags="4">
            <result msg="Lock &quot;&lt;this&gt;:LLL&quot; not held when accessing this.field  at  Blooper.java line 23" source="/TestRegionAndFieldHiding/src/test/Blooper.java.html" line="23" baseImage="red_x.gif" flags="0" />
          </result>
        </result>
      </result>
      <result msg="Region public test.Blooper.R  at  Blooper.java line 7" source="/TestRegionAndFieldHiding/src/test/Blooper.java.html" line="7" baseImage="annotation.gif" flags="0">
        <result msg="Region public java.lang.Object.Instance  at  java.lang.Object" baseImage="annotation.gif" flags="0">
          <result msg="Region public static java.lang.Object.All  at  java.lang.Object" baseImage="annotation.gif" flags="0" />
        </result>
      </result>
    </result>
    <result msg="RegionLock test.Duper.LL is this.duperLock protects R  on  Duper  at  Duper.java line 8" source="/TestRegionAndFieldHiding/src/test/Duper.java.html" line="8" baseImage="annotation.gif" flags="4">
      <result msg="2 unprotected field access(es); possible race condition detected" baseImage="folder.gif" flags="4">
        <result msg="test (2 issues)" baseImage="package.gif" flags="4">
          <result msg="test.Blooper (1 issue)" baseImage="class.gif" flags="4">
            <result msg="Lock &quot;&lt;((test.Duper) this)&gt;:LL&quot; not held when accessing ((test.Duper) this).field  at  Blooper.java line 22" source="/TestRegionAndFieldHiding/src/test/Blooper.java.html" line="22" baseImage="red_x.gif" flags="0" />
          </result>
          <result msg="test.Duper (1 issue)" baseImage="class.gif" flags="4">
            <result msg="Lock &quot;&lt;this&gt;:LL&quot; not held when accessing this.field  at  Duper.java line 22" source="/TestRegionAndFieldHiding/src/test/Duper.java.html" line="22" baseImage="red_x.gif" flags="0" />
          </result>
        </result>
      </result>
      <result msg="Region public test.Duper.R  at  Duper.java line 7" source="/TestRegionAndFieldHiding/src/test/Duper.java.html" line="7" baseImage="annotation.gif" flags="0">
        <result msg="Region public java.lang.Object.Instance  at  java.lang.Object" baseImage="annotation.gif" flags="0">
          <result msg="Region public static java.lang.Object.All  at  java.lang.Object" baseImage="annotation.gif" flags="0" />
        </result>
      </result>
    </result>
    <result msg="RegionLock test.Super.L is this.superLock protects R  on  Super  at  Super.java line 8" source="/TestRegionAndFieldHiding/src/test/Super.java.html" line="8" baseImage="annotation.gif" flags="4">
      <result msg="3 unprotected field access(es); possible race condition detected" baseImage="folder.gif" flags="4">
        <result msg="test (3 issues)" baseImage="package.gif" flags="4">
          <result msg="test.Blooper (1 issue)" baseImage="class.gif" flags="4">
            <result msg="Lock &quot;&lt;((test.Super) this)&gt;:L&quot; not held when accessing ((test.Super) this).field  at  Blooper.java line 21" source="/TestRegionAndFieldHiding/src/test/Blooper.java.html" line="21" baseImage="red_x.gif" flags="0" />
          </result>
          <result msg="test.Duper (1 issue)" baseImage="class.gif" flags="4">
            <result msg="Lock &quot;&lt;((test.Super) this)&gt;:L&quot; not held when accessing ((test.Super) this).field  at  Duper.java line 21" source="/TestRegionAndFieldHiding/src/test/Duper.java.html" line="21" baseImage="red_x.gif" flags="0" />
          </result>
          <result msg="test.Super (1 issue)" baseImage="class.gif" flags="4">
            <result msg="Lock &quot;&lt;this&gt;:L&quot; not held when accessing this.field  at  Super.java line 16" source="/TestRegionAndFieldHiding/src/test/Super.java.html" line="16" baseImage="red_x.gif" flags="0" />
          </result>
        </result>
      </result>
      <result msg="Region public test.Super.R  at  Super.java line 7" source="/TestRegionAndFieldHiding/src/test/Super.java.html" line="7" baseImage="annotation.gif" flags="0">
        <result msg="Region public java.lang.Object.Instance  at  java.lang.Object" baseImage="annotation.gif" flags="0">
          <result msg="Region public static java.lang.Object.All  at  java.lang.Object" baseImage="annotation.gif" flags="0" />
        </result>
      </result>
    </result>
  </result>
  <result msg="Regions (5 issues)" baseImage="folder.gif" flags="2">
    <result msg="Region public []  at  java.lang.[]" baseImage="annotation.gif" flags="0" />
    <result msg="Region public length  at  java.lang.[]" baseImage="annotation.gif" flags="0" />
    <result msg="Region public test.Blooper.field  at  Blooper.java line 13" source="/TestRegionAndFieldHiding/src/test/Blooper.java.html" line="13" baseImage="annotation.gif" flags="0">
      <result msg="InRegion(R)  on  field  at  Blooper.java line 12" source="/TestRegionAndFieldHiding/src/test/Blooper.java.html" line="12" baseImage="annotation.gif" flags="0" />
      <result msg="Region public test.Blooper.R  at  Blooper.java line 7" source="/TestRegionAndFieldHiding/src/test/Blooper.java.html" line="7" baseImage="annotation.gif" flags="0">
        <result msg="Region public java.lang.Object.Instance  at  java.lang.Object" baseImage="annotation.gif" flags="0">
          <result msg="Region public static java.lang.Object.All  at  java.lang.Object" baseImage="annotation.gif" flags="0" />
        </result>
      </result>
    </result>
    <result msg="Region public test.Duper.field  at  Duper.java line 13" source="/TestRegionAndFieldHiding/src/test/Duper.java.html" line="13" baseImage="annotation.gif" flags="0">
      <result msg="InRegion(R)  on  field  at  Duper.java line 12" source="/TestRegionAndFieldHiding/src/test/Duper.java.html" line="12" baseImage="annotation.gif" flags="0" />
      <result msg="Region public test.Duper.R  at  Duper.java line 7" source="/TestRegionAndFieldHiding/src/test/Duper.java.html" line="7" baseImage="annotation.gif" flags="0">
        <result msg="Region public java.lang.Object.Instance  at  java.lang.Object" baseImage="annotation.gif" flags="0">
          <result msg="Region public static java.lang.Object.All  at  java.lang.Object" baseImage="annotation.gif" flags="0" />
        </result>
      </result>
    </result>
    <result msg="Region public test.Super.field  at  Super.java line 13" source="/TestRegionAndFieldHiding/src/test/Super.java.html" line="13" baseImage="annotation.gif" flags="0">
      <result msg="InRegion(R)  on  field  at  Super.java line 12" source="/TestRegionAndFieldHiding/src/test/Super.java.html" line="12" baseImage="annotation.gif" flags="0" />
      <result msg="Region public test.Super.R  at  Super.java line 7" source="/TestRegionAndFieldHiding/src/test/Super.java.html" line="7" baseImage="annotation.gif" flags="0">
        <result msg="Region public java.lang.Object.Instance  at  java.lang.Object" baseImage="annotation.gif" flags="0">
          <result msg="Region public static java.lang.Object.All  at  java.lang.Object" baseImage="annotation.gif" flags="0" />
        </result>
      </result>
    </result>
  </result>
</root>