<root msg="Assurance Results">
  <result msg="Concurrency (11 issues)" baseImage="folder.gif" flags="12" reddots="1">
    <result msg="RegionLock java.lang.Object.MUTEX is this protects WaitQueue on Object at java.lang.Object" baseImage="annotation.gif" flags="2">
      <result msg="5 lock precondition(s)" baseImage="folder.gif" flags="2">
        <result msg="RequiresLock MUTEX on java.lang.Object.notify() at java.lang.Object" baseImage="annotation.gif" flags="2" />
        <result msg="RequiresLock MUTEX on java.lang.Object.notifyAll() at java.lang.Object" baseImage="annotation.gif" flags="2" />
        <result msg="RequiresLock MUTEX on java.lang.Object.wait() at java.lang.Object" baseImage="annotation.gif" flags="2" />
        <result msg="RequiresLock MUTEX on java.lang.Object.wait(long) at java.lang.Object" baseImage="annotation.gif" flags="2" />
        <result msg="RequiresLock MUTEX on java.lang.Object.wait(long,int) at java.lang.Object" baseImage="annotation.gif" flags="2" />
      </result>
      <result msg="java.lang.Object.MUTEX is consistent with the code in java.lang.Object" baseImage="plus.gif" flags="0" />
      <result msg="Region public java.lang.Object.WaitQueue at java.lang.Object" baseImage="annotation.gif" flags="0">
        <result msg="Region public java.lang.Object.Instance at java.lang.Object" baseImage="annotation.gif" flags="0">
          <result msg="Region public static java.lang.Object.All at java.lang.Object" baseImage="annotation.gif" flags="0" />
        </result>
      </result>
    </result>
    <result msg="RegionLock t.Test.RW2 is this.rwLock2 protects Region2 on Test at Test.java line 16" source="/TrickyIndirectAccess/src/t/Test.java.html" line="16" baseImage="annotation.gif" flags="4">
      <result msg="1 unprotected indirect field access(es); possible race condition detected" baseImage="folder.gif" flags="4">
        <result msg="t (1 issue)" baseImage="package.gif" flags="4">
          <result msg="Test (1 issue)" baseImage="class.gif" flags="4">
            <result msg="Lock &quot;&lt;this&gt;:RW2.writeLock()&quot; not held when invoking this.f.setBoth(5, 10) at line 49" source="/TrickyIndirectAccess/src/t/Test.java.html" line="49" baseImage="red_x.gif" flags="0">
              <result msg="proposed promise: @RequiresLock(&quot;RW2&quot;) at Test.java line 37" source="/TrickyIndirectAccess/src/t/Test.java.html" line="37" baseImage="annotation_proposed.gif" flags="0" />
            </result>
          </result>
        </result>
      </result>
      <result msg="Region private t.Test.Region2 at Test.java line 20" source="/TrickyIndirectAccess/src/t/Test.java.html" line="20" baseImage="annotation.gif" flags="0">
        <result msg="Region public java.lang.Object.Instance at java.lang.Object" baseImage="annotation.gif" flags="0">
          <result msg="Region public static java.lang.Object.All at java.lang.Object" baseImage="annotation.gif" flags="0" />
        </result>
      </result>
    </result>
    <result msg="RegionLock t.Test.RW3 is this.rwLock3 protects Region3 on Test at Test.java line 17" source="/TrickyIndirectAccess/src/t/Test.java.html" line="17" baseImage="annotation.gif" flags="4">
      <result msg="1 unprotected indirect field access(es); possible race condition detected" baseImage="folder.gif" flags="4">
        <result msg="t (1 issue)" baseImage="package.gif" flags="4">
          <result msg="Test (1 issue)" baseImage="class.gif" flags="4">
            <result msg="Lock &quot;&lt;this&gt;:RW3.writeLock()&quot; not held when invoking this.f.setBoth(5, 10) at line 49" source="/TrickyIndirectAccess/src/t/Test.java.html" line="49" baseImage="red_x.gif" flags="0">
              <result msg="proposed promise: @RequiresLock(&quot;RW3&quot;) at Test.java line 37" source="/TrickyIndirectAccess/src/t/Test.java.html" line="37" baseImage="annotation_proposed.gif" flags="0" />
            </result>
          </result>
        </result>
      </result>
      <result msg="Region private t.Test.Region3 at Test.java line 21" source="/TrickyIndirectAccess/src/t/Test.java.html" line="21" baseImage="annotation.gif" flags="0">
        <result msg="Region public java.lang.Object.Instance at java.lang.Object" baseImage="annotation.gif" flags="0">
          <result msg="Region public static java.lang.Object.All at java.lang.Object" baseImage="annotation.gif" flags="0" />
        </result>
      </result>
    </result>
    <result msg="RegionLock tt.C.LL1 is this.l1 protects C1 on C at C.java line 16" source="/TrickyIndirectAccess/src/tt/C.java.html" line="16" baseImage="annotation.gif" flags="4">
      <result msg="2 unprotected indirect field access(es); possible race condition detected" baseImage="folder.gif" flags="4">
        <result msg="tt (2 issues)" baseImage="package.gif" flags="4">
          <result msg="C (2 issues)" baseImage="class.gif" flags="4">
            <result msg="Lock &quot;&lt;this&gt;:LL1&quot; not held when invoking this.d.e.doStuff at line 30" source="/TrickyIndirectAccess/src/tt/C.java.html" line="30" baseImage="red_x.gif" flags="0">
              <result msg="proposed promise: @RequiresLock(&quot;LL1&quot;) at C.java line 27" source="/TrickyIndirectAccess/src/tt/C.java.html" line="27" baseImage="annotation_proposed.gif" flags="0" />
            </result>
            <result msg="Lock &quot;&lt;this&gt;:LL1&quot; not held when invoking o.e.doStuff at line 34" source="/TrickyIndirectAccess/src/tt/C.java.html" line="34" baseImage="red_x.gif" flags="0">
              <result msg="proposed promise: @RequiresLock(&quot;LL1&quot;) at C.java line 27" source="/TrickyIndirectAccess/src/tt/C.java.html" line="27" baseImage="annotation_proposed.gif" flags="0" />
            </result>
          </result>
        </result>
      </result>
      <result msg="Region public tt.C.C1 at C.java line 12" source="/TrickyIndirectAccess/src/tt/C.java.html" line="12" baseImage="annotation.gif" flags="0">
        <result msg="Region public java.lang.Object.Instance at java.lang.Object" baseImage="annotation.gif" flags="0">
          <result msg="Region public static java.lang.Object.All at java.lang.Object" baseImage="annotation.gif" flags="0" />
        </result>
      </result>
    </result>
    <result msg="RegionLock tt.C.LL2 is this.l2 protects C2 on C at C.java line 17" source="/TrickyIndirectAccess/src/tt/C.java.html" line="17" baseImage="annotation.gif" flags="4">
      <result msg="2 unprotected indirect field access(es); possible race condition detected" baseImage="folder.gif" flags="4">
        <result msg="tt (2 issues)" baseImage="package.gif" flags="4">
          <result msg="C (2 issues)" baseImage="class.gif" flags="4">
            <result msg="Lock &quot;&lt;this&gt;:LL2&quot; not held when invoking this.d.e.doStuff at line 30" source="/TrickyIndirectAccess/src/tt/C.java.html" line="30" baseImage="red_x.gif" flags="0">
              <result msg="proposed promise: @RequiresLock(&quot;LL2&quot;) at C.java line 27" source="/TrickyIndirectAccess/src/tt/C.java.html" line="27" baseImage="annotation_proposed.gif" flags="0" />
            </result>
            <result msg="Lock &quot;&lt;this&gt;:LL2&quot; not held when invoking o.e.doStuff at line 34" source="/TrickyIndirectAccess/src/tt/C.java.html" line="34" baseImage="red_x.gif" flags="0">
              <result msg="proposed promise: @RequiresLock(&quot;LL2&quot;) at C.java line 27" source="/TrickyIndirectAccess/src/tt/C.java.html" line="27" baseImage="annotation_proposed.gif" flags="0" />
            </result>
          </result>
        </result>
      </result>
      <result msg="Region public tt.C.C2 at C.java line 13" source="/TrickyIndirectAccess/src/tt/C.java.html" line="13" baseImage="annotation.gif" flags="0">
        <result msg="Region public java.lang.Object.Instance at java.lang.Object" baseImage="annotation.gif" flags="0">
          <result msg="Region public static java.lang.Object.All at java.lang.Object" baseImage="annotation.gif" flags="0" />
        </result>
      </result>
    </result>
    <result msg="RegionLock tt.D.L1 is this.l1 protects D1 on D at D.java line 16" source="/TrickyIndirectAccess/src/tt/D.java.html" line="16" baseImage="annotation.gif" flags="4">
      <result msg="2 unprotected indirect field access(es); possible race condition detected" baseImage="folder.gif" flags="4">
        <result msg="tt (2 issues)" baseImage="package.gif" flags="4">
          <result msg="D (2 issues)" baseImage="class.gif" flags="4">
            <result msg="Lock &quot;&lt;this&gt;:L1&quot; not held when invoking this.e.doStuff at line 39" source="/TrickyIndirectAccess/src/tt/D.java.html" line="39" baseImage="red_x.gif" flags="0">
              <result msg="proposed promise: @RequiresLock(&quot;L1&quot;) at D.java line 37" source="/TrickyIndirectAccess/src/tt/D.java.html" line="37" baseImage="annotation_proposed.gif" flags="0" />
            </result>
            <result msg="Lock &quot;&lt;this&gt;:L1&quot; not held when invoking o.doStuff at line 43" source="/TrickyIndirectAccess/src/tt/D.java.html" line="43" baseImage="red_x.gif" flags="0">
              <result msg="proposed promise: @RequiresLock(&quot;L1&quot;) at D.java line 37" source="/TrickyIndirectAccess/src/tt/D.java.html" line="37" baseImage="annotation_proposed.gif" flags="0" />
            </result>
          </result>
        </result>
      </result>
      <result msg="Region public tt.D.D1 at D.java line 12" source="/TrickyIndirectAccess/src/tt/D.java.html" line="12" baseImage="annotation.gif" flags="0">
        <result msg="Region public java.lang.Object.Instance at java.lang.Object" baseImage="annotation.gif" flags="0">
          <result msg="Region public static java.lang.Object.All at java.lang.Object" baseImage="annotation.gif" flags="0" />
        </result>
      </result>
    </result>
    <result msg="RegionLock tt.D.L2 is this.l2 protects D2 on D at D.java line 17" source="/TrickyIndirectAccess/src/tt/D.java.html" line="17" baseImage="annotation.gif" flags="4">
      <result msg="2 unprotected indirect field access(es); possible race condition detected" baseImage="folder.gif" flags="4">
        <result msg="tt (2 issues)" baseImage="package.gif" flags="4">
          <result msg="D (2 issues)" baseImage="class.gif" flags="4">
            <result msg="Lock &quot;&lt;this&gt;:L2&quot; not held when invoking this.e.doStuff at line 39" source="/TrickyIndirectAccess/src/tt/D.java.html" line="39" baseImage="red_x.gif" flags="0">
              <result msg="proposed promise: @RequiresLock(&quot;L2&quot;) at D.java line 37" source="/TrickyIndirectAccess/src/tt/D.java.html" line="37" baseImage="annotation_proposed.gif" flags="0" />
            </result>
            <result msg="Lock &quot;&lt;this&gt;:L2&quot; not held when invoking o.doStuff at line 43" source="/TrickyIndirectAccess/src/tt/D.java.html" line="43" baseImage="red_x.gif" flags="0">
              <result msg="proposed promise: @RequiresLock(&quot;L2&quot;) at D.java line 37" source="/TrickyIndirectAccess/src/tt/D.java.html" line="37" baseImage="annotation_proposed.gif" flags="0" />
            </result>
          </result>
        </result>
      </result>
      <result msg="Region public tt.D.D2 at D.java line 13" source="/TrickyIndirectAccess/src/tt/D.java.html" line="13" baseImage="annotation.gif" flags="0">
        <result msg="Region public java.lang.Object.Instance at java.lang.Object" baseImage="annotation.gif" flags="0">
          <result msg="Region public static java.lang.Object.All at java.lang.Object" baseImage="annotation.gif" flags="0" />
        </result>
      </result>
    </result>
    <result msg="RegionLock ttt.Test.L1 is this.l1 protects R1 on Test at Test.java line 14" source="/TrickyIndirectAccess/src/ttt/Test.java.html" line="14" baseImage="annotation.gif" flags="4">
      <result msg="1 unprotected indirect field access(es); possible race condition detected" baseImage="folder.gif" flags="4">
        <result msg="ttt (1 issue)" baseImage="package.gif" flags="4">
          <result msg="Test (1 issue)" baseImage="class.gif" flags="4">
            <result msg="Lock &quot;&lt;this&gt;:L1&quot; not held when invoking this.f.setBoth(5, 10) at line 41" source="/TrickyIndirectAccess/src/ttt/Test.java.html" line="41" baseImage="red_x.gif" flags="0">
              <result msg="proposed promise: @RequiresLock(&quot;L1&quot;) at Test.java line 37" source="/TrickyIndirectAccess/src/ttt/Test.java.html" line="37" baseImage="annotation_proposed.gif" flags="0" />
            </result>
          </result>
        </result>
      </result>
      <result msg="Region public ttt.Test.R1 at Test.java line 20" source="/TrickyIndirectAccess/src/ttt/Test.java.html" line="20" baseImage="annotation.gif" flags="0">
        <result msg="Region public static ttt.Test.S2 at Test.java line 19" source="/TrickyIndirectAccess/src/ttt/Test.java.html" line="19" baseImage="annotation.gif" flags="0">
          <result msg="Region public static ttt.Test.S1 at Test.java line 18" source="/TrickyIndirectAccess/src/ttt/Test.java.html" line="18" baseImage="annotation.gif" flags="0">
            <result msg="Region public static java.lang.Object.All at java.lang.Object" baseImage="annotation.gif" flags="0" />
          </result>
        </result>
      </result>
    </result>
    <result msg="RegionLock ttt.Test.L2 is this.l2 protects R2 on Test at Test.java line 15" source="/TrickyIndirectAccess/src/ttt/Test.java.html" line="15" baseImage="annotation.gif" flags="4">
      <result msg="1 unprotected indirect field access(es); possible race condition detected" baseImage="folder.gif" flags="4">
        <result msg="ttt (1 issue)" baseImage="package.gif" flags="4">
          <result msg="Test (1 issue)" baseImage="class.gif" flags="4">
            <result msg="Lock &quot;&lt;this&gt;:L2&quot; not held when invoking this.f.setBoth(5, 10) at line 41" source="/TrickyIndirectAccess/src/ttt/Test.java.html" line="41" baseImage="red_x.gif" flags="0">
              <result msg="proposed promise: @RequiresLock(&quot;L2&quot;) at Test.java line 37" source="/TrickyIndirectAccess/src/ttt/Test.java.html" line="37" baseImage="annotation_proposed.gif" flags="0" />
            </result>
          </result>
        </result>
      </result>
      <result msg="Region public ttt.Test.R2 at Test.java line 21" source="/TrickyIndirectAccess/src/ttt/Test.java.html" line="21" baseImage="annotation.gif" flags="0">
        <result msg="Region public static ttt.Test.S2 at Test.java line 19" source="/TrickyIndirectAccess/src/ttt/Test.java.html" line="19" baseImage="annotation.gif" flags="0">
          <result msg="Region public static ttt.Test.S1 at Test.java line 18" source="/TrickyIndirectAccess/src/ttt/Test.java.html" line="18" baseImage="annotation.gif" flags="0">
            <result msg="Region public static java.lang.Object.All at java.lang.Object" baseImage="annotation.gif" flags="0" />
          </result>
        </result>
      </result>
    </result>
    <result msg="SingleThreaded on t.Test.Test() at Test.java line 31" source="/TrickyIndirectAccess/src/t/Test.java.html" line="31" baseImage="annotation.gif" flags="26" reddots="1" />
    <result msg="SingleThreaded on ttt.Test.Test() at Test.java line 31" source="/TrickyIndirectAccess/src/ttt/Test.java.html" line="31" baseImage="annotation.gif" flags="26" reddots="1" />
  </result>
  <result msg="Effects (4 issues)" baseImage="folder.gif" flags="2">
    <result msg="Writes this:Instance on t.Inner.setBoth(int,int) at Inner.java line 15" source="/TrickyIndirectAccess/src/t/Inner.java.html" line="15" baseImage="annotation.gif" flags="2">
      <result msg="&quot;writes &lt;this&gt;:f1&quot; checked by &quot;writes &lt;this&gt;:Instance&quot; at line 18" source="/TrickyIndirectAccess/src/t/Inner.java.html" line="18" baseImage="plus.gif" flags="0" />
      <result msg="&quot;writes &lt;this&gt;:f2&quot; checked by &quot;writes &lt;this&gt;:Instance&quot; at line 19" source="/TrickyIndirectAccess/src/t/Inner.java.html" line="19" baseImage="plus.gif" flags="0" />
    </result>
    <result msg="Writes this:Instance on tt.E.doStuff() at E.java line 21" source="/TrickyIndirectAccess/src/tt/E.java.html" line="21" baseImage="annotation.gif" flags="2">
      <result msg="Empty effects trivially satisfy declared effects at line 20" source="/TrickyIndirectAccess/src/tt/E.java.html" line="20" baseImage="plus.gif" flags="0" />
    </result>
    <result msg="Writes this:R on ttt.Inner.setBoth(int,int) at Inner.java line 21" source="/TrickyIndirectAccess/src/ttt/Inner.java.html" line="21" baseImage="annotation.gif" flags="2">
      <result msg="&quot;writes &lt;this&gt;:f1&quot; checked by &quot;writes &lt;this&gt;:R&quot; at line 24" source="/TrickyIndirectAccess/src/ttt/Inner.java.html" line="24" baseImage="plus.gif" flags="0" />
      <result msg="&quot;writes &lt;this&gt;:f2&quot; checked by &quot;writes &lt;this&gt;:R&quot; at line 25" source="/TrickyIndirectAccess/src/ttt/Inner.java.html" line="25" baseImage="plus.gif" flags="0" />
    </result>
    <result msg="Writes ttt.Test:S2 on ttt.Test.doStuff() at Test.java line 37" source="/TrickyIndirectAccess/src/ttt/Test.java.html" line="37" baseImage="annotation.gif" flags="2">
      <result msg="&quot;writes ttt.Test:S2&quot; checked by &quot;writes ttt.Test:S2&quot; at line 41" source="/TrickyIndirectAccess/src/ttt/Test.java.html" line="41" baseImage="plus.gif" flags="2">
        <result msg="1 prerequisite assertion:" baseImage="choice_item.gif" flags="2">
          <result msg="Writes this:R on ttt.Inner.setBoth(int,int) at Inner.java line 21" source="/TrickyIndirectAccess/src/ttt/Inner.java.html" line="21" baseImage="annotation.gif" flags="2">
            <result msg="&quot;writes &lt;this&gt;:f1&quot; checked by &quot;writes &lt;this&gt;:R&quot; at line 24" source="/TrickyIndirectAccess/src/ttt/Inner.java.html" line="24" baseImage="plus.gif" flags="0" />
            <result msg="&quot;writes &lt;this&gt;:f2&quot; checked by &quot;writes &lt;this&gt;:R&quot; at line 25" source="/TrickyIndirectAccess/src/ttt/Inner.java.html" line="25" baseImage="plus.gif" flags="0" />
          </result>
        </result>
        <result msg="supporting information:" baseImage="folder.gif" flags="0">
          <result msg="Parameter &quot;this&quot; bound to &quot;this.f&quot; at Test.java line 41" source="/TrickyIndirectAccess/src/ttt/Test.java.html" line="41" baseImage="info.gif" flags="0" />
          <result msg="Region R of object referenced by this.f is mapped into region S2 of the object referenced by this at Test.java line 41" source="/TrickyIndirectAccess/src/ttt/Test.java.html" line="41" baseImage="info.gif" flags="0" />
          <result msg="Parameter &quot;a&quot; bound to &quot;5&quot; at Test.java line 41" source="/TrickyIndirectAccess/src/ttt/Test.java.html" line="41" baseImage="info.gif" flags="0" />
          <result msg="Parameter &quot;b&quot; bound to &quot;10&quot; at Test.java line 41" source="/TrickyIndirectAccess/src/ttt/Test.java.html" line="41" baseImage="info.gif" flags="0" />
        </result>
      </result>
    </result>
  </result>
  <result msg="Regions (12 issues)" baseImage="folder.gif" flags="10" reddots="1">
    <result msg="Region private t.Test.f at Test.java line 29" source="/TrickyIndirectAccess/src/t/Test.java.html" line="29" baseImage="annotation.gif" flags="0">
      <result msg="Aggregate Instance into Instance, f1 into Region2, f2 into Region3 at Test.java line 28" source="/TrickyIndirectAccess/src/t/Test.java.html" line="28" baseImage="annotation.gif" flags="26" reddots="1">
        <result msg="Unique on f at Test.java line 27" source="/TrickyIndirectAccess/src/t/Test.java.html" line="27" baseImage="annotation.gif" flags="2" />
      </result>
    </result>
    <result msg="Region private ttt.Test.f at Test.java line 29" source="/TrickyIndirectAccess/src/ttt/Test.java.html" line="29" baseImage="annotation.gif" flags="0">
      <result msg="Aggregate Instance into S2, f1 into R1, f2 into R2 at Test.java line 28" source="/TrickyIndirectAccess/src/ttt/Test.java.html" line="28" baseImage="annotation.gif" flags="26" reddots="1">
        <result msg="Unique on f at Test.java line 27" source="/TrickyIndirectAccess/src/ttt/Test.java.html" line="27" baseImage="annotation.gif" flags="2" />
      </result>
    </result>
    <result msg="Region protected tt.C.d at C.java line 25" source="/TrickyIndirectAccess/src/tt/C.java.html" line="25" baseImage="annotation.gif" flags="0">
      <result msg="Aggregate Instance into Instance, D1 into C1, D2 into C2 at C.java line 24" source="/TrickyIndirectAccess/src/tt/C.java.html" line="24" baseImage="annotation.gif" flags="26" reddots="1">
        <result msg="Unique on d at C.java line 23" source="/TrickyIndirectAccess/src/tt/C.java.html" line="23" baseImage="annotation.gif" flags="2" />
      </result>
    </result>
    <result msg="Region protected tt.D.e at D.java line 26" source="/TrickyIndirectAccess/src/tt/D.java.html" line="26" baseImage="annotation.gif" flags="0">
      <result msg="Aggregate Instance into Instance, f1 into D1, f2 into D2 at D.java line 25" source="/TrickyIndirectAccess/src/tt/D.java.html" line="25" baseImage="annotation.gif" flags="26" reddots="1">
        <result msg="Unique on e at D.java line 24" source="/TrickyIndirectAccess/src/tt/D.java.html" line="24" baseImage="annotation.gif" flags="2" />
      </result>
    </result>
    <result msg="Region public [] at java.lang.[]" baseImage="annotation.gif" flags="0" />
    <result msg="Region public length at java.lang.[]" baseImage="annotation.gif" flags="0" />
    <result msg="Region public t.Inner.f1 at Inner.java line 7" source="/TrickyIndirectAccess/src/t/Inner.java.html" line="7" baseImage="annotation.gif" flags="0" />
    <result msg="Region public t.Inner.f2 at Inner.java line 8" source="/TrickyIndirectAccess/src/t/Inner.java.html" line="8" baseImage="annotation.gif" flags="0" />
    <result msg="Region public tt.E.f1 at E.java line 7" source="/TrickyIndirectAccess/src/tt/E.java.html" line="7" baseImage="annotation.gif" flags="0" />
    <result msg="Region public tt.E.f2 at E.java line 8" source="/TrickyIndirectAccess/src/tt/E.java.html" line="8" baseImage="annotation.gif" flags="0" />
    <result msg="Region public ttt.Inner.f1 at Inner.java line 11" source="/TrickyIndirectAccess/src/ttt/Inner.java.html" line="11" baseImage="annotation.gif" flags="0">
      <result msg="InRegion(R) on f1 at Inner.java line 10" source="/TrickyIndirectAccess/src/ttt/Inner.java.html" line="10" baseImage="annotation.gif" flags="0" />
      <result msg="Region public ttt.Inner.R at Inner.java line 8" source="/TrickyIndirectAccess/src/ttt/Inner.java.html" line="8" baseImage="annotation.gif" flags="0">
        <result msg="Region public java.lang.Object.Instance at java.lang.Object" baseImage="annotation.gif" flags="0">
          <result msg="Region public static java.lang.Object.All at java.lang.Object" baseImage="annotation.gif" flags="0" />
        </result>
      </result>
    </result>
    <result msg="Region public ttt.Inner.f2 at Inner.java line 14" source="/TrickyIndirectAccess/src/ttt/Inner.java.html" line="14" baseImage="annotation.gif" flags="0">
      <result msg="InRegion(R) on f2 at Inner.java line 13" source="/TrickyIndirectAccess/src/ttt/Inner.java.html" line="13" baseImage="annotation.gif" flags="0" />
      <result msg="Region public ttt.Inner.R at Inner.java line 8" source="/TrickyIndirectAccess/src/ttt/Inner.java.html" line="8" baseImage="annotation.gif" flags="0">
        <result msg="Region public java.lang.Object.Instance at java.lang.Object" baseImage="annotation.gif" flags="0">
          <result msg="Region public static java.lang.Object.All at java.lang.Object" baseImage="annotation.gif" flags="0" />
        </result>
      </result>
    </result>
  </result>
  <result msg="Uniqueness (14 issues)" baseImage="folder.gif" flags="10" reddots="1">
    <result msg="Borrowed(this) on t.Inner.Inner() at Inner.java line 10" source="/TrickyIndirectAccess/src/t/Inner.java.html" line="10" baseImage="annotation.gif" flags="26" reddots="1" />
    <result msg="Borrowed(this) on t.Inner.setBoth(int,int) at Inner.java line 16" source="/TrickyIndirectAccess/src/t/Inner.java.html" line="16" baseImage="annotation.gif" flags="26" reddots="1" />
    <result msg="Borrowed(this) on t.Test.Test() at Test.java line 32" source="/TrickyIndirectAccess/src/t/Test.java.html" line="32" baseImage="annotation.gif" flags="26" reddots="1" />
    <result msg="Borrowed(this) on tt.C.m(boolean) at C.java line 27" source="/TrickyIndirectAccess/src/tt/C.java.html" line="27" baseImage="annotation.gif" flags="26" reddots="1" />
    <result msg="Borrowed(this) on tt.D.D() at D.java line 32" source="/TrickyIndirectAccess/src/tt/D.java.html" line="32" baseImage="annotation.gif" flags="26" reddots="1" />
    <result msg="Borrowed(this) on tt.E.E() at E.java line 15" source="/TrickyIndirectAccess/src/tt/E.java.html" line="15" baseImage="annotation.gif" flags="26" reddots="1" />
    <result msg="Borrowed(this) on tt.E.doStuff() at E.java line 20" source="/TrickyIndirectAccess/src/tt/E.java.html" line="20" baseImage="annotation.gif" flags="26" reddots="1" />
    <result msg="Borrowed(this) on ttt.Inner.Inner() at Inner.java line 16" source="/TrickyIndirectAccess/src/ttt/Inner.java.html" line="16" baseImage="annotation.gif" flags="26" reddots="1" />
    <result msg="Borrowed(this) on ttt.Inner.setBoth(int,int) at Inner.java line 22" source="/TrickyIndirectAccess/src/ttt/Inner.java.html" line="22" baseImage="annotation.gif" flags="26" reddots="1" />
    <result msg="Borrowed(this) on ttt.Test.Test() at Test.java line 32" source="/TrickyIndirectAccess/src/ttt/Test.java.html" line="32" baseImage="annotation.gif" flags="26" reddots="1" />
    <result msg="Unique on d at C.java line 23" source="/TrickyIndirectAccess/src/tt/C.java.html" line="23" baseImage="annotation.gif" flags="2" />
    <result msg="Unique on e at D.java line 24" source="/TrickyIndirectAccess/src/tt/D.java.html" line="24" baseImage="annotation.gif" flags="2" />
    <result msg="Unique on f at Test.java line 27" source="/TrickyIndirectAccess/src/t/Test.java.html" line="27" baseImage="annotation.gif" flags="2" />
    <result msg="Unique on f at Test.java line 27" source="/TrickyIndirectAccess/src/ttt/Test.java.html" line="27" baseImage="annotation.gif" flags="2" />
  </result>
</root>