<?xml version='1.0' encoding='UTF-8' standalone='yes'?>
<sea-summary time='Apr 20, 2011 10:55:03 AM'
	 project='TestMoreDependencies'>

<count LockModel='2'/>
<count InRegionPromiseDrop='2'/>
<count ProposedPromiseDrop='12'/>
<count RegionModel='4'/>
<count ResultDrop='4'/>
<count RequiresLockPromiseDrop='2'/>
<promise-drop type='LockModel'
	 offset='2147483647'
	 line='0'
	 path='Object'
	 file='java.lang.Object'
	 hash='1709211273'
	 context='1063877011'
	 id='52'
	 message='RegionLock java.lang.Object.MUTEX is this protects WaitQueue on Object'
	 category='Concurrency'
	 to-be-checked-by-analysis='true'
	 from-src='true'
	 message-id='(100,java.lang.Object.MUTEX,this,WaitQueue,Object)'
	 checked-by-analysis='true'
	 proved-consistent='true'
	 full-type='edu.cmu.cs.fluid.sea.drops.promises.LockModel'/>

<ir-drop type='ProposedPromiseDrop'
	 offset='277'
	 line='12'
	 path='TestMoreDependencies/src/testMethodRefs/HasRequiresLock.java'
	 uri='file:/D:/work/update-script-workspace/TestMoreDependencies/src/testMethodRefs/HasRequiresLock.java'
	 file='file:/D:/work/update-script-workspace/TestMoreDependencies/src/testMethodRefs/HasRequiresLock.java'
	 hash='-60950688'
	 context='605344766'
	 id='204'
	 message='ProposedPromiseDrop @RegionEffects(writes java.lang.Object:All)'
	 target-project='TestMoreDependencies'
	 java-annotation='@RegionEffects(&quot;writes java.lang.Object:All&quot;)'
	 annotation-type='RegionEffects'
	 contents='writes java.lang.Object:All'
	 from-project='TestMoreDependencies'
	 full-type='edu.cmu.cs.fluid.sea.ProposedPromiseDrop'/>

<ir-drop type='ProposedPromiseDrop'
	 offset='113'
	 line='8'
	 path='TestMoreDependencies/src/anotherPackage/UseType.java'
	 uri='file:/D:/work/update-script-workspace/TestMoreDependencies/src/anotherPackage/UseType.java'
	 file='file:/D:/work/update-script-workspace/TestMoreDependencies/src/anotherPackage/UseType.java'
	 hash='-650750876'
	 context='683776636'
	 id='241'
	 message='ProposedPromiseDrop @RequiresLock(L)'
	 target-project='TestMoreDependencies'
	 java-annotation='@RequiresLock(&quot;L&quot;)'
	 annotation-type='RequiresLock'
	 contents='L'
	 from-project='TestMoreDependencies'
	 full-type='edu.cmu.cs.fluid.sea.ProposedPromiseDrop'/>

<result-drop type='ResultDrop'
	 offset='132'
	 line='7'
	 path='TestMoreDependencies/src/anotherPackage/UseField.java'
	 uri='file:/D:/work/update-script-workspace/TestMoreDependencies/src/anotherPackage/UseField.java'
	 file='file:/D:/work/update-script-workspace/TestMoreDependencies/src/anotherPackage/UseField.java'
	 hash='-1607864918'
	 context='1826827986'
	 id='253'
	 message='Lock &quot;&lt;this&gt;:L&quot; not held when accessing this.field'
	 category='unprotected field access(es); possible race condition detected'
	 message-id='(205,&lt;this&gt;:L,this.field,null)'
	 result-type='LockAnalysis_ds_FieldAccessNotAssured'
	 full-type='edu.cmu.cs.fluid.sea.ResultDrop'/>

<promise-drop type='LockModel'
	 offset='135'
	 line='5'
	 path='TestMoreDependencies/src/testTypeRefs/HasALockDecl.java'
	 uri='file:/D:/work/update-script-workspace/TestMoreDependencies/src/testTypeRefs/HasALockDecl.java'
	 file='file:/D:/work/update-script-workspace/TestMoreDependencies/src/testTypeRefs/HasALockDecl.java'
	 hash='-1312998157'
	 context='575965694'
	 id='256'
	 message='RegionLock testTypeRefs.HasALockDecl.L is this protects Root on HasALockDecl'
	 category='Concurrency'
	 to-be-checked-by-analysis='true'
	 from-src='true'
	 message-id='(100,testTypeRefs.HasALockDecl.L,this,Root,HasALockDecl)'
	 checked-by-analysis='true'
	 full-type='edu.cmu.cs.fluid.sea.drops.promises.LockModel'/>

<ir-drop type='ProposedPromiseDrop'
	 offset='116'
	 line='6'
	 path='TestMoreDependencies/src/anotherPackage/UseField.java'
	 uri='file:/D:/work/update-script-workspace/TestMoreDependencies/src/anotherPackage/UseField.java'
	 file='file:/D:/work/update-script-workspace/TestMoreDependencies/src/anotherPackage/UseField.java'
	 hash='669455113'
	 context='-905291164'
	 id='257'
	 message='ProposedPromiseDrop @Unique(return)'
	 target-project='TestMoreDependencies'
	 java-annotation='@Unique(&quot;return&quot;)'
	 annotation-type='Unique'
	 contents='return'
	 from-project='TestMoreDependencies'
	 full-type='edu.cmu.cs.fluid.sea.ProposedPromiseDrop'/>

<result-drop type='ResultDrop'
	 offset='318'
	 line='15'
	 path='TestMoreDependencies/src/testTypeRefs/HasALockDecl.java'
	 uri='file:/D:/work/update-script-workspace/TestMoreDependencies/src/testTypeRefs/HasALockDecl.java'
	 file='file:/D:/work/update-script-workspace/TestMoreDependencies/src/testTypeRefs/HasALockDecl.java'
	 hash='-605692366'
	 context='-2145057966'
	 id='386'
	 message='Lock &quot;&lt;this&gt;:L&quot; held when accessing this.root'
	 category='protected field access(es)'
	 result-type='LockAnalysis_ds_FieldAccessAssured'
	 message-id='(203,&lt;this&gt;:L,this.root,null)'
	 consistent='true'
	 full-type='edu.cmu.cs.fluid.sea.ResultDrop'/>

<promise-drop type='RequiresLockPromiseDrop'
	 offset='280'
	 line='13'
	 path='TestMoreDependencies/src/testTypeRefs/HasALockDecl.java'
	 uri='file:/D:/work/update-script-workspace/TestMoreDependencies/src/testTypeRefs/HasALockDecl.java'
	 file='file:/D:/work/update-script-workspace/TestMoreDependencies/src/testTypeRefs/HasALockDecl.java'
	 hash='-393316777'
	 context='1334582760'
	 id='479'
	 message='RequiresLock L on testTypeRefs.HasALockDecl.nullifyRoot()'
	 category='lock precondition(s)'
	 to-be-checked-by-analysis='true'
	 from-src='true'
	 message-id='(102,RequiresLock L,testTypeRefs.HasALockDecl.nullifyRoot())'
	 checked-by-analysis='true'
	 full-type='edu.cmu.cs.fluid.sea.drops.promises.RequiresLockPromiseDrop'/>

<promise-drop type='RegionModel'
	 offset='245'
	 line='10'
	 path='TestMoreDependencies/src/testFieldRefs/HasARegionDecl.java'
	 uri='file:/D:/work/update-script-workspace/TestMoreDependencies/src/testFieldRefs/HasARegionDecl.java'
	 file='file:/D:/work/update-script-workspace/TestMoreDependencies/src/testFieldRefs/HasARegionDecl.java'
	 hash='97427706'
	 context='-672273353'
	 id='484'
	 message='Region protected testFieldRefs.HasARegionDecl.field'
	 category='Regions'
	 from-src='true'
	 message-id='(117,protected,,testFieldRefs.HasARegionDecl.field)'
	 checked-by-analysis='true'
	 proved-consistent='true'
	 full-type='edu.cmu.cs.fluid.sea.drops.promises.RegionModel'/>

<result-drop type='ResultDrop'
	 offset='129'
	 line='9'
	 path='TestMoreDependencies/src/anotherPackage/UseType.java'
	 uri='file:/D:/work/update-script-workspace/TestMoreDependencies/src/anotherPackage/UseType.java'
	 file='file:/D:/work/update-script-workspace/TestMoreDependencies/src/anotherPackage/UseType.java'
	 hash='-485519958'
	 context='835074631'
	 id='567'
	 message='Lock &quot;&lt;this.hald&gt;:L&quot; not held when invoking this.hald.nullifyRoot; precondition unsatisfied'
	 category='lock precondition(s) not satisfied; possible race conditions enabled'
	 message-id='(209,&lt;this.hald&gt;:L,this.hald.nullifyRoot,null)'
	 result-type='LockAnalysis_ds_PreconditionsNotAssured'
	 full-type='edu.cmu.cs.fluid.sea.ResultDrop'/>

<result-drop type='ResultDrop'
	 offset='193'
	 line='9'
	 path='TestMoreDependencies/src/anotherPackage/UseMethod.java'
	 uri='file:/D:/work/update-script-workspace/TestMoreDependencies/src/anotherPackage/UseMethod.java'
	 file='file:/D:/work/update-script-workspace/TestMoreDependencies/src/anotherPackage/UseMethod.java'
	 hash='1204666905'
	 context='-505549103'
	 id='583'
	 message='Lock &quot;&lt;hsl&gt;:L&quot; held when invoking hsl.foo; precondition satisfied'
	 category='lock precondition(s) satisfied'
	 result-type='LockAnalysis_ds_PreconditionsAssured'
	 message-id='(207,&lt;hsl&gt;:L,hsl.foo,null)'
	 consistent='true'
	 proved-consistent='true'
	 full-type='edu.cmu.cs.fluid.sea.ResultDrop'/>

<promise-drop type='RequiresLockPromiseDrop'
	 offset='291'
	 line='12'
	 path='TestMoreDependencies/src/testMethodRefs/HasRequiresLock.java'
	 uri='file:/D:/work/update-script-workspace/TestMoreDependencies/src/testMethodRefs/HasRequiresLock.java'
	 file='file:/D:/work/update-script-workspace/TestMoreDependencies/src/testMethodRefs/HasRequiresLock.java'
	 hash='293892272'
	 context='-810981007'
	 id='584'
	 message='RequiresLock L on testMethodRefs.HasRequiresLock.foo()'
	 category='lock precondition(s)'
	 to-be-checked-by-analysis='true'
	 from-src='true'
	 message-id='(102,RequiresLock L,testMethodRefs.HasRequiresLock.foo())'
	 checked-by-analysis='true'
	 proved-consistent='true'
	 full-type='edu.cmu.cs.fluid.sea.drops.promises.RequiresLockPromiseDrop'/>

<ir-drop type='ProposedPromiseDrop'
	 offset='245'
	 line='10'
	 path='TestMoreDependencies/src/testFieldRefs/HasARegionDecl.java'
	 uri='file:/D:/work/update-script-workspace/TestMoreDependencies/src/testFieldRefs/HasARegionDecl.java'
	 file='file:/D:/work/update-script-workspace/TestMoreDependencies/src/testFieldRefs/HasARegionDecl.java'
	 hash='-563283548'
	 context='-428933495'
	 id='606'
	 message='ProposedPromiseDrop @RegionEffects(writes java.lang.Object:All)'
	 target-project='TestMoreDependencies'
	 java-annotation='@RegionEffects(&quot;writes java.lang.Object:All&quot;)'
	 annotation-type='RegionEffects'
	 contents='writes java.lang.Object:All'
	 from-project='TestMoreDependencies'
	 full-type='edu.cmu.cs.fluid.sea.ProposedPromiseDrop'/>

<promise-drop type='RegionModel'
	 offset='60'
	 line='5'
	 path='TestMoreDependencies/src/testTypeRefs/HasALockDecl.java'
	 uri='file:/D:/work/update-script-workspace/TestMoreDependencies/src/testTypeRefs/HasALockDecl.java'
	 file='file:/D:/work/update-script-workspace/TestMoreDependencies/src/testTypeRefs/HasALockDecl.java'
	 hash='-1312998157'
	 context='575965694'
	 id='688'
	 message='Region public testTypeRefs.HasALockDecl.Root'
	 category='Regions'
	 from-src='true'
	 message-id='(117,public,,testTypeRefs.HasALockDecl.Root)'
	 checked-by-analysis='true'
	 proved-consistent='true'
	 full-type='edu.cmu.cs.fluid.sea.drops.promises.RegionModel'/>

<promise-drop type='RegionModel'
	 offset='193'
	 line='9'
	 path='TestMoreDependencies/src/testTypeRefs/HasALockDecl.java'
	 uri='file:/D:/work/update-script-workspace/TestMoreDependencies/src/testTypeRefs/HasALockDecl.java'
	 file='file:/D:/work/update-script-workspace/TestMoreDependencies/src/testTypeRefs/HasALockDecl.java'
	 hash='3506402'
	 context='-1371160878'
	 id='689'
	 message='Region   testTypeRefs.HasALockDecl.root'
	 category='Regions'
	 from-src='true'
	 message-id='(117, ,,testTypeRefs.HasALockDecl.root)'
	 checked-by-analysis='true'
	 proved-consistent='true'
	 full-type='edu.cmu.cs.fluid.sea.drops.promises.RegionModel'/>

<promise-drop type='RegionModel'
	 offset='123'
	 line='7'
	 path='TestMoreDependencies/src/testFieldRefs/HasARegionDecl.java'
	 uri='file:/D:/work/update-script-workspace/TestMoreDependencies/src/testFieldRefs/HasARegionDecl.java'
	 file='file:/D:/work/update-script-workspace/TestMoreDependencies/src/testFieldRefs/HasARegionDecl.java'
	 hash='1434242842'
	 context='-531924245'
	 id='690'
	 message='Region public testFieldRefs.HasARegionDecl.Field'
	 category='Regions'
	 from-src='true'
	 message-id='(117,public,,testFieldRefs.HasARegionDecl.Field)'
	 checked-by-analysis='true'
	 proved-consistent='true'
	 full-type='edu.cmu.cs.fluid.sea.drops.promises.RegionModel'/>

<ir-drop type='ProposedPromiseDrop'
	 offset='193'
	 line='9'
	 path='TestMoreDependencies/src/testTypeRefs/HasALockDecl.java'
	 uri='file:/D:/work/update-script-workspace/TestMoreDependencies/src/testTypeRefs/HasALockDecl.java'
	 file='file:/D:/work/update-script-workspace/TestMoreDependencies/src/testTypeRefs/HasALockDecl.java'
	 hash='-885768741'
	 context='696560269'
	 id='844'
	 message='ProposedPromiseDrop @RegionEffects(none)'
	 target-project='TestMoreDependencies'
	 java-annotation='@RegionEffects(&quot;none&quot;)'
	 annotation-type='RegionEffects'
	 contents='none'
	 from-project='TestMoreDependencies'
	 full-type='edu.cmu.cs.fluid.sea.ProposedPromiseDrop'/>

<ir-drop type='ProposedPromiseDrop'
	 offset='89'
	 line='6'
	 path='TestMoreDependencies/src/anotherPackage/UseType.java'
	 uri='file:/D:/work/update-script-workspace/TestMoreDependencies/src/anotherPackage/UseType.java'
	 file='file:/D:/work/update-script-workspace/TestMoreDependencies/src/anotherPackage/UseType.java'
	 hash='1233840398'
	 context='-946635734'
	 id='906'
	 message='ProposedPromiseDrop @RegionEffects(none)'
	 target-project='TestMoreDependencies'
	 java-annotation='@RegionEffects(&quot;none&quot;)'
	 annotation-type='RegionEffects'
	 contents='none'
	 from-project='TestMoreDependencies'
	 full-type='edu.cmu.cs.fluid.sea.ProposedPromiseDrop'/>

<ir-drop type='ProposedPromiseDrop'
	 offset='266'
	 line='13'
	 path='TestMoreDependencies/src/testTypeRefs/HasALockDecl.java'
	 uri='file:/D:/work/update-script-workspace/TestMoreDependencies/src/testTypeRefs/HasALockDecl.java'
	 file='file:/D:/work/update-script-workspace/TestMoreDependencies/src/testTypeRefs/HasALockDecl.java'
	 hash='-393316777'
	 context='1334582760'
	 id='921'
	 message='ProposedPromiseDrop @RegionEffects(writes this:Root)'
	 target-project='TestMoreDependencies'
	 java-annotation='@RegionEffects(&quot;writes this:Root&quot;)'
	 annotation-type='RegionEffects'
	 contents='writes this:Root'
	 from-project='TestMoreDependencies'
	 full-type='edu.cmu.cs.fluid.sea.ProposedPromiseDrop'/>

<promise-drop type='InRegionPromiseDrop'
	 offset='255'
	 line='10'
	 path='TestMoreDependencies/src/testFieldRefs/HasARegionDecl.java'
	 uri='file:/D:/work/update-script-workspace/TestMoreDependencies/src/testFieldRefs/HasARegionDecl.java'
	 file='file:/D:/work/update-script-workspace/TestMoreDependencies/src/testFieldRefs/HasARegionDecl.java'
	 hash='97427706'
	 context='-672273353'
	 id='1014'
	 message='InRegion(Field) on field'
	 from-src='true'
	 message-id='(107,Field,field)'
	 checked-by-analysis='true'
	 proved-consistent='true'
	 full-type='edu.cmu.cs.fluid.sea.drops.promises.InRegionPromiseDrop'/>

<ir-drop type='ProposedPromiseDrop'
	 offset='113'
	 line='8'
	 path='TestMoreDependencies/src/anotherPackage/UseType.java'
	 uri='file:/D:/work/update-script-workspace/TestMoreDependencies/src/anotherPackage/UseType.java'
	 file='file:/D:/work/update-script-workspace/TestMoreDependencies/src/anotherPackage/UseType.java'
	 hash='-650750876'
	 context='683776636'
	 id='1057'
	 message='ProposedPromiseDrop @RegionEffects(writes java.lang.Object:All)'
	 target-project='TestMoreDependencies'
	 java-annotation='@RegionEffects(&quot;writes java.lang.Object:All&quot;)'
	 annotation-type='RegionEffects'
	 contents='writes java.lang.Object:All'
	 from-project='TestMoreDependencies'
	 full-type='edu.cmu.cs.fluid.sea.ProposedPromiseDrop'/>

<promise-drop type='InRegionPromiseDrop'
	 offset='203'
	 line='9'
	 path='TestMoreDependencies/src/testTypeRefs/HasALockDecl.java'
	 uri='file:/D:/work/update-script-workspace/TestMoreDependencies/src/testTypeRefs/HasALockDecl.java'
	 file='file:/D:/work/update-script-workspace/TestMoreDependencies/src/testTypeRefs/HasALockDecl.java'
	 hash='3506402'
	 context='-1371160878'
	 id='1215'
	 message='InRegion(Root) on root'
	 from-src='true'
	 message-id='(107,Root,root)'
	 checked-by-analysis='true'
	 proved-consistent='true'
	 full-type='edu.cmu.cs.fluid.sea.drops.promises.InRegionPromiseDrop'/>

<ir-drop type='ProposedPromiseDrop'
	 offset='277'
	 line='12'
	 path='TestMoreDependencies/src/testMethodRefs/HasRequiresLock.java'
	 uri='file:/D:/work/update-script-workspace/TestMoreDependencies/src/testMethodRefs/HasRequiresLock.java'
	 file='file:/D:/work/update-script-workspace/TestMoreDependencies/src/testMethodRefs/HasRequiresLock.java'
	 hash='293892272'
	 context='-810981007'
	 id='1268'
	 message='ProposedPromiseDrop @RegionEffects(none)'
	 target-project='TestMoreDependencies'
	 java-annotation='@RegionEffects(&quot;none&quot;)'
	 annotation-type='RegionEffects'
	 contents='none'
	 from-project='TestMoreDependencies'
	 full-type='edu.cmu.cs.fluid.sea.ProposedPromiseDrop'/>

<ir-drop type='ProposedPromiseDrop'
	 offset='96'
	 line='6'
	 path='TestMoreDependencies/src/anotherPackage/UseMethod.java'
	 uri='file:/D:/work/update-script-workspace/TestMoreDependencies/src/anotherPackage/UseMethod.java'
	 file='file:/D:/work/update-script-workspace/TestMoreDependencies/src/anotherPackage/UseMethod.java'
	 hash='1769910453'
	 context='-984856456'
	 id='1364'
	 message='ProposedPromiseDrop @RegionEffects(none)'
	 target-project='TestMoreDependencies'
	 java-annotation='@RegionEffects(&quot;none&quot;)'
	 annotation-type='RegionEffects'
	 contents='none'
	 from-project='TestMoreDependencies'
	 full-type='edu.cmu.cs.fluid.sea.ProposedPromiseDrop'/>

<ir-drop type='ProposedPromiseDrop'
	 offset='96'
	 line='6'
	 path='TestMoreDependencies/src/anotherPackage/UseMethod.java'
	 uri='file:/D:/work/update-script-workspace/TestMoreDependencies/src/anotherPackage/UseMethod.java'
	 file='file:/D:/work/update-script-workspace/TestMoreDependencies/src/anotherPackage/UseMethod.java'
	 hash='322331693'
	 context='-791675189'
	 id='1367'
	 message='ProposedPromiseDrop @RegionEffects(writes java.lang.Object:All)'
	 target-project='TestMoreDependencies'
	 java-annotation='@RegionEffects(&quot;writes java.lang.Object:All&quot;)'
	 annotation-type='RegionEffects'
	 contents='writes java.lang.Object:All'
	 from-project='TestMoreDependencies'
	 full-type='edu.cmu.cs.fluid.sea.ProposedPromiseDrop'/>

<ir-drop type='ProposedPromiseDrop'
	 offset='116'
	 line='6'
	 path='TestMoreDependencies/src/anotherPackage/UseField.java'
	 uri='file:/D:/work/update-script-workspace/TestMoreDependencies/src/anotherPackage/UseField.java'
	 file='file:/D:/work/update-script-workspace/TestMoreDependencies/src/anotherPackage/UseField.java'
	 hash='669455113'
	 context='-905291164'
	 id='1530'
	 message='ProposedPromiseDrop @RegionEffects(writes java.lang.Object:All)'
	 target-project='TestMoreDependencies'
	 java-annotation='@RegionEffects(&quot;writes java.lang.Object:All&quot;)'
	 annotation-type='RegionEffects'
	 contents='writes java.lang.Object:All'
	 from-project='TestMoreDependencies'
	 full-type='edu.cmu.cs.fluid.sea.ProposedPromiseDrop'/>

</sea-summary>

