<root msg="Assurance Results">
  <result msg="Concurrency (4 issues)" baseImage="tallyho.gif" flags="12" reddots="1">
    <result msg="RegionLock java.lang.Object.MUTEX is this protects WaitQueue  on  Object  at  java.lang.Object" baseImage="promise.gif" flags="26" reddots="1">
      <result msg="5 lock precondition(s)" baseImage="folder.gif" flags="2">
        <result msg="requiresLock RequiresLock MUTEX  on  java.lang.Object.notify()  at  java.lang.Object" baseImage="promise.gif" flags="2" />
        <result msg="requiresLock RequiresLock MUTEX  on  java.lang.Object.notifyAll()  at  java.lang.Object" baseImage="promise.gif" flags="2" />
        <result msg="requiresLock RequiresLock MUTEX  on  java.lang.Object.wait()  at  java.lang.Object" baseImage="promise.gif" flags="2" />
        <result msg="requiresLock RequiresLock MUTEX  on  java.lang.Object.wait(long)  at  java.lang.Object" baseImage="promise.gif" flags="2" />
        <result msg="requiresLock RequiresLock MUTEX  on  java.lang.Object.wait(long,int)  at  java.lang.Object" baseImage="promise.gif" flags="2" />
      </result>
      <result msg="region  public  java.lang.Object.WaitQueue on (unknown)  at  java.lang.Object" baseImage="promise.gif" flags="0" />
    </result>
    <result msg="RegionLock test.Blooper.LLL is this.blooperLock protects R  on  Blooper  at  Blooper.java" source="/TestRegionAndFieldHiding/src/test/Blooper.java.html" line="0" baseImage="promise.gif" flags="4">
      <result msg="1 unprotected field access(es); possible race condition detected" baseImage="folder.gif" flags="4">
        <result msg="test (1 issue)" baseImage="package.gif" flags="4">
          <result msg="test.Blooper (1 issue)" baseImage="class.gif" flags="4">
            <result msg="Lock &quot;&lt;this;&gt;.LLL&quot; not held when accessing this.field  at  Blooper.java line 23" source="/TestRegionAndFieldHiding/src/test/Blooper.java.html" line="23" baseImage="redx.gif" flags="0" />
          </result>
        </result>
      </result>
      <result msg="region  public  test.Blooper.R on (unknown)  at  Blooper.java" source="/TestRegionAndFieldHiding/src/test/Blooper.java.html" line="0" baseImage="promise.gif" flags="0">
        <result msg="InRegion R on field  at  Blooper.java" source="/TestRegionAndFieldHiding/src/test/Blooper.java.html" line="0" baseImage="promise.gif" flags="0" />
      </result>
    </result>
    <result msg="RegionLock test.Duper.LL is this.duperLock protects R  on  Duper  at  Duper.java" source="/TestRegionAndFieldHiding/src/test/Duper.java.html" line="0" baseImage="promise.gif" flags="4">
      <result msg="2 unprotected field access(es); possible race condition detected" baseImage="folder.gif" flags="4">
        <result msg="test (2 issues)" baseImage="package.gif" flags="4">
          <result msg="test.Blooper (1 issue)" baseImage="class.gif" flags="4">
            <result msg="Lock &quot;&lt;((test.Duper) this)&gt;.LL&quot; not held when accessing ((test.Duper) this).field  at  Blooper.java line 22" source="/TestRegionAndFieldHiding/src/test/Blooper.java.html" line="22" baseImage="redx.gif" flags="0" />
          </result>
          <result msg="test.Duper (1 issue)" baseImage="class.gif" flags="4">
            <result msg="Lock &quot;&lt;this;&gt;.LL&quot; not held when accessing this.field  at  Duper.java line 22" source="/TestRegionAndFieldHiding/src/test/Duper.java.html" line="22" baseImage="redx.gif" flags="0" />
          </result>
        </result>
      </result>
      <result msg="region  public  test.Duper.R on (unknown)  at  Duper.java" source="/TestRegionAndFieldHiding/src/test/Duper.java.html" line="0" baseImage="promise.gif" flags="0">
        <result msg="InRegion R on field  at  Duper.java" source="/TestRegionAndFieldHiding/src/test/Duper.java.html" line="0" baseImage="promise.gif" flags="0" />
      </result>
    </result>
    <result msg="RegionLock test.Super.L is this.superLock protects R  on  Super  at  Super.java" source="/TestRegionAndFieldHiding/src/test/Super.java.html" line="0" baseImage="promise.gif" flags="4">
      <result msg="3 unprotected field access(es); possible race condition detected" baseImage="folder.gif" flags="4">
        <result msg="test (3 issues)" baseImage="package.gif" flags="4">
          <result msg="test.Blooper (1 issue)" baseImage="class.gif" flags="4">
            <result msg="Lock &quot;&lt;((test.Super) this)&gt;.L&quot; not held when accessing ((test.Super) this).field  at  Blooper.java line 21" source="/TestRegionAndFieldHiding/src/test/Blooper.java.html" line="21" baseImage="redx.gif" flags="0" />
          </result>
          <result msg="test.Duper (1 issue)" baseImage="class.gif" flags="4">
            <result msg="Lock &quot;&lt;((test.Super) this)&gt;.L&quot; not held when accessing ((test.Super) this).field  at  Duper.java line 21" source="/TestRegionAndFieldHiding/src/test/Duper.java.html" line="21" baseImage="redx.gif" flags="0" />
          </result>
          <result msg="test.Super (1 issue)" baseImage="class.gif" flags="4">
            <result msg="Lock &quot;&lt;this;&gt;.L&quot; not held when accessing this.field  at  Super.java line 16" source="/TestRegionAndFieldHiding/src/test/Super.java.html" line="16" baseImage="redx.gif" flags="0" />
          </result>
        </result>
      </result>
      <result msg="region  public  test.Super.R on (unknown)  at  Super.java" source="/TestRegionAndFieldHiding/src/test/Super.java.html" line="0" baseImage="promise.gif" flags="0">
        <result msg="InRegion R on field  at  Super.java" source="/TestRegionAndFieldHiding/src/test/Super.java.html" line="0" baseImage="promise.gif" flags="0" />
      </result>
    </result>
  </result>
  <result msg="Regions (1 issue)" baseImage="tallyho.gif" flags="2">
    <result msg="region   [] on (unknown)" baseImage="promise.gif" flags="0" />
  </result>
</root>