<sourceFiles>
	<package name="aggregate.dstAbstract">
		<class name="C.java" source="/TestRegionSanityChecks/src/aggregate/dstAbstract/C.java.html"/>
		<class name="Parent.java" source="/TestRegionSanityChecks/src/aggregate/dstAbstract/Parent.java.html"/>
		<class name="Test.java" source="/TestRegionSanityChecks/src/aggregate/dstAbstract/Test.java.html"/>
	</package>
	<package name="aggregate.dstRegionExists">
		<class name="C.java" source="/TestRegionSanityChecks/src/aggregate/dstRegionExists/C.java.html"/>
		<class name="Child.java" source="/TestRegionSanityChecks/src/aggregate/dstRegionExists/Child.java.html"/>
		<class name="Other.java" source="/TestRegionSanityChecks/src/aggregate/dstRegionExists/Other.java.html"/>
		<class name="Parent.java" source="/TestRegionSanityChecks/src/aggregate/dstRegionExists/Parent.java.html"/>
		<class name="Test.java" source="/TestRegionSanityChecks/src/aggregate/dstRegionExists/Test.java.html"/>
	</package>
	<package name="aggregate.dstStatic">
		<class name="C.java" source="/TestRegionSanityChecks/src/aggregate/dstStatic/C.java.html"/>
		<class name="Parent.java" source="/TestRegionSanityChecks/src/aggregate/dstStatic/Parent.java.html"/>
		<class name="Test.java" source="/TestRegionSanityChecks/src/aggregate/dstStatic/Test.java.html"/>
	</package>
	<package name="aggregate.fieldIsObject">
		<class name="Test.java" source="/TestRegionSanityChecks/src/aggregate/fieldIsObject/Test.java.html"/>
	</package>
	<package name="aggregate.fieldMustBeUnique">
		<class name="C.java" source="/TestRegionSanityChecks/src/aggregate/fieldMustBeUnique/C.java.html"/>
		<class name="Test.java" source="/TestRegionSanityChecks/src/aggregate/fieldMustBeUnique/Test.java.html"/>
	</package>
	<package name="aggregate.mustMapInstance">
		<class name="C.java" source="/TestRegionSanityChecks/src/aggregate/mustMapInstance/C.java.html"/>
		<class name="D.java" source="/TestRegionSanityChecks/src/aggregate/mustMapInstance/D.java.html"/>
		<class name="Test.java" source="/TestRegionSanityChecks/src/aggregate/mustMapInstance/Test.java.html"/>
	</package>
	<package name="aggregate.respectsHierarchy">
		<class name="C.java" source="/TestRegionSanityChecks/src/aggregate/respectsHierarchy/C.java.html"/>
		<class name="Test.java" source="/TestRegionSanityChecks/src/aggregate/respectsHierarchy/Test.java.html"/>
	</package>
	<package name="aggregate.srcRegionExists">
		<class name="C.java" source="/TestRegionSanityChecks/src/aggregate/srcRegionExists/C.java.html"/>
		<class name="D.java" source="/TestRegionSanityChecks/src/aggregate/srcRegionExists/D.java.html"/>
		<class name="Other.java" source="/TestRegionSanityChecks/src/aggregate/srcRegionExists/Other.java.html"/>
		<class name="Test.java" source="/TestRegionSanityChecks/src/aggregate/srcRegionExists/Test.java.html"/>
	</package>
	<package name="aggregate.srcRegionIsntStatic">
		<class name="C.java" source="/TestRegionSanityChecks/src/aggregate/srcRegionIsntStatic/C.java.html"/>
		<class name="Test.java" source="/TestRegionSanityChecks/src/aggregate/srcRegionIsntStatic/Test.java.html"/>
	</package>
	<package name="aggregate.srcRepeated">
		<class name="C.java" source="/TestRegionSanityChecks/src/aggregate/srcRepeated/C.java.html"/>
		<class name="Test.java" source="/TestRegionSanityChecks/src/aggregate/srcRepeated/Test.java.html"/>
	</package>
	<package name="com.surelogic">
		<class name="Aggregate.java" source="/promises/src/com/surelogic/Aggregate.java.html"/>
		<class name="AllowsReferencesFrom.java" source="/promises/src/com/surelogic/AllowsReferencesFrom.java.html"/>
		<class name="Assume.java" source="/promises/src/com/surelogic/Assume.java.html"/>
		<class name="Assumes.java" source="/promises/src/com/surelogic/Assumes.java.html"/>
		<class name="Borrowed.java" source="/promises/src/com/surelogic/Borrowed.java.html"/>
		<class name="InLayer.java" source="/promises/src/com/surelogic/InLayer.java.html"/>
		<class name="InRegion.java" source="/promises/src/com/surelogic/InRegion.java.html"/>
		<class name="IsLock.java" source="/promises/src/com/surelogic/IsLock.java.html"/>
		<class name="Layer.java" source="/promises/src/com/surelogic/Layer.java.html"/>
		<class name="Layers.java" source="/promises/src/com/surelogic/Layers.java.html"/>
		<class name="MapFields.java" source="/promises/src/com/surelogic/MapFields.java.html"/>
		<class name="MapsFields.java" source="/promises/src/com/surelogic/MapsFields.java.html"/>
		<class name="MayReferTo.java" source="/promises/src/com/surelogic/MayReferTo.java.html"/>
		<class name="NotUnique.java" source="/promises/src/com/surelogic/NotUnique.java.html"/>
		<class name="PolicyLock.java" source="/promises/src/com/surelogic/PolicyLock.java.html"/>
		<class name="PolicyLocks.java" source="/promises/src/com/surelogic/PolicyLocks.java.html"/>
		<class name="Promise.java" source="/promises/src/com/surelogic/Promise.java.html"/>
		<class name="Promises.java" source="/promises/src/com/surelogic/Promises.java.html"/>
		<class name="Reads.java" source="/promises/src/com/surelogic/Reads.java.html"/>
		<class name="Region.java" source="/promises/src/com/surelogic/Region.java.html"/>
		<class name="RegionEffects.java" source="/promises/src/com/surelogic/RegionEffects.java.html"/>
		<class name="RegionLock.java" source="/promises/src/com/surelogic/RegionLock.java.html"/>
		<class name="RegionLocks.java" source="/promises/src/com/surelogic/RegionLocks.java.html"/>
		<class name="Regions.java" source="/promises/src/com/surelogic/Regions.java.html"/>
		<class name="RequiresLock.java" source="/promises/src/com/surelogic/RequiresLock.java.html"/>
		<class name="ReturnsLock.java" source="/promises/src/com/surelogic/ReturnsLock.java.html"/>
		<class name="SelfProtected.java" source="/promises/src/com/surelogic/SelfProtected.java.html"/>
		<class name="SingleThreaded.java" source="/promises/src/com/surelogic/SingleThreaded.java.html"/>
		<class name="Starts.java" source="/promises/src/com/surelogic/Starts.java.html"/>
		<class name="TypeSet.java" source="/promises/src/com/surelogic/TypeSet.java.html"/>
		<class name="TypeSets.java" source="/promises/src/com/surelogic/TypeSets.java.html"/>
		<class name="Unique.java" source="/promises/src/com/surelogic/Unique.java.html"/>
		<class name="Writes.java" source="/promises/src/com/surelogic/Writes.java.html"/>
	</package>
	<package name="edu.afit.planetbaron.client">
		<class name="ChatTestClient.java" source="/planetbaron/src/edu/afit/planetbaron/client/ChatTestClient.java.html"/>
		<class name="MapView.java" source="/planetbaron/src/edu/afit/planetbaron/client/MapView.java.html"/>
		<class name="PlayerProxy.java" source="/planetbaron/src/edu/afit/planetbaron/client/PlayerProxy.java.html"/>
		<class name="PlayerUI.java" source="/planetbaron/src/edu/afit/planetbaron/client/PlayerUI.java.html"/>
		<class name="ResponseVisitor.java" source="/planetbaron/src/edu/afit/planetbaron/client/ResponseVisitor.java.html"/>
	</package>
	<package name="edu.afit.planetbaron.client.communication">
		<class name="IDisconnect.java" source="/planetbaron/src/edu/afit/planetbaron/client/communication/IDisconnect.java.html"/>
		<class name="IResponse.java" source="/planetbaron/src/edu/afit/planetbaron/client/communication/IResponse.java.html"/>
		<class name="ServerProxy.java" source="/planetbaron/src/edu/afit/planetbaron/client/communication/ServerProxy.java.html"/>
	</package>
	<package name="edu.afit.planetbaron.game">
		<class name="EndOfTurnObserver.java" source="/planetbaron/src/edu/afit/planetbaron/game/EndOfTurnObserver.java.html"/>
		<class name="GameMap.java" source="/planetbaron/src/edu/afit/planetbaron/game/GameMap.java.html"/>
		<class name="Location.java" source="/planetbaron/src/edu/afit/planetbaron/game/Location.java.html"/>
		<class name="Planet.java" source="/planetbaron/src/edu/afit/planetbaron/game/Planet.java.html"/>
		<class name="Player.java" source="/planetbaron/src/edu/afit/planetbaron/game/Player.java.html"/>
		<class name="Reporter.java" source="/planetbaron/src/edu/afit/planetbaron/game/Reporter.java.html"/>
		<class name="Ship.java" source="/planetbaron/src/edu/afit/planetbaron/game/Ship.java.html"/>
		<class name="TestGameMap.java" source="/planetbaron/test/edu/afit/planetbaron/game/TestGameMap.java.html"/>
		<class name="TestReporter.java" source="/planetbaron/test/edu/afit/planetbaron/game/TestReporter.java.html"/>
		<class name="Thing.java" source="/planetbaron/src/edu/afit/planetbaron/game/Thing.java.html"/>
		<class name="TurnMutable.java" source="/planetbaron/src/edu/afit/planetbaron/game/TurnMutable.java.html"/>
	</package>
	<package name="edu.afit.planetbaron.protocol">
		<class name="ASTNode.java" source="/planetbaron/src/edu/afit/planetbaron/protocol/ASTNode.java.html"/>
		<class name="ASTVisitor.java" source="/planetbaron/src/edu/afit/planetbaron/protocol/ASTVisitor.java.html"/>
		<class name="ASTVisitorWithResult.java" source="/planetbaron/src/edu/afit/planetbaron/protocol/ASTVisitorWithResult.java.html"/>
		<class name="ConsoleOnly.java" source="/planetbaron/src/edu/afit/planetbaron/protocol/ConsoleOnly.java.html"/>
		<class name="ConsoleOnlyCommand.java" source="/planetbaron/src/edu/afit/planetbaron/protocol/ConsoleOnlyCommand.java.html"/>
		<class name="GameStateUpdate.java" source="/planetbaron/src/edu/afit/planetbaron/protocol/GameStateUpdate.java.html"/>
		<class name="Go.java" source="/planetbaron/src/edu/afit/planetbaron/protocol/Go.java.html"/>
		<class name="LocationLiteral.java" source="/planetbaron/src/edu/afit/planetbaron/protocol/LocationLiteral.java.html"/>
		<class name="Ls.java" source="/planetbaron/src/edu/afit/planetbaron/protocol/Ls.java.html"/>
		<class name="Lt.java" source="/planetbaron/src/edu/afit/planetbaron/protocol/Lt.java.html"/>
		<class name="MapSizeReport.java" source="/planetbaron/src/edu/afit/planetbaron/protocol/MapSizeReport.java.html"/>
		<class name="MoveShip.java" source="/planetbaron/src/edu/afit/planetbaron/protocol/MoveShip.java.html"/>
		<class name="Ok.java" source="/planetbaron/src/edu/afit/planetbaron/protocol/Ok.java.html"/>
		<class name="OkNoResponse.java" source="/planetbaron/src/edu/afit/planetbaron/protocol/OkNoResponse.java.html"/>
		<class name="ParseStrategy.java" source="/planetbaron/src/edu/afit/planetbaron/protocol/ParseStrategy.java.html"/>
		<class name="PlanetReport.java" source="/planetbaron/src/edu/afit/planetbaron/protocol/PlanetReport.java.html"/>
		<class name="Play.java" source="/planetbaron/src/edu/afit/planetbaron/protocol/Play.java.html"/>
		<class name="ProtocolError.java" source="/planetbaron/src/edu/afit/planetbaron/protocol/ProtocolError.java.html"/>
		<class name="ProtocolFacade.java" source="/planetbaron/src/edu/afit/planetbaron/protocol/ProtocolFacade.java.html"/>
		<class name="Quit.java" source="/planetbaron/src/edu/afit/planetbaron/protocol/Quit.java.html"/>
		<class name="Report.java" source="/planetbaron/src/edu/afit/planetbaron/protocol/Report.java.html"/>
		<class name="ServerCommand.java" source="/planetbaron/src/edu/afit/planetbaron/protocol/ServerCommand.java.html"/>
		<class name="ServerResponse.java" source="/planetbaron/src/edu/afit/planetbaron/protocol/ServerResponse.java.html"/>
		<class name="ShipReport.java" source="/planetbaron/src/edu/afit/planetbaron/protocol/ShipReport.java.html"/>
		<class name="ShipVelocityReport.java" source="/planetbaron/src/edu/afit/planetbaron/protocol/ShipVelocityReport.java.html"/>
		<class name="Shutdown.java" source="/planetbaron/src/edu/afit/planetbaron/protocol/Shutdown.java.html"/>
		<class name="StringLiteral.java" source="/planetbaron/src/edu/afit/planetbaron/protocol/StringLiteral.java.html"/>
		<class name="StringLiteralMultiLine.java" source="/planetbaron/src/edu/afit/planetbaron/protocol/StringLiteralMultiLine.java.html"/>
		<class name="TestAST.java" source="/planetbaron/test/edu/afit/planetbaron/protocol/TestAST.java.html"/>
	</package>
	<package name="edu.afit.planetbaron.protocol.parser">
		<class name="ParseException.java" source="/planetbaron/src/edu/afit/planetbaron/protocol/parser/ParseException.java.html"/>
		<class name="ProtocolParser.java" source="/planetbaron/src/edu/afit/planetbaron/protocol/parser/ProtocolParser.java.html"/>
		<class name="ProtocolParserConstants.java" source="/planetbaron/src/edu/afit/planetbaron/protocol/parser/ProtocolParserConstants.java.html"/>
		<class name="ProtocolParserTokenManager.java" source="/planetbaron/src/edu/afit/planetbaron/protocol/parser/ProtocolParserTokenManager.java.html"/>
		<class name="SimpleCharStream.java" source="/planetbaron/src/edu/afit/planetbaron/protocol/parser/SimpleCharStream.java.html"/>
		<class name="Token.java" source="/planetbaron/src/edu/afit/planetbaron/protocol/parser/Token.java.html"/>
		<class name="TokenMgrError.java" source="/planetbaron/src/edu/afit/planetbaron/protocol/parser/TokenMgrError.java.html"/>
	</package>
	<package name="edu.afit.planetbaron.server">
		<class name="ClientHandler.java" source="/planetbaron/src/edu/afit/planetbaron/server/ClientHandler.java.html"/>
		<class name="CommandVisitor.java" source="/planetbaron/src/edu/afit/planetbaron/server/CommandVisitor.java.html"/>
		<class name="Server.java" source="/planetbaron/src/edu/afit/planetbaron/server/Server.java.html"/>
		<class name="TestTurnCyclicBarrier.java" source="/planetbaron/test/edu/afit/planetbaron/server/TestTurnCyclicBarrier.java.html"/>
		<class name="TurnCyclicBarrier.java" source="/planetbaron/src/edu/afit/planetbaron/server/TurnCyclicBarrier.java.html"/>
	</package>
	<package name="edu.afit.planetbaron.util">
		<class name="Common.java" source="/planetbaron/src/edu/afit/planetbaron/util/Common.java.html"/>
		<class name="ConciseFormatter.java" source="/planetbaron/src/edu/afit/planetbaron/util/ConciseFormatter.java.html"/>
	</package>
	<package name="inRegion.nonFieldParent">
		<class name="Super.java" source="/TestRegionSanityChecks/src/inRegion/nonFieldParent/Super.java.html"/>
		<class name="Test.java" source="/TestRegionSanityChecks/src/inRegion/nonFieldParent/Test.java.html"/>
	</package>
	<package name="inRegion.parentMustExist">
		<class name="Child.java" source="/TestRegionSanityChecks/src/inRegion/parentMustExist/Child.java.html"/>
		<class name="Other.java" source="/TestRegionSanityChecks/src/inRegion/parentMustExist/Other.java.html"/>
		<class name="Super.java" source="/TestRegionSanityChecks/src/inRegion/parentMustExist/Super.java.html"/>
		<class name="Test.java" source="/TestRegionSanityChecks/src/inRegion/parentMustExist/Test.java.html"/>
	</package>
	<package name="inRegion.staticParents">
		<class name="Super.java" source="/TestRegionSanityChecks/src/inRegion/staticParents/Super.java.html"/>
		<class name="Test.java" source="/TestRegionSanityChecks/src/inRegion/staticParents/Test.java.html"/>
	</package>
	<package name="inRegion.visibility">
		<class name="Super.java" source="/TestRegionSanityChecks/src/inRegion/visibility/Super.java.html"/>
		<class name="Test.java" source="/TestRegionSanityChecks/src/inRegion/visibility/Test.java.html"/>
	</package>
	<package name="java.util.logging">
		<class name="Logger.java" source="/Bug1177/src/java/util/logging/Logger.java.html"/>
	</package>
	<package name="net.jcip.annotations">
		<class name="GuardedBy.java" source="/promises/src/net/jcip/annotations/GuardedBy.java.html"/>
		<class name="Immutable.java" source="/promises/src/net/jcip/annotations/Immutable.java.html"/>
		<class name="NotThreadSafe.java" source="/promises/src/net/jcip/annotations/NotThreadSafe.java.html"/>
		<class name="ThreadSafe.java" source="/promises/src/net/jcip/annotations/ThreadSafe.java.html"/>
	</package>
	<package name="region.accessibility.samePackage">
		<class name="Super.java" source="/Bug1160/src/region/accessibility/samePackage/Super.java.html"/>
		<class name="Test.java" source="/Bug1160/src/region/accessibility/samePackage/Test.java.html"/>
	</package>
	<package name="region.noCycles">
		<class name="Test.java" source="/TestRegionSanityChecks/src/region/noCycles/Test.java.html"/>
	</package>
	<package name="region.nonFieldParent">
		<class name="Super.java" source="/TestRegionSanityChecks/src/region/nonFieldParent/Super.java.html"/>
		<class name="Test.java" source="/TestRegionSanityChecks/src/region/nonFieldParent/Test.java.html"/>
	</package>
	<package name="region.parentMustExist">
		<class name="Child.java" source="/TestRegionSanityChecks/src/region/parentMustExist/Child.java.html"/>
		<class name="Other.java" source="/TestRegionSanityChecks/src/region/parentMustExist/Other.java.html"/>
		<class name="Super.java" source="/TestRegionSanityChecks/src/region/parentMustExist/Super.java.html"/>
		<class name="Test.java" source="/TestRegionSanityChecks/src/region/parentMustExist/Test.java.html"/>
	</package>
	<package name="region.staticParents">
		<class name="Super.java" source="/TestRegionSanityChecks/src/region/staticParents/Super.java.html"/>
		<class name="Test.java" source="/TestRegionSanityChecks/src/region/staticParents/Test.java.html"/>
	</package>
	<package name="region.uniqueRegion">
		<class name="Super.java" source="/TestRegionSanityChecks/src/region/uniqueRegion/Super.java.html"/>
		<class name="Test.java" source="/TestRegionSanityChecks/src/region/uniqueRegion/Test.java.html"/>
	</package>
	<package name="region.visibility">
		<class name="Super.java" source="/TestRegionSanityChecks/src/region/visibility/Super.java.html"/>
		<class name="Test.java" source="/TestRegionSanityChecks/src/region/visibility/Test.java.html"/>
	</package>
	<package name="test">
		<class name="Blooper.java" source="/TestRegionAndFieldHiding/src/test/Blooper.java.html"/>
		<class name="Duper.java" source="/TestRegionAndFieldHiding/src/test/Duper.java.html"/>
		<class name="Super.java" source="/TestRegionAndFieldHiding/src/test/Super.java.html"/>
	</package>
	<package name="test1033">
		<class name="Subclass.java" source="/Bug1033/src/test1033/Subclass.java.html"/>
		<class name="Test.java" source="/Bug1033/src/test1033/Test.java.html"/>
	</package>
	<package name="test2">
		<class name="Bad.java" source="/Bug1194_TwoLocksOneRegion/src/test2/Bad.java.html"/>
	</package>
	<package name="test_any_instance">
		<class name="C.java" source="/Bug1054/src/test_any_instance/C.java.html"/>
		<class name="Test.java" source="/Bug1054/src/test_any_instance/Test.java.html"/>
	</package>
	<package name="test_parameter">
		<class name="Test.java" source="/Bug1078/src/test_parameter/Test.java.html"/>
	</package>
	<package name="test_qualifiedThis">
		<class name="C.java" source="/Bug1082/src/test_qualifiedThis/C.java.html"/>
	</package>
</sourceFiles>
