<root msg="Assurance Results">
  <result msg="Concurrency (2 issues)" baseImage="folder.gif" flags="68">
    <result msg="RegionLock java.lang.Object.MUTEX is this protects WaitQueue  on  Object  at  java.lang.Object" baseImage="annotation.gif" flags="2">
      <result msg="5 lock precondition(s)" baseImage="folder.gif" flags="2">
        <result msg="RequiresLock MUTEX  on  java.lang.Object.notify()  at  java.lang.Object" baseImage="annotation.gif" flags="2" />
        <result msg="RequiresLock MUTEX  on  java.lang.Object.notifyAll()  at  java.lang.Object" baseImage="annotation.gif" flags="2" />
        <result msg="RequiresLock MUTEX  on  java.lang.Object.wait()  at  java.lang.Object" baseImage="annotation.gif" flags="2" />
        <result msg="RequiresLock MUTEX  on  java.lang.Object.wait(long)  at  java.lang.Object" baseImage="annotation.gif" flags="2" />
        <result msg="RequiresLock MUTEX  on  java.lang.Object.wait(long,int)  at  java.lang.Object" baseImage="annotation.gif" flags="2" />
      </result>
      <result msg="java.lang.Object.MUTEX is consistent with the code in java.lang.Object" baseImage="plus.gif" flags="0" />
      <result msg="Region public java.lang.Object.WaitQueue  at  java.lang.Object" baseImage="annotation.gif" flags="0">
        <result msg="Region public java.lang.Object.Instance  at  java.lang.Object" baseImage="annotation.gif" flags="0">
          <result msg="Region public static java.lang.Object.All  at  java.lang.Object" baseImage="annotation.gif" flags="0" />
        </result>
      </result>
    </result>
    <result msg="RegionLock test.Test.L is this.lockField protects Instance  on  Test  at  Test.java line 9" source="/TestJUCAcrossInitializersAndAnonymousClasses/src/test/Test.java.html" line="9" baseImage="annotation.gif" flags="68">
      <result msg="10 protected field access(es)" baseImage="folder.gif" flags="2">
        <result msg="test (10 issues)" baseImage="package.gif" flags="2">
          <result msg="test.Test (6 issues)" baseImage="class.gif" flags="2">
            <result msg="Lock &quot;&lt;this&gt;:L&quot; held when accessing this.x  at  Test.java line 17" source="/TestJUCAcrossInitializersAndAnonymousClasses/src/test/Test.java.html" line="17" baseImage="plus.gif" flags="0">
              <result msg="supporting information:" baseImage="folder.gif" flags="0">
                <result msg="Analyzed on behalf of constructor &quot;test.Test.Test(int)&quot;  at  Test.java line 35" source="/TestJUCAcrossInitializersAndAnonymousClasses/src/test/Test.java.html" line="35" baseImage="info.gif" flags="0" />
                <result msg="Enclosing constructor &quot;test.Test.Test(int)&quot; is single-threaded  at  Test.java line 35" source="/TestJUCAcrossInitializersAndAnonymousClasses/src/test/Test.java.html" line="35" baseImage="info.gif" flags="0" />
                <result msg="java.util.concurrent lock &quot;&lt;this&gt;:L&quot; is held  at  Test.java line 35" source="/TestJUCAcrossInitializersAndAnonymousClasses/src/test/Test.java.html" line="35" baseImage="info.gif" flags="0" />
              </result>
            </result>
            <result msg="Lock &quot;&lt;this&gt;:L&quot; held when accessing this.x  at  Test.java line 23" source="/TestJUCAcrossInitializersAndAnonymousClasses/src/test/Test.java.html" line="23" baseImage="plus.gif" flags="0">
              <result msg="supporting information:" baseImage="folder.gif" flags="0">
                <result msg="Analyzed on behalf of constructor &quot;test.Test.Test(int)&quot;  at  Test.java line 35" source="/TestJUCAcrossInitializersAndAnonymousClasses/src/test/Test.java.html" line="35" baseImage="info.gif" flags="0" />
                <result msg="Enclosing constructor &quot;test.Test.Test(int)&quot; is single-threaded  at  Test.java line 35" source="/TestJUCAcrossInitializersAndAnonymousClasses/src/test/Test.java.html" line="35" baseImage="info.gif" flags="0" />
                <result msg="java.util.concurrent lock &quot;&lt;this&gt;:L&quot; is held  at  Test.java line 35" source="/TestJUCAcrossInitializersAndAnonymousClasses/src/test/Test.java.html" line="35" baseImage="info.gif" flags="0" />
              </result>
            </result>
            <result msg="Lock &quot;&lt;this&gt;:L&quot; held when accessing this.x  at  Test.java line 23" source="/TestJUCAcrossInitializersAndAnonymousClasses/src/test/Test.java.html" line="23" baseImage="plus.gif" flags="0">
              <result msg="supporting information:" baseImage="folder.gif" flags="0">
                <result msg="Analyzed on behalf of constructor &quot;test.Test.Test()&quot;  at  Test.java line 30" source="/TestJUCAcrossInitializersAndAnonymousClasses/src/test/Test.java.html" line="30" baseImage="info.gif" flags="0" />
                <result msg="Enclosing constructor &quot;test.Test.Test()&quot; cannot be proven to be single-threaded  at  Test.java line 30" source="/TestJUCAcrossInitializersAndAnonymousClasses/src/test/Test.java.html" line="30" baseImage="info.gif" flags="0" />
                <result msg="java.util.concurrent lock &quot;&lt;this&gt;:L&quot; is held" baseImage="info.gif" flags="0" />
              </result>
            </result>
            <result msg="Lock &quot;&lt;this&gt;:L&quot; held when accessing this.x  at  Test.java line 37" source="/TestJUCAcrossInitializersAndAnonymousClasses/src/test/Test.java.html" line="37" baseImage="plus.gif" flags="0">
              <result msg="supporting information:" baseImage="folder.gif" flags="0">
                <result msg="Enclosing constructor &quot;test.Test.Test(int)&quot; is single-threaded  at  Test.java line 35" source="/TestJUCAcrossInitializersAndAnonymousClasses/src/test/Test.java.html" line="35" baseImage="info.gif" flags="0" />
                <result msg="java.util.concurrent lock &quot;&lt;this&gt;:L&quot; is held  at  Test.java line 35" source="/TestJUCAcrossInitializersAndAnonymousClasses/src/test/Test.java.html" line="35" baseImage="info.gif" flags="0" />
              </result>
            </result>
            <result msg="Lock &quot;&lt;this&gt;:L&quot; held when accessing this.x  at  Test.java line 43" source="/TestJUCAcrossInitializersAndAnonymousClasses/src/test/Test.java.html" line="43" baseImage="plus.gif" flags="0">
              <result msg="supporting information: java.util.concurrent lock &quot;&lt;this&gt;:L&quot; is held" baseImage="info.gif" flags="0" />
            </result>
            <result msg="Lock &quot;&lt;this&gt;:L&quot; held when accessing x = 0  at  Test.java line 14" source="/TestJUCAcrossInitializersAndAnonymousClasses/src/test/Test.java.html" line="14" baseImage="plus.gif" flags="0">
              <result msg="supporting information:" baseImage="folder.gif" flags="0">
                <result msg="Analyzed on behalf of constructor &quot;test.Test.Test(int)&quot;  at  Test.java line 35" source="/TestJUCAcrossInitializersAndAnonymousClasses/src/test/Test.java.html" line="35" baseImage="info.gif" flags="0" />
                <result msg="Enclosing constructor &quot;test.Test.Test(int)&quot; is single-threaded  at  Test.java line 35" source="/TestJUCAcrossInitializersAndAnonymousClasses/src/test/Test.java.html" line="35" baseImage="info.gif" flags="0" />
                <result msg="java.util.concurrent lock &quot;&lt;this&gt;:L&quot; is held  at  Test.java line 35" source="/TestJUCAcrossInitializersAndAnonymousClasses/src/test/Test.java.html" line="35" baseImage="info.gif" flags="0" />
              </result>
            </result>
          </result>
          <result msg="test.Test.ACE #1 (4 issues)" baseImage="class.gif" flags="2">
            <result msg="Lock &quot;&lt;this&gt;:L&quot; held when accessing this.xx  at  Test.java line 64" source="/TestJUCAcrossInitializersAndAnonymousClasses/src/test/Test.java.html" line="64" baseImage="plus.gif" flags="0">
              <result msg="supporting information: java.util.concurrent lock &quot;&lt;this&gt;:L&quot; is held" baseImage="info.gif" flags="0" />
            </result>
            <result msg="Lock &quot;&lt;this&gt;:L&quot; held when accessing this.xx  at  Test.java line 75" source="/TestJUCAcrossInitializersAndAnonymousClasses/src/test/Test.java.html" line="75" baseImage="plus.gif" flags="0">
              <result msg="supporting information: java.util.concurrent lock &quot;&lt;this&gt;:L&quot; is held" baseImage="info.gif" flags="0" />
            </result>
            <result msg="Lock &quot;&lt;this&gt;:L&quot; held when accessing this.xx  at  Test.java line 86" source="/TestJUCAcrossInitializersAndAnonymousClasses/src/test/Test.java.html" line="86" baseImage="plus.gif" flags="0">
              <result msg="supporting information: java.util.concurrent lock &quot;&lt;this&gt;:L&quot; is held" baseImage="info.gif" flags="0" />
            </result>
            <result msg="Lock &quot;&lt;this&gt;:L&quot; held when accessing this.xx  at  Test.java line 97" source="/TestJUCAcrossInitializersAndAnonymousClasses/src/test/Test.java.html" line="97" baseImage="plus.gif" flags="0">
              <result msg="supporting information: java.util.concurrent lock &quot;&lt;this&gt;:L&quot; is held" baseImage="info.gif" flags="0" />
            </result>
          </result>
        </result>
      </result>
      <result msg="9 unprotected field access(es); possible race condition detected" baseImage="folder.gif" flags="4">
        <result msg="test (9 issues)" baseImage="package.gif" flags="4">
          <result msg="test.Test (3 issues)" baseImage="class.gif" flags="4">
            <result msg="Lock &quot;&lt;this&gt;:L&quot; not held when accessing this.x  at  Test.java line 17" source="/TestJUCAcrossInitializersAndAnonymousClasses/src/test/Test.java.html" line="17" baseImage="red_x.gif" flags="0">
              <result msg="supporting information:" baseImage="folder.gif" flags="0">
                <result msg="Analyzed on behalf of constructor &quot;test.Test.Test()&quot;  at  Test.java line 30" source="/TestJUCAcrossInitializersAndAnonymousClasses/src/test/Test.java.html" line="30" baseImage="info.gif" flags="0" />
                <result msg="Enclosing constructor &quot;test.Test.Test()&quot; cannot be proven to be single-threaded  at  Test.java line 30" source="/TestJUCAcrossInitializersAndAnonymousClasses/src/test/Test.java.html" line="30" baseImage="info.gif" flags="0" />
              </result>
            </result>
            <result msg="Lock &quot;&lt;this&gt;:L&quot; not held when accessing this.x  at  Test.java line 31" source="/TestJUCAcrossInitializersAndAnonymousClasses/src/test/Test.java.html" line="31" baseImage="red_x.gif" flags="0">
              <result msg="supporting information: Enclosing constructor &quot;test.Test.Test()&quot; cannot be proven to be single-threaded  at  Test.java line 30" source="/TestJUCAcrossInitializersAndAnonymousClasses/src/test/Test.java.html" line="30" baseImage="info.gif" flags="0" />
            </result>
            <result msg="Lock &quot;&lt;this&gt;:L&quot; not held when accessing x = 0  at  Test.java line 14" source="/TestJUCAcrossInitializersAndAnonymousClasses/src/test/Test.java.html" line="14" baseImage="red_x.gif" flags="0">
              <result msg="supporting information:" baseImage="folder.gif" flags="0">
                <result msg="Analyzed on behalf of constructor &quot;test.Test.Test()&quot;  at  Test.java line 30" source="/TestJUCAcrossInitializersAndAnonymousClasses/src/test/Test.java.html" line="30" baseImage="info.gif" flags="0" />
                <result msg="Enclosing constructor &quot;test.Test.Test()&quot; cannot be proven to be single-threaded  at  Test.java line 30" source="/TestJUCAcrossInitializersAndAnonymousClasses/src/test/Test.java.html" line="30" baseImage="info.gif" flags="0" />
              </result>
            </result>
          </result>
          <result msg="test.Test.ACE #0 (2 issues)" baseImage="class.gif" flags="4">
            <result msg="Lock &quot;&lt;this&gt;:L&quot; not held when accessing q = 10  at  Test.java line 53" source="/TestJUCAcrossInitializersAndAnonymousClasses/src/test/Test.java.html" line="53" baseImage="red_x.gif" flags="0" />
            <result msg="Lock &quot;&lt;this&gt;:L&quot; not held when accessing this.x  at  Test.java line 51" source="/TestJUCAcrossInitializersAndAnonymousClasses/src/test/Test.java.html" line="51" baseImage="red_x.gif" flags="0" />
          </result>
          <result msg="test.Test.ACE #1 (4 issues)" baseImage="class.gif" flags="4">
            <result msg="Lock &quot;&lt;this&gt;:L&quot; not held when accessing f1 = 10  at  Test.java line 70" source="/TestJUCAcrossInitializersAndAnonymousClasses/src/test/Test.java.html" line="70" baseImage="red_x.gif" flags="0" />
            <result msg="Lock &quot;&lt;this&gt;:L&quot; not held when accessing f2 = 10  at  Test.java line 81" source="/TestJUCAcrossInitializersAndAnonymousClasses/src/test/Test.java.html" line="81" baseImage="red_x.gif" flags="0" />
            <result msg="Lock &quot;&lt;this&gt;:L&quot; not held when accessing f3 = 10  at  Test.java line 92" source="/TestJUCAcrossInitializersAndAnonymousClasses/src/test/Test.java.html" line="92" baseImage="red_x.gif" flags="0" />
            <result msg="Lock &quot;&lt;this&gt;:L&quot; not held when accessing q = 10  at  Test.java line 103" source="/TestJUCAcrossInitializersAndAnonymousClasses/src/test/Test.java.html" line="103" baseImage="red_x.gif" flags="0" />
          </result>
        </result>
      </result>
      <result msg="Constructor &quot;test.Test.Test(int)&quot; is single-threaded  at  Test.java line 35" source="/TestJUCAcrossInitializersAndAnonymousClasses/src/test/Test.java.html" line="35" baseImage="plus.gif" flags="2">
        <result msg="1 precondition choice(s):" baseImage="choice.gif" flags="2">
          <result msg="by borrowed receiver:" baseImage="choice_item.gif" flags="2">
            <result msg="Borrowed(this)  on  test.Test.Test(int)  at  Test.java line 35" source="/TestJUCAcrossInitializersAndAnonymousClasses/src/test/Test.java.html" line="35" baseImage="annotation.gif" flags="2">
              <result msg="Control flow of constructor test.Test.Test(int)  at  Test.java line 35" source="/TestJUCAcrossInitializersAndAnonymousClasses/src/test/Test.java.html" line="35" baseImage="plus.gif" flags="0" />
              <result msg="Unique return value of call super  at  Test.java line 37" source="/TestJUCAcrossInitializersAndAnonymousClasses/src/test/Test.java.html" line="37" baseImage="plus.gif" flags="2">
                <result msg="1 precondition:" baseImage="choice_item.gif" flags="2">
                  <result msg="Unique(return)  on  java.lang.Object.Object()   at  java.lang.Object" baseImage="annotation.gif" flags="2" />
                </result>
              </result>
            </result>
          </result>
        </result>
      </result>
      <result msg="Region public java.lang.Object.Instance  at  java.lang.Object" baseImage="annotation.gif" flags="0">
        <result msg="Region public static java.lang.Object.All  at  java.lang.Object" baseImage="annotation.gif" flags="0" />
      </result>
      <result msg="lock()�unlock() matches (14 issues)" baseImage="info.gif" flags="0">
        <result msg="test (14 issues)" baseImage="package.gif" flags="64">
          <result msg="test.Test (6 issues)" baseImage="class.gif" flags="64">
            <result msg="lock() call has matching unlock() call at line 25  at  Test.java line 21" source="/TestJUCAcrossInitializersAndAnonymousClasses/src/test/Test.java.html" line="21" baseImage="info.gif" flags="0" />
            <result msg="lock() call has matching unlock() call at line 25  at  Test.java line 21" source="/TestJUCAcrossInitializersAndAnonymousClasses/src/test/Test.java.html" line="21" baseImage="info.gif" flags="0" />
            <result msg="lock() call has matching unlock() call at line 45  at  Test.java line 41" source="/TestJUCAcrossInitializersAndAnonymousClasses/src/test/Test.java.html" line="41" baseImage="info.gif" flags="0" />
            <result msg="unlock() call has matching lock() call at line 21  at  Test.java line 25" source="/TestJUCAcrossInitializersAndAnonymousClasses/src/test/Test.java.html" line="25" baseImage="info.gif" flags="0" />
            <result msg="unlock() call has matching lock() call at line 21  at  Test.java line 25" source="/TestJUCAcrossInitializersAndAnonymousClasses/src/test/Test.java.html" line="25" baseImage="info.gif" flags="0" />
            <result msg="unlock() call has matching lock() call at line 41  at  Test.java line 45" source="/TestJUCAcrossInitializersAndAnonymousClasses/src/test/Test.java.html" line="45" baseImage="info.gif" flags="0" />
          </result>
          <result msg="test.Test.ACE #1 (8 issues)" baseImage="class.gif" flags="64">
            <result msg="lock() call has matching unlock() call at line 66  at  Test.java line 62" source="/TestJUCAcrossInitializersAndAnonymousClasses/src/test/Test.java.html" line="62" baseImage="info.gif" flags="0" />
            <result msg="lock() call has matching unlock() call at line 77  at  Test.java line 73" source="/TestJUCAcrossInitializersAndAnonymousClasses/src/test/Test.java.html" line="73" baseImage="info.gif" flags="0" />
            <result msg="lock() call has matching unlock() call at line 88  at  Test.java line 84" source="/TestJUCAcrossInitializersAndAnonymousClasses/src/test/Test.java.html" line="84" baseImage="info.gif" flags="0" />
            <result msg="lock() call has matching unlock() call at line 99  at  Test.java line 95" source="/TestJUCAcrossInitializersAndAnonymousClasses/src/test/Test.java.html" line="95" baseImage="info.gif" flags="0" />
            <result msg="unlock() call has matching lock() call at line 62  at  Test.java line 66" source="/TestJUCAcrossInitializersAndAnonymousClasses/src/test/Test.java.html" line="66" baseImage="info.gif" flags="0" />
            <result msg="unlock() call has matching lock() call at line 73  at  Test.java line 77" source="/TestJUCAcrossInitializersAndAnonymousClasses/src/test/Test.java.html" line="77" baseImage="info.gif" flags="0" />
            <result msg="unlock() call has matching lock() call at line 84  at  Test.java line 88" source="/TestJUCAcrossInitializersAndAnonymousClasses/src/test/Test.java.html" line="88" baseImage="info.gif" flags="0" />
            <result msg="unlock() call has matching lock() call at line 95  at  Test.java line 99" source="/TestJUCAcrossInitializersAndAnonymousClasses/src/test/Test.java.html" line="99" baseImage="info.gif" flags="0" />
          </result>
        </result>
      </result>
    </result>
  </result>
  <result msg="Regions (2 issues)" baseImage="folder.gif" flags="2">
    <result msg="Region public []  at  java.lang.[]" baseImage="annotation.gif" flags="0" />
    <result msg="Region public length  at  java.lang.[]" baseImage="annotation.gif" flags="0" />
  </result>
  <result msg="Uniqueness (1 issue)" baseImage="folder.gif" flags="2">
    <result msg="Borrowed(this)  on  test.Test.Test(int)  at  Test.java line 35" source="/TestJUCAcrossInitializersAndAnonymousClasses/src/test/Test.java.html" line="35" baseImage="annotation.gif" flags="2">
      <result msg="Control flow of constructor test.Test.Test(int)  at  Test.java line 35" source="/TestJUCAcrossInitializersAndAnonymousClasses/src/test/Test.java.html" line="35" baseImage="plus.gif" flags="0" />
      <result msg="Unique return value of call super  at  Test.java line 37" source="/TestJUCAcrossInitializersAndAnonymousClasses/src/test/Test.java.html" line="37" baseImage="plus.gif" flags="2">
        <result msg="1 precondition:" baseImage="choice_item.gif" flags="2">
          <result msg="Unique(return)  on  java.lang.Object.Object()   at  java.lang.Object" baseImage="annotation.gif" flags="2" />
        </result>
      </result>
    </result>
  </result>
  <result msg="Suggestions and warnings (14 issues)" baseImage="info.gif" flags="0">
    <result msg="lock()�unlock() matches (14 issues)" baseImage="info.gif" flags="0">
      <result msg="test (14 issues)" baseImage="package.gif" flags="64">
        <result msg="test.Test (6 issues)" baseImage="class.gif" flags="64">
          <result msg="lock() call has matching unlock() call at line 25  at  Test.java line 21" source="/TestJUCAcrossInitializersAndAnonymousClasses/src/test/Test.java.html" line="21" baseImage="info.gif" flags="0" />
          <result msg="lock() call has matching unlock() call at line 25  at  Test.java line 21" source="/TestJUCAcrossInitializersAndAnonymousClasses/src/test/Test.java.html" line="21" baseImage="info.gif" flags="0" />
          <result msg="lock() call has matching unlock() call at line 45  at  Test.java line 41" source="/TestJUCAcrossInitializersAndAnonymousClasses/src/test/Test.java.html" line="41" baseImage="info.gif" flags="0" />
          <result msg="unlock() call has matching lock() call at line 21  at  Test.java line 25" source="/TestJUCAcrossInitializersAndAnonymousClasses/src/test/Test.java.html" line="25" baseImage="info.gif" flags="0" />
          <result msg="unlock() call has matching lock() call at line 21  at  Test.java line 25" source="/TestJUCAcrossInitializersAndAnonymousClasses/src/test/Test.java.html" line="25" baseImage="info.gif" flags="0" />
          <result msg="unlock() call has matching lock() call at line 41  at  Test.java line 45" source="/TestJUCAcrossInitializersAndAnonymousClasses/src/test/Test.java.html" line="45" baseImage="info.gif" flags="0" />
        </result>
        <result msg="test.Test.ACE #1 (8 issues)" baseImage="class.gif" flags="64">
          <result msg="lock() call has matching unlock() call at line 66  at  Test.java line 62" source="/TestJUCAcrossInitializersAndAnonymousClasses/src/test/Test.java.html" line="62" baseImage="info.gif" flags="0" />
          <result msg="lock() call has matching unlock() call at line 77  at  Test.java line 73" source="/TestJUCAcrossInitializersAndAnonymousClasses/src/test/Test.java.html" line="73" baseImage="info.gif" flags="0" />
          <result msg="lock() call has matching unlock() call at line 88  at  Test.java line 84" source="/TestJUCAcrossInitializersAndAnonymousClasses/src/test/Test.java.html" line="84" baseImage="info.gif" flags="0" />
          <result msg="lock() call has matching unlock() call at line 99  at  Test.java line 95" source="/TestJUCAcrossInitializersAndAnonymousClasses/src/test/Test.java.html" line="95" baseImage="info.gif" flags="0" />
          <result msg="unlock() call has matching lock() call at line 62  at  Test.java line 66" source="/TestJUCAcrossInitializersAndAnonymousClasses/src/test/Test.java.html" line="66" baseImage="info.gif" flags="0" />
          <result msg="unlock() call has matching lock() call at line 73  at  Test.java line 77" source="/TestJUCAcrossInitializersAndAnonymousClasses/src/test/Test.java.html" line="77" baseImage="info.gif" flags="0" />
          <result msg="unlock() call has matching lock() call at line 84  at  Test.java line 88" source="/TestJUCAcrossInitializersAndAnonymousClasses/src/test/Test.java.html" line="88" baseImage="info.gif" flags="0" />
          <result msg="unlock() call has matching lock() call at line 95  at  Test.java line 99" source="/TestJUCAcrossInitializersAndAnonymousClasses/src/test/Test.java.html" line="99" baseImage="info.gif" flags="0" />
        </result>
      </result>
    </result>
  </result>
</root>