<root msg="Assurance Results">
  <result msg="Concurrency (6 issues)" baseImage="tallyho.gif" flags="12" reddots="1">
    <result msg="RegionLock java.lang.Object.MUTEX is this protects WaitQueue  on  Object  at  java.lang.Object" baseImage="promise.gif" flags="26" reddots="1">
      <result msg="5 lock precondition(s)" baseImage="folder.gif" flags="2">
        <result msg="requiresLock RequiresLock MUTEX  on  Object.notify()  at  java.lang.Object" baseImage="promise.gif" flags="2" />
        <result msg="requiresLock RequiresLock MUTEX  on  Object.notifyAll()  at  java.lang.Object" baseImage="promise.gif" flags="2" />
        <result msg="requiresLock RequiresLock MUTEX  on  Object.wait()  at  java.lang.Object" baseImage="promise.gif" flags="2" />
        <result msg="requiresLock RequiresLock MUTEX  on  Object.wait(long)  at  java.lang.Object" baseImage="promise.gif" flags="2" />
        <result msg="requiresLock RequiresLock MUTEX  on  Object.wait(long,int)  at  java.lang.Object" baseImage="promise.gif" flags="2" />
      </result>
      <result msg="region  public  java.lang.Object.WaitQueue on (unknown)  at  java.lang.Object" baseImage="promise.gif" flags="0" />
    </result>
    <result msg="RegionLock test_final_exprs.TestInstanceFieldRefs.InstanceLock is this protects InstanceRegion  on  TestInstanceFieldRefs  at  TestInstanceFieldRefs.java" source="/TestFinalExpressions/src/test_final_exprs/TestInstanceFieldRefs.java.html" line="0" baseImage="promise.gif" flags="4">
      <result msg="8 unprotected field access(es); possible race condition detected" baseImage="folder.gif" flags="4">
        <result msg="test_final_exprs (8 issues)" baseImage="package.gif" flags="4">
          <result msg="test_final_exprs.TestInstanceFieldRefs (8 issues)" baseImage="class.gif" flags="4">
            <result msg="Lock &quot;&lt;p&gt;.InstanceLock&quot; not held when accessing p.protectedField  at  TestInstanceFieldRefs.java line 140" source="/TestFinalExpressions/src/test_final_exprs/TestInstanceFieldRefs.java.html" line="140" baseImage="redx.gif" flags="0">
              <result msg="supporting information: Intrinsic lock &quot;&lt;p.protectedField&gt;.MUTEX&quot; is held  at  TestInstanceFieldRefs.java line 140" source="/TestFinalExpressions/src/test_final_exprs/TestInstanceFieldRefs.java.html" line="140" baseImage="info.gif" flags="0" />
            </result>
            <result msg="Lock &quot;&lt;p&gt;.InstanceLock&quot; not held when accessing p.protectedField  at  TestInstanceFieldRefs.java line 154" source="/TestFinalExpressions/src/test_final_exprs/TestInstanceFieldRefs.java.html" line="154" baseImage="redx.gif" flags="0">
              <result msg="supporting information: Intrinsic lock &quot;&lt;p.protectedField&gt;.MUTEX&quot; is held  at  TestInstanceFieldRefs.java line 154" source="/TestFinalExpressions/src/test_final_exprs/TestInstanceFieldRefs.java.html" line="154" baseImage="info.gif" flags="0" />
            </result>
            <result msg="Lock &quot;&lt;p&gt;.InstanceLock&quot; not held when accessing p.protectedField  at  TestInstanceFieldRefs.java line 245" source="/TestFinalExpressions/src/test_final_exprs/TestInstanceFieldRefs.java.html" line="245" baseImage="redx.gif" flags="0" />
            <result msg="Lock &quot;&lt;p&gt;.InstanceLock&quot; not held when accessing p.protectedField  at  TestInstanceFieldRefs.java line 258" source="/TestFinalExpressions/src/test_final_exprs/TestInstanceFieldRefs.java.html" line="258" baseImage="redx.gif" flags="0" />
            <result msg="Lock &quot;&lt;this;&gt;.InstanceLock&quot; not held when accessing this.protectedField  at  TestInstanceFieldRefs.java line 116" source="/TestFinalExpressions/src/test_final_exprs/TestInstanceFieldRefs.java.html" line="116" baseImage="redx.gif" flags="0">
              <result msg="supporting information: Intrinsic lock &quot;&lt;this.protectedField&gt;.MUTEX&quot; is held  at  TestInstanceFieldRefs.java line 116" source="/TestFinalExpressions/src/test_final_exprs/TestInstanceFieldRefs.java.html" line="116" baseImage="info.gif" flags="0" />
            </result>
            <result msg="Lock &quot;&lt;this;&gt;.InstanceLock&quot; not held when accessing this.protectedField  at  TestInstanceFieldRefs.java line 128" source="/TestFinalExpressions/src/test_final_exprs/TestInstanceFieldRefs.java.html" line="128" baseImage="redx.gif" flags="0">
              <result msg="supporting information: Intrinsic lock &quot;&lt;this.protectedField&gt;.MUTEX&quot; is held  at  TestInstanceFieldRefs.java line 128" source="/TestFinalExpressions/src/test_final_exprs/TestInstanceFieldRefs.java.html" line="128" baseImage="info.gif" flags="0" />
            </result>
            <result msg="Lock &quot;&lt;this;&gt;.InstanceLock&quot; not held when accessing this.protectedField  at  TestInstanceFieldRefs.java line 223" source="/TestFinalExpressions/src/test_final_exprs/TestInstanceFieldRefs.java.html" line="223" baseImage="redx.gif" flags="0" />
            <result msg="Lock &quot;&lt;this;&gt;.InstanceLock&quot; not held when accessing this.protectedField  at  TestInstanceFieldRefs.java line 234" source="/TestFinalExpressions/src/test_final_exprs/TestInstanceFieldRefs.java.html" line="234" baseImage="redx.gif" flags="0" />
          </result>
        </result>
      </result>
      <result msg="9 protected field access(es)" baseImage="folder.gif" flags="2">
        <result msg="test_final_exprs (9 issues)" baseImage="package.gif" flags="2">
          <result msg="test_final_exprs.TestInstanceFieldRefs (9 issues)" baseImage="class.gif" flags="2">
            <result msg="Lock &quot;&lt;p&gt;.InstanceLock&quot; held when accessing p.protectedField  at  TestInstanceFieldRefs.java line 193" source="/TestFinalExpressions/src/test_final_exprs/TestInstanceFieldRefs.java.html" line="193" baseImage="plus.gif" flags="0">
              <result msg="supporting information:" baseImage="folder.gif" flags="0">
                <result msg="Intrinsic lock &quot;&lt;p.protectedField&gt;.MUTEX&quot; is held  at  TestInstanceFieldRefs.java line 193" source="/TestFinalExpressions/src/test_final_exprs/TestInstanceFieldRefs.java.html" line="193" baseImage="info.gif" flags="0" />
                <result msg="Intrinsic lock &quot;&lt;p&gt;.InstanceLock&quot; is held  at  TestInstanceFieldRefs.java line 187" source="/TestFinalExpressions/src/test_final_exprs/TestInstanceFieldRefs.java.html" line="187" baseImage="info.gif" flags="0" />
                <result msg="Intrinsic lock &quot;&lt;p&gt;.MUTEX&quot; is held  at  TestInstanceFieldRefs.java line 187" source="/TestFinalExpressions/src/test_final_exprs/TestInstanceFieldRefs.java.html" line="187" baseImage="info.gif" flags="0" />
              </result>
            </result>
            <result msg="Lock &quot;&lt;p&gt;.InstanceLock&quot; held when accessing p.protectedField  at  TestInstanceFieldRefs.java line 209" source="/TestFinalExpressions/src/test_final_exprs/TestInstanceFieldRefs.java.html" line="209" baseImage="plus.gif" flags="0">
              <result msg="supporting information:" baseImage="folder.gif" flags="0">
                <result msg="Intrinsic lock &quot;&lt;p.protectedField&gt;.MUTEX&quot; is held  at  TestInstanceFieldRefs.java line 209" source="/TestFinalExpressions/src/test_final_exprs/TestInstanceFieldRefs.java.html" line="209" baseImage="info.gif" flags="0" />
                <result msg="Intrinsic lock &quot;&lt;p&gt;.InstanceLock&quot; is held  at  TestInstanceFieldRefs.java line 201" source="/TestFinalExpressions/src/test_final_exprs/TestInstanceFieldRefs.java.html" line="201" baseImage="info.gif" flags="0" />
                <result msg="Intrinsic lock &quot;&lt;p&gt;.MUTEX&quot; is held  at  TestInstanceFieldRefs.java line 201" source="/TestFinalExpressions/src/test_final_exprs/TestInstanceFieldRefs.java.html" line="201" baseImage="info.gif" flags="0" />
              </result>
            </result>
            <result msg="Lock &quot;&lt;p&gt;.InstanceLock&quot; held when accessing p.protectedField  at  TestInstanceFieldRefs.java line 294" source="/TestFinalExpressions/src/test_final_exprs/TestInstanceFieldRefs.java.html" line="294" baseImage="plus.gif" flags="0">
              <result msg="supporting information:" baseImage="folder.gif" flags="0">
                <result msg="Intrinsic lock &quot;&lt;p&gt;.InstanceLock&quot; is held  at  TestInstanceFieldRefs.java line 289" source="/TestFinalExpressions/src/test_final_exprs/TestInstanceFieldRefs.java.html" line="289" baseImage="info.gif" flags="0" />
                <result msg="Intrinsic lock &quot;&lt;p&gt;.MUTEX&quot; is held  at  TestInstanceFieldRefs.java line 289" source="/TestFinalExpressions/src/test_final_exprs/TestInstanceFieldRefs.java.html" line="289" baseImage="info.gif" flags="0" />
              </result>
            </result>
            <result msg="Lock &quot;&lt;p&gt;.InstanceLock&quot; held when accessing p.protectedField  at  TestInstanceFieldRefs.java line 309" source="/TestFinalExpressions/src/test_final_exprs/TestInstanceFieldRefs.java.html" line="309" baseImage="plus.gif" flags="0">
              <result msg="supporting information:" baseImage="folder.gif" flags="0">
                <result msg="Intrinsic lock &quot;&lt;p&gt;.InstanceLock&quot; is held  at  TestInstanceFieldRefs.java line 302" source="/TestFinalExpressions/src/test_final_exprs/TestInstanceFieldRefs.java.html" line="302" baseImage="info.gif" flags="0" />
                <result msg="Intrinsic lock &quot;&lt;p&gt;.MUTEX&quot; is held  at  TestInstanceFieldRefs.java line 302" source="/TestFinalExpressions/src/test_final_exprs/TestInstanceFieldRefs.java.html" line="302" baseImage="info.gif" flags="0" />
              </result>
            </result>
            <result msg="Lock &quot;&lt;this;&gt;.InstanceLock&quot; held when accessing protectedField = new java.lang.Object  at  TestInstanceFieldRefs.java line 22" source="/TestFinalExpressions/src/test_final_exprs/TestInstanceFieldRefs.java.html" line="22" baseImage="plus.gif" flags="2">
              <result msg="1 precondition:" baseImage="choice_item.gif" flags="2">
                <result msg="singleThreaded  on  TestInstanceFieldRefs.TestInstanceFieldRefs()  at  TestInstanceFieldRefs.java" source="/TestFinalExpressions/src/test_final_exprs/TestInstanceFieldRefs.java.html" line="0" baseImage="promise.gif" flags="2">
                  <result msg="singleThreaded constructor supported  at  TestInstanceFieldRefs.java line 25" source="/TestFinalExpressions/src/test_final_exprs/TestInstanceFieldRefs.java.html" line="25" baseImage="plus.gif" flags="2">
                    <result msg="1 precondition choice(s):" baseImage="choice.gif" flags="2">
                      <result msg="by borrowed receiver:" baseImage="choice_item.gif" flags="2">
                        <result msg="borrowed this on TestInstanceFieldRefs.TestInstanceFieldRefs()" baseImage="promise.gif" flags="2">
                          <result msg="Borrowed parameters of call &quot;super&quot;  at  TestInstanceFieldRefs.java" source="/TestFinalExpressions/src/test_final_exprs/TestInstanceFieldRefs.java.html" line="0" baseImage="plus.gif" flags="2">
                            <result msg="1 precondition:" baseImage="choice_item.gif" flags="2">
                              <result msg="borrowed this on Object.Object()" baseImage="promise.gif" flags="2" />
                            </result>
                          </result>
                          <result msg="Conservative dependency  at  TestInstanceFieldRefs.java line 25" source="/TestFinalExpressions/src/test_final_exprs/TestInstanceFieldRefs.java.html" line="25" baseImage="plus.gif" flags="2">
                            <result msg="1 precondition:" baseImage="choice_item.gif" flags="2">
                              <result msg="Other control flow for TestInstanceFieldRefs.TestInstanceFieldRefs()  at  TestInstanceFieldRefs.java line 25" source="/TestFinalExpressions/src/test_final_exprs/TestInstanceFieldRefs.java.html" line="25" baseImage="promise.gif" flags="2">
                                <result msg="Method body respects uniqueness constraints  at  TestInstanceFieldRefs.java line 27" source="/TestFinalExpressions/src/test_final_exprs/TestInstanceFieldRefs.java.html" line="27" baseImage="plus.gif" flags="0" />
                              </result>
                            </result>
                          </result>
                        </result>
                      </result>
                    </result>
                  </result>
                </result>
              </result>
              <result msg="supporting information:" baseImage="folder.gif" flags="0">
                <result msg="Analyzed on behalf of constructor &quot;TestInstanceFieldRefs.TestInstanceFieldRefs()&quot;  at  TestInstanceFieldRefs.java line 25" source="/TestFinalExpressions/src/test_final_exprs/TestInstanceFieldRefs.java.html" line="25" baseImage="info.gif" flags="0" />
                <result msg="Intrinsic lock &quot;&lt;this;&gt;.InstanceLock&quot; is held  at  TestInstanceFieldRefs.java line 25" source="/TestFinalExpressions/src/test_final_exprs/TestInstanceFieldRefs.java.html" line="25" baseImage="info.gif" flags="0" />
              </result>
            </result>
            <result msg="Lock &quot;&lt;this;&gt;.InstanceLock&quot; held when accessing this.protectedField  at  TestInstanceFieldRefs.java line 168" source="/TestFinalExpressions/src/test_final_exprs/TestInstanceFieldRefs.java.html" line="168" baseImage="plus.gif" flags="0">
              <result msg="supporting information:" baseImage="folder.gif" flags="0">
                <result msg="Intrinsic lock &quot;&lt;this.protectedField&gt;.MUTEX&quot; is held  at  TestInstanceFieldRefs.java line 168" source="/TestFinalExpressions/src/test_final_exprs/TestInstanceFieldRefs.java.html" line="168" baseImage="info.gif" flags="0" />
                <result msg="Intrinsic lock &quot;&lt;this;&gt;.InstanceLock&quot; is held  at  TestInstanceFieldRefs.java line 162" source="/TestFinalExpressions/src/test_final_exprs/TestInstanceFieldRefs.java.html" line="162" baseImage="info.gif" flags="0" />
                <result msg="Intrinsic lock &quot;&lt;this;&gt;.MUTEX&quot; is held  at  TestInstanceFieldRefs.java line 162" source="/TestFinalExpressions/src/test_final_exprs/TestInstanceFieldRefs.java.html" line="162" baseImage="info.gif" flags="0" />
              </result>
            </result>
            <result msg="Lock &quot;&lt;this;&gt;.InstanceLock&quot; held when accessing this.protectedField  at  TestInstanceFieldRefs.java line 180" source="/TestFinalExpressions/src/test_final_exprs/TestInstanceFieldRefs.java.html" line="180" baseImage="plus.gif" flags="0">
              <result msg="supporting information:" baseImage="folder.gif" flags="0">
                <result msg="Intrinsic lock &quot;&lt;this.protectedField&gt;.MUTEX&quot; is held  at  TestInstanceFieldRefs.java line 180" source="/TestFinalExpressions/src/test_final_exprs/TestInstanceFieldRefs.java.html" line="180" baseImage="info.gif" flags="0" />
                <result msg="Intrinsic lock &quot;&lt;this;&gt;.InstanceLock&quot; is held  at  TestInstanceFieldRefs.java line 174" source="/TestFinalExpressions/src/test_final_exprs/TestInstanceFieldRefs.java.html" line="174" baseImage="info.gif" flags="0" />
                <result msg="Intrinsic lock &quot;&lt;this;&gt;.MUTEX&quot; is held  at  TestInstanceFieldRefs.java line 174" source="/TestFinalExpressions/src/test_final_exprs/TestInstanceFieldRefs.java.html" line="174" baseImage="info.gif" flags="0" />
              </result>
            </result>
            <result msg="Lock &quot;&lt;this;&gt;.InstanceLock&quot; held when accessing this.protectedField  at  TestInstanceFieldRefs.java line 271" source="/TestFinalExpressions/src/test_final_exprs/TestInstanceFieldRefs.java.html" line="271" baseImage="plus.gif" flags="0">
              <result msg="supporting information:" baseImage="folder.gif" flags="0">
                <result msg="Intrinsic lock &quot;&lt;this;&gt;.InstanceLock&quot; is held  at  TestInstanceFieldRefs.java line 266" source="/TestFinalExpressions/src/test_final_exprs/TestInstanceFieldRefs.java.html" line="266" baseImage="info.gif" flags="0" />
                <result msg="Intrinsic lock &quot;&lt;this;&gt;.MUTEX&quot; is held  at  TestInstanceFieldRefs.java line 266" source="/TestFinalExpressions/src/test_final_exprs/TestInstanceFieldRefs.java.html" line="266" baseImage="info.gif" flags="0" />
              </result>
            </result>
            <result msg="Lock &quot;&lt;this;&gt;.InstanceLock&quot; held when accessing this.protectedField  at  TestInstanceFieldRefs.java line 282" source="/TestFinalExpressions/src/test_final_exprs/TestInstanceFieldRefs.java.html" line="282" baseImage="plus.gif" flags="0">
              <result msg="supporting information:" baseImage="folder.gif" flags="0">
                <result msg="Intrinsic lock &quot;&lt;this;&gt;.InstanceLock&quot; is held  at  TestInstanceFieldRefs.java line 277" source="/TestFinalExpressions/src/test_final_exprs/TestInstanceFieldRefs.java.html" line="277" baseImage="info.gif" flags="0" />
                <result msg="Intrinsic lock &quot;&lt;this;&gt;.MUTEX&quot; is held  at  TestInstanceFieldRefs.java line 277" source="/TestFinalExpressions/src/test_final_exprs/TestInstanceFieldRefs.java.html" line="277" baseImage="info.gif" flags="0" />
              </result>
            </result>
          </result>
        </result>
      </result>
      <result msg="region   test_final_exprs.TestInstanceFieldRefs.InstanceRegion on (unknown)  at  TestInstanceFieldRefs.java" source="/TestFinalExpressions/src/test_final_exprs/TestInstanceFieldRefs.java.html" line="0" baseImage="promise.gif" flags="0">
        <result msg="InRegion InstanceRegion on protectedField  at  TestInstanceFieldRefs.java" source="/TestFinalExpressions/src/test_final_exprs/TestInstanceFieldRefs.java.html" line="0" baseImage="promise.gif" flags="0" />
      </result>
    </result>
    <result msg="RegionLock test_final_exprs.TestStaticFieldRefs.StaticLock is ImplicitClassLockExpression
 protects StaticRegion  on  TestStaticFieldRefs  at  TestStaticFieldRefs.java" source="/TestFinalExpressions/src/test_final_exprs/TestStaticFieldRefs.java.html" line="0" baseImage="promise.gif" flags="4">
      <result msg="3 unprotected field access(es); possible race condition detected" baseImage="folder.gif" flags="4">
        <result msg="test_final_exprs (3 issues)" baseImage="package.gif" flags="4">
          <result msg="test_final_exprs.TestStaticFieldRefs (3 issues)" baseImage="class.gif" flags="4">
            <result msg="Lock &quot;StaticLock&quot; not held when accessing test_final_exprs.TestStaticFieldRefs.staticProtectedField  at  TestStaticFieldRefs.java line 39" source="/TestFinalExpressions/src/test_final_exprs/TestStaticFieldRefs.java.html" line="39" baseImage="redx.gif" flags="0">
              <result msg="supporting information: Intrinsic lock &quot;&lt;test_final_exprs.TestStaticFieldRefs.staticProtectedField&gt;.MUTEX&quot; is held  at  TestStaticFieldRefs.java line 39" source="/TestFinalExpressions/src/test_final_exprs/TestStaticFieldRefs.java.html" line="39" baseImage="info.gif" flags="0" />
            </result>
            <result msg="Lock &quot;StaticLock&quot; not held when accessing test_final_exprs.TestStaticFieldRefs.staticProtectedField  at  TestStaticFieldRefs.java line 58" source="/TestFinalExpressions/src/test_final_exprs/TestStaticFieldRefs.java.html" line="58" baseImage="redx.gif" flags="0" />
            <result msg="Lock &quot;StaticLock&quot; not held when accessing test_final_exprs.TestStaticFieldRefs.staticProtectedField  at  TestStaticFieldRefs.java line 60" source="/TestFinalExpressions/src/test_final_exprs/TestStaticFieldRefs.java.html" line="60" baseImage="redx.gif" flags="0" />
          </result>
        </result>
      </result>
      <result msg="4 protected field access(es)" baseImage="folder.gif" flags="2">
        <result msg="test_final_exprs (4 issues)" baseImage="package.gif" flags="2">
          <result msg="test_final_exprs.TestStaticFieldRefs (4 issues)" baseImage="class.gif" flags="2">
            <result msg="Lock &quot;StaticLock&quot; held when accessing staticProtectedField = new java.lang.Object  at  TestStaticFieldRefs.java line 18" source="/TestFinalExpressions/src/test_final_exprs/TestStaticFieldRefs.java.html" line="18" baseImage="plus.gif" flags="0">
              <result msg="supporting information: Intrinsic lock &quot;StaticLock&quot; is held  at  TestStaticFieldRefs.java line 18" source="/TestFinalExpressions/src/test_final_exprs/TestStaticFieldRefs.java.html" line="18" baseImage="info.gif" flags="0" />
            </result>
            <result msg="Lock &quot;StaticLock&quot; held when accessing test_final_exprs.TestStaticFieldRefs.staticProtectedField  at  TestStaticFieldRefs.java line 49" source="/TestFinalExpressions/src/test_final_exprs/TestStaticFieldRefs.java.html" line="49" baseImage="plus.gif" flags="0">
              <result msg="supporting information:" baseImage="folder.gif" flags="0">
                <result msg="Intrinsic lock &quot;&lt;test_final_exprs.TestStaticFieldRefs . class&gt;.MUTEX&quot; is held  at  TestStaticFieldRefs.java line 45" source="/TestFinalExpressions/src/test_final_exprs/TestStaticFieldRefs.java.html" line="45" baseImage="info.gif" flags="0" />
                <result msg="Intrinsic lock &quot;&lt;test_final_exprs.TestStaticFieldRefs.staticProtectedField&gt;.MUTEX&quot; is held  at  TestStaticFieldRefs.java line 49" source="/TestFinalExpressions/src/test_final_exprs/TestStaticFieldRefs.java.html" line="49" baseImage="info.gif" flags="0" />
                <result msg="Intrinsic lock &quot;StaticLock&quot; is held  at  TestStaticFieldRefs.java line 45" source="/TestFinalExpressions/src/test_final_exprs/TestStaticFieldRefs.java.html" line="45" baseImage="info.gif" flags="0" />
              </result>
            </result>
            <result msg="Lock &quot;StaticLock&quot; held when accessing test_final_exprs.TestStaticFieldRefs.staticProtectedField  at  TestStaticFieldRefs.java line 68" source="/TestFinalExpressions/src/test_final_exprs/TestStaticFieldRefs.java.html" line="68" baseImage="plus.gif" flags="0">
              <result msg="supporting information:" baseImage="folder.gif" flags="0">
                <result msg="Intrinsic lock &quot;&lt;test_final_exprs.TestStaticFieldRefs . class&gt;.MUTEX&quot; is held  at  TestStaticFieldRefs.java line 65" source="/TestFinalExpressions/src/test_final_exprs/TestStaticFieldRefs.java.html" line="65" baseImage="info.gif" flags="0" />
                <result msg="Intrinsic lock &quot;StaticLock&quot; is held  at  TestStaticFieldRefs.java line 65" source="/TestFinalExpressions/src/test_final_exprs/TestStaticFieldRefs.java.html" line="65" baseImage="info.gif" flags="0" />
              </result>
            </result>
            <result msg="Lock &quot;StaticLock&quot; held when accessing test_final_exprs.TestStaticFieldRefs.staticProtectedField  at  TestStaticFieldRefs.java line 70" source="/TestFinalExpressions/src/test_final_exprs/TestStaticFieldRefs.java.html" line="70" baseImage="plus.gif" flags="0">
              <result msg="supporting information:" baseImage="folder.gif" flags="0">
                <result msg="Intrinsic lock &quot;&lt;test_final_exprs.TestStaticFieldRefs . class&gt;.MUTEX&quot; is held  at  TestStaticFieldRefs.java line 65" source="/TestFinalExpressions/src/test_final_exprs/TestStaticFieldRefs.java.html" line="65" baseImage="info.gif" flags="0" />
                <result msg="Intrinsic lock &quot;StaticLock&quot; is held  at  TestStaticFieldRefs.java line 65" source="/TestFinalExpressions/src/test_final_exprs/TestStaticFieldRefs.java.html" line="65" baseImage="info.gif" flags="0" />
              </result>
            </result>
          </result>
        </result>
      </result>
      <result msg="region   test_final_exprs.TestStaticFieldRefs.StaticRegion on (unknown)  at  TestStaticFieldRefs.java" source="/TestFinalExpressions/src/test_final_exprs/TestStaticFieldRefs.java.html" line="0" baseImage="promise.gif" flags="0">
        <result msg="InRegion StaticRegion on staticProtectedField  at  TestStaticFieldRefs.java" source="/TestFinalExpressions/src/test_final_exprs/TestStaticFieldRefs.java.html" line="0" baseImage="promise.gif" flags="0" />
      </result>
    </result>
    <result msg="policy lock test_final_exprs.TestMethodCall.LL is this  on TestMethodCall  at  TestMethodCall.java" source="/TestFinalExpressions/src/test_final_exprs/TestMethodCall.java.html" line="0" baseImage="promise.gif" flags="2">
      <result msg="returnsLock LL  on  TestMethodCall.instanceMethod_returnsLock()" baseImage="promise.gif" flags="2">
        <result msg="1 return statement(s) returning the correct lock" baseImage="folder.gif" flags="2">
          <result msg="test_final_exprs (1 issue)" baseImage="package.gif" flags="2">
            <result msg="test_final_exprs.TestMethodCall (1 issue)" baseImage="class.gif" flags="2">
              <result msg="Return statement correctly returns lock &quot;&lt;this;&gt;.LL&quot;  at  TestMethodCall.java line 48" source="/TestFinalExpressions/src/test_final_exprs/TestMethodCall.java.html" line="48" baseImage="plus.gif" flags="0" />
            </result>
          </result>
        </result>
      </result>
    </result>
    <result msg="policy lock test_final_exprs.TestMethodCall.PL is ImplicitClassLockExpression
  on TestMethodCall  at  TestMethodCall.java" source="/TestFinalExpressions/src/test_final_exprs/TestMethodCall.java.html" line="0" baseImage="promise.gif" flags="2">
      <result msg="returnsLock PL  on  TestMethodCall.staticMethod_returnsLock()" baseImage="promise.gif" flags="2">
        <result msg="1 return statement(s) returning the correct lock" baseImage="folder.gif" flags="2">
          <result msg="test_final_exprs (1 issue)" baseImage="package.gif" flags="2">
            <result msg="test_final_exprs.TestMethodCall (1 issue)" baseImage="class.gif" flags="2">
              <result msg="Return statement correctly returns lock &quot;PL&quot;  at  TestMethodCall.java line 32" source="/TestFinalExpressions/src/test_final_exprs/TestMethodCall.java.html" line="32" baseImage="plus.gif" flags="0" />
            </result>
          </result>
        </result>
      </result>
    </result>
    <result msg="singleThreaded  on  TestInstanceFieldRefs.TestInstanceFieldRefs()  at  TestInstanceFieldRefs.java" source="/TestFinalExpressions/src/test_final_exprs/TestInstanceFieldRefs.java.html" line="0" baseImage="promise.gif" flags="2">
      <result msg="singleThreaded constructor supported  at  TestInstanceFieldRefs.java line 25" source="/TestFinalExpressions/src/test_final_exprs/TestInstanceFieldRefs.java.html" line="25" baseImage="plus.gif" flags="2">
        <result msg="1 precondition choice(s):" baseImage="choice.gif" flags="2">
          <result msg="by borrowed receiver:" baseImage="choice_item.gif" flags="2">
            <result msg="borrowed this on TestInstanceFieldRefs.TestInstanceFieldRefs()" baseImage="promise.gif" flags="2">
              <result msg="Borrowed parameters of call &quot;super&quot;  at  TestInstanceFieldRefs.java" source="/TestFinalExpressions/src/test_final_exprs/TestInstanceFieldRefs.java.html" line="0" baseImage="plus.gif" flags="2">
                <result msg="1 precondition:" baseImage="choice_item.gif" flags="2">
                  <result msg="borrowed this on Object.Object()" baseImage="promise.gif" flags="2" />
                </result>
              </result>
              <result msg="Conservative dependency  at  TestInstanceFieldRefs.java line 25" source="/TestFinalExpressions/src/test_final_exprs/TestInstanceFieldRefs.java.html" line="25" baseImage="plus.gif" flags="2">
                <result msg="1 precondition:" baseImage="choice_item.gif" flags="2">
                  <result msg="Other control flow for TestInstanceFieldRefs.TestInstanceFieldRefs()  at  TestInstanceFieldRefs.java line 25" source="/TestFinalExpressions/src/test_final_exprs/TestInstanceFieldRefs.java.html" line="25" baseImage="promise.gif" flags="2">
                    <result msg="Method body respects uniqueness constraints  at  TestInstanceFieldRefs.java line 27" source="/TestFinalExpressions/src/test_final_exprs/TestInstanceFieldRefs.java.html" line="27" baseImage="plus.gif" flags="0" />
                  </result>
                </result>
              </result>
            </result>
          </result>
        </result>
      </result>
    </result>
  </result>
  <result msg="Effects (3 issues)" baseImage="tallyho.gif" flags="2">
    <result msg="Reads this:Instance  on  TestInstanceFieldRefs.readInstance()  at  TestInstanceFieldRefs.java" source="/TestFinalExpressions/src/test_final_exprs/TestInstanceFieldRefs.java.html" line="0" baseImage="promise.gif" flags="2">
      <result msg="Empty effects trivially satisfy declared effects  at  TestInstanceFieldRefs.java line 318" source="/TestFinalExpressions/src/test_final_exprs/TestInstanceFieldRefs.java.html" line="318" baseImage="plus.gif" flags="0" />
    </result>
    <result msg="Reads this:staticProtectedField  on  TestStaticFieldRefs.readField_staticProtectedField()  at  TestStaticFieldRefs.java" source="/TestFinalExpressions/src/test_final_exprs/TestStaticFieldRefs.java.html" line="0" baseImage="promise.gif" flags="2">
      <result msg="Empty effects trivially satisfy declared effects  at  TestStaticFieldRefs.java line 77" source="/TestFinalExpressions/src/test_final_exprs/TestStaticFieldRefs.java.html" line="77" baseImage="plus.gif" flags="0" />
    </result>
    <result msg="Writes this:Instance  on  TestInstanceFieldRefs.writeInstance()  at  TestInstanceFieldRefs.java line 323" source="/TestFinalExpressions/src/test_final_exprs/TestInstanceFieldRefs.java.html" line="323" baseImage="promise.gif" flags="2">
      <result msg="Empty effects trivially satisfy declared effects  at  TestInstanceFieldRefs.java line 323" source="/TestFinalExpressions/src/test_final_exprs/TestInstanceFieldRefs.java.html" line="323" baseImage="plus.gif" flags="0" />
    </result>
  </result>
  <result msg="Regions (2 issues)" baseImage="tallyho.gif" flags="2">
    <result msg="region   [] on (unknown)" baseImage="promise.gif" flags="0" />
    <result msg="region test_final_exprs.TestStaticFieldRefs..staticProtectedField  at  TestStaticFieldRefs.java line 18" source="/TestFinalExpressions/src/test_final_exprs/TestStaticFieldRefs.java.html" line="18" baseImage="promise.gif" flags="0" />
  </result>
  <result msg="Uniqueness (2 issues)" baseImage="tallyho.gif" flags="2">
    <result msg="Other control flow for TestInstanceFieldRefs.TestInstanceFieldRefs()  at  TestInstanceFieldRefs.java line 25" source="/TestFinalExpressions/src/test_final_exprs/TestInstanceFieldRefs.java.html" line="25" baseImage="promise.gif" flags="2">
      <result msg="Method body respects uniqueness constraints  at  TestInstanceFieldRefs.java line 27" source="/TestFinalExpressions/src/test_final_exprs/TestInstanceFieldRefs.java.html" line="27" baseImage="plus.gif" flags="0" />
    </result>
    <result msg="borrowed this on TestInstanceFieldRefs.TestInstanceFieldRefs()" baseImage="promise.gif" flags="2">
      <result msg="Borrowed parameters of call &quot;super&quot;  at  TestInstanceFieldRefs.java" source="/TestFinalExpressions/src/test_final_exprs/TestInstanceFieldRefs.java.html" line="0" baseImage="plus.gif" flags="2">
        <result msg="1 precondition:" baseImage="choice_item.gif" flags="2">
          <result msg="borrowed this on Object.Object()" baseImage="promise.gif" flags="2" />
        </result>
      </result>
      <result msg="Conservative dependency  at  TestInstanceFieldRefs.java line 25" source="/TestFinalExpressions/src/test_final_exprs/TestInstanceFieldRefs.java.html" line="25" baseImage="plus.gif" flags="2">
        <result msg="1 precondition:" baseImage="choice_item.gif" flags="2">
          <result msg="Other control flow for TestInstanceFieldRefs.TestInstanceFieldRefs()  at  TestInstanceFieldRefs.java line 25" source="/TestFinalExpressions/src/test_final_exprs/TestInstanceFieldRefs.java.html" line="25" baseImage="promise.gif" flags="2">
            <result msg="Method body respects uniqueness constraints  at  TestInstanceFieldRefs.java line 27" source="/TestFinalExpressions/src/test_final_exprs/TestInstanceFieldRefs.java.html" line="27" baseImage="plus.gif" flags="0" />
          </result>
        </result>
      </result>
    </result>
  </result>
  <result msg="Suggestions and warnings (54 issues)" baseImage="warning.gif" flags="128">
    <result msg="2 synchronized block(s) not protecting any state; what state is being protected?" baseImage="warning.gif" flags="128">
      <result msg="test_final_exprs (2 issues)" baseImage="package.gif" flags="128">
        <result msg="test_final_exprs.TestMethodCall (2 issues)" baseImage="class.gif" flags="128">
          <result msg="Locks [&lt;t&gt;.LL] not needed by body of synchronized block  at  TestMethodCall.java line 110" source="/TestFinalExpressions/src/test_final_exprs/TestMethodCall.java.html" line="110" baseImage="warning.gif" flags="128" />
          <result msg="Locks [PL] not needed by body of synchronized block  at  TestMethodCall.java line 63" source="/TestFinalExpressions/src/test_final_exprs/TestMethodCall.java.html" line="63" baseImage="warning.gif" flags="128" />
        </result>
      </result>
    </result>
    <result msg="24 non-final lock expression(s); analysis cannot determine which lock is being acquired" baseImage="warning.gif" flags="128">
      <result msg="test_final_exprs (24 issues)" baseImage="package.gif" flags="128">
        <result msg="test_final_exprs.TestArrayRefs (3 issues)" baseImage="class.gif" flags="128">
          <result msg="Lock expression &quot;array [ idx ]&quot; is not final  at  TestArrayRefs.java line 112" source="/TestFinalExpressions/src/test_final_exprs/TestArrayRefs.java.html" line="112" baseImage="warning.gif" flags="128" />
          <result msg="Lock expression &quot;array [ idx ]&quot; is not final  at  TestArrayRefs.java line 82" source="/TestFinalExpressions/src/test_final_exprs/TestArrayRefs.java.html" line="82" baseImage="warning.gif" flags="128" />
          <result msg="Lock expression &quot;array [ idx ]&quot; is not final  at  TestArrayRefs.java line 97" source="/TestFinalExpressions/src/test_final_exprs/TestArrayRefs.java.html" line="97" baseImage="warning.gif" flags="128" />
        </result>
        <result msg="test_final_exprs.TestInstanceFieldRefs (12 issues)" baseImage="class.gif" flags="128">
          <result msg="Lock expression &quot;p.protectedField&quot; is not final  at  TestInstanceFieldRefs.java line 245" source="/TestFinalExpressions/src/test_final_exprs/TestInstanceFieldRefs.java.html" line="245" baseImage="warning.gif" flags="128" />
          <result msg="Lock expression &quot;p.protectedField&quot; is not final  at  TestInstanceFieldRefs.java line 258" source="/TestFinalExpressions/src/test_final_exprs/TestInstanceFieldRefs.java.html" line="258" baseImage="warning.gif" flags="128" />
          <result msg="Lock expression &quot;p.protectedField&quot; is not final  at  TestInstanceFieldRefs.java line 294" source="/TestFinalExpressions/src/test_final_exprs/TestInstanceFieldRefs.java.html" line="294" baseImage="warning.gif" flags="128" />
          <result msg="Lock expression &quot;p.protectedField&quot; is not final  at  TestInstanceFieldRefs.java line 309" source="/TestFinalExpressions/src/test_final_exprs/TestInstanceFieldRefs.java.html" line="309" baseImage="warning.gif" flags="128" />
          <result msg="Lock expression &quot;p.unprotectedField&quot; is not final  at  TestInstanceFieldRefs.java line 103" source="/TestFinalExpressions/src/test_final_exprs/TestInstanceFieldRefs.java.html" line="103" baseImage="warning.gif" flags="128" />
          <result msg="Lock expression &quot;p.unprotectedField&quot; is not final  at  TestInstanceFieldRefs.java line 92" source="/TestFinalExpressions/src/test_final_exprs/TestInstanceFieldRefs.java.html" line="92" baseImage="warning.gif" flags="128" />
          <result msg="Lock expression &quot;this.protectedField&quot; is not final  at  TestInstanceFieldRefs.java line 223" source="/TestFinalExpressions/src/test_final_exprs/TestInstanceFieldRefs.java.html" line="223" baseImage="warning.gif" flags="128" />
          <result msg="Lock expression &quot;this.protectedField&quot; is not final  at  TestInstanceFieldRefs.java line 234" source="/TestFinalExpressions/src/test_final_exprs/TestInstanceFieldRefs.java.html" line="234" baseImage="warning.gif" flags="128" />
          <result msg="Lock expression &quot;this.protectedField&quot; is not final  at  TestInstanceFieldRefs.java line 271" source="/TestFinalExpressions/src/test_final_exprs/TestInstanceFieldRefs.java.html" line="271" baseImage="warning.gif" flags="128" />
          <result msg="Lock expression &quot;this.protectedField&quot; is not final  at  TestInstanceFieldRefs.java line 282" source="/TestFinalExpressions/src/test_final_exprs/TestInstanceFieldRefs.java.html" line="282" baseImage="warning.gif" flags="128" />
          <result msg="Lock expression &quot;this.unprotectedField&quot; is not final  at  TestInstanceFieldRefs.java line 74" source="/TestFinalExpressions/src/test_final_exprs/TestInstanceFieldRefs.java.html" line="74" baseImage="warning.gif" flags="128" />
          <result msg="Lock expression &quot;this.unprotectedField&quot; is not final  at  TestInstanceFieldRefs.java line 83" source="/TestFinalExpressions/src/test_final_exprs/TestInstanceFieldRefs.java.html" line="83" baseImage="warning.gif" flags="128" />
        </result>
        <result msg="test_final_exprs.TestLocalVars (2 issues)" baseImage="class.gif" flags="128">
          <result msg="Lock expression &quot;o&quot; is not final  at  TestLocalVars.java line 63" source="/TestFinalExpressions/src/test_final_exprs/TestLocalVars.java.html" line="63" baseImage="warning.gif" flags="128" />
          <result msg="Lock expression &quot;p&quot; is not final  at  TestLocalVars.java line 53" source="/TestFinalExpressions/src/test_final_exprs/TestLocalVars.java.html" line="53" baseImage="warning.gif" flags="128" />
        </result>
        <result msg="test_final_exprs.TestMethodCall (4 issues)" baseImage="class.gif" flags="128">
          <result msg="Lock expression &quot;t.instanceMethod_noReturnsLock&quot; is not final  at  TestMethodCall.java line 75" source="/TestFinalExpressions/src/test_final_exprs/TestMethodCall.java.html" line="75" baseImage="warning.gif" flags="128" />
          <result msg="Lock expression &quot;t.instanceMethod_noReturnsLock&quot; is not final  at  TestMethodCall.java line 99" source="/TestFinalExpressions/src/test_final_exprs/TestMethodCall.java.html" line="99" baseImage="warning.gif" flags="128" />
          <result msg="Lock expression &quot;t.instanceMethod_returnsLock&quot; is not final  at  TestMethodCall.java line 86" source="/TestFinalExpressions/src/test_final_exprs/TestMethodCall.java.html" line="86" baseImage="warning.gif" flags="128" />
          <result msg="Lock expression &quot;this.staticMethod_noReturnsLock&quot; is not final  at  TestMethodCall.java line 55" source="/TestFinalExpressions/src/test_final_exprs/TestMethodCall.java.html" line="55" baseImage="warning.gif" flags="128" />
        </result>
        <result msg="test_final_exprs.TestStaticFieldRefs (3 issues)" baseImage="class.gif" flags="128">
          <result msg="Lock expression &quot;test_final_exprs.TestStaticFieldRefs.staticProtectedField&quot; is not final  at  TestStaticFieldRefs.java line 58" source="/TestFinalExpressions/src/test_final_exprs/TestStaticFieldRefs.java.html" line="58" baseImage="warning.gif" flags="128" />
          <result msg="Lock expression &quot;test_final_exprs.TestStaticFieldRefs.staticProtectedField&quot; is not final  at  TestStaticFieldRefs.java line 68" source="/TestFinalExpressions/src/test_final_exprs/TestStaticFieldRefs.java.html" line="68" baseImage="warning.gif" flags="128" />
          <result msg="Lock expression &quot;test_final_exprs.TestStaticFieldRefs.staticUnprotectedField&quot; is not final  at  TestStaticFieldRefs.java line 30" source="/TestFinalExpressions/src/test_final_exprs/TestStaticFieldRefs.java.html" line="30" baseImage="warning.gif" flags="128" />
        </result>
      </result>
    </result>
    <result msg="28 unidentifiable lock(s); what is the name of the lock? what state is being protected?" baseImage="warning.gif" flags="128">
      <result msg="test_final_exprs (28 issues)" baseImage="package.gif" flags="128">
        <result msg="test_final_exprs.TestArrayRefs (6 issues)" baseImage="class.gif" flags="128">
          <result msg="Synchronized block: Lock expression &quot;array [ 0 ]&quot; is not identifiable as a programmer-declared lock  at  TestArrayRefs.java line 14" source="/TestFinalExpressions/src/test_final_exprs/TestArrayRefs.java.html" line="14" baseImage="warning.gif" flags="128" />
          <result msg="Synchronized block: Lock expression &quot;array [ 0 ]&quot; is not identifiable as a programmer-declared lock  at  TestArrayRefs.java line 22" source="/TestFinalExpressions/src/test_final_exprs/TestArrayRefs.java.html" line="22" baseImage="warning.gif" flags="128" />
          <result msg="Synchronized block: Lock expression &quot;array [ idx ]&quot; is not identifiable as a programmer-declared lock  at  TestArrayRefs.java line 35" source="/TestFinalExpressions/src/test_final_exprs/TestArrayRefs.java.html" line="35" baseImage="warning.gif" flags="128" />
          <result msg="Synchronized block: Lock expression &quot;array [ idx ]&quot; is not identifiable as a programmer-declared lock  at  TestArrayRefs.java line 43" source="/TestFinalExpressions/src/test_final_exprs/TestArrayRefs.java.html" line="43" baseImage="warning.gif" flags="128" />
          <result msg="Synchronized block: Lock expression &quot;array [ idx ]&quot; is not identifiable as a programmer-declared lock  at  TestArrayRefs.java line 58" source="/TestFinalExpressions/src/test_final_exprs/TestArrayRefs.java.html" line="58" baseImage="warning.gif" flags="128" />
          <result msg="Synchronized block: Lock expression &quot;array [ idx ]&quot; is not identifiable as a programmer-declared lock  at  TestArrayRefs.java line 68" source="/TestFinalExpressions/src/test_final_exprs/TestArrayRefs.java.html" line="68" baseImage="warning.gif" flags="128" />
        </result>
        <result msg="test_final_exprs.TestClassExprs (1 issue)" baseImage="class.gif" flags="128">
          <result msg="Synchronized block: Lock expression &quot;java.lang.Object . class&quot; is not identifiable as a programmer-declared lock  at  TestClassExprs.java line 11" source="/TestFinalExpressions/src/test_final_exprs/TestClassExprs.java.html" line="11" baseImage="warning.gif" flags="128" />
        </result>
        <result msg="test_final_exprs.TestInstanceFieldRefs (12 issues)" baseImage="class.gif" flags="128">
          <result msg="Synchronized block: Lock expression &quot;p.finalField&quot; is not identifiable as a programmer-declared lock  at  TestInstanceFieldRefs.java line 52" source="/TestFinalExpressions/src/test_final_exprs/TestInstanceFieldRefs.java.html" line="52" baseImage="warning.gif" flags="128" />
          <result msg="Synchronized block: Lock expression &quot;p.finalField&quot; is not identifiable as a programmer-declared lock  at  TestInstanceFieldRefs.java line 63" source="/TestFinalExpressions/src/test_final_exprs/TestInstanceFieldRefs.java.html" line="63" baseImage="warning.gif" flags="128" />
          <result msg="Synchronized block: Lock expression &quot;p.protectedField&quot; is not identifiable as a programmer-declared lock  at  TestInstanceFieldRefs.java line 140" source="/TestFinalExpressions/src/test_final_exprs/TestInstanceFieldRefs.java.html" line="140" baseImage="warning.gif" flags="128" />
          <result msg="Synchronized block: Lock expression &quot;p.protectedField&quot; is not identifiable as a programmer-declared lock  at  TestInstanceFieldRefs.java line 154" source="/TestFinalExpressions/src/test_final_exprs/TestInstanceFieldRefs.java.html" line="154" baseImage="warning.gif" flags="128" />
          <result msg="Synchronized block: Lock expression &quot;p.protectedField&quot; is not identifiable as a programmer-declared lock  at  TestInstanceFieldRefs.java line 193" source="/TestFinalExpressions/src/test_final_exprs/TestInstanceFieldRefs.java.html" line="193" baseImage="warning.gif" flags="128" />
          <result msg="Synchronized block: Lock expression &quot;p.protectedField&quot; is not identifiable as a programmer-declared lock  at  TestInstanceFieldRefs.java line 209" source="/TestFinalExpressions/src/test_final_exprs/TestInstanceFieldRefs.java.html" line="209" baseImage="warning.gif" flags="128" />
          <result msg="Synchronized block: Lock expression &quot;this.finalField&quot; is not identifiable as a programmer-declared lock  at  TestInstanceFieldRefs.java line 36" source="/TestFinalExpressions/src/test_final_exprs/TestInstanceFieldRefs.java.html" line="36" baseImage="warning.gif" flags="128" />
          <result msg="Synchronized block: Lock expression &quot;this.finalField&quot; is not identifiable as a programmer-declared lock  at  TestInstanceFieldRefs.java line 44" source="/TestFinalExpressions/src/test_final_exprs/TestInstanceFieldRefs.java.html" line="44" baseImage="warning.gif" flags="128" />
          <result msg="Synchronized block: Lock expression &quot;this.protectedField&quot; is not identifiable as a programmer-declared lock  at  TestInstanceFieldRefs.java line 116" source="/TestFinalExpressions/src/test_final_exprs/TestInstanceFieldRefs.java.html" line="116" baseImage="warning.gif" flags="128" />
          <result msg="Synchronized block: Lock expression &quot;this.protectedField&quot; is not identifiable as a programmer-declared lock  at  TestInstanceFieldRefs.java line 128" source="/TestFinalExpressions/src/test_final_exprs/TestInstanceFieldRefs.java.html" line="128" baseImage="warning.gif" flags="128" />
          <result msg="Synchronized block: Lock expression &quot;this.protectedField&quot; is not identifiable as a programmer-declared lock  at  TestInstanceFieldRefs.java line 168" source="/TestFinalExpressions/src/test_final_exprs/TestInstanceFieldRefs.java.html" line="168" baseImage="warning.gif" flags="128" />
          <result msg="Synchronized block: Lock expression &quot;this.protectedField&quot; is not identifiable as a programmer-declared lock  at  TestInstanceFieldRefs.java line 180" source="/TestFinalExpressions/src/test_final_exprs/TestInstanceFieldRefs.java.html" line="180" baseImage="warning.gif" flags="128" />
        </result>
        <result msg="test_final_exprs.TestLocalVars (4 issues)" baseImage="class.gif" flags="128">
          <result msg="Synchronized block: Lock expression &quot;o&quot; is not identifiable as a programmer-declared lock  at  TestLocalVars.java line 19" source="/TestFinalExpressions/src/test_final_exprs/TestLocalVars.java.html" line="19" baseImage="warning.gif" flags="128" />
          <result msg="Synchronized block: Lock expression &quot;o&quot; is not identifiable as a programmer-declared lock  at  TestLocalVars.java line 41" source="/TestFinalExpressions/src/test_final_exprs/TestLocalVars.java.html" line="41" baseImage="warning.gif" flags="128" />
          <result msg="Synchronized block: Lock expression &quot;p&quot; is not identifiable as a programmer-declared lock  at  TestLocalVars.java line 10" source="/TestFinalExpressions/src/test_final_exprs/TestLocalVars.java.html" line="10" baseImage="warning.gif" flags="128" />
          <result msg="Synchronized block: Lock expression &quot;p&quot; is not identifiable as a programmer-declared lock  at  TestLocalVars.java line 29" source="/TestFinalExpressions/src/test_final_exprs/TestLocalVars.java.html" line="29" baseImage="warning.gif" flags="128" />
        </result>
        <result msg="test_final_exprs.TestReceiver (1 issue)" baseImage="class.gif" flags="128">
          <result msg="Synchronized block: Lock expression &quot;this&quot; is not identifiable as a programmer-declared lock  at  TestReceiver.java line 11" source="/TestFinalExpressions/src/test_final_exprs/TestReceiver.java.html" line="11" baseImage="warning.gif" flags="128" />
        </result>
        <result msg="test_final_exprs.TestReceiver.C (1 issue)" baseImage="class.gif" flags="128">
          <result msg="Synchronized block: Lock expression &quot;test_final_exprs.TestReceiver . C.this&quot; is not identifiable as a programmer-declared lock  at  TestReceiver.java line 21" source="/TestFinalExpressions/src/test_final_exprs/TestReceiver.java.html" line="21" baseImage="warning.gif" flags="128" />
        </result>
        <result msg="test_final_exprs.TestStaticFieldRefs (3 issues)" baseImage="class.gif" flags="128">
          <result msg="Synchronized block: Lock expression &quot;test_final_exprs.TestStaticFieldRefs.staticFinalField&quot; is not identifiable as a programmer-declared lock  at  TestStaticFieldRefs.java line 23" source="/TestFinalExpressions/src/test_final_exprs/TestStaticFieldRefs.java.html" line="23" baseImage="warning.gif" flags="128" />
          <result msg="Synchronized block: Lock expression &quot;test_final_exprs.TestStaticFieldRefs.staticProtectedField&quot; is not identifiable as a programmer-declared lock  at  TestStaticFieldRefs.java line 39" source="/TestFinalExpressions/src/test_final_exprs/TestStaticFieldRefs.java.html" line="39" baseImage="warning.gif" flags="128" />
          <result msg="Synchronized block: Lock expression &quot;test_final_exprs.TestStaticFieldRefs.staticProtectedField&quot; is not identifiable as a programmer-declared lock  at  TestStaticFieldRefs.java line 49" source="/TestFinalExpressions/src/test_final_exprs/TestStaticFieldRefs.java.html" line="49" baseImage="warning.gif" flags="128" />
        </result>
      </result>
    </result>
  </result>
</root>