<root msg="Assurance Results">
  <result msg="Concurrency (1 issue)" baseImage="tallyho.gif" flags="10" reddots="1">
    <result msg="RegionLock java.lang.Object.MUTEX is this protects WaitQueue  on  Object  at  java.lang.Object" baseImage="promise.gif" flags="26" reddots="1">
      <result msg="5 lock precondition(s)" baseImage="folder.gif" flags="2">
        <result msg="requiresLock RequiresLock MUTEX  on  java.lang.Object.notify()  at  java.lang.Object" baseImage="promise.gif" flags="2" />
        <result msg="requiresLock RequiresLock MUTEX  on  java.lang.Object.notifyAll()  at  java.lang.Object" baseImage="promise.gif" flags="2" />
        <result msg="requiresLock RequiresLock MUTEX  on  java.lang.Object.wait()  at  java.lang.Object" baseImage="promise.gif" flags="2" />
        <result msg="requiresLock RequiresLock MUTEX  on  java.lang.Object.wait(long)  at  java.lang.Object" baseImage="promise.gif" flags="2" />
        <result msg="requiresLock RequiresLock MUTEX  on  java.lang.Object.wait(long,int)  at  java.lang.Object" baseImage="promise.gif" flags="2" />
      </result>
      <result msg="region  public  java.lang.Object.WaitQueue on (unknown)  at  java.lang.Object" baseImage="promise.gif" flags="0" />
    </result>
  </result>
  <result msg="Regions (2 issues)" baseImage="tallyho.gif" flags="2">
    <result msg="region  public  [] on (unknown)  at  java.lang.[]" baseImage="promise.gif" flags="0" />
    <result msg="region  public  length on (unknown)  at  java.lang.[]" baseImage="promise.gif" flags="0" />
  </result>
  <result msg="Uniqueness (72 issues)" baseImage="tallyho.gif" flags="10" reddots="1">
    <result msg="Other control flow for borrowed.TestBadArgs.Constructor4.Constructor4()  at  TestBadArgs.java line 82" source="/TestUniquenessSanityChecks/src/borrowed/TestBadArgs.java.html" line="82" baseImage="promise.gif" flags="2">
      <result msg="Method body respects uniqueness constraints  at  TestBadArgs.java line 83" source="/TestUniquenessSanityChecks/src/borrowed/TestBadArgs.java.html" line="83" baseImage="plus.gif" flags="0" />
    </result>
    <result msg="Other control flow for borrowed.TestBadArgs.Constructor4a.Constructor4a()  at  TestBadArgs.java line 112" source="/TestUniquenessSanityChecks/src/borrowed/TestBadArgs.java.html" line="112" baseImage="promise.gif" flags="2">
      <result msg="Method body respects uniqueness constraints  at  TestBadArgs.java line 113" source="/TestUniquenessSanityChecks/src/borrowed/TestBadArgs.java.html" line="113" baseImage="plus.gif" flags="0" />
    </result>
    <result msg="Other control flow for borrowed.TestBadArgs.annotatedMethod4()  at  TestBadArgs.java line 31" source="/TestUniquenessSanityChecks/src/borrowed/TestBadArgs.java.html" line="31" baseImage="promise.gif" flags="2">
      <result msg="Method body respects uniqueness constraints  at  TestBadArgs.java line 32" source="/TestUniquenessSanityChecks/src/borrowed/TestBadArgs.java.html" line="32" baseImage="plus.gif" flags="0" />
    </result>
    <result msg="Other control flow for borrowed.TestBadArgs.annotatedMethod4a()  at  TestBadArgs.java line 49" source="/TestUniquenessSanityChecks/src/borrowed/TestBadArgs.java.html" line="49" baseImage="promise.gif" flags="2">
      <result msg="Method body respects uniqueness constraints  at  TestBadArgs.java line 50" source="/TestUniquenessSanityChecks/src/borrowed/TestBadArgs.java.html" line="50" baseImage="plus.gif" flags="0" />
    </result>
    <result msg="Other control flow for borrowed.TestBadArgs.method1(java.lang.Object)  at  TestBadArgs.java line 6" source="/TestUniquenessSanityChecks/src/borrowed/TestBadArgs.java.html" line="6" baseImage="promise.gif" flags="2">
      <result msg="Method body respects uniqueness constraints  at  TestBadArgs.java line 6" source="/TestUniquenessSanityChecks/src/borrowed/TestBadArgs.java.html" line="6" baseImage="plus.gif" flags="0" />
    </result>
    <result msg="Other control flow for borrowed.TestBadArgs.method2(java.lang.Object)  at  TestBadArgs.java line 7" source="/TestUniquenessSanityChecks/src/borrowed/TestBadArgs.java.html" line="7" baseImage="promise.gif" flags="2">
      <result msg="Method body respects uniqueness constraints  at  TestBadArgs.java line 7" source="/TestUniquenessSanityChecks/src/borrowed/TestBadArgs.java.html" line="7" baseImage="plus.gif" flags="0" />
    </result>
    <result msg="Other control flow for borrowed.TestBadArgs.method3(java.lang.Object)  at  TestBadArgs.java line 8" source="/TestUniquenessSanityChecks/src/borrowed/TestBadArgs.java.html" line="8" baseImage="promise.gif" flags="2">
      <result msg="Method body respects uniqueness constraints  at  TestBadArgs.java line 8" source="/TestUniquenessSanityChecks/src/borrowed/TestBadArgs.java.html" line="8" baseImage="plus.gif" flags="0" />
    </result>
    <result msg="Other control flow for borrowed.TestBadArgs.method3a(java.lang.Object)  at  TestBadArgs.java line 14" source="/TestUniquenessSanityChecks/src/borrowed/TestBadArgs.java.html" line="14" baseImage="promise.gif" flags="2">
      <result msg="Method body respects uniqueness constraints  at  TestBadArgs.java line 14" source="/TestUniquenessSanityChecks/src/borrowed/TestBadArgs.java.html" line="14" baseImage="plus.gif" flags="0" />
    </result>
    <result msg="Other control flow for conflicts.Test.method2_good(java.lang.Object)  at  Test.java line 10" source="/TestUniquenessSanityChecks/src/conflicts/Test.java.html" line="10" baseImage="promise.gif" flags="2">
      <result msg="Method body respects uniqueness constraints  at  Test.java line 10" source="/TestUniquenessSanityChecks/src/conflicts/Test.java.html" line="10" baseImage="plus.gif" flags="0" />
    </result>
    <result msg="Other control flow for conflicts.Test.method4_bad(java.lang.Object)  at  Test.java line 12" source="/TestUniquenessSanityChecks/src/conflicts/Test.java.html" line="12" baseImage="promise.gif" flags="2">
      <result msg="Method body respects uniqueness constraints  at  Test.java line 12" source="/TestUniquenessSanityChecks/src/conflicts/Test.java.html" line="12" baseImage="plus.gif" flags="0" />
    </result>
    <result msg="Other control flow for conflicts.Test.method6_good(java.lang.Object)  at  Test.java line 14" source="/TestUniquenessSanityChecks/src/conflicts/Test.java.html" line="14" baseImage="promise.gif" flags="2">
      <result msg="Method body respects uniqueness constraints  at  Test.java line 14" source="/TestUniquenessSanityChecks/src/conflicts/Test.java.html" line="14" baseImage="plus.gif" flags="0" />
    </result>
    <result msg="Other control flow for conflicts.Test.method7_bad(java.lang.Object)  at  Test.java line 15" source="/TestUniquenessSanityChecks/src/conflicts/Test.java.html" line="15" baseImage="promise.gif" flags="2">
      <result msg="Method body respects uniqueness constraints  at  Test.java line 15" source="/TestUniquenessSanityChecks/src/conflicts/Test.java.html" line="15" baseImage="plus.gif" flags="0" />
    </result>
    <result msg="Other control flow for conflicts.Test.xxx2_good()  at  Test.java line 24" source="/TestUniquenessSanityChecks/src/conflicts/Test.java.html" line="24" baseImage="promise.gif" flags="2">
      <result msg="Method body respects uniqueness constraints  at  Test.java line 25" source="/TestUniquenessSanityChecks/src/conflicts/Test.java.html" line="25" baseImage="plus.gif" flags="0" />
    </result>
    <result msg="Other control flow for conflicts.Test.xxx4_bad()  at  Test.java line 30" source="/TestUniquenessSanityChecks/src/conflicts/Test.java.html" line="30" baseImage="promise.gif" flags="2">
      <result msg="Method body respects uniqueness constraints  at  Test.java line 32" source="/TestUniquenessSanityChecks/src/conflicts/Test.java.html" line="32" baseImage="plus.gif" flags="0" />
    </result>
    <result msg="Other control flow for conflicts.Test.xxx6_good()  at  Test.java line 38" source="/TestUniquenessSanityChecks/src/conflicts/Test.java.html" line="38" baseImage="promise.gif" flags="2">
      <result msg="Method body respects uniqueness constraints  at  Test.java line 40" source="/TestUniquenessSanityChecks/src/conflicts/Test.java.html" line="40" baseImage="plus.gif" flags="0" />
    </result>
    <result msg="Other control flow for conflicts.Test.xxx7_bad()  at  Test.java line 42" source="/TestUniquenessSanityChecks/src/conflicts/Test.java.html" line="42" baseImage="promise.gif" flags="2">
      <result msg="Method body respects uniqueness constraints  at  Test.java line 45" source="/TestUniquenessSanityChecks/src/conflicts/Test.java.html" line="45" baseImage="plus.gif" flags="0" />
    </result>
    <result msg="Other control flow for nonReference.Test.goodBorrowed(nonReference.Test)  at  Test.java line 52" source="/TestUniquenessSanityChecks/src/nonReference/Test.java.html" line="52" baseImage="promise.gif" flags="2">
      <result msg="Method body respects uniqueness constraints  at  Test.java line 52" source="/TestUniquenessSanityChecks/src/nonReference/Test.java.html" line="52" baseImage="plus.gif" flags="0" />
    </result>
    <result msg="Other control flow for nonReference.Test.goodBorrowedReceiver()  at  Test.java line 45" source="/TestUniquenessSanityChecks/src/nonReference/Test.java.html" line="45" baseImage="promise.gif" flags="2">
      <result msg="Method body respects uniqueness constraints  at  Test.java line 46" source="/TestUniquenessSanityChecks/src/nonReference/Test.java.html" line="46" baseImage="plus.gif" flags="0" />
    </result>
    <result msg="Other control flow for nonReference.Test.goodReturn()  at  Test.java line 21" source="/TestUniquenessSanityChecks/src/nonReference/Test.java.html" line="21" baseImage="promise.gif" flags="2">
      <result msg="Method body respects uniqueness constraints  at  Test.java line 22" source="/TestUniquenessSanityChecks/src/nonReference/Test.java.html" line="22" baseImage="plus.gif" flags="0" />
    </result>
    <result msg="Other control flow for unique.TestBadArgs.annotatedMethod5()  at  TestBadArgs.java line 97" source="/TestUniquenessSanityChecks/src/unique/TestBadArgs.java.html" line="97" baseImage="promise.gif" flags="2">
      <result msg="Method body respects uniqueness constraints  at  TestBadArgs.java line 98" source="/TestUniquenessSanityChecks/src/unique/TestBadArgs.java.html" line="98" baseImage="plus.gif" flags="0" />
    </result>
    <result msg="Other control flow for unique.TestBadArgs.annotatedMethod5a()  at  TestBadArgs.java line 115" source="/TestUniquenessSanityChecks/src/unique/TestBadArgs.java.html" line="115" baseImage="promise.gif" flags="2">
      <result msg="Method body respects uniqueness constraints  at  TestBadArgs.java line 116" source="/TestUniquenessSanityChecks/src/unique/TestBadArgs.java.html" line="116" baseImage="plus.gif" flags="0" />
    </result>
    <result msg="Other control flow for unique.TestBadArgs.annotatedMethod6()  at  TestBadArgs.java line 100" source="/TestUniquenessSanityChecks/src/unique/TestBadArgs.java.html" line="100" baseImage="promise.gif" flags="2">
      <result msg="Method body respects uniqueness constraints  at  TestBadArgs.java line 101" source="/TestUniquenessSanityChecks/src/unique/TestBadArgs.java.html" line="101" baseImage="plus.gif" flags="0" />
    </result>
    <result msg="Other control flow for unique.TestBadArgs.annotatedMethod6a()  at  TestBadArgs.java line 118" source="/TestUniquenessSanityChecks/src/unique/TestBadArgs.java.html" line="118" baseImage="promise.gif" flags="2">
      <result msg="Method body respects uniqueness constraints  at  TestBadArgs.java line 119" source="/TestUniquenessSanityChecks/src/unique/TestBadArgs.java.html" line="119" baseImage="plus.gif" flags="0" />
    </result>
    <result msg="Other control flow for unique.TestBadArgs.annotatedMethod7()  at  TestBadArgs.java line 103" source="/TestUniquenessSanityChecks/src/unique/TestBadArgs.java.html" line="103" baseImage="promise.gif" flags="2">
      <result msg="Method body respects uniqueness constraints  at  TestBadArgs.java line 104" source="/TestUniquenessSanityChecks/src/unique/TestBadArgs.java.html" line="104" baseImage="plus.gif" flags="0" />
    </result>
    <result msg="Other control flow for unique.TestBadArgs.annotatedMethod7a()  at  TestBadArgs.java line 121" source="/TestUniquenessSanityChecks/src/unique/TestBadArgs.java.html" line="121" baseImage="promise.gif" flags="2">
      <result msg="Method body respects uniqueness constraints  at  TestBadArgs.java line 122" source="/TestUniquenessSanityChecks/src/unique/TestBadArgs.java.html" line="122" baseImage="plus.gif" flags="0" />
    </result>
    <result msg="borrowed p on borrowed.TestBadArgs.method1(java.lang.Object)  at  TestBadArgs.java line 6" source="/TestUniquenessSanityChecks/src/borrowed/TestBadArgs.java.html" line="6" baseImage="promise.gif" flags="2">
      <result msg="Conservative dependency  at  TestBadArgs.java line 6" source="/TestUniquenessSanityChecks/src/borrowed/TestBadArgs.java.html" line="6" baseImage="plus.gif" flags="2">
        <result msg="1 precondition:" baseImage="choice_item.gif" flags="2">
          <result msg="Other control flow for borrowed.TestBadArgs.method1(java.lang.Object)  at  TestBadArgs.java line 6" source="/TestUniquenessSanityChecks/src/borrowed/TestBadArgs.java.html" line="6" baseImage="promise.gif" flags="2">
            <result msg="Method body respects uniqueness constraints  at  TestBadArgs.java line 6" source="/TestUniquenessSanityChecks/src/borrowed/TestBadArgs.java.html" line="6" baseImage="plus.gif" flags="0" />
          </result>
        </result>
      </result>
    </result>
    <result msg="borrowed p on borrowed.TestBadArgs.method2(java.lang.Object)  at  TestBadArgs.java line 7" source="/TestUniquenessSanityChecks/src/borrowed/TestBadArgs.java.html" line="7" baseImage="promise.gif" flags="2">
      <result msg="Conservative dependency  at  TestBadArgs.java line 7" source="/TestUniquenessSanityChecks/src/borrowed/TestBadArgs.java.html" line="7" baseImage="plus.gif" flags="2">
        <result msg="1 precondition:" baseImage="choice_item.gif" flags="2">
          <result msg="Other control flow for borrowed.TestBadArgs.method2(java.lang.Object)  at  TestBadArgs.java line 7" source="/TestUniquenessSanityChecks/src/borrowed/TestBadArgs.java.html" line="7" baseImage="promise.gif" flags="2">
            <result msg="Method body respects uniqueness constraints  at  TestBadArgs.java line 7" source="/TestUniquenessSanityChecks/src/borrowed/TestBadArgs.java.html" line="7" baseImage="plus.gif" flags="0" />
          </result>
        </result>
      </result>
    </result>
    <result msg="borrowed p on borrowed.TestBadArgs.method3(java.lang.Object)  at  TestBadArgs.java line 8" source="/TestUniquenessSanityChecks/src/borrowed/TestBadArgs.java.html" line="8" baseImage="promise.gif" flags="2">
      <result msg="Conservative dependency  at  TestBadArgs.java line 8" source="/TestUniquenessSanityChecks/src/borrowed/TestBadArgs.java.html" line="8" baseImage="plus.gif" flags="2">
        <result msg="1 precondition:" baseImage="choice_item.gif" flags="2">
          <result msg="Other control flow for borrowed.TestBadArgs.method3(java.lang.Object)  at  TestBadArgs.java line 8" source="/TestUniquenessSanityChecks/src/borrowed/TestBadArgs.java.html" line="8" baseImage="promise.gif" flags="2">
            <result msg="Method body respects uniqueness constraints  at  TestBadArgs.java line 8" source="/TestUniquenessSanityChecks/src/borrowed/TestBadArgs.java.html" line="8" baseImage="plus.gif" flags="0" />
          </result>
        </result>
      </result>
    </result>
    <result msg="borrowed p on borrowed.TestBadArgs.method3a(java.lang.Object)  at  TestBadArgs.java line 14" source="/TestUniquenessSanityChecks/src/borrowed/TestBadArgs.java.html" line="14" baseImage="promise.gif" flags="2">
      <result msg="Conservative dependency  at  TestBadArgs.java line 14" source="/TestUniquenessSanityChecks/src/borrowed/TestBadArgs.java.html" line="14" baseImage="plus.gif" flags="2">
        <result msg="1 precondition:" baseImage="choice_item.gif" flags="2">
          <result msg="Other control flow for borrowed.TestBadArgs.method3a(java.lang.Object)  at  TestBadArgs.java line 14" source="/TestUniquenessSanityChecks/src/borrowed/TestBadArgs.java.html" line="14" baseImage="promise.gif" flags="2">
            <result msg="Method body respects uniqueness constraints  at  TestBadArgs.java line 14" source="/TestUniquenessSanityChecks/src/borrowed/TestBadArgs.java.html" line="14" baseImage="plus.gif" flags="0" />
          </result>
        </result>
      </result>
    </result>
    <result msg="borrowed p on conflicts.Test.method2_good(java.lang.Object)  at  Test.java line 10" source="/TestUniquenessSanityChecks/src/conflicts/Test.java.html" line="10" baseImage="promise.gif" flags="2">
      <result msg="Conservative dependency  at  Test.java line 10" source="/TestUniquenessSanityChecks/src/conflicts/Test.java.html" line="10" baseImage="plus.gif" flags="2">
        <result msg="1 precondition:" baseImage="choice_item.gif" flags="2">
          <result msg="Other control flow for conflicts.Test.method2_good(java.lang.Object)  at  Test.java line 10" source="/TestUniquenessSanityChecks/src/conflicts/Test.java.html" line="10" baseImage="promise.gif" flags="2">
            <result msg="Method body respects uniqueness constraints  at  Test.java line 10" source="/TestUniquenessSanityChecks/src/conflicts/Test.java.html" line="10" baseImage="plus.gif" flags="0" />
          </result>
        </result>
      </result>
    </result>
    <result msg="borrowed p on conflicts.Test.method6_good(java.lang.Object)  at  Test.java line 14" source="/TestUniquenessSanityChecks/src/conflicts/Test.java.html" line="14" baseImage="promise.gif" flags="2">
      <result msg="Conservative dependency  at  Test.java line 14" source="/TestUniquenessSanityChecks/src/conflicts/Test.java.html" line="14" baseImage="plus.gif" flags="2">
        <result msg="1 precondition:" baseImage="choice_item.gif" flags="2">
          <result msg="Other control flow for conflicts.Test.method6_good(java.lang.Object)  at  Test.java line 14" source="/TestUniquenessSanityChecks/src/conflicts/Test.java.html" line="14" baseImage="promise.gif" flags="2">
            <result msg="Method body respects uniqueness constraints  at  Test.java line 14" source="/TestUniquenessSanityChecks/src/conflicts/Test.java.html" line="14" baseImage="plus.gif" flags="0" />
          </result>
        </result>
      </result>
    </result>
    <result msg="borrowed p on nonReference.Test.goodBorrowed(nonReference.Test)  at  Test.java line 52" source="/TestUniquenessSanityChecks/src/nonReference/Test.java.html" line="52" baseImage="promise.gif" flags="2">
      <result msg="Conservative dependency  at  Test.java line 52" source="/TestUniquenessSanityChecks/src/nonReference/Test.java.html" line="52" baseImage="plus.gif" flags="2">
        <result msg="1 precondition:" baseImage="choice_item.gif" flags="2">
          <result msg="Other control flow for nonReference.Test.goodBorrowed(nonReference.Test)  at  Test.java line 52" source="/TestUniquenessSanityChecks/src/nonReference/Test.java.html" line="52" baseImage="promise.gif" flags="2">
            <result msg="Method body respects uniqueness constraints  at  Test.java line 52" source="/TestUniquenessSanityChecks/src/nonReference/Test.java.html" line="52" baseImage="plus.gif" flags="0" />
          </result>
        </result>
      </result>
    </result>
    <result msg="borrowed this on borrowed.TestBadArgs.Constructor4.Constructor4()  at  TestBadArgs.java line 82" source="/TestUniquenessSanityChecks/src/borrowed/TestBadArgs.java.html" line="82" baseImage="promise.gif" flags="2">
      <result msg="Borrowed parameters of call &quot;super&quot;  at  TestBadArgs.java" source="/TestUniquenessSanityChecks/src/borrowed/TestBadArgs.java.html" line="0" baseImage="plus.gif" flags="2">
        <result msg="1 precondition:" baseImage="choice_item.gif" flags="2">
          <result msg="borrowed this on java.lang.Object.Object()  at  java.lang.Object" baseImage="promise.gif" flags="2" />
        </result>
      </result>
      <result msg="Conservative dependency  at  TestBadArgs.java line 82" source="/TestUniquenessSanityChecks/src/borrowed/TestBadArgs.java.html" line="82" baseImage="plus.gif" flags="2">
        <result msg="1 precondition:" baseImage="choice_item.gif" flags="2">
          <result msg="Other control flow for borrowed.TestBadArgs.Constructor4.Constructor4()  at  TestBadArgs.java line 82" source="/TestUniquenessSanityChecks/src/borrowed/TestBadArgs.java.html" line="82" baseImage="promise.gif" flags="2">
            <result msg="Method body respects uniqueness constraints  at  TestBadArgs.java line 83" source="/TestUniquenessSanityChecks/src/borrowed/TestBadArgs.java.html" line="83" baseImage="plus.gif" flags="0" />
          </result>
        </result>
      </result>
    </result>
    <result msg="borrowed this on borrowed.TestBadArgs.Constructor4a.Constructor4a()  at  TestBadArgs.java line 112" source="/TestUniquenessSanityChecks/src/borrowed/TestBadArgs.java.html" line="112" baseImage="promise.gif" flags="2">
      <result msg="Borrowed parameters of call &quot;super&quot;  at  TestBadArgs.java" source="/TestUniquenessSanityChecks/src/borrowed/TestBadArgs.java.html" line="0" baseImage="plus.gif" flags="2">
        <result msg="1 precondition:" baseImage="choice_item.gif" flags="2">
          <result msg="borrowed this on java.lang.Object.Object()  at  java.lang.Object" baseImage="promise.gif" flags="2" />
        </result>
      </result>
      <result msg="Conservative dependency  at  TestBadArgs.java line 112" source="/TestUniquenessSanityChecks/src/borrowed/TestBadArgs.java.html" line="112" baseImage="plus.gif" flags="2">
        <result msg="1 precondition:" baseImage="choice_item.gif" flags="2">
          <result msg="Other control flow for borrowed.TestBadArgs.Constructor4a.Constructor4a()  at  TestBadArgs.java line 112" source="/TestUniquenessSanityChecks/src/borrowed/TestBadArgs.java.html" line="112" baseImage="promise.gif" flags="2">
            <result msg="Method body respects uniqueness constraints  at  TestBadArgs.java line 113" source="/TestUniquenessSanityChecks/src/borrowed/TestBadArgs.java.html" line="113" baseImage="plus.gif" flags="0" />
          </result>
        </result>
      </result>
    </result>
    <result msg="borrowed this on borrowed.TestBadArgs.annotatedMethod4()  at  TestBadArgs.java line 31" source="/TestUniquenessSanityChecks/src/borrowed/TestBadArgs.java.html" line="31" baseImage="promise.gif" flags="2">
      <result msg="Conservative dependency  at  TestBadArgs.java line 31" source="/TestUniquenessSanityChecks/src/borrowed/TestBadArgs.java.html" line="31" baseImage="plus.gif" flags="2">
        <result msg="1 precondition:" baseImage="choice_item.gif" flags="2">
          <result msg="Other control flow for borrowed.TestBadArgs.annotatedMethod4()  at  TestBadArgs.java line 31" source="/TestUniquenessSanityChecks/src/borrowed/TestBadArgs.java.html" line="31" baseImage="promise.gif" flags="2">
            <result msg="Method body respects uniqueness constraints  at  TestBadArgs.java line 32" source="/TestUniquenessSanityChecks/src/borrowed/TestBadArgs.java.html" line="32" baseImage="plus.gif" flags="0" />
          </result>
        </result>
      </result>
    </result>
    <result msg="borrowed this on borrowed.TestBadArgs.annotatedMethod4a()  at  TestBadArgs.java line 49" source="/TestUniquenessSanityChecks/src/borrowed/TestBadArgs.java.html" line="49" baseImage="promise.gif" flags="2">
      <result msg="Conservative dependency  at  TestBadArgs.java line 49" source="/TestUniquenessSanityChecks/src/borrowed/TestBadArgs.java.html" line="49" baseImage="plus.gif" flags="2">
        <result msg="1 precondition:" baseImage="choice_item.gif" flags="2">
          <result msg="Other control flow for borrowed.TestBadArgs.annotatedMethod4a()  at  TestBadArgs.java line 49" source="/TestUniquenessSanityChecks/src/borrowed/TestBadArgs.java.html" line="49" baseImage="promise.gif" flags="2">
            <result msg="Method body respects uniqueness constraints  at  TestBadArgs.java line 50" source="/TestUniquenessSanityChecks/src/borrowed/TestBadArgs.java.html" line="50" baseImage="plus.gif" flags="0" />
          </result>
        </result>
      </result>
    </result>
    <result msg="borrowed this on conflicts.Test.xxx2_good()  at  Test.java line 24" source="/TestUniquenessSanityChecks/src/conflicts/Test.java.html" line="24" baseImage="promise.gif" flags="2">
      <result msg="Conservative dependency  at  Test.java line 24" source="/TestUniquenessSanityChecks/src/conflicts/Test.java.html" line="24" baseImage="plus.gif" flags="2">
        <result msg="1 precondition:" baseImage="choice_item.gif" flags="2">
          <result msg="Other control flow for conflicts.Test.xxx2_good()  at  Test.java line 24" source="/TestUniquenessSanityChecks/src/conflicts/Test.java.html" line="24" baseImage="promise.gif" flags="2">
            <result msg="Method body respects uniqueness constraints  at  Test.java line 25" source="/TestUniquenessSanityChecks/src/conflicts/Test.java.html" line="25" baseImage="plus.gif" flags="0" />
          </result>
        </result>
      </result>
    </result>
    <result msg="borrowed this on conflicts.Test.xxx6_good()  at  Test.java line 38" source="/TestUniquenessSanityChecks/src/conflicts/Test.java.html" line="38" baseImage="promise.gif" flags="2">
      <result msg="Conservative dependency  at  Test.java line 38" source="/TestUniquenessSanityChecks/src/conflicts/Test.java.html" line="38" baseImage="plus.gif" flags="2">
        <result msg="1 precondition:" baseImage="choice_item.gif" flags="2">
          <result msg="Other control flow for conflicts.Test.xxx6_good()  at  Test.java line 38" source="/TestUniquenessSanityChecks/src/conflicts/Test.java.html" line="38" baseImage="promise.gif" flags="2">
            <result msg="Method body respects uniqueness constraints  at  Test.java line 40" source="/TestUniquenessSanityChecks/src/conflicts/Test.java.html" line="40" baseImage="plus.gif" flags="0" />
          </result>
        </result>
      </result>
    </result>
    <result msg="borrowed this on nonReference.Test.goodBorrowedReceiver()  at  Test.java line 45" source="/TestUniquenessSanityChecks/src/nonReference/Test.java.html" line="45" baseImage="promise.gif" flags="2">
      <result msg="Conservative dependency  at  Test.java line 45" source="/TestUniquenessSanityChecks/src/nonReference/Test.java.html" line="45" baseImage="plus.gif" flags="2">
        <result msg="1 precondition:" baseImage="choice_item.gif" flags="2">
          <result msg="Other control flow for nonReference.Test.goodBorrowedReceiver()  at  Test.java line 45" source="/TestUniquenessSanityChecks/src/nonReference/Test.java.html" line="45" baseImage="promise.gif" flags="2">
            <result msg="Method body respects uniqueness constraints  at  Test.java line 46" source="/TestUniquenessSanityChecks/src/nonReference/Test.java.html" line="46" baseImage="plus.gif" flags="0" />
          </result>
        </result>
      </result>
    </result>
    <result msg="notunique on conflicts.Test.(none)  at  Test.java line 11" source="/TestUniquenessSanityChecks/src/conflicts/Test.java.html" line="11" baseImage="promise.gif" flags="26" reddots="1" />
    <result msg="notunique on conflicts.Test.(none)  at  Test.java line 14" source="/TestUniquenessSanityChecks/src/conflicts/Test.java.html" line="14" baseImage="promise.gif" flags="26" reddots="1" />
    <result msg="notunique on conflicts.Test.(none)  at  Test.java line 27" source="/TestUniquenessSanityChecks/src/conflicts/Test.java.html" line="27" baseImage="promise.gif" flags="26" reddots="1" />
    <result msg="notunique on conflicts.Test.(none)  at  Test.java line 39" source="/TestUniquenessSanityChecks/src/conflicts/Test.java.html" line="39" baseImage="promise.gif" flags="26" reddots="1" />
    <result msg="notunique on nonReference.Test.(none)  at  Test.java line 62" source="/TestUniquenessSanityChecks/src/nonReference/Test.java.html" line="62" baseImage="promise.gif" flags="26" reddots="1" />
    <result msg="notunique on nonReference.Test.(none)  at  Test.java line 69" source="/TestUniquenessSanityChecks/src/nonReference/Test.java.html" line="69" baseImage="promise.gif" flags="26" reddots="1" />
    <result msg="unique  on  good  at  Test.java line 11" source="/TestUniquenessSanityChecks/src/nonReference/Test.java.html" line="11" baseImage="promise.gif" flags="2" />
    <result msg="unique  on  uniqueField1  at  TestBadArgs.java line 8" source="/TestUniquenessSanityChecks/src/unique/TestBadArgs.java.html" line="8" baseImage="promise.gif" flags="2" />
    <result msg="unique  on  uniqueField2  at  TestBadArgs.java line 11" source="/TestUniquenessSanityChecks/src/unique/TestBadArgs.java.html" line="11" baseImage="promise.gif" flags="2" />
    <result msg="unique  on  uniqueField3  at  TestBadArgs.java line 14" source="/TestUniquenessSanityChecks/src/unique/TestBadArgs.java.html" line="14" baseImage="promise.gif" flags="2" />
    <result msg="unique  on  uniqueField3a  at  TestBadArgs.java line 32" source="/TestUniquenessSanityChecks/src/unique/TestBadArgs.java.html" line="32" baseImage="promise.gif" flags="2" />
    <result msg="unique o on unique.TestUniqueConstructorJavaDoc.TestUniqueConstructorJavaDoc(java.lang.Object)   at  TestUniqueConstructorJavaDoc.java line 27" source="/TestUniquenessSanityChecks/src/unique/TestUniqueConstructorJavaDoc.java.html" line="27" baseImage="promise.gif" flags="2" />
    <result msg="unique p on conflicts.Test.method1_good(java.lang.Object)   at  Test.java line 9" source="/TestUniquenessSanityChecks/src/conflicts/Test.java.html" line="9" baseImage="promise.gif" flags="2" />
    <result msg="unique p on nonReference.Test.goodUnique(nonReference.Test)   at  Test.java line 35" source="/TestUniquenessSanityChecks/src/nonReference/Test.java.html" line="35" baseImage="promise.gif" flags="2" />
    <result msg="unique p on unique.TestBadArgs.method1(java.lang.Object)   at  TestBadArgs.java line 53" source="/TestUniquenessSanityChecks/src/unique/TestBadArgs.java.html" line="53" baseImage="promise.gif" flags="2" />
    <result msg="unique p on unique.TestBadArgs.method2(java.lang.Object)   at  TestBadArgs.java line 55" source="/TestUniquenessSanityChecks/src/unique/TestBadArgs.java.html" line="55" baseImage="promise.gif" flags="2" />
    <result msg="unique p on unique.TestBadArgs.method3(java.lang.Object)   at  TestBadArgs.java line 57" source="/TestUniquenessSanityChecks/src/unique/TestBadArgs.java.html" line="57" baseImage="promise.gif" flags="2" />
    <result msg="unique p on unique.TestBadArgs.method3a(java.lang.Object)   at  TestBadArgs.java line 69" source="/TestUniquenessSanityChecks/src/unique/TestBadArgs.java.html" line="69" baseImage="promise.gif" flags="2" />
    <result msg="unique return on nonReference.Test.goodReturn()   at  Test.java line 21" source="/TestUniquenessSanityChecks/src/nonReference/Test.java.html" line="21" baseImage="promise.gif" flags="2">
      <result msg="Conservative dependency  at  Test.java line 21" source="/TestUniquenessSanityChecks/src/nonReference/Test.java.html" line="21" baseImage="plus.gif" flags="2">
        <result msg="1 precondition:" baseImage="choice_item.gif" flags="2">
          <result msg="Other control flow for nonReference.Test.goodReturn()  at  Test.java line 21" source="/TestUniquenessSanityChecks/src/nonReference/Test.java.html" line="21" baseImage="promise.gif" flags="2">
            <result msg="Method body respects uniqueness constraints  at  Test.java line 22" source="/TestUniquenessSanityChecks/src/nonReference/Test.java.html" line="22" baseImage="plus.gif" flags="0" />
          </result>
        </result>
      </result>
    </result>
    <result msg="unique return on unique.TestBadArgs.annotatedMethod5()   at  TestBadArgs.java line 97" source="/TestUniquenessSanityChecks/src/unique/TestBadArgs.java.html" line="97" baseImage="promise.gif" flags="2">
      <result msg="Conservative dependency  at  TestBadArgs.java line 97" source="/TestUniquenessSanityChecks/src/unique/TestBadArgs.java.html" line="97" baseImage="plus.gif" flags="2">
        <result msg="1 precondition:" baseImage="choice_item.gif" flags="2">
          <result msg="Other control flow for unique.TestBadArgs.annotatedMethod5()  at  TestBadArgs.java line 97" source="/TestUniquenessSanityChecks/src/unique/TestBadArgs.java.html" line="97" baseImage="promise.gif" flags="2">
            <result msg="Method body respects uniqueness constraints  at  TestBadArgs.java line 98" source="/TestUniquenessSanityChecks/src/unique/TestBadArgs.java.html" line="98" baseImage="plus.gif" flags="0" />
          </result>
        </result>
      </result>
    </result>
    <result msg="unique return on unique.TestBadArgs.annotatedMethod5a()   at  TestBadArgs.java line 115" source="/TestUniquenessSanityChecks/src/unique/TestBadArgs.java.html" line="115" baseImage="promise.gif" flags="2">
      <result msg="Conservative dependency  at  TestBadArgs.java line 115" source="/TestUniquenessSanityChecks/src/unique/TestBadArgs.java.html" line="115" baseImage="plus.gif" flags="2">
        <result msg="1 precondition:" baseImage="choice_item.gif" flags="2">
          <result msg="Other control flow for unique.TestBadArgs.annotatedMethod5a()  at  TestBadArgs.java line 115" source="/TestUniquenessSanityChecks/src/unique/TestBadArgs.java.html" line="115" baseImage="promise.gif" flags="2">
            <result msg="Method body respects uniqueness constraints  at  TestBadArgs.java line 116" source="/TestUniquenessSanityChecks/src/unique/TestBadArgs.java.html" line="116" baseImage="plus.gif" flags="0" />
          </result>
        </result>
      </result>
    </result>
    <result msg="unique return on unique.TestBadArgs.annotatedMethod6()   at  TestBadArgs.java line 100" source="/TestUniquenessSanityChecks/src/unique/TestBadArgs.java.html" line="100" baseImage="promise.gif" flags="2">
      <result msg="Conservative dependency  at  TestBadArgs.java line 100" source="/TestUniquenessSanityChecks/src/unique/TestBadArgs.java.html" line="100" baseImage="plus.gif" flags="2">
        <result msg="2 preconditions:" baseImage="choice_item.gif" flags="2">
          <result msg="Other control flow for unique.TestBadArgs.annotatedMethod6()  at  TestBadArgs.java line 100" source="/TestUniquenessSanityChecks/src/unique/TestBadArgs.java.html" line="100" baseImage="promise.gif" flags="2">
            <result msg="Method body respects uniqueness constraints  at  TestBadArgs.java line 101" source="/TestUniquenessSanityChecks/src/unique/TestBadArgs.java.html" line="101" baseImage="plus.gif" flags="0" />
          </result>
          <result msg="unique this on unique.TestBadArgs.annotatedMethod6()   at  TestBadArgs.java line 100" source="/TestUniquenessSanityChecks/src/unique/TestBadArgs.java.html" line="100" baseImage="promise.gif" flags="2" />
        </result>
      </result>
    </result>
    <result msg="unique return on unique.TestBadArgs.annotatedMethod6a()   at  TestBadArgs.java line 118" source="/TestUniquenessSanityChecks/src/unique/TestBadArgs.java.html" line="118" baseImage="promise.gif" flags="2">
      <result msg="Conservative dependency  at  TestBadArgs.java line 118" source="/TestUniquenessSanityChecks/src/unique/TestBadArgs.java.html" line="118" baseImage="plus.gif" flags="2">
        <result msg="2 preconditions:" baseImage="choice_item.gif" flags="2">
          <result msg="Other control flow for unique.TestBadArgs.annotatedMethod6a()  at  TestBadArgs.java line 118" source="/TestUniquenessSanityChecks/src/unique/TestBadArgs.java.html" line="118" baseImage="promise.gif" flags="2">
            <result msg="Method body respects uniqueness constraints  at  TestBadArgs.java line 119" source="/TestUniquenessSanityChecks/src/unique/TestBadArgs.java.html" line="119" baseImage="plus.gif" flags="0" />
          </result>
          <result msg="unique this on unique.TestBadArgs.annotatedMethod6a()   at  TestBadArgs.java line 118" source="/TestUniquenessSanityChecks/src/unique/TestBadArgs.java.html" line="118" baseImage="promise.gif" flags="2" />
        </result>
      </result>
    </result>
    <result msg="unique return on unique.TestBadArgs.annotatedMethod7()   at  TestBadArgs.java line 103" source="/TestUniquenessSanityChecks/src/unique/TestBadArgs.java.html" line="103" baseImage="promise.gif" flags="2">
      <result msg="Conservative dependency  at  TestBadArgs.java line 103" source="/TestUniquenessSanityChecks/src/unique/TestBadArgs.java.html" line="103" baseImage="plus.gif" flags="2">
        <result msg="2 preconditions:" baseImage="choice_item.gif" flags="2">
          <result msg="Other control flow for unique.TestBadArgs.annotatedMethod7()  at  TestBadArgs.java line 103" source="/TestUniquenessSanityChecks/src/unique/TestBadArgs.java.html" line="103" baseImage="promise.gif" flags="2">
            <result msg="Method body respects uniqueness constraints  at  TestBadArgs.java line 104" source="/TestUniquenessSanityChecks/src/unique/TestBadArgs.java.html" line="104" baseImage="plus.gif" flags="0" />
          </result>
          <result msg="unique this on unique.TestBadArgs.annotatedMethod7()   at  TestBadArgs.java line 103" source="/TestUniquenessSanityChecks/src/unique/TestBadArgs.java.html" line="103" baseImage="promise.gif" flags="2" />
        </result>
      </result>
    </result>
    <result msg="unique return on unique.TestBadArgs.annotatedMethod7a()   at  TestBadArgs.java line 121" source="/TestUniquenessSanityChecks/src/unique/TestBadArgs.java.html" line="121" baseImage="promise.gif" flags="2">
      <result msg="Conservative dependency  at  TestBadArgs.java line 121" source="/TestUniquenessSanityChecks/src/unique/TestBadArgs.java.html" line="121" baseImage="plus.gif" flags="2">
        <result msg="2 preconditions:" baseImage="choice_item.gif" flags="2">
          <result msg="Other control flow for unique.TestBadArgs.annotatedMethod7a()  at  TestBadArgs.java line 121" source="/TestUniquenessSanityChecks/src/unique/TestBadArgs.java.html" line="121" baseImage="promise.gif" flags="2">
            <result msg="Method body respects uniqueness constraints  at  TestBadArgs.java line 122" source="/TestUniquenessSanityChecks/src/unique/TestBadArgs.java.html" line="122" baseImage="plus.gif" flags="0" />
          </result>
          <result msg="unique this on unique.TestBadArgs.annotatedMethod7a()   at  TestBadArgs.java line 121" source="/TestUniquenessSanityChecks/src/unique/TestBadArgs.java.html" line="121" baseImage="promise.gif" flags="2" />
        </result>
      </result>
    </result>
    <result msg="unique this on conflicts.Test.xxx1_good()   at  Test.java line 21" source="/TestUniquenessSanityChecks/src/conflicts/Test.java.html" line="21" baseImage="promise.gif" flags="2" />
    <result msg="unique this on nonReference.Test.goodUniqueReceiver()   at  Test.java line 28" source="/TestUniquenessSanityChecks/src/nonReference/Test.java.html" line="28" baseImage="promise.gif" flags="2" />
    <result msg="unique this on unique.TestBadArgs.annotatedMethod4()   at  TestBadArgs.java line 94" source="/TestUniquenessSanityChecks/src/unique/TestBadArgs.java.html" line="94" baseImage="promise.gif" flags="2" />
    <result msg="unique this on unique.TestBadArgs.annotatedMethod4a()   at  TestBadArgs.java line 112" source="/TestUniquenessSanityChecks/src/unique/TestBadArgs.java.html" line="112" baseImage="promise.gif" flags="2" />
    <result msg="unique this on unique.TestBadArgs.annotatedMethod6()   at  TestBadArgs.java line 100" source="/TestUniquenessSanityChecks/src/unique/TestBadArgs.java.html" line="100" baseImage="promise.gif" flags="2" />
    <result msg="unique this on unique.TestBadArgs.annotatedMethod6a()   at  TestBadArgs.java line 118" source="/TestUniquenessSanityChecks/src/unique/TestBadArgs.java.html" line="118" baseImage="promise.gif" flags="2" />
    <result msg="unique this on unique.TestBadArgs.annotatedMethod7()   at  TestBadArgs.java line 103" source="/TestUniquenessSanityChecks/src/unique/TestBadArgs.java.html" line="103" baseImage="promise.gif" flags="2" />
    <result msg="unique this on unique.TestBadArgs.annotatedMethod7a()   at  TestBadArgs.java line 121" source="/TestUniquenessSanityChecks/src/unique/TestBadArgs.java.html" line="121" baseImage="promise.gif" flags="2" />
  </result>
  <result msg="Modeling problems (93 issues)" baseImage="warning.gif" flags="0">
    <result msg="/TestUniquenessSanityChecks/src/borrowed/TestBadArgs.java:0 -- Unable to parse: @Borrowed   at  TestBadArgs.java line 107" source="/TestUniquenessSanityChecks/src/borrowed/TestBadArgs.java.html" line="107" baseImage="warning.gif" flags="0" />
    <result msg="/TestUniquenessSanityChecks/src/borrowed/TestBadArgs.java:0 -- Unable to parse: @Borrowed   at  TestBadArgs.java line 22" source="/TestUniquenessSanityChecks/src/borrowed/TestBadArgs.java.html" line="22" baseImage="warning.gif" flags="0" />
    <result msg="/TestUniquenessSanityChecks/src/borrowed/TestBadArgs.java:0 -- Unable to parse: @Borrowed   at  TestBadArgs.java line 25" source="/TestUniquenessSanityChecks/src/borrowed/TestBadArgs.java.html" line="25" baseImage="warning.gif" flags="0" />
    <result msg="/TestUniquenessSanityChecks/src/borrowed/TestBadArgs.java:0 -- Unable to parse: @Borrowed   at  TestBadArgs.java line 28" source="/TestUniquenessSanityChecks/src/borrowed/TestBadArgs.java.html" line="28" baseImage="warning.gif" flags="0" />
    <result msg="/TestUniquenessSanityChecks/src/borrowed/TestBadArgs.java:0 -- Unable to parse: @Borrowed   at  TestBadArgs.java line 46" source="/TestUniquenessSanityChecks/src/borrowed/TestBadArgs.java.html" line="46" baseImage="warning.gif" flags="0" />
    <result msg="/TestUniquenessSanityChecks/src/borrowed/TestBadArgs.java:0 -- Unable to parse: @Borrowed   at  TestBadArgs.java line 67" source="/TestUniquenessSanityChecks/src/borrowed/TestBadArgs.java.html" line="67" baseImage="warning.gif" flags="0" />
    <result msg="/TestUniquenessSanityChecks/src/borrowed/TestBadArgs.java:0 -- Unable to parse: @Borrowed   at  TestBadArgs.java line 72" source="/TestUniquenessSanityChecks/src/borrowed/TestBadArgs.java.html" line="72" baseImage="warning.gif" flags="0" />
    <result msg="/TestUniquenessSanityChecks/src/borrowed/TestBadArgs.java:0 -- Unable to parse: @Borrowed   at  TestBadArgs.java line 77" source="/TestUniquenessSanityChecks/src/borrowed/TestBadArgs.java.html" line="77" baseImage="warning.gif" flags="0" />
    <result msg="/TestUniquenessSanityChecks/src/borrowed/TestBadArgs.java:0 -- Unable to parse: @Borrowed return  at  TestBadArgs.java line 10" source="/TestUniquenessSanityChecks/src/borrowed/TestBadArgs.java.html" line="10" baseImage="warning.gif" flags="0" />
    <result msg="/TestUniquenessSanityChecks/src/borrowed/TestBadArgs.java:0 -- Unable to parse: @Borrowed return  at  TestBadArgs.java line 117" source="/TestUniquenessSanityChecks/src/borrowed/TestBadArgs.java.html" line="117" baseImage="warning.gif" flags="0" />
    <result msg="/TestUniquenessSanityChecks/src/borrowed/TestBadArgs.java:0 -- Unable to parse: @Borrowed return  at  TestBadArgs.java line 16" source="/TestUniquenessSanityChecks/src/borrowed/TestBadArgs.java.html" line="16" baseImage="warning.gif" flags="0" />
    <result msg="/TestUniquenessSanityChecks/src/borrowed/TestBadArgs.java:0 -- Unable to parse: @Borrowed return  at  TestBadArgs.java line 34" source="/TestUniquenessSanityChecks/src/borrowed/TestBadArgs.java.html" line="34" baseImage="warning.gif" flags="0" />
    <result msg="/TestUniquenessSanityChecks/src/borrowed/TestBadArgs.java:0 -- Unable to parse: @Borrowed return  at  TestBadArgs.java line 52" source="/TestUniquenessSanityChecks/src/borrowed/TestBadArgs.java.html" line="52" baseImage="warning.gif" flags="0" />
    <result msg="/TestUniquenessSanityChecks/src/borrowed/TestBadArgs.java:0 -- Unable to parse: @Borrowed return  at  TestBadArgs.java line 87" source="/TestUniquenessSanityChecks/src/borrowed/TestBadArgs.java.html" line="87" baseImage="warning.gif" flags="0" />
    <result msg="/TestUniquenessSanityChecks/src/borrowed/TestBadArgs.java:0 -- Unable to parse: @Borrowed return, this  at  TestBadArgs.java line 11" source="/TestUniquenessSanityChecks/src/borrowed/TestBadArgs.java.html" line="11" baseImage="warning.gif" flags="0" />
    <result msg="/TestUniquenessSanityChecks/src/borrowed/TestBadArgs.java:0 -- Unable to parse: @Borrowed return, this  at  TestBadArgs.java line 122" source="/TestUniquenessSanityChecks/src/borrowed/TestBadArgs.java.html" line="122" baseImage="warning.gif" flags="0" />
    <result msg="/TestUniquenessSanityChecks/src/borrowed/TestBadArgs.java:0 -- Unable to parse: @Borrowed return, this  at  TestBadArgs.java line 17" source="/TestUniquenessSanityChecks/src/borrowed/TestBadArgs.java.html" line="17" baseImage="warning.gif" flags="0" />
    <result msg="/TestUniquenessSanityChecks/src/borrowed/TestBadArgs.java:0 -- Unable to parse: @Borrowed return, this  at  TestBadArgs.java line 37" source="/TestUniquenessSanityChecks/src/borrowed/TestBadArgs.java.html" line="37" baseImage="warning.gif" flags="0" />
    <result msg="/TestUniquenessSanityChecks/src/borrowed/TestBadArgs.java:0 -- Unable to parse: @Borrowed return, this  at  TestBadArgs.java line 55" source="/TestUniquenessSanityChecks/src/borrowed/TestBadArgs.java.html" line="55" baseImage="warning.gif" flags="0" />
    <result msg="/TestUniquenessSanityChecks/src/borrowed/TestBadArgs.java:0 -- Unable to parse: @Borrowed return, this  at  TestBadArgs.java line 92" source="/TestUniquenessSanityChecks/src/borrowed/TestBadArgs.java.html" line="92" baseImage="warning.gif" flags="0" />
    <result msg="/TestUniquenessSanityChecks/src/borrowed/TestBadArgs.java:0 -- Unable to parse: @Borrowed this  at  TestBadArgs.java line 15" source="/TestUniquenessSanityChecks/src/borrowed/TestBadArgs.java.html" line="15" baseImage="warning.gif" flags="0" />
    <result msg="/TestUniquenessSanityChecks/src/borrowed/TestBadArgs.java:0 -- Unable to parse: @Borrowed this  at  TestBadArgs.java line 9" source="/TestUniquenessSanityChecks/src/borrowed/TestBadArgs.java.html" line="9" baseImage="warning.gif" flags="0" />
    <result msg="/TestUniquenessSanityChecks/src/borrowed/TestBadArgs.java:0 -- Unable to parse: @Borrowed this, return  at  TestBadArgs.java line 12" source="/TestUniquenessSanityChecks/src/borrowed/TestBadArgs.java.html" line="12" baseImage="warning.gif" flags="0" />
    <result msg="/TestUniquenessSanityChecks/src/borrowed/TestBadArgs.java:0 -- Unable to parse: @Borrowed this, return  at  TestBadArgs.java line 18" source="/TestUniquenessSanityChecks/src/borrowed/TestBadArgs.java.html" line="18" baseImage="warning.gif" flags="0" />
    <result msg="/TestUniquenessSanityChecks/src/borrowed/TestBadArgs.java:1 -- Unable to parse past @Borrowed   ___ f, a, b  at  TestBadArgs.java line 102" source="/TestUniquenessSanityChecks/src/borrowed/TestBadArgs.java.html" line="102" baseImage="warning.gif" flags="0" />
    <result msg="/TestUniquenessSanityChecks/src/borrowed/TestBadArgs.java:1 -- Unable to parse past @Borrowed   ___ f, a, b  at  TestBadArgs.java line 13" source="/TestUniquenessSanityChecks/src/borrowed/TestBadArgs.java.html" line="13" baseImage="warning.gif" flags="0" />
    <result msg="/TestUniquenessSanityChecks/src/borrowed/TestBadArgs.java:1 -- Unable to parse past @Borrowed   ___ f, a, b  at  TestBadArgs.java line 132" source="/TestUniquenessSanityChecks/src/borrowed/TestBadArgs.java.html" line="132" baseImage="warning.gif" flags="0" />
    <result msg="/TestUniquenessSanityChecks/src/borrowed/TestBadArgs.java:1 -- Unable to parse past @Borrowed   ___ f, a, b  at  TestBadArgs.java line 19" source="/TestUniquenessSanityChecks/src/borrowed/TestBadArgs.java.html" line="19" baseImage="warning.gif" flags="0" />
    <result msg="/TestUniquenessSanityChecks/src/borrowed/TestBadArgs.java:1 -- Unable to parse past @Borrowed   ___ f, a, b  at  TestBadArgs.java line 43" source="/TestUniquenessSanityChecks/src/borrowed/TestBadArgs.java.html" line="43" baseImage="warning.gif" flags="0" />
    <result msg="/TestUniquenessSanityChecks/src/borrowed/TestBadArgs.java:1 -- Unable to parse past @Borrowed   ___ f, a, b  at  TestBadArgs.java line 61" source="/TestUniquenessSanityChecks/src/borrowed/TestBadArgs.java.html" line="61" baseImage="warning.gif" flags="0" />
    <result msg="/TestUniquenessSanityChecks/src/borrowed/TestBadArgs.java:4 -- Unable to parse past @Borrowed this ___ , return  at  TestBadArgs.java line 127" source="/TestUniquenessSanityChecks/src/borrowed/TestBadArgs.java.html" line="127" baseImage="warning.gif" flags="0" />
    <result msg="/TestUniquenessSanityChecks/src/borrowed/TestBadArgs.java:4 -- Unable to parse past @Borrowed this ___ , return  at  TestBadArgs.java line 40" source="/TestUniquenessSanityChecks/src/borrowed/TestBadArgs.java.html" line="40" baseImage="warning.gif" flags="0" />
    <result msg="/TestUniquenessSanityChecks/src/borrowed/TestBadArgs.java:4 -- Unable to parse past @Borrowed this ___ , return  at  TestBadArgs.java line 58" source="/TestUniquenessSanityChecks/src/borrowed/TestBadArgs.java.html" line="58" baseImage="warning.gif" flags="0" />
    <result msg="/TestUniquenessSanityChecks/src/borrowed/TestBadArgs.java:4 -- Unable to parse past @Borrowed this ___ , return  at  TestBadArgs.java line 97" source="/TestUniquenessSanityChecks/src/borrowed/TestBadArgs.java.html" line="97" baseImage="warning.gif" flags="0" />
    <result msg="/TestUniquenessSanityChecks/src/conflicts/Test.java:0 -- Unknown test result type: INVALID  at  Test.java line 12" source="/TestUniquenessSanityChecks/src/conflicts/Test.java.html" line="12" baseImage="warning.gif" flags="0" />
    <result msg="/TestUniquenessSanityChecks/src/conflicts/Test.java:0 -- Unknown test result type: INVALID  at  Test.java line 12" source="/TestUniquenessSanityChecks/src/conflicts/Test.java.html" line="12" baseImage="warning.gif" flags="0" />
    <result msg="/TestUniquenessSanityChecks/src/conflicts/Test.java:0 -- Unknown test result type: INVALID  at  Test.java line 13" source="/TestUniquenessSanityChecks/src/conflicts/Test.java.html" line="13" baseImage="warning.gif" flags="0" />
    <result msg="/TestUniquenessSanityChecks/src/conflicts/Test.java:0 -- Unknown test result type: INVALID  at  Test.java line 13" source="/TestUniquenessSanityChecks/src/conflicts/Test.java.html" line="13" baseImage="warning.gif" flags="0" />
    <result msg="/TestUniquenessSanityChecks/src/conflicts/Test.java:0 -- Unknown test result type: INVALID  at  Test.java line 15" source="/TestUniquenessSanityChecks/src/conflicts/Test.java.html" line="15" baseImage="warning.gif" flags="0" />
    <result msg="/TestUniquenessSanityChecks/src/conflicts/Test.java:0 -- Unknown test result type: INVALID  at  Test.java line 15" source="/TestUniquenessSanityChecks/src/conflicts/Test.java.html" line="15" baseImage="warning.gif" flags="0" />
    <result msg="/TestUniquenessSanityChecks/src/conflicts/Test.java:0 -- Unknown test result type: INVALID  at  Test.java line 15" source="/TestUniquenessSanityChecks/src/conflicts/Test.java.html" line="15" baseImage="warning.gif" flags="0" />
    <result msg="/TestUniquenessSanityChecks/src/conflicts/Test.java:0 -- Unknown test result type: INVALID  at  Test.java line 30" source="/TestUniquenessSanityChecks/src/conflicts/Test.java.html" line="30" baseImage="warning.gif" flags="0" />
    <result msg="/TestUniquenessSanityChecks/src/conflicts/Test.java:0 -- Unknown test result type: INVALID  at  Test.java line 31" source="/TestUniquenessSanityChecks/src/conflicts/Test.java.html" line="31" baseImage="warning.gif" flags="0" />
    <result msg="/TestUniquenessSanityChecks/src/conflicts/Test.java:0 -- Unknown test result type: INVALID  at  Test.java line 34" source="/TestUniquenessSanityChecks/src/conflicts/Test.java.html" line="34" baseImage="warning.gif" flags="0" />
    <result msg="/TestUniquenessSanityChecks/src/conflicts/Test.java:0 -- Unknown test result type: INVALID  at  Test.java line 35" source="/TestUniquenessSanityChecks/src/conflicts/Test.java.html" line="35" baseImage="warning.gif" flags="0" />
    <result msg="/TestUniquenessSanityChecks/src/conflicts/Test.java:0 -- Unknown test result type: INVALID  at  Test.java line 42" source="/TestUniquenessSanityChecks/src/conflicts/Test.java.html" line="42" baseImage="warning.gif" flags="0" />
    <result msg="/TestUniquenessSanityChecks/src/conflicts/Test.java:0 -- Unknown test result type: INVALID  at  Test.java line 43" source="/TestUniquenessSanityChecks/src/conflicts/Test.java.html" line="43" baseImage="warning.gif" flags="0" />
    <result msg="/TestUniquenessSanityChecks/src/conflicts/Test.java:0 -- Unknown test result type: INVALID  at  Test.java line 44" source="/TestUniquenessSanityChecks/src/conflicts/Test.java.html" line="44" baseImage="warning.gif" flags="0" />
    <result msg="/TestUniquenessSanityChecks/src/unique/TestBadArgs.java:0 -- Unable to parse: @Unique   at  TestBadArgs.java line 109" source="/TestUniquenessSanityChecks/src/unique/TestBadArgs.java.html" line="109" baseImage="warning.gif" flags="0" />
    <result msg="/TestUniquenessSanityChecks/src/unique/TestBadArgs.java:0 -- Unable to parse: @Unique   at  TestBadArgs.java line 85" source="/TestUniquenessSanityChecks/src/unique/TestBadArgs.java.html" line="85" baseImage="warning.gif" flags="0" />
    <result msg="/TestUniquenessSanityChecks/src/unique/TestBadArgs.java:0 -- Unable to parse: @Unique   at  TestBadArgs.java line 88" source="/TestUniquenessSanityChecks/src/unique/TestBadArgs.java.html" line="88" baseImage="warning.gif" flags="0" />
    <result msg="/TestUniquenessSanityChecks/src/unique/TestBadArgs.java:0 -- Unable to parse: @Unique   at  TestBadArgs.java line 91" source="/TestUniquenessSanityChecks/src/unique/TestBadArgs.java.html" line="91" baseImage="warning.gif" flags="0" />
    <result msg="/TestUniquenessSanityChecks/src/unique/TestBadArgs.java:1 -- Unable to parse past @Unique   ___ a, b, c  at  TestBadArgs.java line 106" source="/TestUniquenessSanityChecks/src/unique/TestBadArgs.java.html" line="106" baseImage="warning.gif" flags="0" />
    <result msg="/TestUniquenessSanityChecks/src/unique/TestBadArgs.java:1 -- Unable to parse past @Unique   ___ a, b, c  at  TestBadArgs.java line 124" source="/TestUniquenessSanityChecks/src/unique/TestBadArgs.java.html" line="124" baseImage="warning.gif" flags="0" />
    <result msg="/TestUniquenessSanityChecks/src/unique/TestBadArgs.java:1 -- Unable to parse past @Unique   ___ a, b, c  at  TestBadArgs.java line 67" source="/TestUniquenessSanityChecks/src/unique/TestBadArgs.java.html" line="67" baseImage="warning.gif" flags="0" />
    <result msg="/TestUniquenessSanityChecks/src/unique/TestBadArgs.java:1 -- Unable to parse past @Unique   ___ a, b, c  at  TestBadArgs.java line 79" source="/TestUniquenessSanityChecks/src/unique/TestBadArgs.java.html" line="79" baseImage="warning.gif" flags="0" />
    <result msg="/TestUniquenessSanityChecks/src/unique/TestBadArgs.java:1 -- Unable to parse past @Unique   ___ return    at  TestBadArgs.java line 61" source="/TestUniquenessSanityChecks/src/unique/TestBadArgs.java.html" line="61" baseImage="warning.gif" flags="0" />
    <result msg="/TestUniquenessSanityChecks/src/unique/TestBadArgs.java:1 -- Unable to parse past @Unique   ___ return    at  TestBadArgs.java line 73" source="/TestUniquenessSanityChecks/src/unique/TestBadArgs.java.html" line="73" baseImage="warning.gif" flags="0" />
    <result msg="/TestUniquenessSanityChecks/src/unique/TestBadArgs.java:1 -- Unable to parse past @Unique   ___ return , this   at  TestBadArgs.java line 65" source="/TestUniquenessSanityChecks/src/unique/TestBadArgs.java.html" line="65" baseImage="warning.gif" flags="0" />
    <result msg="/TestUniquenessSanityChecks/src/unique/TestBadArgs.java:1 -- Unable to parse past @Unique   ___ return , this   at  TestBadArgs.java line 77" source="/TestUniquenessSanityChecks/src/unique/TestBadArgs.java.html" line="77" baseImage="warning.gif" flags="0" />
    <result msg="/TestUniquenessSanityChecks/src/unique/TestBadArgs.java:1 -- Unable to parse past @Unique   ___ this   at  TestBadArgs.java line 59" source="/TestUniquenessSanityChecks/src/unique/TestBadArgs.java.html" line="59" baseImage="warning.gif" flags="0" />
    <result msg="/TestUniquenessSanityChecks/src/unique/TestBadArgs.java:1 -- Unable to parse past @Unique   ___ this   at  TestBadArgs.java line 71" source="/TestUniquenessSanityChecks/src/unique/TestBadArgs.java.html" line="71" baseImage="warning.gif" flags="0" />
    <result msg="/TestUniquenessSanityChecks/src/unique/TestBadArgs.java:1 -- Unable to parse past @Unique   ___ this , return   at  TestBadArgs.java line 23" source="/TestUniquenessSanityChecks/src/unique/TestBadArgs.java.html" line="23" baseImage="warning.gif" flags="0" />
    <result msg="/TestUniquenessSanityChecks/src/unique/TestBadArgs.java:1 -- Unable to parse past @Unique   ___ this , return   at  TestBadArgs.java line 41" source="/TestUniquenessSanityChecks/src/unique/TestBadArgs.java.html" line="41" baseImage="warning.gif" flags="0" />
    <result msg="/TestUniquenessSanityChecks/src/unique/TestBadArgs.java:1 -- Unable to parse past @Unique   ___ this, return   at  TestBadArgs.java line 63" source="/TestUniquenessSanityChecks/src/unique/TestBadArgs.java.html" line="63" baseImage="warning.gif" flags="0" />
    <result msg="/TestUniquenessSanityChecks/src/unique/TestBadArgs.java:1 -- Unable to parse past @Unique   ___ this, return   at  TestBadArgs.java line 75" source="/TestUniquenessSanityChecks/src/unique/TestBadArgs.java.html" line="75" baseImage="warning.gif" flags="0" />
    <result msg="/TestUniquenessSanityChecks/src/unique/TestBadArgs.java:2 -- Unable to parse past @Unique    ___ a    at  TestBadArgs.java line 29" source="/TestUniquenessSanityChecks/src/unique/TestBadArgs.java.html" line="29" baseImage="warning.gif" flags="0" />
    <result msg="/TestUniquenessSanityChecks/src/unique/TestBadArgs.java:2 -- Unable to parse past @Unique    ___ a    at  TestBadArgs.java line 47" source="/TestUniquenessSanityChecks/src/unique/TestBadArgs.java.html" line="47" baseImage="warning.gif" flags="0" />
    <result msg="/TestUniquenessSanityChecks/src/unique/TestBadArgs.java:2 -- Unable to parse past @Unique    ___ return    at  TestBadArgs.java line 20" source="/TestUniquenessSanityChecks/src/unique/TestBadArgs.java.html" line="20" baseImage="warning.gif" flags="0" />
    <result msg="/TestUniquenessSanityChecks/src/unique/TestBadArgs.java:2 -- Unable to parse past @Unique    ___ return    at  TestBadArgs.java line 38" source="/TestUniquenessSanityChecks/src/unique/TestBadArgs.java.html" line="38" baseImage="warning.gif" flags="0" />
    <result msg="/TestUniquenessSanityChecks/src/unique/TestBadArgs.java:2 -- Unable to parse past @Unique    ___ return  , this    at  TestBadArgs.java line 26" source="/TestUniquenessSanityChecks/src/unique/TestBadArgs.java.html" line="26" baseImage="warning.gif" flags="0" />
    <result msg="/TestUniquenessSanityChecks/src/unique/TestBadArgs.java:2 -- Unable to parse past @Unique    ___ return  , this    at  TestBadArgs.java line 44" source="/TestUniquenessSanityChecks/src/unique/TestBadArgs.java.html" line="44" baseImage="warning.gif" flags="0" />
    <result msg="/TestUniquenessSanityChecks/src/unique/TestBadArgs.java:2 -- Unable to parse past @Unique    ___ this    at  TestBadArgs.java line 17" source="/TestUniquenessSanityChecks/src/unique/TestBadArgs.java.html" line="17" baseImage="warning.gif" flags="0" />
    <result msg="/TestUniquenessSanityChecks/src/unique/TestBadArgs.java:2 -- Unable to parse past @Unique    ___ this    at  TestBadArgs.java line 35" source="/TestUniquenessSanityChecks/src/unique/TestBadArgs.java.html" line="35" baseImage="warning.gif" flags="0" />
    <result msg="/TestUniquenessSanityChecks/src/unique/TestBadArgs.java:7 -- Unable to parse past @Unique  this,  ___ a, b, c  at  TestBadArgs.java line 127" source="/TestUniquenessSanityChecks/src/unique/TestBadArgs.java.html" line="127" baseImage="warning.gif" flags="0" />
    <result msg="/TestUniquenessSanityChecks/src/unique/TestUniqueConstructorJavaDoc.java:1 -- Unable to parse past @Unique   ___ return
  at  TestUniqueConstructorJavaDoc.java line 11" source="/TestUniquenessSanityChecks/src/unique/TestUniqueConstructorJavaDoc.java.html" line="11" baseImage="warning.gif" flags="0" />
    <result msg="/TestUniquenessSanityChecks/src/unique/TestUniqueConstructorJavaDoc.java:1 -- Unable to parse past @Unique   ___ this
  at  TestUniqueConstructorJavaDoc.java line 4" source="/TestUniquenessSanityChecks/src/unique/TestUniqueConstructorJavaDoc.java.html" line="4" baseImage="warning.gif" flags="0" />
    <result msg="/TestUniquenessSanityChecks/src/unique/TestUniqueConstructorJavaDoc.java:1 -- Unable to parse past @Unique   ___ this, return
  at  TestUniqueConstructorJavaDoc.java line 32" source="/TestUniquenessSanityChecks/src/unique/TestUniqueConstructorJavaDoc.java.html" line="32" baseImage="warning.gif" flags="0" />
    <result msg="/TestUniquenessSanityChecks/src/unique/TestUniqueConstructorJavaDoc.java:4 -- Unable to parse past @Unique  o,  ___ this
  at  TestUniqueConstructorJavaDoc.java line 39" source="/TestUniquenessSanityChecks/src/unique/TestUniqueConstructorJavaDoc.java.html" line="39" baseImage="warning.gif" flags="0" />
    <result msg="/TestUniquenessSanityChecks/src/unique/TestUniqueConstructorJavaDoc.java:427 -- Couldn&apos;t find p  at  TestUniqueConstructorJavaDoc.java line 18" source="/TestUniquenessSanityChecks/src/unique/TestUniqueConstructorJavaDoc.java.html" line="18" baseImage="warning.gif" flags="0" />
    <result msg="Borrowed may not be used on primitive types on Borrowed  at  Test.java line 56" source="/TestUniquenessSanityChecks/src/nonReference/Test.java.html" line="56" baseImage="warning.gif" flags="0" />
    <result msg="Cannot be both unique and borrowed on Unique  at  Test.java line 12" source="/TestUniquenessSanityChecks/src/conflicts/Test.java.html" line="12" baseImage="warning.gif" flags="0" />
    <result msg="Cannot be both unique and borrowed on Unique  at  Test.java line 15" source="/TestUniquenessSanityChecks/src/conflicts/Test.java.html" line="15" baseImage="warning.gif" flags="0" />
    <result msg="Cannot be both unique and borrowed on Unique  at  Test.java line 30" source="/TestUniquenessSanityChecks/src/conflicts/Test.java.html" line="30" baseImage="warning.gif" flags="0" />
    <result msg="Cannot be both unique and borrowed on Unique  at  Test.java line 42" source="/TestUniquenessSanityChecks/src/conflicts/Test.java.html" line="42" baseImage="warning.gif" flags="0" />
    <result msg="Cannot be both unique and not unique on Unique  at  Test.java line 13" source="/TestUniquenessSanityChecks/src/conflicts/Test.java.html" line="13" baseImage="warning.gif" flags="0" />
    <result msg="Cannot be both unique and not unique on Unique  at  Test.java line 15" source="/TestUniquenessSanityChecks/src/conflicts/Test.java.html" line="15" baseImage="warning.gif" flags="0" />
    <result msg="Cannot be both unique and not unique on Unique  at  Test.java line 34" source="/TestUniquenessSanityChecks/src/conflicts/Test.java.html" line="34" baseImage="warning.gif" flags="0" />
    <result msg="Cannot be both unique and not unique on Unique  at  Test.java line 42" source="/TestUniquenessSanityChecks/src/conflicts/Test.java.html" line="42" baseImage="warning.gif" flags="0" />
    <result msg="NotUnique may not be used on primitive types on NotUnique  at  Test.java line 73" source="/TestUniquenessSanityChecks/src/nonReference/Test.java.html" line="73" baseImage="warning.gif" flags="0" />
    <result msg="Unique may not be used on primitive types on Unique  at  Test.java line 16" source="/TestUniquenessSanityChecks/src/nonReference/Test.java.html" line="16" baseImage="warning.gif" flags="0" />
    <result msg="Unique may not be used on primitive types on Unique  at  Test.java line 39" source="/TestUniquenessSanityChecks/src/nonReference/Test.java.html" line="39" baseImage="warning.gif" flags="0" />
    <result msg="Unique may not be used on primitive types on Unique  at  Test.java line 9" source="/TestUniquenessSanityChecks/src/nonReference/Test.java.html" line="9" baseImage="warning.gif" flags="0" />
  </result>
</root>