<sourceFiles>
	<package name="t">
		<class name="A.java" source="/BCALockingTest/src/t/A.java"/>
		<class name="B.java" source="/BCALockingTest/src/t/B.java"/>
		<class name="C.java" source="/BCALockingTest/src/t/C.java"/>
		<class name="D.java" source="/BCASimple/src/t/D.java"/>
		<class name="E.java" source="/BCASimple/src/t/E.java"/>
		<class name="Inner.java" source="/TrickyIndirectAccess/src/t/Inner.java"/>
		<class name="Test.java" source="/TrickyIndirectAccess/src/t/Test.java"/>
	</package>
	<package name="test">
		<class name="A.java" source="/DeepAggregationTest/src/test/A.java"/>
		<class name="B.java" source="/DeepAggregationTest/src/test/B.java"/>
		<class name="C.java" source="/DeepAggregationTest/src/test/C.java"/>
		<class name="D.java" source="/DeepAggregationTest/src/test/D.java"/>
		<class name="E.java" source="/DeepAggregationTest/src/test/E.java"/>
	</package>
	<package name="tt">
		<class name="C.java" source="/TrickyIndirectAccess/src/tt/C.java"/>
		<class name="D.java" source="/TrickyIndirectAccess/src/tt/D.java"/>
		<class name="E.java" source="/TrickyIndirectAccess/src/tt/E.java"/>
	</package>
	<package name="ttt">
		<class name="Inner.java" source="/TrickyIndirectAccess/src/ttt/Inner.java"/>
		<class name="Test.java" source="/TrickyIndirectAccess/src/ttt/Test.java"/>
	</package>
</sourceFiles>
