<sourceFiles>
	<package name="com.surelogic">
		<class name="Aggregate.java" source="/promises/src/com/surelogic/Aggregate.java.html"/>
		<class name="AllowsReferencesFrom.java" source="/promises/src/com/surelogic/AllowsReferencesFrom.java.html"/>
		<class name="Assume.java" source="/promises/src/com/surelogic/Assume.java.html"/>
		<class name="Assumes.java" source="/promises/src/com/surelogic/Assumes.java.html"/>
		<class name="Borrowed.java" source="/promises/src/com/surelogic/Borrowed.java.html"/>
		<class name="InLayer.java" source="/promises/src/com/surelogic/InLayer.java.html"/>
		<class name="InRegion.java" source="/promises/src/com/surelogic/InRegion.java.html"/>
		<class name="IsLock.java" source="/promises/src/com/surelogic/IsLock.java.html"/>
		<class name="Layer.java" source="/promises/src/com/surelogic/Layer.java.html"/>
		<class name="Layers.java" source="/promises/src/com/surelogic/Layers.java.html"/>
		<class name="MapFields.java" source="/promises/src/com/surelogic/MapFields.java.html"/>
		<class name="MapsFields.java" source="/promises/src/com/surelogic/MapsFields.java.html"/>
		<class name="MayReferTo.java" source="/promises/src/com/surelogic/MayReferTo.java.html"/>
		<class name="PolicyLock.java" source="/promises/src/com/surelogic/PolicyLock.java.html"/>
		<class name="PolicyLocks.java" source="/promises/src/com/surelogic/PolicyLocks.java.html"/>
		<class name="Promise.java" source="/promises/src/com/surelogic/Promise.java.html"/>
		<class name="Promises.java" source="/promises/src/com/surelogic/Promises.java.html"/>
		<class name="Reads.java" source="/promises/src/com/surelogic/Reads.java.html"/>
		<class name="Region.java" source="/promises/src/com/surelogic/Region.java.html"/>
		<class name="RegionLock.java" source="/promises/src/com/surelogic/RegionLock.java.html"/>
		<class name="RegionLocks.java" source="/promises/src/com/surelogic/RegionLocks.java.html"/>
		<class name="Regions.java" source="/promises/src/com/surelogic/Regions.java.html"/>
		<class name="RequiresLock.java" source="/promises/src/com/surelogic/RequiresLock.java.html"/>
		<class name="ReturnsLock.java" source="/promises/src/com/surelogic/ReturnsLock.java.html"/>
		<class name="SelfProtected.java" source="/promises/src/com/surelogic/SelfProtected.java.html"/>
		<class name="SingleThreaded.java" source="/promises/src/com/surelogic/SingleThreaded.java.html"/>
		<class name="Starts.java" source="/promises/src/com/surelogic/Starts.java.html"/>
		<class name="TypeSet.java" source="/promises/src/com/surelogic/TypeSet.java.html"/>
		<class name="TypeSets.java" source="/promises/src/com/surelogic/TypeSets.java.html"/>
		<class name="Unique.java" source="/promises/src/com/surelogic/Unique.java.html"/>
		<class name="Writes.java" source="/promises/src/com/surelogic/Writes.java.html"/>
	</package>
	<package name="net.jcip.annotations">
		<class name="GuardedBy.java" source="/promises/src/net/jcip/annotations/GuardedBy.java.html"/>
		<class name="Immutable.java" source="/promises/src/net/jcip/annotations/Immutable.java.html"/>
		<class name="NotThreadSafe.java" source="/promises/src/net/jcip/annotations/NotThreadSafe.java.html"/>
		<class name="ThreadSafe.java" source="/promises/src/net/jcip/annotations/ThreadSafe.java.html"/>
	</package>
	<package name="org.apache.commons.httpclient">
		<class name="AutoCloseInputStream.java" source="/HTTPClient/src/org/apache/commons/httpclient/AutoCloseInputStream.java.html"/>
		<class name="ChunkedInputStream.java" source="/HTTPClient/src/org/apache/commons/httpclient/ChunkedInputStream.java.html"/>
		<class name="ChunkedOutputStream.java" source="/HTTPClient/src/org/apache/commons/httpclient/ChunkedOutputStream.java.html"/>
		<class name="CircularRedirectException.java" source="/HTTPClient/src/org/apache/commons/httpclient/CircularRedirectException.java.html"/>
		<class name="ConnectMethod.java" source="/HTTPClient/src/org/apache/commons/httpclient/ConnectMethod.java.html"/>
		<class name="ConnectTimeoutException.java" source="/HTTPClient/src/org/apache/commons/httpclient/ConnectTimeoutException.java.html"/>
		<class name="ConnectionPoolTimeoutException.java" source="/HTTPClient/src/org/apache/commons/httpclient/ConnectionPoolTimeoutException.java.html"/>
		<class name="ContentLengthInputStream.java" source="/HTTPClient/src/org/apache/commons/httpclient/ContentLengthInputStream.java.html"/>
		<class name="Cookie.java" source="/HTTPClient/src/org/apache/commons/httpclient/Cookie.java.html"/>
		<class name="Credentials.java" source="/HTTPClient/src/org/apache/commons/httpclient/Credentials.java.html"/>
		<class name="DefaultHttpMethodRetryHandler.java" source="/HTTPClient/src/org/apache/commons/httpclient/DefaultHttpMethodRetryHandler.java.html"/>
		<class name="DefaultMethodRetryHandler.java" source="/HTTPClient/src/org/apache/commons/httpclient/DefaultMethodRetryHandler.java.html"/>
		<class name="Header.java" source="/HTTPClient/src/org/apache/commons/httpclient/Header.java.html"/>
		<class name="HeaderElement.java" source="/HTTPClient/src/org/apache/commons/httpclient/HeaderElement.java.html"/>
		<class name="HeaderGroup.java" source="/HTTPClient/src/org/apache/commons/httpclient/HeaderGroup.java.html"/>
		<class name="HostConfiguration.java" source="/HTTPClient/src/org/apache/commons/httpclient/HostConfiguration.java.html"/>
		<class name="HttpClient.java" source="/HTTPClient/src/org/apache/commons/httpclient/HttpClient.java.html"/>
		<class name="HttpClientError.java" source="/HTTPClient/src/org/apache/commons/httpclient/HttpClientError.java.html"/>
		<class name="HttpConnection.java" source="/HTTPClient/src/org/apache/commons/httpclient/HttpConnection.java.html"/>
		<class name="HttpConnectionManager.java" source="/HTTPClient/src/org/apache/commons/httpclient/HttpConnectionManager.java.html"/>
		<class name="HttpConstants.java" source="/HTTPClient/src/org/apache/commons/httpclient/HttpConstants.java.html"/>
		<class name="HttpContentTooLargeException.java" source="/HTTPClient/src/org/apache/commons/httpclient/HttpContentTooLargeException.java.html"/>
		<class name="HttpException.java" source="/HTTPClient/src/org/apache/commons/httpclient/HttpException.java.html"/>
		<class name="HttpHost.java" source="/HTTPClient/src/org/apache/commons/httpclient/HttpHost.java.html"/>
		<class name="HttpMethod.java" source="/HTTPClient/src/org/apache/commons/httpclient/HttpMethod.java.html"/>
		<class name="HttpMethodBase.java" source="/HTTPClient/src/org/apache/commons/httpclient/HttpMethodBase.java.html"/>
		<class name="HttpMethodDirector.java" source="/HTTPClient/src/org/apache/commons/httpclient/HttpMethodDirector.java.html"/>
		<class name="HttpMethodRetryHandler.java" source="/HTTPClient/src/org/apache/commons/httpclient/HttpMethodRetryHandler.java.html"/>
		<class name="HttpParser.java" source="/HTTPClient/src/org/apache/commons/httpclient/HttpParser.java.html"/>
		<class name="HttpRecoverableException.java" source="/HTTPClient/src/org/apache/commons/httpclient/HttpRecoverableException.java.html"/>
		<class name="HttpState.java" source="/HTTPClient/src/org/apache/commons/httpclient/HttpState.java.html"/>
		<class name="HttpStatus.java" source="/HTTPClient/src/org/apache/commons/httpclient/HttpStatus.java.html"/>
		<class name="HttpURL.java" source="/HTTPClient/src/org/apache/commons/httpclient/HttpURL.java.html"/>
		<class name="HttpVersion.java" source="/HTTPClient/src/org/apache/commons/httpclient/HttpVersion.java.html"/>
		<class name="HttpsURL.java" source="/HTTPClient/src/org/apache/commons/httpclient/HttpsURL.java.html"/>
		<class name="InvalidRedirectLocationException.java" source="/HTTPClient/src/org/apache/commons/httpclient/InvalidRedirectLocationException.java.html"/>
		<class name="MethodRetryHandler.java" source="/HTTPClient/src/org/apache/commons/httpclient/MethodRetryHandler.java.html"/>
		<class name="MultiThreadedHttpConnectionManager.java" source="/HTTPClient/src/org/apache/commons/httpclient/MultiThreadedHttpConnectionManager.java.html"/>
		<class name="NTCredentials.java" source="/HTTPClient/src/org/apache/commons/httpclient/NTCredentials.java.html"/>
		<class name="NameValuePair.java" source="/HTTPClient/src/org/apache/commons/httpclient/NameValuePair.java.html"/>
		<class name="NoHttpResponseException.java" source="/HTTPClient/src/org/apache/commons/httpclient/NoHttpResponseException.java.html"/>
		<class name="ProtocolException.java" source="/HTTPClient/src/org/apache/commons/httpclient/ProtocolException.java.html"/>
		<class name="ProxyClient.java" source="/HTTPClient/src/org/apache/commons/httpclient/ProxyClient.java.html"/>
		<class name="ProxyHost.java" source="/HTTPClient/src/org/apache/commons/httpclient/ProxyHost.java.html"/>
		<class name="RedirectException.java" source="/HTTPClient/src/org/apache/commons/httpclient/RedirectException.java.html"/>
		<class name="ResponseConsumedWatcher.java" source="/HTTPClient/src/org/apache/commons/httpclient/ResponseConsumedWatcher.java.html"/>
		<class name="SimpleHttpConnectionManager.java" source="/HTTPClient/src/org/apache/commons/httpclient/SimpleHttpConnectionManager.java.html"/>
		<class name="StatusLine.java" source="/HTTPClient/src/org/apache/commons/httpclient/StatusLine.java.html"/>
		<class name="URI.java" source="/HTTPClient/src/org/apache/commons/httpclient/URI.java.html"/>
		<class name="URIException.java" source="/HTTPClient/src/org/apache/commons/httpclient/URIException.java.html"/>
		<class name="UsernamePasswordCredentials.java" source="/HTTPClient/src/org/apache/commons/httpclient/UsernamePasswordCredentials.java.html"/>
		<class name="Wire.java" source="/HTTPClient/src/org/apache/commons/httpclient/Wire.java.html"/>
		<class name="WireLogInputStream.java" source="/HTTPClient/src/org/apache/commons/httpclient/WireLogInputStream.java.html"/>
		<class name="WireLogOutputStream.java" source="/HTTPClient/src/org/apache/commons/httpclient/WireLogOutputStream.java.html"/>
	</package>
	<package name="org.apache.commons.httpclient.auth">
		<class name="AuthChallengeException.java" source="/HTTPClient/src/org/apache/commons/httpclient/auth/AuthChallengeException.java.html"/>
		<class name="AuthChallengeParser.java" source="/HTTPClient/src/org/apache/commons/httpclient/auth/AuthChallengeParser.java.html"/>
		<class name="AuthChallengeProcessor.java" source="/HTTPClient/src/org/apache/commons/httpclient/auth/AuthChallengeProcessor.java.html"/>
		<class name="AuthPolicy.java" source="/HTTPClient/src/org/apache/commons/httpclient/auth/AuthPolicy.java.html"/>
		<class name="AuthScheme.java" source="/HTTPClient/src/org/apache/commons/httpclient/auth/AuthScheme.java.html"/>
		<class name="AuthSchemeBase.java" source="/HTTPClient/src/org/apache/commons/httpclient/auth/AuthSchemeBase.java.html"/>
		<class name="AuthScope.java" source="/HTTPClient/src/org/apache/commons/httpclient/auth/AuthScope.java.html"/>
		<class name="AuthState.java" source="/HTTPClient/src/org/apache/commons/httpclient/auth/AuthState.java.html"/>
		<class name="AuthenticationException.java" source="/HTTPClient/src/org/apache/commons/httpclient/auth/AuthenticationException.java.html"/>
		<class name="BasicScheme.java" source="/HTTPClient/src/org/apache/commons/httpclient/auth/BasicScheme.java.html"/>
		<class name="CredentialsNotAvailableException.java" source="/HTTPClient/src/org/apache/commons/httpclient/auth/CredentialsNotAvailableException.java.html"/>
		<class name="CredentialsProvider.java" source="/HTTPClient/src/org/apache/commons/httpclient/auth/CredentialsProvider.java.html"/>
		<class name="DigestScheme.java" source="/HTTPClient/src/org/apache/commons/httpclient/auth/DigestScheme.java.html"/>
		<class name="HttpAuthRealm.java" source="/HTTPClient/src/org/apache/commons/httpclient/auth/HttpAuthRealm.java.html"/>
		<class name="HttpAuthenticator.java" source="/HTTPClient/src/org/apache/commons/httpclient/auth/HttpAuthenticator.java.html"/>
		<class name="InvalidCredentialsException.java" source="/HTTPClient/src/org/apache/commons/httpclient/auth/InvalidCredentialsException.java.html"/>
		<class name="MalformedChallengeException.java" source="/HTTPClient/src/org/apache/commons/httpclient/auth/MalformedChallengeException.java.html"/>
		<class name="NTLM.java" source="/HTTPClient/src/org/apache/commons/httpclient/auth/NTLM.java.html"/>
		<class name="NTLMScheme.java" source="/HTTPClient/src/org/apache/commons/httpclient/auth/NTLMScheme.java.html"/>
		<class name="RFC2617Scheme.java" source="/HTTPClient/src/org/apache/commons/httpclient/auth/RFC2617Scheme.java.html"/>
	</package>
	<package name="org.apache.commons.httpclient.cookie">
		<class name="Cookie2.java" source="/HTTPClient/src/org/apache/commons/httpclient/cookie/Cookie2.java.html"/>
		<class name="CookieAttributeHandler.java" source="/HTTPClient/src/org/apache/commons/httpclient/cookie/CookieAttributeHandler.java.html"/>
		<class name="CookieOrigin.java" source="/HTTPClient/src/org/apache/commons/httpclient/cookie/CookieOrigin.java.html"/>
		<class name="CookiePathComparator.java" source="/HTTPClient/src/org/apache/commons/httpclient/cookie/CookiePathComparator.java.html"/>
		<class name="CookiePolicy.java" source="/HTTPClient/src/org/apache/commons/httpclient/cookie/CookiePolicy.java.html"/>
		<class name="CookieSpec.java" source="/HTTPClient/src/org/apache/commons/httpclient/cookie/CookieSpec.java.html"/>
		<class name="CookieSpecBase.java" source="/HTTPClient/src/org/apache/commons/httpclient/cookie/CookieSpecBase.java.html"/>
		<class name="CookieVersionSupport.java" source="/HTTPClient/src/org/apache/commons/httpclient/cookie/CookieVersionSupport.java.html"/>
		<class name="IgnoreCookiesSpec.java" source="/HTTPClient/src/org/apache/commons/httpclient/cookie/IgnoreCookiesSpec.java.html"/>
		<class name="MalformedCookieException.java" source="/HTTPClient/src/org/apache/commons/httpclient/cookie/MalformedCookieException.java.html"/>
		<class name="NetscapeDraftSpec.java" source="/HTTPClient/src/org/apache/commons/httpclient/cookie/NetscapeDraftSpec.java.html"/>
		<class name="RFC2109Spec.java" source="/HTTPClient/src/org/apache/commons/httpclient/cookie/RFC2109Spec.java.html"/>
		<class name="RFC2965Spec.java" source="/HTTPClient/src/org/apache/commons/httpclient/cookie/RFC2965Spec.java.html"/>
	</package>
	<package name="org.apache.commons.httpclient.methods">
		<class name="ByteArrayRequestEntity.java" source="/HTTPClient/src/org/apache/commons/httpclient/methods/ByteArrayRequestEntity.java.html"/>
		<class name="DeleteMethod.java" source="/HTTPClient/src/org/apache/commons/httpclient/methods/DeleteMethod.java.html"/>
		<class name="EntityEnclosingMethod.java" source="/HTTPClient/src/org/apache/commons/httpclient/methods/EntityEnclosingMethod.java.html"/>
		<class name="ExpectContinueMethod.java" source="/HTTPClient/src/org/apache/commons/httpclient/methods/ExpectContinueMethod.java.html"/>
		<class name="FileRequestEntity.java" source="/HTTPClient/src/org/apache/commons/httpclient/methods/FileRequestEntity.java.html"/>
		<class name="GetMethod.java" source="/HTTPClient/src/org/apache/commons/httpclient/methods/GetMethod.java.html"/>
		<class name="HeadMethod.java" source="/HTTPClient/src/org/apache/commons/httpclient/methods/HeadMethod.java.html"/>
		<class name="InputStreamRequestEntity.java" source="/HTTPClient/src/org/apache/commons/httpclient/methods/InputStreamRequestEntity.java.html"/>
		<class name="MultipartPostMethod.java" source="/HTTPClient/src/org/apache/commons/httpclient/methods/MultipartPostMethod.java.html"/>
		<class name="OptionsMethod.java" source="/HTTPClient/src/org/apache/commons/httpclient/methods/OptionsMethod.java.html"/>
		<class name="PostMethod.java" source="/HTTPClient/src/org/apache/commons/httpclient/methods/PostMethod.java.html"/>
		<class name="PutMethod.java" source="/HTTPClient/src/org/apache/commons/httpclient/methods/PutMethod.java.html"/>
		<class name="RequestEntity.java" source="/HTTPClient/src/org/apache/commons/httpclient/methods/RequestEntity.java.html"/>
		<class name="StringRequestEntity.java" source="/HTTPClient/src/org/apache/commons/httpclient/methods/StringRequestEntity.java.html"/>
		<class name="TraceMethod.java" source="/HTTPClient/src/org/apache/commons/httpclient/methods/TraceMethod.java.html"/>
	</package>
	<package name="org.apache.commons.httpclient.methods.multipart">
		<class name="ByteArrayPartSource.java" source="/HTTPClient/src/org/apache/commons/httpclient/methods/multipart/ByteArrayPartSource.java.html"/>
		<class name="FilePart.java" source="/HTTPClient/src/org/apache/commons/httpclient/methods/multipart/FilePart.java.html"/>
		<class name="FilePartSource.java" source="/HTTPClient/src/org/apache/commons/httpclient/methods/multipart/FilePartSource.java.html"/>
		<class name="MultipartRequestEntity.java" source="/HTTPClient/src/org/apache/commons/httpclient/methods/multipart/MultipartRequestEntity.java.html"/>
		<class name="Part.java" source="/HTTPClient/src/org/apache/commons/httpclient/methods/multipart/Part.java.html"/>
		<class name="PartBase.java" source="/HTTPClient/src/org/apache/commons/httpclient/methods/multipart/PartBase.java.html"/>
		<class name="PartSource.java" source="/HTTPClient/src/org/apache/commons/httpclient/methods/multipart/PartSource.java.html"/>
		<class name="StringPart.java" source="/HTTPClient/src/org/apache/commons/httpclient/methods/multipart/StringPart.java.html"/>
	</package>
	<package name="org.apache.commons.httpclient.params">
		<class name="DefaultHttpParams.java" source="/HTTPClient/src/org/apache/commons/httpclient/params/DefaultHttpParams.java.html"/>
		<class name="DefaultHttpParamsFactory.java" source="/HTTPClient/src/org/apache/commons/httpclient/params/DefaultHttpParamsFactory.java.html"/>
		<class name="HostParams.java" source="/HTTPClient/src/org/apache/commons/httpclient/params/HostParams.java.html"/>
		<class name="HttpClientParams.java" source="/HTTPClient/src/org/apache/commons/httpclient/params/HttpClientParams.java.html"/>
		<class name="HttpConnectionManagerParams.java" source="/HTTPClient/src/org/apache/commons/httpclient/params/HttpConnectionManagerParams.java.html"/>
		<class name="HttpConnectionParams.java" source="/HTTPClient/src/org/apache/commons/httpclient/params/HttpConnectionParams.java.html"/>
		<class name="HttpMethodParams.java" source="/HTTPClient/src/org/apache/commons/httpclient/params/HttpMethodParams.java.html"/>
		<class name="HttpParams.java" source="/HTTPClient/src/org/apache/commons/httpclient/params/HttpParams.java.html"/>
		<class name="HttpParamsFactory.java" source="/HTTPClient/src/org/apache/commons/httpclient/params/HttpParamsFactory.java.html"/>
	</package>
	<package name="org.apache.commons.httpclient.protocol">
		<class name="ControllerThreadSocketFactory.java" source="/HTTPClient/src/org/apache/commons/httpclient/protocol/ControllerThreadSocketFactory.java.html"/>
		<class name="DefaultProtocolSocketFactory.java" source="/HTTPClient/src/org/apache/commons/httpclient/protocol/DefaultProtocolSocketFactory.java.html"/>
		<class name="Protocol.java" source="/HTTPClient/src/org/apache/commons/httpclient/protocol/Protocol.java.html"/>
		<class name="ProtocolSocketFactory.java" source="/HTTPClient/src/org/apache/commons/httpclient/protocol/ProtocolSocketFactory.java.html"/>
		<class name="ReflectionSocketFactory.java" source="/HTTPClient/src/org/apache/commons/httpclient/protocol/ReflectionSocketFactory.java.html"/>
		<class name="SSLProtocolSocketFactory.java" source="/HTTPClient/src/org/apache/commons/httpclient/protocol/SSLProtocolSocketFactory.java.html"/>
		<class name="SecureProtocolSocketFactory.java" source="/HTTPClient/src/org/apache/commons/httpclient/protocol/SecureProtocolSocketFactory.java.html"/>
	</package>
	<package name="org.apache.commons.httpclient.util">
		<class name="DateParseException.java" source="/HTTPClient/src/org/apache/commons/httpclient/util/DateParseException.java.html"/>
		<class name="DateParser.java" source="/HTTPClient/src/org/apache/commons/httpclient/util/DateParser.java.html"/>
		<class name="DateUtil.java" source="/HTTPClient/src/org/apache/commons/httpclient/util/DateUtil.java.html"/>
		<class name="EncodingUtil.java" source="/HTTPClient/src/org/apache/commons/httpclient/util/EncodingUtil.java.html"/>
		<class name="ExceptionUtil.java" source="/HTTPClient/src/org/apache/commons/httpclient/util/ExceptionUtil.java.html"/>
		<class name="HttpURLConnection.java" source="/HTTPClient/src/org/apache/commons/httpclient/util/HttpURLConnection.java.html"/>
		<class name="IdleConnectionHandler.java" source="/HTTPClient/src/org/apache/commons/httpclient/util/IdleConnectionHandler.java.html"/>
		<class name="IdleConnectionTimeoutThread.java" source="/HTTPClient/src/org/apache/commons/httpclient/util/IdleConnectionTimeoutThread.java.html"/>
		<class name="LangUtils.java" source="/HTTPClient/src/org/apache/commons/httpclient/util/LangUtils.java.html"/>
		<class name="ParameterFormatter.java" source="/HTTPClient/src/org/apache/commons/httpclient/util/ParameterFormatter.java.html"/>
		<class name="ParameterParser.java" source="/HTTPClient/src/org/apache/commons/httpclient/util/ParameterParser.java.html"/>
		<class name="TimeoutController.java" source="/HTTPClient/src/org/apache/commons/httpclient/util/TimeoutController.java.html"/>
		<class name="URIUtil.java" source="/HTTPClient/src/org/apache/commons/httpclient/util/URIUtil.java.html"/>
	</package>
</sourceFiles>
