<root msg="Assurance Results">
  <result msg="Concurrency (1 issue)" baseImage="folder.gif" flags="2">
    <result msg="RegionLock java.lang.Object.MUTEX is this protects WaitQueue  on  Object  at  java.lang.Object" baseImage="annotation.gif" flags="2">
      <result msg="5 lock precondition(s)" baseImage="folder.gif" flags="2">
        <result msg="RequiresLock MUTEX  on  java.lang.Object.notify()  at  java.lang.Object" baseImage="annotation.gif" flags="2" />
        <result msg="RequiresLock MUTEX  on  java.lang.Object.notifyAll()  at  java.lang.Object" baseImage="annotation.gif" flags="2" />
        <result msg="RequiresLock MUTEX  on  java.lang.Object.wait()  at  java.lang.Object" baseImage="annotation.gif" flags="2" />
        <result msg="RequiresLock MUTEX  on  java.lang.Object.wait(long)  at  java.lang.Object" baseImage="annotation.gif" flags="2" />
        <result msg="RequiresLock MUTEX  on  java.lang.Object.wait(long,int)  at  java.lang.Object" baseImage="annotation.gif" flags="2" />
      </result>
      <result msg="java.lang.Object.MUTEX is consistent with the code in java.lang.Object" baseImage="plus.gif" flags="0" />
      <result msg="Region public java.lang.Object.WaitQueue  at  java.lang.Object" baseImage="annotation.gif" flags="0">
        <result msg="Region public java.lang.Object.Instance  at  java.lang.Object" baseImage="annotation.gif" flags="0">
          <result msg="Region public static java.lang.Object.All  at  java.lang.Object" baseImage="annotation.gif" flags="0" />
        </result>
      </result>
    </result>
  </result>
  <result msg="Effects (16 issues)" baseImage="folder.gif" flags="4">
    <result msg="No effects on emptyEffects.C.callTouchNothing()  at  C.java line 14" source="/TestExplicitNoEffect/src/emptyEffects/C.java.html" line="14" baseImage="annotation.gif" flags="2">
      <result msg="No effects from calling this.touchNothing  at  C.java line 16" source="/TestExplicitNoEffect/src/emptyEffects/C.java.html" line="16" baseImage="plus.gif" flags="2">
        <result msg="1 prerequisite assertion:" baseImage="choice_item.gif" flags="2">
          <result msg="No effects on emptyEffects.C.touchNothing()  at  C.java line 10" source="/TestExplicitNoEffect/src/emptyEffects/C.java.html" line="10" baseImage="annotation.gif" flags="2">
            <result msg="Empty effects trivially satisfy declared effects  at  C.java line 10" source="/TestExplicitNoEffect/src/emptyEffects/C.java.html" line="10" baseImage="plus.gif" flags="0" />
          </result>
        </result>
        <result msg="supporting information: Parameter &quot;this&quot; bound to &quot;this&quot;  at  C.java line 16" source="/TestExplicitNoEffect/src/emptyEffects/C.java.html" line="16" baseImage="info.gif" flags="0" />
      </result>
    </result>
    <result msg="No effects on emptyEffects.C.callTouchX()  at  C.java line 26" source="/TestExplicitNoEffect/src/emptyEffects/C.java.html" line="26" baseImage="annotation.gif" flags="4">
      <result msg="No effects from calling this.touchX  at  C.java line 28" source="/TestExplicitNoEffect/src/emptyEffects/C.java.html" line="28" baseImage="plus.gif" flags="4">
        <result msg="1 prerequisite assertion:" baseImage="choice_item.gif" flags="4">
          <result msg="No effects on emptyEffects.C.touchX()  at  C.java line 21" source="/TestExplicitNoEffect/src/emptyEffects/C.java.html" line="21" baseImage="annotation.gif" flags="4">
            <result msg="&quot;writes &lt;this&gt;:x&quot; not accounted for by declared effect(s)  at  C.java line 23" source="/TestExplicitNoEffect/src/emptyEffects/C.java.html" line="23" baseImage="red_x.gif" flags="0" />
          </result>
        </result>
        <result msg="supporting information: Parameter &quot;this&quot; bound to &quot;this&quot;  at  C.java line 28" source="/TestExplicitNoEffect/src/emptyEffects/C.java.html" line="28" baseImage="info.gif" flags="0" />
      </result>
    </result>
    <result msg="No effects on emptyEffects.C.touchNothing()  at  C.java line 10" source="/TestExplicitNoEffect/src/emptyEffects/C.java.html" line="10" baseImage="annotation.gif" flags="2">
      <result msg="Empty effects trivially satisfy declared effects  at  C.java line 10" source="/TestExplicitNoEffect/src/emptyEffects/C.java.html" line="10" baseImage="plus.gif" flags="0" />
    </result>
    <result msg="No effects on emptyEffects.C.touchX()  at  C.java line 21" source="/TestExplicitNoEffect/src/emptyEffects/C.java.html" line="21" baseImage="annotation.gif" flags="4">
      <result msg="&quot;writes &lt;this&gt;:x&quot; not accounted for by declared effect(s)  at  C.java line 23" source="/TestExplicitNoEffect/src/emptyEffects/C.java.html" line="23" baseImage="red_x.gif" flags="0" />
    </result>
    <result msg="No effects on emptyEffects.Child.Child()  at  Child.java line 6" source="/TestExplicitNoEffect/src/emptyEffects/Child.java.html" line="6" baseImage="annotation.gif" flags="2">
      <result msg="No effects from calling super  at  Child.java line 8" source="/TestExplicitNoEffect/src/emptyEffects/Child.java.html" line="8" baseImage="plus.gif" flags="2">
        <result msg="1 prerequisite assertion:" baseImage="choice_item.gif" flags="2">
          <result msg="No effects on emptyEffects.Super.Super()  at  Super.java line 8" source="/TestExplicitNoEffect/src/emptyEffects/Super.java.html" line="8" baseImage="annotation.gif" flags="2">
            <result msg="No effects from calling super  at  Super.java line 9" source="/TestExplicitNoEffect/src/emptyEffects/Super.java.html" line="9" baseImage="plus.gif" flags="2">
              <result msg="1 prerequisite assertion:" baseImage="choice_item.gif" flags="2">
                <result msg="No effects on java.lang.Object.Object()  at  java.lang.Object" baseImage="annotation.gif" flags="2" />
              </result>
            </result>
          </result>
        </result>
      </result>
    </result>
    <result msg="No effects on emptyEffects.Child.Child(int)  at  Child.java line 11" source="/TestExplicitNoEffect/src/emptyEffects/Child.java.html" line="11" baseImage="annotation.gif" flags="4">
      <result msg="No effects from calling super (v)  at  Child.java line 13" source="/TestExplicitNoEffect/src/emptyEffects/Child.java.html" line="13" baseImage="plus.gif" flags="4">
        <result msg="1 prerequisite assertion:" baseImage="choice_item.gif" flags="4">
          <result msg="No effects on emptyEffects.Super.Super(int)  at  Super.java line 12" source="/TestExplicitNoEffect/src/emptyEffects/Super.java.html" line="12" baseImage="annotation.gif" flags="4">
            <result msg="&quot;writes emptyEffects.Super:z&quot; not accounted for by declared effect(s)  at  Super.java line 14" source="/TestExplicitNoEffect/src/emptyEffects/Super.java.html" line="14" baseImage="red_x.gif" flags="0" />
            <result msg="No effects from calling super  at  Super.java line 14" source="/TestExplicitNoEffect/src/emptyEffects/Super.java.html" line="14" baseImage="plus.gif" flags="2">
              <result msg="1 prerequisite assertion:" baseImage="choice_item.gif" flags="2">
                <result msg="No effects on java.lang.Object.Object()  at  java.lang.Object" baseImage="annotation.gif" flags="2" />
              </result>
            </result>
          </result>
        </result>
        <result msg="supporting information: Parameter &quot;v&quot; bound to &quot;v&quot;  at  Child.java line 13" source="/TestExplicitNoEffect/src/emptyEffects/Child.java.html" line="13" baseImage="info.gif" flags="0" />
      </result>
    </result>
    <result msg="No effects on emptyEffects.Super.Super()  at  Super.java line 8" source="/TestExplicitNoEffect/src/emptyEffects/Super.java.html" line="8" baseImage="annotation.gif" flags="2">
      <result msg="No effects from calling super  at  Super.java line 9" source="/TestExplicitNoEffect/src/emptyEffects/Super.java.html" line="9" baseImage="plus.gif" flags="2">
        <result msg="1 prerequisite assertion:" baseImage="choice_item.gif" flags="2">
          <result msg="No effects on java.lang.Object.Object()  at  java.lang.Object" baseImage="annotation.gif" flags="2" />
        </result>
      </result>
    </result>
    <result msg="No effects on emptyEffects.Super.Super(int)  at  Super.java line 12" source="/TestExplicitNoEffect/src/emptyEffects/Super.java.html" line="12" baseImage="annotation.gif" flags="4">
      <result msg="&quot;writes emptyEffects.Super:z&quot; not accounted for by declared effect(s)  at  Super.java line 14" source="/TestExplicitNoEffect/src/emptyEffects/Super.java.html" line="14" baseImage="red_x.gif" flags="0" />
      <result msg="No effects from calling super  at  Super.java line 14" source="/TestExplicitNoEffect/src/emptyEffects/Super.java.html" line="14" baseImage="plus.gif" flags="2">
        <result msg="1 prerequisite assertion:" baseImage="choice_item.gif" flags="2">
          <result msg="No effects on java.lang.Object.Object()  at  java.lang.Object" baseImage="annotation.gif" flags="2" />
        </result>
      </result>
    </result>
    <result msg="Writes this:f  on  withEffects.C.callTouchF()  at  C.java line 16" source="/TestExplicitNoEffect/src/withEffects/C.java.html" line="16" baseImage="annotation.gif" flags="2">
      <result msg="&quot;writes &lt;this&gt;:f&quot; checked by &quot;writes &lt;this&gt;:f&quot;  at  C.java line 18" source="/TestExplicitNoEffect/src/withEffects/C.java.html" line="18" baseImage="plus.gif" flags="2">
        <result msg="1 prerequisite assertion:" baseImage="choice_item.gif" flags="2">
          <result msg="Writes this:f  on  withEffects.C.touchF()  at  C.java line 11" source="/TestExplicitNoEffect/src/withEffects/C.java.html" line="11" baseImage="annotation.gif" flags="2">
            <result msg="&quot;writes &lt;this&gt;:f&quot; checked by &quot;writes &lt;this&gt;:f&quot;  at  C.java line 13" source="/TestExplicitNoEffect/src/withEffects/C.java.html" line="13" baseImage="plus.gif" flags="0" />
          </result>
        </result>
        <result msg="supporting information: Parameter &quot;this&quot; bound to &quot;this&quot;  at  C.java line 18" source="/TestExplicitNoEffect/src/withEffects/C.java.html" line="18" baseImage="info.gif" flags="0" />
      </result>
    </result>
    <result msg="Writes this:f  on  withEffects.C.callTouchFandG()  at  C.java line 29" source="/TestExplicitNoEffect/src/withEffects/C.java.html" line="29" baseImage="annotation.gif" flags="4">
      <result msg="&quot;writes &lt;this&gt;:f&quot; checked by &quot;writes &lt;this&gt;:f&quot;  at  C.java line 31" source="/TestExplicitNoEffect/src/withEffects/C.java.html" line="31" baseImage="plus.gif" flags="4">
        <result msg="1 prerequisite assertion:" baseImage="choice_item.gif" flags="4">
          <result msg="Writes this:f  on  withEffects.C.touchFandG()  at  C.java line 23" source="/TestExplicitNoEffect/src/withEffects/C.java.html" line="23" baseImage="annotation.gif" flags="4">
            <result msg="&quot;writes &lt;this&gt;:f&quot; checked by &quot;writes &lt;this&gt;:f&quot;  at  C.java line 25" source="/TestExplicitNoEffect/src/withEffects/C.java.html" line="25" baseImage="plus.gif" flags="0" />
            <result msg="&quot;writes &lt;this&gt;:g&quot; not accounted for by declared effect(s)  at  C.java line 26" source="/TestExplicitNoEffect/src/withEffects/C.java.html" line="26" baseImage="red_x.gif" flags="0" />
          </result>
        </result>
        <result msg="supporting information: Parameter &quot;this&quot; bound to &quot;this&quot;  at  C.java line 31" source="/TestExplicitNoEffect/src/withEffects/C.java.html" line="31" baseImage="info.gif" flags="0" />
      </result>
    </result>
    <result msg="Writes this:f  on  withEffects.C.touchF()  at  C.java line 11" source="/TestExplicitNoEffect/src/withEffects/C.java.html" line="11" baseImage="annotation.gif" flags="2">
      <result msg="&quot;writes &lt;this&gt;:f&quot; checked by &quot;writes &lt;this&gt;:f&quot;  at  C.java line 13" source="/TestExplicitNoEffect/src/withEffects/C.java.html" line="13" baseImage="plus.gif" flags="0" />
    </result>
    <result msg="Writes this:f  on  withEffects.C.touchFandG()  at  C.java line 23" source="/TestExplicitNoEffect/src/withEffects/C.java.html" line="23" baseImage="annotation.gif" flags="4">
      <result msg="&quot;writes &lt;this&gt;:f&quot; checked by &quot;writes &lt;this&gt;:f&quot;  at  C.java line 25" source="/TestExplicitNoEffect/src/withEffects/C.java.html" line="25" baseImage="plus.gif" flags="0" />
      <result msg="&quot;writes &lt;this&gt;:g&quot; not accounted for by declared effect(s)  at  C.java line 26" source="/TestExplicitNoEffect/src/withEffects/C.java.html" line="26" baseImage="red_x.gif" flags="0" />
    </result>
    <result msg="Writes withEffects.Super:s  on  withEffects.Child.Child()  at  Child.java line 6" source="/TestExplicitNoEffect/src/withEffects/Child.java.html" line="6" baseImage="annotation.gif" flags="2">
      <result msg="&quot;writes withEffects.Super:s&quot; checked by &quot;writes withEffects.Super:s&quot;  at  Child.java line 8" source="/TestExplicitNoEffect/src/withEffects/Child.java.html" line="8" baseImage="plus.gif" flags="2">
        <result msg="1 prerequisite assertion:" baseImage="choice_item.gif" flags="2">
          <result msg="Writes withEffects.Super:s  on  withEffects.Super.Super()  at  Super.java line 9" source="/TestExplicitNoEffect/src/withEffects/Super.java.html" line="9" baseImage="annotation.gif" flags="2">
            <result msg="&quot;writes withEffects.Super:s&quot; checked by &quot;writes withEffects.Super:s&quot;  at  Super.java line 11" source="/TestExplicitNoEffect/src/withEffects/Super.java.html" line="11" baseImage="plus.gif" flags="0" />
            <result msg="No effects from calling super  at  Super.java line 11" source="/TestExplicitNoEffect/src/withEffects/Super.java.html" line="11" baseImage="plus.gif" flags="2">
              <result msg="1 prerequisite assertion:" baseImage="choice_item.gif" flags="2">
                <result msg="No effects on java.lang.Object.Object()  at  java.lang.Object" baseImage="annotation.gif" flags="2" />
              </result>
            </result>
          </result>
        </result>
      </result>
    </result>
    <result msg="Writes withEffects.Super:s  on  withEffects.Child.Child(int)  at  Child.java line 11" source="/TestExplicitNoEffect/src/withEffects/Child.java.html" line="11" baseImage="annotation.gif" flags="4">
      <result msg="&quot;writes withEffects.Super:s&quot; checked by &quot;writes withEffects.Super:s&quot;  at  Child.java line 13" source="/TestExplicitNoEffect/src/withEffects/Child.java.html" line="13" baseImage="plus.gif" flags="4">
        <result msg="1 prerequisite assertion:" baseImage="choice_item.gif" flags="4">
          <result msg="Writes withEffects.Super:s  on  withEffects.Super.Super(int)  at  Super.java line 14" source="/TestExplicitNoEffect/src/withEffects/Super.java.html" line="14" baseImage="annotation.gif" flags="4">
            <result msg="&quot;writes withEffects.Super:s&quot; checked by &quot;writes withEffects.Super:s&quot;  at  Super.java line 16" source="/TestExplicitNoEffect/src/withEffects/Super.java.html" line="16" baseImage="plus.gif" flags="0" />
            <result msg="&quot;writes withEffects.Super:t&quot; not accounted for by declared effect(s)  at  Super.java line 17" source="/TestExplicitNoEffect/src/withEffects/Super.java.html" line="17" baseImage="red_x.gif" flags="0" />
            <result msg="No effects from calling super  at  Super.java line 16" source="/TestExplicitNoEffect/src/withEffects/Super.java.html" line="16" baseImage="plus.gif" flags="2">
              <result msg="1 prerequisite assertion:" baseImage="choice_item.gif" flags="2">
                <result msg="No effects on java.lang.Object.Object()  at  java.lang.Object" baseImage="annotation.gif" flags="2" />
              </result>
            </result>
          </result>
        </result>
        <result msg="supporting information: Parameter &quot;v&quot; bound to &quot;v&quot;  at  Child.java line 13" source="/TestExplicitNoEffect/src/withEffects/Child.java.html" line="13" baseImage="info.gif" flags="0" />
      </result>
    </result>
    <result msg="Writes withEffects.Super:s  on  withEffects.Super.Super()  at  Super.java line 9" source="/TestExplicitNoEffect/src/withEffects/Super.java.html" line="9" baseImage="annotation.gif" flags="2">
      <result msg="&quot;writes withEffects.Super:s&quot; checked by &quot;writes withEffects.Super:s&quot;  at  Super.java line 11" source="/TestExplicitNoEffect/src/withEffects/Super.java.html" line="11" baseImage="plus.gif" flags="0" />
      <result msg="No effects from calling super  at  Super.java line 11" source="/TestExplicitNoEffect/src/withEffects/Super.java.html" line="11" baseImage="plus.gif" flags="2">
        <result msg="1 prerequisite assertion:" baseImage="choice_item.gif" flags="2">
          <result msg="No effects on java.lang.Object.Object()  at  java.lang.Object" baseImage="annotation.gif" flags="2" />
        </result>
      </result>
    </result>
    <result msg="Writes withEffects.Super:s  on  withEffects.Super.Super(int)  at  Super.java line 14" source="/TestExplicitNoEffect/src/withEffects/Super.java.html" line="14" baseImage="annotation.gif" flags="4">
      <result msg="&quot;writes withEffects.Super:s&quot; checked by &quot;writes withEffects.Super:s&quot;  at  Super.java line 16" source="/TestExplicitNoEffect/src/withEffects/Super.java.html" line="16" baseImage="plus.gif" flags="0" />
      <result msg="&quot;writes withEffects.Super:t&quot; not accounted for by declared effect(s)  at  Super.java line 17" source="/TestExplicitNoEffect/src/withEffects/Super.java.html" line="17" baseImage="red_x.gif" flags="0" />
      <result msg="No effects from calling super  at  Super.java line 16" source="/TestExplicitNoEffect/src/withEffects/Super.java.html" line="16" baseImage="plus.gif" flags="2">
        <result msg="1 prerequisite assertion:" baseImage="choice_item.gif" flags="2">
          <result msg="No effects on java.lang.Object.Object()  at  java.lang.Object" baseImage="annotation.gif" flags="2" />
        </result>
      </result>
    </result>
  </result>
  <result msg="Regions (4 issues)" baseImage="folder.gif" flags="2">
    <result msg="Region private withEffects.C.f  at  C.java line 6" source="/TestExplicitNoEffect/src/withEffects/C.java.html" line="6" baseImage="annotation.gif" flags="0" />
    <result msg="Region protected static withEffects.Super.s  at  Super.java line 6" source="/TestExplicitNoEffect/src/withEffects/Super.java.html" line="6" baseImage="annotation.gif" flags="0" />
    <result msg="Region public []  at  java.lang.[]" baseImage="annotation.gif" flags="0" />
    <result msg="Region public length  at  java.lang.[]" baseImage="annotation.gif" flags="0" />
  </result>
</root>