<sourceFiles>
	<package name="com.surelogic">
		<class name="Aggregate.java" source="/promises/src/com/surelogic/Aggregate.java.html"/>
		<class name="AllowsReferencesFrom.java" source="/promises/src/com/surelogic/AllowsReferencesFrom.java.html"/>
		<class name="Assume.java" source="/promises/src/com/surelogic/Assume.java.html"/>
		<class name="Assumes.java" source="/promises/src/com/surelogic/Assumes.java.html"/>
		<class name="Borrowed.java" source="/promises/src/com/surelogic/Borrowed.java.html"/>
		<class name="InLayer.java" source="/promises/src/com/surelogic/InLayer.java.html"/>
		<class name="InRegion.java" source="/promises/src/com/surelogic/InRegion.java.html"/>
		<class name="IsLock.java" source="/promises/src/com/surelogic/IsLock.java.html"/>
		<class name="Layer.java" source="/promises/src/com/surelogic/Layer.java.html"/>
		<class name="Layers.java" source="/promises/src/com/surelogic/Layers.java.html"/>
		<class name="MapFields.java" source="/promises/src/com/surelogic/MapFields.java.html"/>
		<class name="MapsFields.java" source="/promises/src/com/surelogic/MapsFields.java.html"/>
		<class name="MayReferTo.java" source="/promises/src/com/surelogic/MayReferTo.java.html"/>
		<class name="NotUnique.java" source="/promises/src/com/surelogic/NotUnique.java.html"/>
		<class name="PolicyLock.java" source="/promises/src/com/surelogic/PolicyLock.java.html"/>
		<class name="PolicyLocks.java" source="/promises/src/com/surelogic/PolicyLocks.java.html"/>
		<class name="Promise.java" source="/promises/src/com/surelogic/Promise.java.html"/>
		<class name="Promises.java" source="/promises/src/com/surelogic/Promises.java.html"/>
		<class name="Region.java" source="/promises/src/com/surelogic/Region.java.html"/>
		<class name="RegionEffects.java" source="/promises/src/com/surelogic/RegionEffects.java.html"/>
		<class name="RegionLock.java" source="/promises/src/com/surelogic/RegionLock.java.html"/>
		<class name="RegionLocks.java" source="/promises/src/com/surelogic/RegionLocks.java.html"/>
		<class name="Regions.java" source="/promises/src/com/surelogic/Regions.java.html"/>
		<class name="RequiresLock.java" source="/promises/src/com/surelogic/RequiresLock.java.html"/>
		<class name="ReturnsLock.java" source="/promises/src/com/surelogic/ReturnsLock.java.html"/>
		<class name="SelfProtected.java" source="/promises/src/com/surelogic/SelfProtected.java.html"/>
		<class name="SingleThreaded.java" source="/promises/src/com/surelogic/SingleThreaded.java.html"/>
		<class name="Starts.java" source="/promises/src/com/surelogic/Starts.java.html"/>
		<class name="TypeSet.java" source="/promises/src/com/surelogic/TypeSet.java.html"/>
		<class name="TypeSets.java" source="/promises/src/com/surelogic/TypeSets.java.html"/>
		<class name="Unique.java" source="/promises/src/com/surelogic/Unique.java.html"/>
	</package>
	<package name="net.jcip.annotations">
		<class name="GuardedBy.java" source="/promises/src/net/jcip/annotations/GuardedBy.java.html"/>
		<class name="Immutable.java" source="/promises/src/net/jcip/annotations/Immutable.java.html"/>
		<class name="NotThreadSafe.java" source="/promises/src/net/jcip/annotations/NotThreadSafe.java.html"/>
		<class name="ThreadSafe.java" source="/promises/src/net/jcip/annotations/ThreadSafe.java.html"/>
	</package>
	<package name="test">
		<class name="Other.java" source="/Bug1460/src/test/Other.java.html"/>
		<class name="Outer.java" source="/Bug1460/src/test/Outer.java.html"/>
		<class name="Super.java" source="/Bug1460/src/test/Super.java.html"/>
	</package>
	<package name="test.AnonymousClass.SuperIsLocal.OneLevel">
		<class name="Outer.java" source="/TestQualifiedReceiverSubstitutionsAndAnonymousClassEffects/src/test/AnonymousClass/SuperIsLocal/OneLevel/Outer.java.html"/>
	</package>
	<package name="test.AnonymousClass.SuperIsLocal.ThreeLevels.DirectInner">
		<class name="Outer1.java" source="/TestQualifiedReceiverSubstitutionsAndAnonymousClassEffects/src/test/AnonymousClass/SuperIsLocal/ThreeLevels/DirectInner/Outer1.java.html"/>
	</package>
	<package name="test.AnonymousClass.SuperIsLocal.ThreeLevels.Local">
		<class name="Outer.java" source="/TestQualifiedReceiverSubstitutionsAndAnonymousClassEffects/src/test/AnonymousClass/SuperIsLocal/ThreeLevels/Local/Outer.java.html"/>
	</package>
	<package name="test.AnonymousClass.SuperIsLocal.ThreeLevels.Mixed">
		<class name="Outer1.java" source="/TestQualifiedReceiverSubstitutionsAndAnonymousClassEffects/src/test/AnonymousClass/SuperIsLocal/ThreeLevels/Mixed/Outer1.java.html"/>
	</package>
	<package name="test.AnonymousClass.SuperIsLocal.TwoLevels.DirectInner">
		<class name="Outer1.java" source="/TestQualifiedReceiverSubstitutionsAndAnonymousClassEffects/src/test/AnonymousClass/SuperIsLocal/TwoLevels/DirectInner/Outer1.java.html"/>
	</package>
	<package name="test.AnonymousClass.SuperIsLocal.TwoLevels.Local">
		<class name="Outer.java" source="/TestQualifiedReceiverSubstitutionsAndAnonymousClassEffects/src/test/AnonymousClass/SuperIsLocal/TwoLevels/Local/Outer.java.html"/>
	</package>
	<package name="test.AnonymousClass.SuperIsMember.Qualified.OneLevel">
		<class name="Test.java" source="/temp-workingDirForLocks/src/test/AnonymousClass/SuperIsMember/Qualified/OneLevel/Test.java.html"/>
	</package>
	<package name="test.AnonymousClass.SuperIsMember.Qualified.TwoLevels">
		<class name="Test.java" source="/TestQualifiedReceiverSubstitutionsAndAnonymousClassEffects/src/test/AnonymousClass/SuperIsMember/Qualified/TwoLevels/Test.java.html"/>
	</package>
	<package name="test.AnonymousClass.SuperIsMember.Unqualified.OneLevel">
		<class name="Test.java" source="/TestQualifiedReceiverSubstitutionsAndAnonymousClassEffects/src/test/AnonymousClass/SuperIsMember/Unqualified/OneLevel/Test.java.html"/>
		<class name="TestFieldInit.java" source="/TestQualifiedReceiverSubstitutionsAndAnonymousClassEffects/src/test/AnonymousClass/SuperIsMember/Unqualified/OneLevel/TestFieldInit.java.html"/>
		<class name="TestInstanceInit.java" source="/TestQualifiedReceiverSubstitutionsAndAnonymousClassEffects/src/test/AnonymousClass/SuperIsMember/Unqualified/OneLevel/TestInstanceInit.java.html"/>
	</package>
	<package name="test.AnonymousClass.SuperIsMember.Unqualified.TwoLevels">
		<class name="Test.java" source="/TestQualifiedReceiverSubstitutionsAndAnonymousClassEffects/src/test/AnonymousClass/SuperIsMember/Unqualified/TwoLevels/Test.java.html"/>
		<class name="TestFieldInit.java" source="/TestQualifiedReceiverSubstitutionsAndAnonymousClassEffects/src/test/AnonymousClass/SuperIsMember/Unqualified/TwoLevels/TestFieldInit.java.html"/>
		<class name="TestInstanceInit.java" source="/TestQualifiedReceiverSubstitutionsAndAnonymousClassEffects/src/test/AnonymousClass/SuperIsMember/Unqualified/TwoLevels/TestInstanceInit.java.html"/>
	</package>
	<package name="test.AnonymousClass.SuperIsNotInner">
		<class name="StaticContext.java" source="/TestQualifiedReceiverSubstitutionsAndAnonymousClassEffects/src/test/AnonymousClass/SuperIsNotInner/StaticContext.java.html"/>
		<class name="Super.java" source="/TestQualifiedReceiverSubstitutionsAndAnonymousClassEffects/src/test/AnonymousClass/SuperIsNotInner/Super.java.html"/>
		<class name="Test.java" source="/TestQualifiedReceiverSubstitutionsAndAnonymousClassEffects/src/test/AnonymousClass/SuperIsNotInner/Test.java.html"/>
		<class name="TestFieldInit.java" source="/TestQualifiedReceiverSubstitutionsAndAnonymousClassEffects/src/test/AnonymousClass/SuperIsNotInner/TestFieldInit.java.html"/>
		<class name="TestInstanceInit.java" source="/TestQualifiedReceiverSubstitutionsAndAnonymousClassEffects/src/test/AnonymousClass/SuperIsNotInner/TestInstanceInit.java.html"/>
	</package>
	<package name="test.ConstructorCall.Qualified.DoubleNesting">
		<class name="E2.java" source="/TestQualifiedReceiverSubstitutionsAndAnonymousClassEffects/src/test/ConstructorCall/Qualified/DoubleNesting/E2.java.html"/>
		<class name="E3.java" source="/TestQualifiedReceiverSubstitutionsAndAnonymousClassEffects/src/test/ConstructorCall/Qualified/DoubleNesting/E3.java.html"/>
		<class name="Outer1.java" source="/TestQualifiedReceiverSubstitutionsAndAnonymousClassEffects/src/test/ConstructorCall/Qualified/DoubleNesting/Outer1.java.html"/>
	</package>
	<package name="test.ConstructorCall.Qualified.SingleNesting">
		<class name="E2.java" source="/TestQualifiedReceiverSubstitutionsAndAnonymousClassEffects/src/test/ConstructorCall/Qualified/SingleNesting/E2.java.html"/>
		<class name="Outer1.java" source="/TestQualifiedReceiverSubstitutionsAndAnonymousClassEffects/src/test/ConstructorCall/Qualified/SingleNesting/Outer1.java.html"/>
	</package>
	<package name="test.ConstructorCall.Unqualified.DoubleNesting">
		<class name="Outer1.java" source="/TestQualifiedReceiverSubstitutionsAndAnonymousClassEffects/src/test/ConstructorCall/Unqualified/DoubleNesting/Outer1.java.html"/>
	</package>
	<package name="test.ConstructorCall.Unqualified.SingleNesting">
		<class name="Outer1.java" source="/TestQualifiedReceiverSubstitutionsAndAnonymousClassEffects/src/test/ConstructorCall/Unqualified/SingleNesting/Outer1.java.html"/>
		<class name="Outer2.java" source="/TestQualifiedReceiverSubstitutionsAndAnonymousClassEffects/src/test/ConstructorCall/Unqualified/SingleNesting/Outer2.java.html"/>
	</package>
	<package name="test.MethodCall.DoubleNesting">
		<class name="E2.java" source="/TestQualifiedReceiverSubstitutionsAndAnonymousClassEffects/src/test/MethodCall/DoubleNesting/E2.java.html"/>
		<class name="Outer1.java" source="/TestQualifiedReceiverSubstitutionsAndAnonymousClassEffects/src/test/MethodCall/DoubleNesting/Outer1.java.html"/>
	</package>
	<package name="test.MethodCall.NoNesting">
		<class name="NormalCall.java" source="/TestQualifiedReceiverSubstitutionsAndAnonymousClassEffects/src/test/MethodCall/NoNesting/NormalCall.java.html"/>
	</package>
	<package name="test.MethodCall.SingleNesting">
		<class name="E2.java" source="/TestQualifiedReceiverSubstitutionsAndAnonymousClassEffects/src/test/MethodCall/SingleNesting/E2.java.html"/>
		<class name="Outer1.java" source="/TestQualifiedReceiverSubstitutionsAndAnonymousClassEffects/src/test/MethodCall/SingleNesting/Outer1.java.html"/>
		<class name="Outer2.java" source="/TestQualifiedReceiverSubstitutionsAndAnonymousClassEffects/src/test/MethodCall/SingleNesting/Outer2.java.html"/>
	</package>
	<package name="test.NewExpression.LocalClass">
		<class name="Outer.java" source="/TestQualifiedReceiverSubstitutionsAndAnonymousClassEffects/src/test/NewExpression/LocalClass/Outer.java.html"/>
	</package>
	<package name="test.NewExpression.MemberClass.Qualified">
		<class name="Outer.java" source="/TestQualifiedReceiverSubstitutionsAndAnonymousClassEffects/src/test/NewExpression/MemberClass/Qualified/Outer.java.html"/>
	</package>
	<package name="test.NewExpression.MemberClass.Unqualified">
		<class name="Outer.java" source="/TestQualifiedReceiverSubstitutionsAndAnonymousClassEffects/src/test/NewExpression/MemberClass/Unqualified/Outer.java.html"/>
	</package>
</sourceFiles>
