<root msg="Assurance Results">
  <result msg="Concurrency (1 issue)" baseImage="folder.gif" flags="2">
    <result msg="RegionLock java.lang.Object.MUTEX is this protects WaitQueue on Object at java.lang.Object" baseImage="annotation.gif" flags="2">
      <result msg="5 lock precondition(s)" baseImage="folder.gif" flags="2">
        <result msg="RequiresLock MUTEX on java.lang.Object.notify() at java.lang.Object" baseImage="annotation.gif" flags="2" />
        <result msg="RequiresLock MUTEX on java.lang.Object.notifyAll() at java.lang.Object" baseImage="annotation.gif" flags="2" />
        <result msg="RequiresLock MUTEX on java.lang.Object.wait() at java.lang.Object" baseImage="annotation.gif" flags="2" />
        <result msg="RequiresLock MUTEX on java.lang.Object.wait(long) at java.lang.Object" baseImage="annotation.gif" flags="2" />
        <result msg="RequiresLock MUTEX on java.lang.Object.wait(long,int) at java.lang.Object" baseImage="annotation.gif" flags="2" />
      </result>
      <result msg="java.lang.Object.MUTEX is consistent with the code in java.lang.Object" baseImage="plus.gif" flags="0" />
      <result msg="Region public java.lang.Object.WaitQueue at java.lang.Object" baseImage="annotation.gif" flags="0">
        <result msg="Region public java.lang.Object.Instance at java.lang.Object" baseImage="annotation.gif" flags="0">
          <result msg="Region public static java.lang.Object.All at java.lang.Object" baseImage="annotation.gif" flags="0" />
        </result>
      </result>
    </result>
  </result>
  <result msg="Effects (3 issues)" baseImage="folder.gif" flags="2">
    <result msg="Reads a:A, b:B, c:C on test.T.method(test.T,test.T,test.T) at T.java line 17" source="/TestNoMethodEffectsOnNull/src/test/T.java.html" line="17" baseImage="annotation.gif" flags="2">
      <result msg="Empty effects trivially satisfy declared effects at line 17" source="/TestNoMethodEffectsOnNull/src/test/T.java.html" line="17" baseImage="plus.gif" flags="0" />
    </result>
    <result msg="Reads x:A, y:B, z:C on test.T.test(test.T,test.T,test.T) at T.java line 22" source="/TestNoMethodEffectsOnNull/src/test/T.java.html" line="22" baseImage="annotation.gif" flags="2">
      <result msg="&quot;reads &lt;x&gt;:A&quot; checked by &quot;reads &lt;x&gt;:A&quot; at line 24" source="/TestNoMethodEffectsOnNull/src/test/T.java.html" line="24" baseImage="plus.gif" flags="2">
        <result msg="1 prerequisite assertion:" baseImage="choice_item.gif" flags="2">
          <result msg="Reads a:A, b:B, c:C on test.T.method(test.T,test.T,test.T) at T.java line 17" source="/TestNoMethodEffectsOnNull/src/test/T.java.html" line="17" baseImage="annotation.gif" flags="2">
            <result msg="Empty effects trivially satisfy declared effects at line 17" source="/TestNoMethodEffectsOnNull/src/test/T.java.html" line="17" baseImage="plus.gif" flags="0" />
          </result>
        </result>
        <result msg="supporting information:" baseImage="folder.gif" flags="0">
          <result msg="Parameter &quot;a&quot; bound to &quot;x&quot; at T.java line 24" source="/TestNoMethodEffectsOnNull/src/test/T.java.html" line="24" baseImage="info.gif" flags="0" />
          <result msg="The value of variable x may originate from final test.T x at T.java line 24" source="/TestNoMethodEffectsOnNull/src/test/T.java.html" line="24" baseImage="info.gif" flags="0" />
          <result msg="Parameter &quot;b&quot; bound to &quot;y&quot; at T.java line 24" source="/TestNoMethodEffectsOnNull/src/test/T.java.html" line="24" baseImage="info.gif" flags="0" />
          <result msg="Parameter &quot;c&quot; bound to &quot;z&quot; at T.java line 24" source="/TestNoMethodEffectsOnNull/src/test/T.java.html" line="24" baseImage="info.gif" flags="0" />
        </result>
      </result>
      <result msg="&quot;reads &lt;y&gt;:B&quot; checked by &quot;reads &lt;y&gt;:B&quot; at line 24" source="/TestNoMethodEffectsOnNull/src/test/T.java.html" line="24" baseImage="plus.gif" flags="2">
        <result msg="1 prerequisite assertion:" baseImage="choice_item.gif" flags="2">
          <result msg="Reads a:A, b:B, c:C on test.T.method(test.T,test.T,test.T) at T.java line 17" source="/TestNoMethodEffectsOnNull/src/test/T.java.html" line="17" baseImage="annotation.gif" flags="2">
            <result msg="Empty effects trivially satisfy declared effects at line 17" source="/TestNoMethodEffectsOnNull/src/test/T.java.html" line="17" baseImage="plus.gif" flags="0" />
          </result>
        </result>
        <result msg="supporting information:" baseImage="folder.gif" flags="0">
          <result msg="Parameter &quot;a&quot; bound to &quot;x&quot; at T.java line 24" source="/TestNoMethodEffectsOnNull/src/test/T.java.html" line="24" baseImage="info.gif" flags="0" />
          <result msg="Parameter &quot;b&quot; bound to &quot;y&quot; at T.java line 24" source="/TestNoMethodEffectsOnNull/src/test/T.java.html" line="24" baseImage="info.gif" flags="0" />
          <result msg="The value of variable y may originate from final test.T y at T.java line 24" source="/TestNoMethodEffectsOnNull/src/test/T.java.html" line="24" baseImage="info.gif" flags="0" />
          <result msg="Parameter &quot;c&quot; bound to &quot;z&quot; at T.java line 24" source="/TestNoMethodEffectsOnNull/src/test/T.java.html" line="24" baseImage="info.gif" flags="0" />
        </result>
      </result>
      <result msg="&quot;reads &lt;z&gt;:C&quot; checked by &quot;reads &lt;z&gt;:C&quot; at line 24" source="/TestNoMethodEffectsOnNull/src/test/T.java.html" line="24" baseImage="plus.gif" flags="2">
        <result msg="1 prerequisite assertion:" baseImage="choice_item.gif" flags="2">
          <result msg="Reads a:A, b:B, c:C on test.T.method(test.T,test.T,test.T) at T.java line 17" source="/TestNoMethodEffectsOnNull/src/test/T.java.html" line="17" baseImage="annotation.gif" flags="2">
            <result msg="Empty effects trivially satisfy declared effects at line 17" source="/TestNoMethodEffectsOnNull/src/test/T.java.html" line="17" baseImage="plus.gif" flags="0" />
          </result>
        </result>
        <result msg="supporting information:" baseImage="folder.gif" flags="0">
          <result msg="Parameter &quot;a&quot; bound to &quot;x&quot; at T.java line 24" source="/TestNoMethodEffectsOnNull/src/test/T.java.html" line="24" baseImage="info.gif" flags="0" />
          <result msg="Parameter &quot;b&quot; bound to &quot;y&quot; at T.java line 24" source="/TestNoMethodEffectsOnNull/src/test/T.java.html" line="24" baseImage="info.gif" flags="0" />
          <result msg="Parameter &quot;c&quot; bound to &quot;z&quot; at T.java line 24" source="/TestNoMethodEffectsOnNull/src/test/T.java.html" line="24" baseImage="info.gif" flags="0" />
          <result msg="The value of variable z may originate from final test.T z at T.java line 24" source="/TestNoMethodEffectsOnNull/src/test/T.java.html" line="24" baseImage="info.gif" flags="0" />
        </result>
      </result>
      <result msg="&quot;reads &lt;x&gt;:A&quot; checked by &quot;reads &lt;x&gt;:A&quot; at line 26" source="/TestNoMethodEffectsOnNull/src/test/T.java.html" line="26" baseImage="plus.gif" flags="2">
        <result msg="1 prerequisite assertion:" baseImage="choice_item.gif" flags="2">
          <result msg="Reads a:A, b:B, c:C on test.T.method(test.T,test.T,test.T) at T.java line 17" source="/TestNoMethodEffectsOnNull/src/test/T.java.html" line="17" baseImage="annotation.gif" flags="2">
            <result msg="Empty effects trivially satisfy declared effects at line 17" source="/TestNoMethodEffectsOnNull/src/test/T.java.html" line="17" baseImage="plus.gif" flags="0" />
          </result>
        </result>
        <result msg="supporting information:" baseImage="folder.gif" flags="0">
          <result msg="Parameter &quot;a&quot; bound to &quot;x&quot; at T.java line 26" source="/TestNoMethodEffectsOnNull/src/test/T.java.html" line="26" baseImage="info.gif" flags="0" />
          <result msg="Parameter &quot;b&quot; bound to &quot;y&quot; at T.java line 26" source="/TestNoMethodEffectsOnNull/src/test/T.java.html" line="26" baseImage="info.gif" flags="0" />
          <result msg="Parameter &quot;c&quot; bound to &quot;null&quot;" baseImage="info.gif" flags="0" />
          <result msg="The value of variable x may originate from final test.T x at T.java line 26" source="/TestNoMethodEffectsOnNull/src/test/T.java.html" line="26" baseImage="info.gif" flags="0" />
        </result>
      </result>
      <result msg="&quot;reads &lt;y&gt;:B&quot; checked by &quot;reads &lt;y&gt;:B&quot; at line 26" source="/TestNoMethodEffectsOnNull/src/test/T.java.html" line="26" baseImage="plus.gif" flags="2">
        <result msg="1 prerequisite assertion:" baseImage="choice_item.gif" flags="2">
          <result msg="Reads a:A, b:B, c:C on test.T.method(test.T,test.T,test.T) at T.java line 17" source="/TestNoMethodEffectsOnNull/src/test/T.java.html" line="17" baseImage="annotation.gif" flags="2">
            <result msg="Empty effects trivially satisfy declared effects at line 17" source="/TestNoMethodEffectsOnNull/src/test/T.java.html" line="17" baseImage="plus.gif" flags="0" />
          </result>
        </result>
        <result msg="supporting information:" baseImage="folder.gif" flags="0">
          <result msg="Parameter &quot;a&quot; bound to &quot;x&quot; at T.java line 26" source="/TestNoMethodEffectsOnNull/src/test/T.java.html" line="26" baseImage="info.gif" flags="0" />
          <result msg="Parameter &quot;b&quot; bound to &quot;y&quot; at T.java line 26" source="/TestNoMethodEffectsOnNull/src/test/T.java.html" line="26" baseImage="info.gif" flags="0" />
          <result msg="Parameter &quot;c&quot; bound to &quot;null&quot;" baseImage="info.gif" flags="0" />
          <result msg="The value of variable y may originate from final test.T y at T.java line 26" source="/TestNoMethodEffectsOnNull/src/test/T.java.html" line="26" baseImage="info.gif" flags="0" />
        </result>
      </result>
      <result msg="&quot;reads &lt;x&gt;:A&quot; checked by &quot;reads &lt;x&gt;:A&quot; at line 27" source="/TestNoMethodEffectsOnNull/src/test/T.java.html" line="27" baseImage="plus.gif" flags="2">
        <result msg="1 prerequisite assertion:" baseImage="choice_item.gif" flags="2">
          <result msg="Reads a:A, b:B, c:C on test.T.method(test.T,test.T,test.T) at T.java line 17" source="/TestNoMethodEffectsOnNull/src/test/T.java.html" line="17" baseImage="annotation.gif" flags="2">
            <result msg="Empty effects trivially satisfy declared effects at line 17" source="/TestNoMethodEffectsOnNull/src/test/T.java.html" line="17" baseImage="plus.gif" flags="0" />
          </result>
        </result>
        <result msg="supporting information:" baseImage="folder.gif" flags="0">
          <result msg="Parameter &quot;a&quot; bound to &quot;x&quot; at T.java line 27" source="/TestNoMethodEffectsOnNull/src/test/T.java.html" line="27" baseImage="info.gif" flags="0" />
          <result msg="Parameter &quot;b&quot; bound to &quot;null&quot;" baseImage="info.gif" flags="0" />
          <result msg="Parameter &quot;c&quot; bound to &quot;null&quot;" baseImage="info.gif" flags="0" />
          <result msg="The value of variable x may originate from final test.T x at T.java line 27" source="/TestNoMethodEffectsOnNull/src/test/T.java.html" line="27" baseImage="info.gif" flags="0" />
        </result>
      </result>
      <result msg="&quot;reads &lt;x&gt;:A&quot; checked by &quot;reads &lt;x&gt;:A&quot; at line 30" source="/TestNoMethodEffectsOnNull/src/test/T.java.html" line="30" baseImage="plus.gif" flags="2">
        <result msg="1 prerequisite assertion:" baseImage="choice_item.gif" flags="2">
          <result msg="Reads a:A, b:B, c:C on test.T.method(test.T,test.T,test.T) at T.java line 17" source="/TestNoMethodEffectsOnNull/src/test/T.java.html" line="17" baseImage="annotation.gif" flags="2">
            <result msg="Empty effects trivially satisfy declared effects at line 17" source="/TestNoMethodEffectsOnNull/src/test/T.java.html" line="17" baseImage="plus.gif" flags="0" />
          </result>
        </result>
        <result msg="supporting information:" baseImage="folder.gif" flags="0">
          <result msg="Parameter &quot;a&quot; bound to &quot;x&quot; at T.java line 30" source="/TestNoMethodEffectsOnNull/src/test/T.java.html" line="30" baseImage="info.gif" flags="0" />
          <result msg="The value of variable x may originate from final test.T x at T.java line 30" source="/TestNoMethodEffectsOnNull/src/test/T.java.html" line="30" baseImage="info.gif" flags="0" />
          <result msg="Parameter &quot;b&quot; bound to &quot;y&quot; at T.java line 30" source="/TestNoMethodEffectsOnNull/src/test/T.java.html" line="30" baseImage="info.gif" flags="0" />
          <result msg="Parameter &quot;c&quot; bound to &quot;(null)&quot; at T.java line 30" source="/TestNoMethodEffectsOnNull/src/test/T.java.html" line="30" baseImage="info.gif" flags="0" />
        </result>
      </result>
      <result msg="&quot;reads &lt;y&gt;:B&quot; checked by &quot;reads &lt;y&gt;:B&quot; at line 30" source="/TestNoMethodEffectsOnNull/src/test/T.java.html" line="30" baseImage="plus.gif" flags="2">
        <result msg="1 prerequisite assertion:" baseImage="choice_item.gif" flags="2">
          <result msg="Reads a:A, b:B, c:C on test.T.method(test.T,test.T,test.T) at T.java line 17" source="/TestNoMethodEffectsOnNull/src/test/T.java.html" line="17" baseImage="annotation.gif" flags="2">
            <result msg="Empty effects trivially satisfy declared effects at line 17" source="/TestNoMethodEffectsOnNull/src/test/T.java.html" line="17" baseImage="plus.gif" flags="0" />
          </result>
        </result>
        <result msg="supporting information:" baseImage="folder.gif" flags="0">
          <result msg="Parameter &quot;a&quot; bound to &quot;x&quot; at T.java line 30" source="/TestNoMethodEffectsOnNull/src/test/T.java.html" line="30" baseImage="info.gif" flags="0" />
          <result msg="Parameter &quot;b&quot; bound to &quot;y&quot; at T.java line 30" source="/TestNoMethodEffectsOnNull/src/test/T.java.html" line="30" baseImage="info.gif" flags="0" />
          <result msg="The value of variable y may originate from final test.T y at T.java line 30" source="/TestNoMethodEffectsOnNull/src/test/T.java.html" line="30" baseImage="info.gif" flags="0" />
          <result msg="Parameter &quot;c&quot; bound to &quot;(null)&quot; at T.java line 30" source="/TestNoMethodEffectsOnNull/src/test/T.java.html" line="30" baseImage="info.gif" flags="0" />
        </result>
      </result>
      <result msg="&quot;reads &lt;x&gt;:A&quot; checked by &quot;reads &lt;x&gt;:A&quot; at line 31" source="/TestNoMethodEffectsOnNull/src/test/T.java.html" line="31" baseImage="plus.gif" flags="2">
        <result msg="1 prerequisite assertion:" baseImage="choice_item.gif" flags="2">
          <result msg="Reads a:A, b:B, c:C on test.T.method(test.T,test.T,test.T) at T.java line 17" source="/TestNoMethodEffectsOnNull/src/test/T.java.html" line="17" baseImage="annotation.gif" flags="2">
            <result msg="Empty effects trivially satisfy declared effects at line 17" source="/TestNoMethodEffectsOnNull/src/test/T.java.html" line="17" baseImage="plus.gif" flags="0" />
          </result>
        </result>
        <result msg="supporting information:" baseImage="folder.gif" flags="0">
          <result msg="Parameter &quot;a&quot; bound to &quot;x&quot; at T.java line 31" source="/TestNoMethodEffectsOnNull/src/test/T.java.html" line="31" baseImage="info.gif" flags="0" />
          <result msg="The value of variable x may originate from final test.T x at T.java line 31" source="/TestNoMethodEffectsOnNull/src/test/T.java.html" line="31" baseImage="info.gif" flags="0" />
          <result msg="Parameter &quot;b&quot; bound to &quot;(((null)))&quot; at T.java line 31" source="/TestNoMethodEffectsOnNull/src/test/T.java.html" line="31" baseImage="info.gif" flags="0" />
          <result msg="Parameter &quot;c&quot; bound to &quot;(test.T) null&quot; at T.java line 31" source="/TestNoMethodEffectsOnNull/src/test/T.java.html" line="31" baseImage="info.gif" flags="0" />
        </result>
      </result>
      <result msg="&quot;reads &lt;z&gt;:C&quot; checked by &quot;reads &lt;z&gt;:C&quot; at line 32" source="/TestNoMethodEffectsOnNull/src/test/T.java.html" line="32" baseImage="plus.gif" flags="2">
        <result msg="1 prerequisite assertion:" baseImage="choice_item.gif" flags="2">
          <result msg="Reads a:A, b:B, c:C on test.T.method(test.T,test.T,test.T) at T.java line 17" source="/TestNoMethodEffectsOnNull/src/test/T.java.html" line="17" baseImage="annotation.gif" flags="2">
            <result msg="Empty effects trivially satisfy declared effects at line 17" source="/TestNoMethodEffectsOnNull/src/test/T.java.html" line="17" baseImage="plus.gif" flags="0" />
          </result>
        </result>
        <result msg="supporting information:" baseImage="folder.gif" flags="0">
          <result msg="Parameter &quot;a&quot; bound to &quot;((test.T) null)&quot; at T.java line 32" source="/TestNoMethodEffectsOnNull/src/test/T.java.html" line="32" baseImage="info.gif" flags="0" />
          <result msg="Parameter &quot;b&quot; bound to &quot;(test.T) ((test.T) ((#) #))&quot; at T.java line 32" source="/TestNoMethodEffectsOnNull/src/test/T.java.html" line="32" baseImage="info.gif" flags="0" />
          <result msg="Parameter &quot;c&quot; bound to &quot;z&quot; at T.java line 32" source="/TestNoMethodEffectsOnNull/src/test/T.java.html" line="32" baseImage="info.gif" flags="0" />
          <result msg="The value of variable z may originate from final test.T z at T.java line 32" source="/TestNoMethodEffectsOnNull/src/test/T.java.html" line="32" baseImage="info.gif" flags="0" />
        </result>
      </result>
    </result>
    <result msg="Writes other:Instance on test.T.test2(test.T) at T.java line 37" source="/TestNoMethodEffectsOnNull/src/test/T.java.html" line="37" baseImage="annotation.gif" flags="2">
      <result msg="&quot;writes &lt;other&gt;:f&quot; checked by &quot;writes &lt;other&gt;:Instance&quot; at line 39" source="/TestNoMethodEffectsOnNull/src/test/T.java.html" line="39" baseImage="plus.gif" flags="0">
        <result msg="supporting information: The value of variable other may originate from final test.T other at T.java line 39" source="/TestNoMethodEffectsOnNull/src/test/T.java.html" line="39" baseImage="info.gif" flags="0" />
      </result>
    </result>
  </result>
  <result msg="Regions (5 issues)" baseImage="folder.gif" flags="2">
    <result msg="Region public [] at java.lang.[]" baseImage="annotation.gif" flags="0" />
    <result msg="Region public length at java.lang.[]" baseImage="annotation.gif" flags="0" />
    <result msg="Region public test.T.A at T.java line 8" source="/TestNoMethodEffectsOnNull/src/test/T.java.html" line="8" baseImage="annotation.gif" flags="0">
      <result msg="Region public java.lang.Object.Instance at java.lang.Object" baseImage="annotation.gif" flags="0">
        <result msg="Region public static java.lang.Object.All at java.lang.Object" baseImage="annotation.gif" flags="0" />
      </result>
    </result>
    <result msg="Region public test.T.B at T.java line 9" source="/TestNoMethodEffectsOnNull/src/test/T.java.html" line="9" baseImage="annotation.gif" flags="0">
      <result msg="Region public java.lang.Object.Instance at java.lang.Object" baseImage="annotation.gif" flags="0">
        <result msg="Region public static java.lang.Object.All at java.lang.Object" baseImage="annotation.gif" flags="0" />
      </result>
    </result>
    <result msg="Region public test.T.C at T.java line 10" source="/TestNoMethodEffectsOnNull/src/test/T.java.html" line="10" baseImage="annotation.gif" flags="0">
      <result msg="Region public java.lang.Object.Instance at java.lang.Object" baseImage="annotation.gif" flags="0">
        <result msg="Region public static java.lang.Object.All at java.lang.Object" baseImage="annotation.gif" flags="0" />
      </result>
    </result>
  </result>
</root>