<root msg="Assurance Results">
  <result msg="Concurrency (3 issues)" baseImage="folder.gif" flags="66">
    <result msg="RegionLock java.lang.Object.MUTEX is this protects WaitQueue on Object at java.lang.Object" baseImage="annotation.gif" flags="2">
      <result msg="5 lock precondition(s)" baseImage="folder.gif" flags="2">
        <result msg="RequiresLock MUTEX on java.lang.Object.notify() at java.lang.Object" baseImage="annotation.gif" flags="2" />
        <result msg="RequiresLock MUTEX on java.lang.Object.notifyAll() at java.lang.Object" baseImage="annotation.gif" flags="2" />
        <result msg="RequiresLock MUTEX on java.lang.Object.wait() at java.lang.Object" baseImage="annotation.gif" flags="2" />
        <result msg="RequiresLock MUTEX on java.lang.Object.wait(long) at java.lang.Object" baseImage="annotation.gif" flags="2" />
        <result msg="RequiresLock MUTEX on java.lang.Object.wait(long,int) at java.lang.Object" baseImage="annotation.gif" flags="2" />
      </result>
      <result msg="java.lang.Object.MUTEX is consistent with the code in java.lang.Object" baseImage="plus.gif" flags="0" />
      <result msg="Region public java.lang.Object.WaitQueue at java.lang.Object" baseImage="annotation.gif" flags="0">
        <result msg="Region public java.lang.Object.Instance at java.lang.Object" baseImage="annotation.gif" flags="0">
          <result msg="Region public static java.lang.Object.All at java.lang.Object" baseImage="annotation.gif" flags="0" />
        </result>
      </result>
    </result>
    <result msg="RegionLock test.C.L is this.lock protects Instance on C at C.java line 12" source="/LazyTest/src/test/C.java.html" line="12" baseImage="annotation.gif" flags="66">
      <result msg="3 protected field access(es)" baseImage="folder.gif" flags="2">
        <result msg="test (3 issues)" baseImage="package.gif" flags="2">
          <result msg="C (2 issues)" baseImage="class.gif" flags="2">
            <result msg="Lock &quot;&lt;this&gt;:L&quot; held when accessing this.x at line 25" source="/LazyTest/src/test/C.java.html" line="25" baseImage="plus.gif" flags="0">
              <result msg="proposed promise: @Unique(&quot;return&quot;) at C.java line 14" source="/LazyTest/src/test/C.java.html" line="14" baseImage="annotation_proposed.gif" flags="0" />
              <result msg="supporting information:" baseImage="folder.gif" flags="0">
                <result msg="Analyzed on behalf of constructor test.C.C() at C.java line 14" source="/LazyTest/src/test/C.java.html" line="14" baseImage="info.gif" flags="0" />
                <result msg="java.util.concurrent lock &lt;this&gt;:L is held" baseImage="info.gif" flags="0" />
              </result>
            </result>
            <result msg="Lock &quot;&lt;this&gt;:L&quot; held when accessing this.x at line 51" source="/LazyTest/src/test/C.java.html" line="51" baseImage="plus.gif" flags="0">
              <result msg="supporting information: java.util.concurrent lock &lt;this&gt;:L is held" baseImage="info.gif" flags="0" />
            </result>
          </result>
          <result msg="C.ACE #0 (1 issue)" baseImage="class.gif" flags="2">
            <result msg="Lock &quot;&lt;test.C.this&gt;:L&quot; held when accessing test.C.this.x at line 39" source="/LazyTest/src/test/C.java.html" line="39" baseImage="plus.gif" flags="0">
              <result msg="supporting information: java.util.concurrent lock &lt;test.C.this&gt;:L is held" baseImage="info.gif" flags="0" />
            </result>
          </result>
        </result>
      </result>
      <result msg="Region public java.lang.Object.Instance at java.lang.Object" baseImage="annotation.gif" flags="0">
        <result msg="Region public static java.lang.Object.All at java.lang.Object" baseImage="annotation.gif" flags="0" />
      </result>
      <result msg="lock()–unlock() matches (6 issues)" baseImage="info.gif" flags="0">
        <result msg="test (6 issues)" baseImage="package.gif" flags="64">
          <result msg="C (4 issues)" baseImage="class.gif" flags="64">
            <result msg="lock() call has matching unlock() call at line 27 at C.java line 23" source="/LazyTest/src/test/C.java.html" line="23" baseImage="info.gif" flags="0" />
            <result msg="unlock() call has matching lock() call at line 23 at C.java line 27" source="/LazyTest/src/test/C.java.html" line="27" baseImage="info.gif" flags="0" />
            <result msg="lock() call has matching unlock() call at line 53 at C.java line 49" source="/LazyTest/src/test/C.java.html" line="49" baseImage="info.gif" flags="0" />
            <result msg="unlock() call has matching lock() call at line 49 at C.java line 53" source="/LazyTest/src/test/C.java.html" line="53" baseImage="info.gif" flags="0" />
          </result>
          <result msg="C.ACE #0 (2 issues)" baseImage="class.gif" flags="64">
            <result msg="lock() call has matching unlock() call at line 41 at C.java line 37" source="/LazyTest/src/test/C.java.html" line="37" baseImage="info.gif" flags="0" />
            <result msg="unlock() call has matching lock() call at line 37 at C.java line 41" source="/LazyTest/src/test/C.java.html" line="41" baseImage="info.gif" flags="0" />
          </result>
        </result>
      </result>
    </result>
    <result msg="RegionLock test.D.L is this protects Instance on D at D.java line 9" source="/LazyTest/src/test/D.java.html" line="9" baseImage="annotation.gif" flags="2">
      <result msg="3 protected field access(es)" baseImage="folder.gif" flags="2">
        <result msg="test (3 issues)" baseImage="package.gif" flags="2">
          <result msg="D (2 issues)" baseImage="class.gif" flags="2">
            <result msg="Lock &quot;&lt;this&gt;:L&quot; held when accessing this.x at line 19" source="/LazyTest/src/test/D.java.html" line="19" baseImage="plus.gif" flags="0">
              <result msg="proposed promise: @Unique(&quot;return&quot;) at D.java line 11" source="/LazyTest/src/test/D.java.html" line="11" baseImage="annotation_proposed.gif" flags="0" />
              <result msg="supporting information:" baseImage="folder.gif" flags="0">
                <result msg="Analyzed on behalf of constructor test.D.D() at D.java line 11" source="/LazyTest/src/test/D.java.html" line="11" baseImage="info.gif" flags="0" />
                <result msg="Intrinsic lock &lt;this&gt;:L is held at D.java line 18" source="/LazyTest/src/test/D.java.html" line="18" baseImage="info.gif" flags="0" />
                <result msg="Intrinsic lock &lt;this&gt;:MUTEX is held at D.java line 18" source="/LazyTest/src/test/D.java.html" line="18" baseImage="info.gif" flags="0" />
              </result>
            </result>
            <result msg="Lock &quot;&lt;this&gt;:L&quot; held when accessing this.x at line 39" source="/LazyTest/src/test/D.java.html" line="39" baseImage="plus.gif" flags="0">
              <result msg="supporting information:" baseImage="folder.gif" flags="0">
                <result msg="Intrinsic lock &lt;this&gt;:L is held at D.java line 38" source="/LazyTest/src/test/D.java.html" line="38" baseImage="info.gif" flags="0" />
                <result msg="Intrinsic lock &lt;this&gt;:MUTEX is held at D.java line 38" source="/LazyTest/src/test/D.java.html" line="38" baseImage="info.gif" flags="0" />
              </result>
            </result>
          </result>
          <result msg="D.ACE #0 (1 issue)" baseImage="class.gif" flags="2">
            <result msg="Lock &quot;&lt;test.D.this&gt;:L&quot; held when accessing test.D.this.x at line 30" source="/LazyTest/src/test/D.java.html" line="30" baseImage="plus.gif" flags="0">
              <result msg="supporting information:" baseImage="folder.gif" flags="0">
                <result msg="Intrinsic lock &lt;test.D.this&gt;:L is held at D.java line 29" source="/LazyTest/src/test/D.java.html" line="29" baseImage="info.gif" flags="0" />
                <result msg="Intrinsic lock &lt;test.D.this&gt;:MUTEX is held at D.java line 29" source="/LazyTest/src/test/D.java.html" line="29" baseImage="info.gif" flags="0" />
              </result>
            </result>
          </result>
        </result>
      </result>
      <result msg="Region public java.lang.Object.Instance at java.lang.Object" baseImage="annotation.gif" flags="0">
        <result msg="Region public static java.lang.Object.All at java.lang.Object" baseImage="annotation.gif" flags="0" />
      </result>
    </result>
  </result>
  <result msg="Regions (2 issues)" baseImage="folder.gif" flags="2">
    <result msg="Region public [] at java.lang.[]" baseImage="annotation.gif" flags="0" />
    <result msg="Region public length at java.lang.[]" baseImage="annotation.gif" flags="0" />
  </result>
  <result msg="Suggestions and warnings (6 issues)" baseImage="info.gif" flags="0">
    <result msg="lock()–unlock() matches (6 issues)" baseImage="info.gif" flags="0">
      <result msg="test (6 issues)" baseImage="package.gif" flags="64">
        <result msg="C (4 issues)" baseImage="class.gif" flags="64">
          <result msg="lock() call has matching unlock() call at line 27 at C.java line 23" source="/LazyTest/src/test/C.java.html" line="23" baseImage="info.gif" flags="0" />
          <result msg="unlock() call has matching lock() call at line 23 at C.java line 27" source="/LazyTest/src/test/C.java.html" line="27" baseImage="info.gif" flags="0" />
          <result msg="lock() call has matching unlock() call at line 53 at C.java line 49" source="/LazyTest/src/test/C.java.html" line="49" baseImage="info.gif" flags="0" />
          <result msg="unlock() call has matching lock() call at line 49 at C.java line 53" source="/LazyTest/src/test/C.java.html" line="53" baseImage="info.gif" flags="0" />
        </result>
        <result msg="C.ACE #0 (2 issues)" baseImage="class.gif" flags="64">
          <result msg="lock() call has matching unlock() call at line 41 at C.java line 37" source="/LazyTest/src/test/C.java.html" line="37" baseImage="info.gif" flags="0" />
          <result msg="unlock() call has matching lock() call at line 37 at C.java line 41" source="/LazyTest/src/test/C.java.html" line="41" baseImage="info.gif" flags="0" />
        </result>
      </result>
    </result>
  </result>
</root>