<sourceFiles>
	<package name="com.sun.grizzly">
		<class name="CallbackHandler.java" source="/Grizzly_regression/src/com/sun/grizzly/CallbackHandler.java"/>
		<class name="ComplexSelectorHandler.java" source="/Grizzly_regression/src/com/sun/grizzly/ComplexSelectorHandler.java"/>
		<class name="ConnectorHandler.java" source="/Grizzly_regression/src/com/sun/grizzly/ConnectorHandler.java"/>
		<class name="ConnectorHandlerPool.java" source="/Grizzly_regression/src/com/sun/grizzly/ConnectorHandlerPool.java"/>
		<class name="ConnectorInstanceHandler.java" source="/Grizzly_regression/src/com/sun/grizzly/ConnectorInstanceHandler.java"/>
		<class name="Context.java" source="/Grizzly_regression/src/com/sun/grizzly/Context.java"/>
		<class name="Controller.java" source="/Grizzly_regression/src/com/sun/grizzly/Controller.java"/>
		<class name="ControllerStateListener.java" source="/Grizzly_regression/src/com/sun/grizzly/ControllerStateListener.java"/>
		<class name="ControllerStateListenerAdapter.java" source="/Grizzly_regression/src/com/sun/grizzly/ControllerStateListenerAdapter.java"/>
		<class name="DefaultConnectorHandlerPool.java" source="/Grizzly_regression/src/com/sun/grizzly/DefaultConnectorHandlerPool.java"/>
		<class name="DefaultPipeline.java" source="/Grizzly_regression/src/com/sun/grizzly/DefaultPipeline.java"/>
		<class name="DefaultProtocolChain.java" source="/Grizzly_regression/src/com/sun/grizzly/DefaultProtocolChain.java"/>
		<class name="DefaultProtocolChainInstanceHandler.java" source="/Grizzly_regression/src/com/sun/grizzly/DefaultProtocolChainInstanceHandler.java"/>
		<class name="DefaultSelectionKeyHandler.java" source="/Grizzly_regression/src/com/sun/grizzly/DefaultSelectionKeyHandler.java"/>
		<class name="Handler.java" source="/Grizzly_regression/src/com/sun/grizzly/Handler.java"/>
		<class name="IOEvent.java" source="/Grizzly_regression/src/com/sun/grizzly/IOEvent.java"/>
		<class name="Lifecycle.java" source="/Grizzly_regression/src/com/sun/grizzly/Lifecycle.java"/>
		<class name="Pipeline.java" source="/Grizzly_regression/src/com/sun/grizzly/Pipeline.java"/>
		<class name="PipelineFullException.java" source="/Grizzly_regression/src/com/sun/grizzly/PipelineFullException.java"/>
		<class name="ProtocolChain.java" source="/Grizzly_regression/src/com/sun/grizzly/ProtocolChain.java"/>
		<class name="ProtocolChainInstanceHandler.java" source="/Grizzly_regression/src/com/sun/grizzly/ProtocolChainInstanceHandler.java"/>
		<class name="ProtocolFilter.java" source="/Grizzly_regression/src/com/sun/grizzly/ProtocolFilter.java"/>
		<class name="ProtocolParser.java" source="/Grizzly_regression/src/com/sun/grizzly/ProtocolParser.java"/>
		<class name="ReadController.java" source="/Grizzly_regression/src/com/sun/grizzly/ReadController.java"/>
		<class name="RoundRobinSelectorHandler.java" source="/Grizzly_regression/src/com/sun/grizzly/RoundRobinSelectorHandler.java"/>
		<class name="SSLCallbackHandler.java" source="/Grizzly_regression/src/com/sun/grizzly/SSLCallbackHandler.java"/>
		<class name="SSLConfig.java" source="/Grizzly_regression/src/com/sun/grizzly/SSLConfig.java"/>
		<class name="SSLConnectorHandler.java" source="/Grizzly_regression/src/com/sun/grizzly/SSLConnectorHandler.java"/>
		<class name="SSLSelectorHandler.java" source="/Grizzly_regression/src/com/sun/grizzly/SSLSelectorHandler.java"/>
		<class name="SelectionKeyHandler.java" source="/Grizzly_regression/src/com/sun/grizzly/SelectionKeyHandler.java"/>
		<class name="SelectorHandler.java" source="/Grizzly_regression/src/com/sun/grizzly/SelectorHandler.java"/>
		<class name="TCPConnectorHandler.java" source="/Grizzly_regression/src/com/sun/grizzly/TCPConnectorHandler.java"/>
		<class name="TCPSelectorHandler.java" source="/Grizzly_regression/src/com/sun/grizzly/TCPSelectorHandler.java"/>
		<class name="UDPConnectorHandler.java" source="/Grizzly_regression/src/com/sun/grizzly/UDPConnectorHandler.java"/>
		<class name="UDPSelectorHandler.java" source="/Grizzly_regression/src/com/sun/grizzly/UDPSelectorHandler.java"/>
	</package>
	<package name="com.sun.grizzly.connectioncache.client">
		<class name="CacheableConnectorHandler.java" source="/Grizzly_regression/src/com/sun/grizzly/connectioncache/client/CacheableConnectorHandler.java"/>
		<class name="CacheableConnectorHandlerPool.java" source="/Grizzly_regression/src/com/sun/grizzly/connectioncache/client/CacheableConnectorHandlerPool.java"/>
	</package>
	<package name="com.sun.grizzly.connectioncache.impl.concurrent">
		<class name="ConcurrentQueueBlockingImpl.java" source="/Grizzly_regression/src/com/sun/grizzly/connectioncache/impl/concurrent/ConcurrentQueueBlockingImpl.java"/>
		<class name="ConcurrentQueueImpl.java" source="/Grizzly_regression/src/com/sun/grizzly/connectioncache/impl/concurrent/ConcurrentQueueImpl.java"/>
		<class name="ConcurrentQueueNonBlockingImpl.java" source="/Grizzly_regression/src/com/sun/grizzly/connectioncache/impl/concurrent/ConcurrentQueueNonBlockingImpl.java"/>
	</package>
	<package name="com.sun.grizzly.connectioncache.impl.transport">
		<class name="ConnectionCacheBase.java" source="/Grizzly_regression/src/com/sun/grizzly/connectioncache/impl/transport/ConnectionCacheBase.java"/>
		<class name="ConnectionCacheBlockingBase.java" source="/Grizzly_regression/src/com/sun/grizzly/connectioncache/impl/transport/ConnectionCacheBlockingBase.java"/>
		<class name="InboundConnectionCacheBlockingImpl.java" source="/Grizzly_regression/src/com/sun/grizzly/connectioncache/impl/transport/InboundConnectionCacheBlockingImpl.java"/>
		<class name="OutboundConnectionCacheBlockingImpl.java" source="/Grizzly_regression/src/com/sun/grizzly/connectioncache/impl/transport/OutboundConnectionCacheBlockingImpl.java"/>
	</package>
	<package name="com.sun.grizzly.connectioncache.server">
		<class name="CacheableSelectionKeyHandler.java" source="/Grizzly_regression/src/com/sun/grizzly/connectioncache/server/CacheableSelectionKeyHandler.java"/>
	</package>
	<package name="com.sun.grizzly.connectioncache.spi.concurrent">
		<class name="ConcurrentQueue.java" source="/Grizzly_regression/src/com/sun/grizzly/connectioncache/spi/concurrent/ConcurrentQueue.java"/>
		<class name="ConcurrentQueueFactory.java" source="/Grizzly_regression/src/com/sun/grizzly/connectioncache/spi/concurrent/ConcurrentQueueFactory.java"/>
	</package>
	<package name="com.sun.grizzly.connectioncache.spi.transport">
		<class name="ConnectionCache.java" source="/Grizzly_regression/src/com/sun/grizzly/connectioncache/spi/transport/ConnectionCache.java"/>
		<class name="ConnectionCacheFactory.java" source="/Grizzly_regression/src/com/sun/grizzly/connectioncache/spi/transport/ConnectionCacheFactory.java"/>
		<class name="ConnectionFinder.java" source="/Grizzly_regression/src/com/sun/grizzly/connectioncache/spi/transport/ConnectionFinder.java"/>
		<class name="ContactInfo.java" source="/Grizzly_regression/src/com/sun/grizzly/connectioncache/spi/transport/ContactInfo.java"/>
		<class name="InboundConnectionCache.java" source="/Grizzly_regression/src/com/sun/grizzly/connectioncache/spi/transport/InboundConnectionCache.java"/>
		<class name="OutboundConnectionCache.java" source="/Grizzly_regression/src/com/sun/grizzly/connectioncache/spi/transport/OutboundConnectionCache.java"/>
	</package>
	<package name="com.sun.grizzly.filter">
		<class name="EchoFilter.java" source="/Grizzly_regression/src/com/sun/grizzly/filter/EchoFilter.java"/>
		<class name="LogFilter.java" source="/Grizzly_regression/src/com/sun/grizzly/filter/LogFilter.java"/>
		<class name="ParserProtocolFilter.java" source="/Grizzly_regression/src/com/sun/grizzly/filter/ParserProtocolFilter.java"/>
		<class name="ReadFilter.java" source="/Grizzly_regression/src/com/sun/grizzly/filter/ReadFilter.java"/>
		<class name="SSLEchoFilter.java" source="/Grizzly_regression/src/com/sun/grizzly/filter/SSLEchoFilter.java"/>
		<class name="SSLReadFilter.java" source="/Grizzly_regression/src/com/sun/grizzly/filter/SSLReadFilter.java"/>
		<class name="UDPReadFilter.java" source="/Grizzly_regression/src/com/sun/grizzly/filter/UDPReadFilter.java"/>
		<class name="UDPWriteFilter.java" source="/Grizzly_regression/src/com/sun/grizzly/filter/UDPWriteFilter.java"/>
	</package>
	<package name="com.sun.grizzly.util">
		<class name="ByteBufferFactory.java" source="/Grizzly_regression/src/com/sun/grizzly/util/ByteBufferFactory.java"/>
		<class name="ByteBufferInputStream.java" source="/Grizzly_regression/src/com/sun/grizzly/util/ByteBufferInputStream.java"/>
		<class name="Cloner.java" source="/Grizzly_regression/src/com/sun/grizzly/util/Cloner.java"/>
		<class name="Copyable.java" source="/Grizzly_regression/src/com/sun/grizzly/util/Copyable.java"/>
		<class name="Interceptor.java" source="/Grizzly_regression/src/com/sun/grizzly/util/Interceptor.java"/>
		<class name="OutputWriter.java" source="/Grizzly_regression/src/com/sun/grizzly/util/OutputWriter.java"/>
		<class name="SSLOutputWriter.java" source="/Grizzly_regression/src/com/sun/grizzly/util/SSLOutputWriter.java"/>
		<class name="SSLUtils.java" source="/Grizzly_regression/src/com/sun/grizzly/util/SSLUtils.java"/>
		<class name="SelectorFactory.java" source="/Grizzly_regression/src/com/sun/grizzly/util/SelectorFactory.java"/>
		<class name="StreamAlgorithm.java" source="/Grizzly_regression/src/com/sun/grizzly/util/StreamAlgorithm.java"/>
		<class name="ThreadAttachment.java" source="/Grizzly_regression/src/com/sun/grizzly/util/ThreadAttachment.java"/>
		<class name="WorkerThread.java" source="/Grizzly_regression/src/com/sun/grizzly/util/WorkerThread.java"/>
		<class name="WorkerThreadImpl.java" source="/Grizzly_regression/src/com/sun/grizzly/util/WorkerThreadImpl.java"/>
	</package>
	<package name="misc.anonClassMethods">
		<class name="Test.java" source="/TestQualifiedReceiverSubstitutionsAndAnonymousClassLocks/src/misc/anonClassMethods/Test.java"/>
	</package>
	<package name="misc.heldAs_unresolvable_tests">
		<class name="C.java" source="/TestQualifiedReceiverSubstitutionsAndAnonymousClassLocks/src/misc/heldAs_unresolvable_tests/C.java"/>
		<class name="Test.java" source="/TestQualifiedReceiverSubstitutionsAndAnonymousClassLocks/src/misc/heldAs_unresolvable_tests/Test.java"/>
	</package>
	<package name="t">
		<class name="A.java" source="/t/src/t/A.java"/>
		<class name="B.java" source="/t/src/t/B.java"/>
	</package>
	<package name="test.AnonymousClass.SuperIsLocal.OneLevel">
		<class name="Outer.java" source="/TestQualifiedReceiverSubstitutionsAndAnonymousClassLocks/src/test/AnonymousClass/SuperIsLocal/OneLevel/Outer.java"/>
	</package>
	<package name="test.AnonymousClass.SuperIsLocal.ThreeLevels.DirectInner">
		<class name="Outer1.java" source="/TestQualifiedReceiverSubstitutionsAndAnonymousClassLocks/src/test/AnonymousClass/SuperIsLocal/ThreeLevels/DirectInner/Outer1.java"/>
	</package>
	<package name="test.AnonymousClass.SuperIsLocal.ThreeLevels.Local">
		<class name="Outer.java" source="/TestQualifiedReceiverSubstitutionsAndAnonymousClassLocks/src/test/AnonymousClass/SuperIsLocal/ThreeLevels/Local/Outer.java"/>
	</package>
	<package name="test.AnonymousClass.SuperIsLocal.ThreeLevels.Mixed">
		<class name="Outer1.java" source="/TestQualifiedReceiverSubstitutionsAndAnonymousClassLocks/src/test/AnonymousClass/SuperIsLocal/ThreeLevels/Mixed/Outer1.java"/>
	</package>
	<package name="test.AnonymousClass.SuperIsLocal.TwoLevels.DirectInner">
		<class name="Outer1.java" source="/TestQualifiedReceiverSubstitutionsAndAnonymousClassLocks/src/test/AnonymousClass/SuperIsLocal/TwoLevels/DirectInner/Outer1.java"/>
	</package>
	<package name="test.AnonymousClass.SuperIsLocal.TwoLevels.Local">
		<class name="Outer.java" source="/TestQualifiedReceiverSubstitutionsAndAnonymousClassLocks/src/test/AnonymousClass/SuperIsLocal/TwoLevels/Local/Outer.java"/>
	</package>
	<package name="test.AnonymousClass.SuperIsMember.Qualified.OneLevel">
		<class name="Test.java" source="/TestQualifiedReceiverSubstitutionsAndAnonymousClassLocks/src/test/AnonymousClass/SuperIsMember/Qualified/OneLevel/Test.java"/>
	</package>
	<package name="test.AnonymousClass.SuperIsMember.Qualified.TwoLevels">
		<class name="Test.java" source="/TestQualifiedReceiverSubstitutionsAndAnonymousClassLocks/src/test/AnonymousClass/SuperIsMember/Qualified/TwoLevels/Test.java"/>
	</package>
	<package name="test.AnonymousClass.SuperIsMember.Unqualified.OneLevel">
		<class name="Test.java" source="/TestQualifiedReceiverSubstitutionsAndAnonymousClassLocks/src/test/AnonymousClass/SuperIsMember/Unqualified/OneLevel/Test.java"/>
		<class name="TestFieldInit.java" source="/TestQualifiedReceiverSubstitutionsAndAnonymousClassLocks/src/test/AnonymousClass/SuperIsMember/Unqualified/OneLevel/TestFieldInit.java"/>
		<class name="TestInstanceInit.java" source="/TestQualifiedReceiverSubstitutionsAndAnonymousClassLocks/src/test/AnonymousClass/SuperIsMember/Unqualified/OneLevel/TestInstanceInit.java"/>
	</package>
	<package name="test.AnonymousClass.SuperIsMember.Unqualified.TwoLevels">
		<class name="Test.java" source="/TestQualifiedReceiverSubstitutionsAndAnonymousClassLocks/src/test/AnonymousClass/SuperIsMember/Unqualified/TwoLevels/Test.java"/>
		<class name="TestFieldInit.java" source="/TestQualifiedReceiverSubstitutionsAndAnonymousClassLocks/src/test/AnonymousClass/SuperIsMember/Unqualified/TwoLevels/TestFieldInit.java"/>
		<class name="TestInstanceInit.java" source="/TestQualifiedReceiverSubstitutionsAndAnonymousClassLocks/src/test/AnonymousClass/SuperIsMember/Unqualified/TwoLevels/TestInstanceInit.java"/>
	</package>
	<package name="test.AnonymousClass.SuperIsNotInner">
		<class name="StaticContext.java" source="/TestQualifiedReceiverSubstitutionsAndAnonymousClassLocks/src/test/AnonymousClass/SuperIsNotInner/StaticContext.java"/>
		<class name="Super.java" source="/TestQualifiedReceiverSubstitutionsAndAnonymousClassLocks/src/test/AnonymousClass/SuperIsNotInner/Super.java"/>
		<class name="Test.java" source="/TestQualifiedReceiverSubstitutionsAndAnonymousClassLocks/src/test/AnonymousClass/SuperIsNotInner/Test.java"/>
		<class name="TestFieldInit.java" source="/TestQualifiedReceiverSubstitutionsAndAnonymousClassLocks/src/test/AnonymousClass/SuperIsNotInner/TestFieldInit.java"/>
		<class name="TestInstanceInit.java" source="/TestQualifiedReceiverSubstitutionsAndAnonymousClassLocks/src/test/AnonymousClass/SuperIsNotInner/TestInstanceInit.java"/>
	</package>
	<package name="test.ConstructorCall.Qualified.DoubleNesting">
		<class name="E2.java" source="/TestQualifiedReceiverSubstitutionsAndAnonymousClassLocks/src/test/ConstructorCall/Qualified/DoubleNesting/E2.java"/>
		<class name="E3.java" source="/TestQualifiedReceiverSubstitutionsAndAnonymousClassLocks/src/test/ConstructorCall/Qualified/DoubleNesting/E3.java"/>
		<class name="Outer1.java" source="/TestQualifiedReceiverSubstitutionsAndAnonymousClassLocks/src/test/ConstructorCall/Qualified/DoubleNesting/Outer1.java"/>
	</package>
	<package name="test.ConstructorCall.Qualified.SingleNesting">
		<class name="E2.java" source="/TestQualifiedReceiverSubstitutionsAndAnonymousClassLocks/src/test/ConstructorCall/Qualified/SingleNesting/E2.java"/>
		<class name="Outer1.java" source="/TestQualifiedReceiverSubstitutionsAndAnonymousClassLocks/src/test/ConstructorCall/Qualified/SingleNesting/Outer1.java"/>
	</package>
	<package name="test.ConstructorCall.Unqualified.DoubleNesting">
		<class name="Outer1.java" source="/TestQualifiedReceiverSubstitutionsAndAnonymousClassLocks/src/test/ConstructorCall/Unqualified/DoubleNesting/Outer1.java"/>
	</package>
	<package name="test.ConstructorCall.Unqualified.SingleNesting">
		<class name="Outer1.java" source="/TestQualifiedReceiverSubstitutionsAndAnonymousClassLocks/src/test/ConstructorCall/Unqualified/SingleNesting/Outer1.java"/>
		<class name="Outer2.java" source="/TestQualifiedReceiverSubstitutionsAndAnonymousClassLocks/src/test/ConstructorCall/Unqualified/SingleNesting/Outer2.java"/>
	</package>
	<package name="test.MethodCall.DoubleNesting">
		<class name="E2.java" source="/TestQualifiedReceiverSubstitutionsAndAnonymousClassLocks/src/test/MethodCall/DoubleNesting/E2.java"/>
		<class name="Outer1.java" source="/TestQualifiedReceiverSubstitutionsAndAnonymousClassLocks/src/test/MethodCall/DoubleNesting/Outer1.java"/>
	</package>
	<package name="test.MethodCall.NoNesting">
		<class name="NormalCall.java" source="/TestQualifiedReceiverSubstitutionsAndAnonymousClassLocks/src/test/MethodCall/NoNesting/NormalCall.java"/>
		<class name="TestDefinitionAndSynchronization.java" source="/TestQualifiedReceiverSubstitutionsAndAnonymousClassLocks/src/test/MethodCall/NoNesting/TestDefinitionAndSynchronization.java"/>
	</package>
	<package name="test.MethodCall.SingleNesting">
		<class name="E2.java" source="/TestQualifiedReceiverSubstitutionsAndAnonymousClassLocks/src/test/MethodCall/SingleNesting/E2.java"/>
		<class name="Outer1.java" source="/TestQualifiedReceiverSubstitutionsAndAnonymousClassLocks/src/test/MethodCall/SingleNesting/Outer1.java"/>
		<class name="Outer2.java" source="/TestQualifiedReceiverSubstitutionsAndAnonymousClassLocks/src/test/MethodCall/SingleNesting/Outer2.java"/>
	</package>
	<package name="test.NewExpression.LocalClass">
		<class name="Outer.java" source="/TestQualifiedReceiverSubstitutionsAndAnonymousClassLocks/src/test/NewExpression/LocalClass/Outer.java"/>
	</package>
	<package name="test.NewExpression.MemberClass.Qualified">
		<class name="Outer.java" source="/TestQualifiedReceiverSubstitutionsAndAnonymousClassLocks/src/test/NewExpression/MemberClass/Qualified/Outer.java"/>
	</package>
	<package name="test.NewExpression.MemberClass.Unqualified">
		<class name="Outer.java" source="/TestQualifiedReceiverSubstitutionsAndAnonymousClassLocks/src/test/NewExpression/MemberClass/Unqualified/Outer.java"/>
	</package>
</sourceFiles>
