<root msg="Assurance Results">
  <result msg="Concurrency (7 issues)" baseImage="folder.gif" flags="4">
    <result msg="RegionLock java.lang.Object.MUTEX is this protects WaitQueue on Object at java.lang.Object" baseImage="annotation.gif" flags="2">
      <result msg="5 lock precondition(s)" baseImage="folder.gif" flags="2">
        <result msg="RequiresLock MUTEX on java.lang.Object.notify() at java.lang.Object" baseImage="annotation.gif" flags="2" />
        <result msg="RequiresLock MUTEX on java.lang.Object.notifyAll() at java.lang.Object" baseImage="annotation.gif" flags="2" />
        <result msg="RequiresLock MUTEX on java.lang.Object.wait() at java.lang.Object" baseImage="annotation.gif" flags="2" />
        <result msg="RequiresLock MUTEX on java.lang.Object.wait(long) at java.lang.Object" baseImage="annotation.gif" flags="2" />
        <result msg="RequiresLock MUTEX on java.lang.Object.wait(long,int) at java.lang.Object" baseImage="annotation.gif" flags="2" />
      </result>
      <result msg="java.lang.Object.MUTEX is consistent with the code in java.lang.Object" baseImage="plus.gif" flags="0" />
      <result msg="Region public java.lang.Object.WaitQueue at java.lang.Object" baseImage="annotation.gif" flags="0">
        <result msg="Region public java.lang.Object.Instance at java.lang.Object" baseImage="annotation.gif" flags="0">
          <result msg="Region public static java.lang.Object.All at java.lang.Object" baseImage="annotation.gif" flags="0" />
        </result>
      </result>
    </result>
    <result msg="RegionLock test.NoExplicitStaticInit.SL1 is this.staticLockField1 protects StaticState1 on NoExplicitStaticInit at NoExplicitStaticInit.java line 20" source="/TestLocksInStaticInitializers/src/test/NoExplicitStaticInit.java.html" line="20" baseImage="annotation.gif" flags="4">
      <result msg="1 protected field access(es)" baseImage="folder.gif" flags="2">
        <result msg="test (1 issue)" baseImage="package.gif" flags="2">
          <result msg="NoExplicitStaticInit (1 issue)" baseImage="class.gif" flags="2">
            <result msg="Acting as if lock &quot;SL1&quot; were held when accessing fieldInit1 = 0 (occurs within a class initializer) at line 30" source="/TestLocksInStaticInitializers/src/test/NoExplicitStaticInit.java.html" line="30" baseImage="plus.gif" flags="0" />
          </result>
        </result>
      </result>
      <result msg="1 unprotected field access(es); possible race condition detected" baseImage="folder.gif" flags="4">
        <result msg="test (1 issue)" baseImage="package.gif" flags="4">
          <result msg="NoExplicitStaticInit (1 issue)" baseImage="class.gif" flags="4">
            <result msg="Lock &quot;SL1&quot; not held when accessing test.NoExplicitStaticInit.fieldInit1 at line 39" source="/TestLocksInStaticInitializers/src/test/NoExplicitStaticInit.java.html" line="39" baseImage="red_x.gif" flags="0">
              <result msg="proposed promise: @RequiresLock(&quot;SL1&quot;) at NoExplicitStaticInit.java line 38" source="/TestLocksInStaticInitializers/src/test/NoExplicitStaticInit.java.html" line="38" baseImage="annotation_proposed.gif" flags="0" />
            </result>
          </result>
        </result>
      </result>
      <result msg="Region protected static test.NoExplicitStaticInit.StaticState1 at NoExplicitStaticInit.java line 15" source="/TestLocksInStaticInitializers/src/test/NoExplicitStaticInit.java.html" line="15" baseImage="annotation.gif" flags="0">
        <result msg="Region public static java.lang.Object.All at java.lang.Object" baseImage="annotation.gif" flags="0" />
      </result>
    </result>
    <result msg="RegionLock test.NoExplicitStaticInit.SL2 is this.staticLockField2 protects StaticState2 on NoExplicitStaticInit at NoExplicitStaticInit.java line 21" source="/TestLocksInStaticInitializers/src/test/NoExplicitStaticInit.java.html" line="21" baseImage="annotation.gif" flags="4">
      <result msg="1 protected field access(es)" baseImage="folder.gif" flags="2">
        <result msg="test (1 issue)" baseImage="package.gif" flags="2">
          <result msg="NoExplicitStaticInit (1 issue)" baseImage="class.gif" flags="2">
            <result msg="Acting as if lock &quot;SL2&quot; were held when accessing fieldInit2 = 0 (occurs within a class initializer) at line 33" source="/TestLocksInStaticInitializers/src/test/NoExplicitStaticInit.java.html" line="33" baseImage="plus.gif" flags="0" />
          </result>
        </result>
      </result>
      <result msg="1 unprotected field access(es); possible race condition detected" baseImage="folder.gif" flags="4">
        <result msg="test (1 issue)" baseImage="package.gif" flags="4">
          <result msg="NoExplicitStaticInit (1 issue)" baseImage="class.gif" flags="4">
            <result msg="Lock &quot;SL2&quot; not held when accessing test.NoExplicitStaticInit.fieldInit2 at line 40" source="/TestLocksInStaticInitializers/src/test/NoExplicitStaticInit.java.html" line="40" baseImage="red_x.gif" flags="0">
              <result msg="proposed promise: @RequiresLock(&quot;SL2&quot;) at NoExplicitStaticInit.java line 38" source="/TestLocksInStaticInitializers/src/test/NoExplicitStaticInit.java.html" line="38" baseImage="annotation_proposed.gif" flags="0" />
            </result>
          </result>
        </result>
      </result>
      <result msg="Region protected static test.NoExplicitStaticInit.StaticState2 at NoExplicitStaticInit.java line 16" source="/TestLocksInStaticInitializers/src/test/NoExplicitStaticInit.java.html" line="16" baseImage="annotation.gif" flags="0">
        <result msg="Region public static java.lang.Object.All at java.lang.Object" baseImage="annotation.gif" flags="0" />
      </result>
    </result>
    <result msg="RegionLock test.NoExplicitStaticInit.SL3 is this.staticLockField3 protects StaticState3 on NoExplicitStaticInit at NoExplicitStaticInit.java line 22" source="/TestLocksInStaticInitializers/src/test/NoExplicitStaticInit.java.html" line="22" baseImage="annotation.gif" flags="4">
      <result msg="1 protected field access(es)" baseImage="folder.gif" flags="2">
        <result msg="test (1 issue)" baseImage="package.gif" flags="2">
          <result msg="NoExplicitStaticInit (1 issue)" baseImage="class.gif" flags="2">
            <result msg="Acting as if lock &quot;SL3.writeLock()&quot; were held when accessing fieldInit3 = 0 (occurs within a class initializer) at line 36" source="/TestLocksInStaticInitializers/src/test/NoExplicitStaticInit.java.html" line="36" baseImage="plus.gif" flags="0" />
          </result>
        </result>
      </result>
      <result msg="1 unprotected field access(es); possible race condition detected" baseImage="folder.gif" flags="4">
        <result msg="test (1 issue)" baseImage="package.gif" flags="4">
          <result msg="NoExplicitStaticInit (1 issue)" baseImage="class.gif" flags="4">
            <result msg="Lock &quot;SL3.readLock()&quot; not held when accessing test.NoExplicitStaticInit.fieldInit3 at line 41" source="/TestLocksInStaticInitializers/src/test/NoExplicitStaticInit.java.html" line="41" baseImage="red_x.gif" flags="0">
              <result msg="proposed promise: @RequiresLock(&quot;SL3&quot;) at NoExplicitStaticInit.java line 38" source="/TestLocksInStaticInitializers/src/test/NoExplicitStaticInit.java.html" line="38" baseImage="annotation_proposed.gif" flags="0" />
            </result>
          </result>
        </result>
      </result>
      <result msg="Region protected static test.NoExplicitStaticInit.StaticState3 at NoExplicitStaticInit.java line 17" source="/TestLocksInStaticInitializers/src/test/NoExplicitStaticInit.java.html" line="17" baseImage="annotation.gif" flags="0">
        <result msg="Region public static java.lang.Object.All at java.lang.Object" baseImage="annotation.gif" flags="0" />
      </result>
    </result>
    <result msg="RegionLock test.StaticTest.SL1 is this.staticLockField1 protects StaticState1 on StaticTest at StaticTest.java line 20" source="/TestLocksInStaticInitializers/src/test/StaticTest.java.html" line="20" baseImage="annotation.gif" flags="4">
      <result msg="1 protected field access(es)" baseImage="folder.gif" flags="2">
        <result msg="test (1 issue)" baseImage="package.gif" flags="2">
          <result msg="StaticTest (1 issue)" baseImage="class.gif" flags="2">
            <result msg="Acting as if lock &quot;SL1&quot; were held when accessing fieldInit = 0 (occurs within a class initializer) at line 30" source="/TestLocksInStaticInitializers/src/test/StaticTest.java.html" line="30" baseImage="plus.gif" flags="0" />
          </result>
        </result>
      </result>
      <result msg="1 unprotected field access(es); possible race condition detected" baseImage="folder.gif" flags="4">
        <result msg="test (1 issue)" baseImage="package.gif" flags="4">
          <result msg="StaticTest (1 issue)" baseImage="class.gif" flags="4">
            <result msg="Lock &quot;SL1&quot; not held when accessing test.StaticTest.fieldInit at line 47" source="/TestLocksInStaticInitializers/src/test/StaticTest.java.html" line="47" baseImage="red_x.gif" flags="0">
              <result msg="proposed promise: @RequiresLock(&quot;SL1&quot;) at StaticTest.java line 46" source="/TestLocksInStaticInitializers/src/test/StaticTest.java.html" line="46" baseImage="annotation_proposed.gif" flags="0" />
            </result>
          </result>
        </result>
      </result>
      <result msg="Region protected static test.StaticTest.StaticState1 at StaticTest.java line 15" source="/TestLocksInStaticInitializers/src/test/StaticTest.java.html" line="15" baseImage="annotation.gif" flags="0">
        <result msg="Region public static java.lang.Object.All at java.lang.Object" baseImage="annotation.gif" flags="0" />
      </result>
    </result>
    <result msg="RegionLock test.StaticTest.SL2 is this.staticLockField2 protects StaticState2 on StaticTest at StaticTest.java line 21" source="/TestLocksInStaticInitializers/src/test/StaticTest.java.html" line="21" baseImage="annotation.gif" flags="4">
      <result msg="1 protected field access(es)" baseImage="folder.gif" flags="2">
        <result msg="test (1 issue)" baseImage="package.gif" flags="2">
          <result msg="StaticTest (1 issue)" baseImage="class.gif" flags="2">
            <result msg="Acting as if lock &quot;SL2&quot; were held when accessing test.StaticTest.blockInit1 (occurs within a class initializer) at line 39" source="/TestLocksInStaticInitializers/src/test/StaticTest.java.html" line="39" baseImage="plus.gif" flags="0" />
          </result>
        </result>
      </result>
      <result msg="1 unprotected field access(es); possible race condition detected" baseImage="folder.gif" flags="4">
        <result msg="test (1 issue)" baseImage="package.gif" flags="4">
          <result msg="StaticTest (1 issue)" baseImage="class.gif" flags="4">
            <result msg="Lock &quot;SL2&quot; not held when accessing test.StaticTest.blockInit1 at line 48" source="/TestLocksInStaticInitializers/src/test/StaticTest.java.html" line="48" baseImage="red_x.gif" flags="0">
              <result msg="proposed promise: @RequiresLock(&quot;SL2&quot;) at StaticTest.java line 46" source="/TestLocksInStaticInitializers/src/test/StaticTest.java.html" line="46" baseImage="annotation_proposed.gif" flags="0" />
            </result>
          </result>
        </result>
      </result>
      <result msg="Region protected static test.StaticTest.StaticState2 at StaticTest.java line 16" source="/TestLocksInStaticInitializers/src/test/StaticTest.java.html" line="16" baseImage="annotation.gif" flags="0">
        <result msg="Region public static java.lang.Object.All at java.lang.Object" baseImage="annotation.gif" flags="0" />
      </result>
    </result>
    <result msg="RegionLock test.StaticTest.SL3 is this.staticLockField3 protects StaticState3 on StaticTest at StaticTest.java line 22" source="/TestLocksInStaticInitializers/src/test/StaticTest.java.html" line="22" baseImage="annotation.gif" flags="4">
      <result msg="1 protected field access(es)" baseImage="folder.gif" flags="2">
        <result msg="test (1 issue)" baseImage="package.gif" flags="2">
          <result msg="StaticTest (1 issue)" baseImage="class.gif" flags="2">
            <result msg="Acting as if lock &quot;SL3.writeLock()&quot; were held when accessing test.StaticTest.blockInit2 (occurs within a class initializer) at line 43" source="/TestLocksInStaticInitializers/src/test/StaticTest.java.html" line="43" baseImage="plus.gif" flags="0" />
          </result>
        </result>
      </result>
      <result msg="1 unprotected field access(es); possible race condition detected" baseImage="folder.gif" flags="4">
        <result msg="test (1 issue)" baseImage="package.gif" flags="4">
          <result msg="StaticTest (1 issue)" baseImage="class.gif" flags="4">
            <result msg="Lock &quot;SL3.readLock()&quot; not held when accessing test.StaticTest.blockInit2 at line 49" source="/TestLocksInStaticInitializers/src/test/StaticTest.java.html" line="49" baseImage="red_x.gif" flags="0">
              <result msg="proposed promise: @RequiresLock(&quot;SL3&quot;) at StaticTest.java line 46" source="/TestLocksInStaticInitializers/src/test/StaticTest.java.html" line="46" baseImage="annotation_proposed.gif" flags="0" />
            </result>
          </result>
        </result>
      </result>
      <result msg="Region protected static test.StaticTest.StaticState3 at StaticTest.java line 17" source="/TestLocksInStaticInitializers/src/test/StaticTest.java.html" line="17" baseImage="annotation.gif" flags="0">
        <result msg="Region public static java.lang.Object.All at java.lang.Object" baseImage="annotation.gif" flags="0" />
      </result>
    </result>
  </result>
  <result msg="Regions (8 issues)" baseImage="folder.gif" flags="2">
    <result msg="Region private static test.NoExplicitStaticInit.fieldInit1 at NoExplicitStaticInit.java line 30" source="/TestLocksInStaticInitializers/src/test/NoExplicitStaticInit.java.html" line="30" baseImage="annotation.gif" flags="0">
      <result msg="InRegion(StaticState1) on fieldInit1 at NoExplicitStaticInit.java line 29" source="/TestLocksInStaticInitializers/src/test/NoExplicitStaticInit.java.html" line="29" baseImage="annotation.gif" flags="0" />
      <result msg="Region protected static test.NoExplicitStaticInit.StaticState1 at NoExplicitStaticInit.java line 15" source="/TestLocksInStaticInitializers/src/test/NoExplicitStaticInit.java.html" line="15" baseImage="annotation.gif" flags="0">
        <result msg="Region public static java.lang.Object.All at java.lang.Object" baseImage="annotation.gif" flags="0" />
      </result>
    </result>
    <result msg="Region private static test.NoExplicitStaticInit.fieldInit2 at NoExplicitStaticInit.java line 33" source="/TestLocksInStaticInitializers/src/test/NoExplicitStaticInit.java.html" line="33" baseImage="annotation.gif" flags="0">
      <result msg="InRegion(StaticState2) on fieldInit2 at NoExplicitStaticInit.java line 32" source="/TestLocksInStaticInitializers/src/test/NoExplicitStaticInit.java.html" line="32" baseImage="annotation.gif" flags="0" />
      <result msg="Region protected static test.NoExplicitStaticInit.StaticState2 at NoExplicitStaticInit.java line 16" source="/TestLocksInStaticInitializers/src/test/NoExplicitStaticInit.java.html" line="16" baseImage="annotation.gif" flags="0">
        <result msg="Region public static java.lang.Object.All at java.lang.Object" baseImage="annotation.gif" flags="0" />
      </result>
    </result>
    <result msg="Region private static test.NoExplicitStaticInit.fieldInit3 at NoExplicitStaticInit.java line 36" source="/TestLocksInStaticInitializers/src/test/NoExplicitStaticInit.java.html" line="36" baseImage="annotation.gif" flags="0">
      <result msg="InRegion(StaticState3) on fieldInit3 at NoExplicitStaticInit.java line 35" source="/TestLocksInStaticInitializers/src/test/NoExplicitStaticInit.java.html" line="35" baseImage="annotation.gif" flags="0" />
      <result msg="Region protected static test.NoExplicitStaticInit.StaticState3 at NoExplicitStaticInit.java line 17" source="/TestLocksInStaticInitializers/src/test/NoExplicitStaticInit.java.html" line="17" baseImage="annotation.gif" flags="0">
        <result msg="Region public static java.lang.Object.All at java.lang.Object" baseImage="annotation.gif" flags="0" />
      </result>
    </result>
    <result msg="Region private static test.StaticTest.blockInit1 at StaticTest.java line 33" source="/TestLocksInStaticInitializers/src/test/StaticTest.java.html" line="33" baseImage="annotation.gif" flags="0">
      <result msg="InRegion(StaticState2) on blockInit1 at StaticTest.java line 32" source="/TestLocksInStaticInitializers/src/test/StaticTest.java.html" line="32" baseImage="annotation.gif" flags="0" />
      <result msg="Region protected static test.StaticTest.StaticState2 at StaticTest.java line 16" source="/TestLocksInStaticInitializers/src/test/StaticTest.java.html" line="16" baseImage="annotation.gif" flags="0">
        <result msg="Region public static java.lang.Object.All at java.lang.Object" baseImage="annotation.gif" flags="0" />
      </result>
    </result>
    <result msg="Region private static test.StaticTest.blockInit2 at StaticTest.java line 36" source="/TestLocksInStaticInitializers/src/test/StaticTest.java.html" line="36" baseImage="annotation.gif" flags="0">
      <result msg="InRegion(StaticState3) on blockInit2 at StaticTest.java line 35" source="/TestLocksInStaticInitializers/src/test/StaticTest.java.html" line="35" baseImage="annotation.gif" flags="0" />
      <result msg="Region protected static test.StaticTest.StaticState3 at StaticTest.java line 17" source="/TestLocksInStaticInitializers/src/test/StaticTest.java.html" line="17" baseImage="annotation.gif" flags="0">
        <result msg="Region public static java.lang.Object.All at java.lang.Object" baseImage="annotation.gif" flags="0" />
      </result>
    </result>
    <result msg="Region private static test.StaticTest.fieldInit at StaticTest.java line 30" source="/TestLocksInStaticInitializers/src/test/StaticTest.java.html" line="30" baseImage="annotation.gif" flags="0">
      <result msg="InRegion(StaticState1) on fieldInit at StaticTest.java line 29" source="/TestLocksInStaticInitializers/src/test/StaticTest.java.html" line="29" baseImage="annotation.gif" flags="0" />
      <result msg="Region protected static test.StaticTest.StaticState1 at StaticTest.java line 15" source="/TestLocksInStaticInitializers/src/test/StaticTest.java.html" line="15" baseImage="annotation.gif" flags="0">
        <result msg="Region public static java.lang.Object.All at java.lang.Object" baseImage="annotation.gif" flags="0" />
      </result>
    </result>
    <result msg="Region public [] at java.lang.[]" baseImage="annotation.gif" flags="0" />
    <result msg="Region public length at java.lang.[]" baseImage="annotation.gif" flags="0" />
  </result>
</root>