<sourceFiles>
	<package name="aggregated_fields">
		<class name="Inner.java" source="/TestJUCRWLocks/src/aggregated_fields/Inner.java.html"/>
		<class name="Test.java" source="/TestJUCRWLocks/src/aggregated_fields/Test.java.html"/>
	</package>
	<package name="basic_usage">
		<class name="Test.java" source="/TestJUCRWLocks/src/basic_usage/Test.java.html"/>
	</package>
	<package name="com.surelogic">
		<class name="Aggregate.java" source="/promises/src/com/surelogic/Aggregate.java.html"/>
		<class name="AllowsReferencesFrom.java" source="/promises/src/com/surelogic/AllowsReferencesFrom.java.html"/>
		<class name="Assume.java" source="/promises/src/com/surelogic/Assume.java.html"/>
		<class name="Assumes.java" source="/promises/src/com/surelogic/Assumes.java.html"/>
		<class name="Borrowed.java" source="/promises/src/com/surelogic/Borrowed.java.html"/>
		<class name="InLayer.java" source="/promises/src/com/surelogic/InLayer.java.html"/>
		<class name="InRegion.java" source="/promises/src/com/surelogic/InRegion.java.html"/>
		<class name="IsLock.java" source="/promises/src/com/surelogic/IsLock.java.html"/>
		<class name="Layer.java" source="/promises/src/com/surelogic/Layer.java.html"/>
		<class name="Layers.java" source="/promises/src/com/surelogic/Layers.java.html"/>
		<class name="MapFields.java" source="/promises/src/com/surelogic/MapFields.java.html"/>
		<class name="MapsFields.java" source="/promises/src/com/surelogic/MapsFields.java.html"/>
		<class name="MayReferTo.java" source="/promises/src/com/surelogic/MayReferTo.java.html"/>
		<class name="PolicyLock.java" source="/promises/src/com/surelogic/PolicyLock.java.html"/>
		<class name="PolicyLocks.java" source="/promises/src/com/surelogic/PolicyLocks.java.html"/>
		<class name="Promise.java" source="/promises/src/com/surelogic/Promise.java.html"/>
		<class name="Promises.java" source="/promises/src/com/surelogic/Promises.java.html"/>
		<class name="Reads.java" source="/promises/src/com/surelogic/Reads.java.html"/>
		<class name="Region.java" source="/promises/src/com/surelogic/Region.java.html"/>
		<class name="RegionLock.java" source="/promises/src/com/surelogic/RegionLock.java.html"/>
		<class name="RegionLocks.java" source="/promises/src/com/surelogic/RegionLocks.java.html"/>
		<class name="Regions.java" source="/promises/src/com/surelogic/Regions.java.html"/>
		<class name="RequiresLock.java" source="/promises/src/com/surelogic/RequiresLock.java.html"/>
		<class name="ReturnsLock.java" source="/promises/src/com/surelogic/ReturnsLock.java.html"/>
		<class name="SelfProtected.java" source="/promises/src/com/surelogic/SelfProtected.java.html"/>
		<class name="SingleThreaded.java" source="/promises/src/com/surelogic/SingleThreaded.java.html"/>
		<class name="Starts.java" source="/promises/src/com/surelogic/Starts.java.html"/>
		<class name="TypeSet.java" source="/promises/src/com/surelogic/TypeSet.java.html"/>
		<class name="TypeSets.java" source="/promises/src/com/surelogic/TypeSets.java.html"/>
		<class name="Unique.java" source="/promises/src/com/surelogic/Unique.java.html"/>
		<class name="Writes.java" source="/promises/src/com/surelogic/Writes.java.html"/>
	</package>
	<package name="dont_sync_on_JUC_locks">
		<class name="Test.java" source="/TestJUCRWLocks/src/dont_sync_on_JUC_locks/Test.java.html"/>
	</package>
	<package name="inherited_region.Instance">
		<class name="Bad1.java" source="/TestLockSanityChecks_JavaDoc/inherited_region/Instance/Bad1.java.html"/>
		<class name="BadRoot1.java" source="/TestLockSanityChecks_JavaDoc/inherited_region/Instance/BadRoot1.java.html"/>
	</package>
	<package name="inherited_region.Subregion">
		<class name="Bad2.java" source="/TestLockSanityChecks_JavaDoc/inherited_region/Subregion/Bad2.java.html"/>
		<class name="Bad3.java" source="/TestLockSanityChecks_JavaDoc/inherited_region/Subregion/Bad3.java.html"/>
		<class name="BadRoot2.java" source="/TestLockSanityChecks_JavaDoc/inherited_region/Subregion/BadRoot2.java.html"/>
	</package>
	<package name="inherited_region.baseCase">
		<class name="Good1.java" source="/TestLockSanityChecks_JavaDoc/inherited_region/baseCase/Good1.java.html"/>
	</package>
	<package name="inherited_region.good">
		<class name="Good2.java" source="/TestLockSanityChecks_JavaDoc/inherited_region/good/Good2.java.html"/>
		<class name="Good3.java" source="/TestLockSanityChecks_JavaDoc/inherited_region/good/Good3.java.html"/>
		<class name="Good4.java" source="/TestLockSanityChecks_JavaDoc/inherited_region/good/Good4.java.html"/>
		<class name="GoodRoot.java" source="/TestLockSanityChecks_JavaDoc/inherited_region/good/GoodRoot.java.html"/>
	</package>
	<package name="matching_lock_with_unlock">
		<class name="Test.java" source="/TestJUCLocks/src/matching_lock_with_unlock/Test.java.html"/>
		<class name="Tricky.java" source="/TestJUCLocks/src/matching_lock_with_unlock/Tricky.java.html"/>
	</package>
	<package name="net.jcip.annotations">
		<class name="GuardedBy.java" source="/promises/src/net/jcip/annotations/GuardedBy.java.html"/>
		<class name="Immutable.java" source="/promises/src/net/jcip/annotations/Immutable.java.html"/>
		<class name="NotThreadSafe.java" source="/promises/src/net/jcip/annotations/NotThreadSafe.java.html"/>
		<class name="ThreadSafe.java" source="/promises/src/net/jcip/annotations/ThreadSafe.java.html"/>
	</package>
	<package name="non_final_lock_expressions">
		<class name="Test.java" source="/TestJUCLocks/src/non_final_lock_expressions/Test.java.html"/>
	</package>
	<package name="not_just_any_Lock_class">
		<class name="Lock.java" source="/TestJUCLocks/src/not_just_any_Lock_class/Lock.java.html"/>
		<class name="Main.java" source="/TestJUCLocks/src/not_just_any_Lock_class/Main.java.html"/>
	</package>
	<package name="not_just_any_RWLock_class">
		<class name="Main.java" source="/TestJUCRWLocks/src/not_just_any_RWLock_class/Main.java.html"/>
		<class name="ReaderWriterLock.java" source="/TestJUCRWLocks/src/not_just_any_RWLock_class/ReaderWriterLock.java.html"/>
	</package>
	<package name="protecting_with_JUC_locks">
		<class name="Test.java" source="/TestJUCLocks/src/protecting_with_JUC_locks/Test.java.html"/>
	</package>
	<package name="requiresLock_and_JUC">
		<class name="Other.java" source="/TestJUCLocks/src/requiresLock_and_JUC/Other.java.html"/>
		<class name="Test.java" source="/TestJUCLocks/src/requiresLock_and_JUC/Test.java.html"/>
	</package>
	<package name="returnsLock_and_JUC">
		<class name="Test.java" source="/TestJUCRWLocks/src/returnsLock_and_JUC/Test.java.html"/>
		<class name="Test2.java" source="/TestJUCRWLocks/src/returnsLock_and_JUC/Test2.java.html"/>
	</package>
	<package name="singleThreaded">
		<class name="SingleThreadedTest.java" source="/TestJUCRWLocks/src/singleThreaded/SingleThreadedTest.java.html"/>
	</package>
	<package name="test">
		<class name="BorrowedAndEffects.java" source="/ComprehensiveUniquenessTests_JavaDoc/test/BorrowedAndEffects.java.html"/>
		<class name="BorrowedParams.java" source="/ComprehensiveUniquenessTests_JavaDoc/test/BorrowedParams.java.html"/>
		<class name="C.java" source="/TestSyntacticEquality_JavaDoc/test/C.java.html"/>
		<class name="D.java" source="/JUCRequireRWLocks/src/test/D.java.html"/>
		<class name="E.java" source="/JUCRequireRWLocks/src/test/E.java.html"/>
		<class name="MoreUniqueReturnValues.java" source="/ComprehensiveUniquenessTests_JavaDoc/test/MoreUniqueReturnValues.java.html"/>
		<class name="Params.java" source="/JUCLocalsAndParams/src/test/Params.java.html"/>
		<class name="UniqueParams.java" source="/ComprehensiveUniquenessTests_JavaDoc/test/UniqueParams.java.html"/>
		<class name="UniquenessTests.java" source="/ComprehensiveUniquenessTests_JavaDoc/test/UniquenessTests.java.html"/>
	</package>
	<package name="test_aggregated_arrays">
		<class name="Test.java" source="/TestIntrinsicLockAnalysis_JavaDoc/test_aggregated_arrays/Test.java.html"/>
	</package>
	<package name="test_array_length">
		<class name="Test.java" source="/TestIntrinsicLockAnalysis_JavaDoc/test_array_length/Test.java.html"/>
	</package>
	<package name="test_final_exprs">
		<class name="TestArrayRefs.java" source="/TestFinalExpressions_JavaDoc/test_final_exprs/TestArrayRefs.java.html"/>
		<class name="TestClassExprs.java" source="/TestFinalExpressions_JavaDoc/test_final_exprs/TestClassExprs.java.html"/>
		<class name="TestInstanceFieldRefs.java" source="/TestFinalExpressions_JavaDoc/test_final_exprs/TestInstanceFieldRefs.java.html"/>
		<class name="TestLocalVars.java" source="/TestFinalExpressions_JavaDoc/test_final_exprs/TestLocalVars.java.html"/>
		<class name="TestMethodCall.java" source="/TestFinalExpressions_JavaDoc/test_final_exprs/TestMethodCall.java.html"/>
		<class name="TestReceiver.java" source="/TestFinalExpressions_JavaDoc/test_final_exprs/TestReceiver.java.html"/>
		<class name="TestStaticFieldRefs.java" source="/TestFinalExpressions_JavaDoc/test_final_exprs/TestStaticFieldRefs.java.html"/>
	</package>
	<package name="test_lock_field">
		<class name="A.java" source="/TestLockSanityChecks_JavaDoc/test_lock_field/A.java.html"/>
		<class name="B.java" source="/TestLockSanityChecks_JavaDoc/test_lock_field/B.java.html"/>
		<class name="C.java" source="/TestLockSanityChecks_JavaDoc/test_lock_field/C.java.html"/>
		<class name="D.java" source="/TestLockSanityChecks_JavaDoc/test_lock_field/D.java.html"/>
		<class name="Other.java" source="/TestLockSanityChecks_JavaDoc/test_lock_field/Other.java.html"/>
	</package>
	<package name="test_lock_region">
		<class name="B.java" source="/TestLockSanityChecks_JavaDoc/test_lock_region/B.java.html"/>
		<class name="C.java" source="/TestLockSanityChecks_JavaDoc/test_lock_region/C.java.html"/>
		<class name="D.java" source="/TestLockSanityChecks_JavaDoc/test_lock_region/D.java.html"/>
		<class name="Grandparent.java" source="/TestLockSanityChecks_JavaDoc/test_lock_region/Grandparent.java.html"/>
		<class name="GreatGrandparent.java" source="/TestLockSanityChecks_JavaDoc/test_lock_region/GreatGrandparent.java.html"/>
		<class name="LockViz.java" source="/TestLockSanityChecks_JavaDoc/test_lock_region/LockViz.java.html"/>
		<class name="LockVizJUC.java" source="/TestLockSanityChecks_JavaDoc/test_lock_region/LockVizJUC.java.html"/>
		<class name="Other.java" source="/TestLockSanityChecks_JavaDoc/test_lock_region/Other.java.html"/>
		<class name="Parent.java" source="/TestLockSanityChecks_JavaDoc/test_lock_region/Parent.java.html"/>
		<class name="ProtectInheritedRegion.java" source="/TestLockSanityChecks_JavaDoc/test_lock_region/ProtectInheritedRegion.java.html"/>
	</package>
	<package name="test_lockingPlusAggregationPlusEffects.nestedRegions">
		<class name="C.java" source="/TestIntrinsicLockAnalysis_JavaDoc/test_lockingPlusAggregationPlusEffects/nestedRegions/C.java.html"/>
		<class name="D.java" source="/TestIntrinsicLockAnalysis_JavaDoc/test_lockingPlusAggregationPlusEffects/nestedRegions/D.java.html"/>
	</package>
	<package name="test_lockingPlusAggregationPlusEffects.siblingRegions">
		<class name="C2.java" source="/TestIntrinsicLockAnalysis_JavaDoc/test_lockingPlusAggregationPlusEffects/siblingRegions/C2.java.html"/>
		<class name="D2.java" source="/TestIntrinsicLockAnalysis_JavaDoc/test_lockingPlusAggregationPlusEffects/siblingRegions/D2.java.html"/>
	</package>
	<package name="test_policyLock_requiresLock">
		<class name="Test.java" source="/TestIntrinsicLockAnalysis_JavaDoc/test_policyLock_requiresLock/Test.java.html"/>
	</package>
	<package name="test_requiresLock_for_parameters">
		<class name="C.java" source="/TestIntrinsicLockAnalysis_JavaDoc/test_requiresLock_for_parameters/C.java.html"/>
		<class name="Test.java" source="/TestIntrinsicLockAnalysis_JavaDoc/test_requiresLock_for_parameters/Test.java.html"/>
	</package>
	<package name="test_requires_lock">
		<class name="C.java" source="/TestLockSanityChecks_JavaDoc/test_requires_lock/C.java.html"/>
		<class name="C_Policy.java" source="/TestLockSanityChecks_JavaDoc/test_requires_lock/C_Policy.java.html"/>
		<class name="CannotRequireRWLock.java" source="/TestLockSanityChecks_JavaDoc/test_requires_lock/CannotRequireRWLock.java.html"/>
		<class name="D.java" source="/TestLockSanityChecks_JavaDoc/test_requires_lock/D.java.html"/>
		<class name="PolicyLock_Constructor.java" source="/TestLockSanityChecks_JavaDoc/test_requires_lock/PolicyLock_Constructor.java.html"/>
		<class name="PolicyLock_LockNames.java" source="/TestLockSanityChecks_JavaDoc/test_requires_lock/PolicyLock_LockNames.java.html"/>
		<class name="PolicyLock_visibility.java" source="/TestLockSanityChecks_JavaDoc/test_requires_lock/PolicyLock_visibility.java.html"/>
		<class name="Root.java" source="/TestLockSanityChecks_JavaDoc/test_requires_lock/Root.java.html"/>
		<class name="StateLock_Constructor.java" source="/TestLockSanityChecks_JavaDoc/test_requires_lock/StateLock_Constructor.java.html"/>
		<class name="StateLock_LockNames.java" source="/TestLockSanityChecks_JavaDoc/test_requires_lock/StateLock_LockNames.java.html"/>
		<class name="StateLock_visibility.java" source="/TestLockSanityChecks_JavaDoc/test_requires_lock/StateLock_visibility.java.html"/>
		<class name="TestDuplicates.java" source="/TestLockSanityChecks_JavaDoc/test_requires_lock/TestDuplicates.java.html"/>
		<class name="TestImprovedMessages.java" source="/TestLockSanityChecks_JavaDoc/test_requires_lock/TestImprovedMessages.java.html"/>
	</package>
	<package name="test_returns_lock">
		<class name="C.java" source="/TestLockSanityChecks_JavaDoc/test_returns_lock/C.java.html"/>
		<class name="C_Policy.java" source="/TestLockSanityChecks_JavaDoc/test_returns_lock/C_Policy.java.html"/>
		<class name="PLock.java" source="/TestLockSanityChecks/src/test_returns_lock/PLock.java.html"/>
		<class name="PolicyLock.java" source="/TestLockSanityChecks_JavaDoc/test_returns_lock/PolicyLock.java.html"/>
		<class name="StateLock.java" source="/TestLockSanityChecks_JavaDoc/test_returns_lock/StateLock.java.html"/>
	</package>
	<package name="test_selfProtected">
		<class name="C.java" source="/TestIntrinsicLockAnalysis_JavaDoc/test_selfProtected/C.java.html"/>
		<class name="D.java" source="/TestIntrinsicLockAnalysis_JavaDoc/test_selfProtected/D.java.html"/>
		<class name="E.java" source="/TestIntrinsicLockAnalysis_JavaDoc/test_selfProtected/E.java.html"/>
		<class name="F.java" source="/TestIntrinsicLockAnalysis_JavaDoc/test_selfProtected/F.java.html"/>
		<class name="G.java" source="/TestIntrinsicLockAnalysis_JavaDoc/test_selfProtected/G.java.html"/>
		<class name="I.java" source="/TestIntrinsicLockAnalysis_JavaDoc/test_selfProtected/I.java.html"/>
		<class name="Main.java" source="/TestIntrinsicLockAnalysis_JavaDoc/test_selfProtected/Main.java.html"/>
	</package>
	<package name="test_singleThreaded_constructor">
		<class name="TestBorrowed.java" source="/TestIntrinsicLockAnalysis_JavaDoc/test_singleThreaded_constructor/TestBorrowed.java.html"/>
		<class name="TestEffects.java" source="/TestIntrinsicLockAnalysis_JavaDoc/test_singleThreaded_constructor/TestEffects.java.html"/>
	</package>
	<package name="test_static_lock_semantics.parent_child">
		<class name="A.java" source="/TestIntrinsicLockAnalysis_JavaDoc/test_static_lock_semantics/parent_child/A.java.html"/>
		<class name="B.java" source="/TestIntrinsicLockAnalysis_JavaDoc/test_static_lock_semantics/parent_child/B.java.html"/>
	</package>
	<package name="test_static_lock_semantics.sibling">
		<class name="X.java" source="/TestIntrinsicLockAnalysis_JavaDoc/test_static_lock_semantics/sibling/X.java.html"/>
		<class name="Y.java" source="/TestIntrinsicLockAnalysis_JavaDoc/test_static_lock_semantics/sibling/Y.java.html"/>
		<class name="Z.java" source="/TestIntrinsicLockAnalysis_JavaDoc/test_static_lock_semantics/sibling/Z.java.html"/>
	</package>
	<package name="test_static_lock_semantics.unrelated">
		<class name="C.java" source="/TestIntrinsicLockAnalysis_JavaDoc/test_static_lock_semantics/unrelated/C.java.html"/>
		<class name="D.java" source="/TestIntrinsicLockAnalysis_JavaDoc/test_static_lock_semantics/unrelated/D.java.html"/>
	</package>
	<package name="test_synchronization_around_inner_classes">
		<class name="Outer.java" source="/TestIntrinsicLockAnalysis_JavaDoc/test_synchronization_around_inner_classes/Outer.java.html"/>
	</package>
	<package name="test_unique_names">
		<class name="BadC2.java" source="/TestLockSanityChecks_JavaDoc/test_unique_names/BadC2.java.html"/>
		<class name="BadC3.java" source="/TestLockSanityChecks_JavaDoc/test_unique_names/BadC3.java.html"/>
		<class name="C1.java" source="/TestLockSanityChecks_JavaDoc/test_unique_names/C1.java.html"/>
		<class name="GoodC2.java" source="/TestLockSanityChecks_JavaDoc/test_unique_names/GoodC2.java.html"/>
		<class name="GoodC3.java" source="/TestLockSanityChecks_JavaDoc/test_unique_names/GoodC3.java.html"/>
		<class name="StateVsPolicyLocks.java" source="/TestLockSanityChecks_JavaDoc/test_unique_names/StateVsPolicyLocks.java.html"/>
	</package>
	<package name="unidentifiable_locks">
		<class name="Test.java" source="/TestJUCLocks/src/unidentifiable_locks/Test.java.html"/>
	</package>
</sourceFiles>
