<root msg="Assurance Results">
  <result msg="Regions (2 issues)" baseImage="folder.gif" flags="2">
    <result msg="Region public [] at java.lang.[]" baseImage="annotation.gif" flags="0" />
    <result msg="Region public length at java.lang.[]" baseImage="annotation.gif" flags="0" />
  </result>
  <result msg="Suggestions and warnings (34 issues)" baseImage="info.gif" flags="0">
    <result msg="LVCategory (34 issues)" baseImage="info.gif" flags="0">
      <result msg="test.externalVars (14 issues)" baseImage="package.gif" flags="64">
        <result msg="C (3 issues)" baseImage="class.gif" flags="64">
          <result msg="test.externalVars.C(ClassInitDeclaration): Local []; External [] at C.java line 3" source="/LocalVariablesAndJavaSemanticsVisitor/src/test/externalVars/C.java.html" line="3" baseImage="info.gif" flags="0" />
          <result msg="test.externalVars.C.C(): Local []; External [] at C.java line 4" source="/LocalVariablesAndJavaSemanticsVisitor/src/test/externalVars/C.java.html" line="4" baseImage="info.gif" flags="0" />
          <result msg="test.externalVars.C.m(): Local [fromM = null, o = new java.lang.Object { # final # #; # public # # z# # # }, alsoFromM = null]; External [] at C.java line 10" source="/LocalVariablesAndJavaSemanticsVisitor/src/test/externalVars/C.java.html" line="10" baseImage="info.gif" flags="0" />
        </result>
        <result msg="C.ACE #0 (2 issues)" baseImage="class.gif" flags="64">
          <result msg="test.externalVars.C.ACE #0(InitDeclaration): Local []; External [] at C.java line 4" source="/LocalVariablesAndJavaSemanticsVisitor/src/test/externalVars/C.java.html" line="4" baseImage="info.gif" flags="0" />
          <result msg="test.externalVars.C.ACE #0.zz(java.lang.Object): Local [java.lang.Object p]; External [] at C.java line 5" source="/LocalVariablesAndJavaSemanticsVisitor/src/test/externalVars/C.java.html" line="5" baseImage="info.gif" flags="0" />
        </result>
        <result msg="C.ACE #1 (2 issues)" baseImage="class.gif" flags="64">
          <result msg="test.externalVars.C.ACE #1(InitDeclaration): Local []; External [fromM = null] at C.java line 13" source="/LocalVariablesAndJavaSemanticsVisitor/src/test/externalVars/C.java.html" line="13" baseImage="info.gif" flags="0" />
          <result msg="test.externalVars.C.ACE #1.z(): Local []; External [fromM = null] at C.java line 21" source="/LocalVariablesAndJavaSemanticsVisitor/src/test/externalVars/C.java.html" line="21" baseImage="info.gif" flags="0" />
        </result>
        <result msg="C.ACE #1.ACE #2 (2 issues)" baseImage="class.gif" flags="64">
          <result msg="test.externalVars.C.ACE #1.ACE #2(InitDeclaration): Local []; External [fromM = null] at C.java line 14" source="/LocalVariablesAndJavaSemanticsVisitor/src/test/externalVars/C.java.html" line="14" baseImage="info.gif" flags="0" />
          <result msg="test.externalVars.C.ACE #1.ACE #2.nnn(): Local []; External [fromM = null] at C.java line 15" source="/LocalVariablesAndJavaSemanticsVisitor/src/test/externalVars/C.java.html" line="15" baseImage="info.gif" flags="0" />
        </result>
        <result msg="C.ACE #3 (1 issue)" baseImage="class.gif" flags="64">
          <result msg="test.externalVars.C.ACE #3(InitDeclaration): Local [alsoFromM = null]; External [fromM = null] at C.java line 27" source="/LocalVariablesAndJavaSemanticsVisitor/src/test/externalVars/C.java.html" line="27" baseImage="info.gif" flags="0" />
        </result>
        <result msg="C.ACE #3.ACE #4 (2 issues)" baseImage="class.gif" flags="64">
          <result msg="test.externalVars.C.ACE #3.ACE #4(InitDeclaration): Local []; External [fromM = null] at C.java line 28" source="/LocalVariablesAndJavaSemanticsVisitor/src/test/externalVars/C.java.html" line="28" baseImage="info.gif" flags="0" />
          <result msg="test.externalVars.C.ACE #3.ACE #4.nn(): Local []; External [fromM = null] at C.java line 29" source="/LocalVariablesAndJavaSemanticsVisitor/src/test/externalVars/C.java.html" line="29" baseImage="info.gif" flags="0" />
        </result>
        <result msg="C.ACE #3.ACE #5 (2 issues)" baseImage="class.gif" flags="64">
          <result msg="test.externalVars.C.ACE #3.ACE #5(InitDeclaration): Local []; External [alsoFromM = null, fromM = null] at C.java line 38" source="/LocalVariablesAndJavaSemanticsVisitor/src/test/externalVars/C.java.html" line="38" baseImage="info.gif" flags="0" />
          <result msg="test.externalVars.C.ACE #3.ACE #5.n(): Local []; External [alsoFromM = null, fromM = null] at C.java line 39" source="/LocalVariablesAndJavaSemanticsVisitor/src/test/externalVars/C.java.html" line="39" baseImage="info.gif" flags="0" />
        </result>
      </result>
      <result msg="test.localVars (20 issues)" baseImage="package.gif" flags="64">
        <result msg="Foo (3 issues)" baseImage="class.gif" flags="64">
          <result msg="test.localVars.Foo(ClassInitDeclaration): Local []; External [] at Test.java line 78" source="/LocalVariablesAndJavaSemanticsVisitor/src/test/localVars/Test.java.html" line="78" baseImage="info.gif" flags="0" />
          <result msg="test.localVars.Foo.Foo(): Local []; External [] at Test.java line 79" source="/LocalVariablesAndJavaSemanticsVisitor/src/test/localVars/Test.java.html" line="79" baseImage="info.gif" flags="0" />
          <result msg="test.localVars.Foo.Foo(java.lang.Object): Local [java.lang.Object o]; External [] at Test.java line 83" source="/LocalVariablesAndJavaSemanticsVisitor/src/test/localVars/Test.java.html" line="83" baseImage="info.gif" flags="0" />
        </result>
        <result msg="Test (3 issues)" baseImage="class.gif" flags="64">
          <result msg="test.localVars.Test(ClassInitDeclaration): Local [s1 = null]; External [] at Test.java line 3" source="/LocalVariablesAndJavaSemanticsVisitor/src/test/localVars/Test.java.html" line="3" baseImage="info.gif" flags="0" />
          <result msg="test.localVars.Test.Test(boolean): Local [boolean flag, zzz = null, v1 = null, v2 = null, v3 = null, v12 = null, v13 = null]; External [] at Test.java line 28" source="/LocalVariablesAndJavaSemanticsVisitor/src/test/localVars/Test.java.html" line="28" baseImage="info.gif" flags="0" />
          <result msg="test.localVars.Test.Test(): Local [v1 = null, v2 = null, v3 = null, v12 = null, v13 = null, v4 = null, v5 = new test.localVars.Foo (#) { # # private # #; }, v6 = null, v7 = null, v8 = null, v9 = null, v10 = null, v11 = null]; External [] at Test.java line 36" source="/LocalVariablesAndJavaSemanticsVisitor/src/test/localVars/Test.java.html" line="36" baseImage="info.gif" flags="0" />
        </result>
        <result msg="Test.ACE #0 (2 issues)" baseImage="class.gif" flags="64">
          <result msg="test.localVars.Test.ACE #0(InitDeclaration): Local [v1 = null, v2 = null, v3 = null]; External [] at Test.java line 9" source="/LocalVariablesAndJavaSemanticsVisitor/src/test/localVars/Test.java.html" line="9" baseImage="info.gif" flags="0" />
          <result msg="test.localVars.Test.ACE #0(InitDeclaration): Local [v1 = null, v2 = null, v3 = null]; External [] at Test.java line 9" source="/LocalVariablesAndJavaSemanticsVisitor/src/test/localVars/Test.java.html" line="9" baseImage="info.gif" flags="0" />
        </result>
        <result msg="Test.ACE #0.ACE #1 (2 issues)" baseImage="class.gif" flags="64">
          <result msg="test.localVars.Test.ACE #0.ACE #1(InitDeclaration): Local [v2 = null, v3 = null]; External [] at Test.java line 13" source="/LocalVariablesAndJavaSemanticsVisitor/src/test/localVars/Test.java.html" line="13" baseImage="info.gif" flags="0" />
          <result msg="test.localVars.Test.ACE #0.ACE #1(InitDeclaration): Local [v2 = null, v3 = null]; External [] at Test.java line 13" source="/LocalVariablesAndJavaSemanticsVisitor/src/test/localVars/Test.java.html" line="13" baseImage="info.gif" flags="0" />
        </result>
        <result msg="Test.ACE #0.ACE #1.ACE #2 (2 issues)" baseImage="class.gif" flags="64">
          <result msg="test.localVars.Test.ACE #0.ACE #1.ACE #2(InitDeclaration): Local [v2 = null]; External [] at Test.java line 14" source="/LocalVariablesAndJavaSemanticsVisitor/src/test/localVars/Test.java.html" line="14" baseImage="info.gif" flags="0" />
          <result msg="test.localVars.Test.ACE #0.ACE #1.ACE #2(InitDeclaration): Local [v2 = null]; External [] at Test.java line 14" source="/LocalVariablesAndJavaSemanticsVisitor/src/test/localVars/Test.java.html" line="14" baseImage="info.gif" flags="0" />
        </result>
        <result msg="Test.ACE #3 (1 issue)" baseImage="class.gif" flags="64">
          <result msg="test.localVars.Test.ACE #3(InitDeclaration): Local [zzz = null]; External [] at Test.java line 29" source="/LocalVariablesAndJavaSemanticsVisitor/src/test/localVars/Test.java.html" line="29" baseImage="info.gif" flags="0" />
        </result>
        <result msg="Test.ACE #4 (1 issue)" baseImage="class.gif" flags="64">
          <result msg="test.localVars.Test.ACE #4(InitDeclaration): Local [v6 = null]; External [] at Test.java line 39" source="/LocalVariablesAndJavaSemanticsVisitor/src/test/localVars/Test.java.html" line="39" baseImage="info.gif" flags="0" />
        </result>
        <result msg="Test.ACE #5 (1 issue)" baseImage="class.gif" flags="64">
          <result msg="test.localVars.Test.ACE #5(InitDeclaration): Local [v7 = null, v8 = null, v9 = null, v10 = null]; External [] at Test.java line 39" source="/LocalVariablesAndJavaSemanticsVisitor/src/test/localVars/Test.java.html" line="39" baseImage="info.gif" flags="0" />
        </result>
        <result msg="Test.ACE #5.ACE #6 (1 issue)" baseImage="class.gif" flags="64">
          <result msg="test.localVars.Test.ACE #5.ACE #6(InitDeclaration): Local [v8 = null]; External [] at Test.java line 43" source="/LocalVariablesAndJavaSemanticsVisitor/src/test/localVars/Test.java.html" line="43" baseImage="info.gif" flags="0" />
        </result>
        <result msg="Test.ACE #5.ACE #7 (2 issues)" baseImage="class.gif" flags="64">
          <result msg="test.localVars.Test.ACE #5.ACE #7(InitDeclaration): Local [v9 = null, v10 = null]; External [] at Test.java line 50" source="/LocalVariablesAndJavaSemanticsVisitor/src/test/localVars/Test.java.html" line="50" baseImage="info.gif" flags="0" />
          <result msg="test.localVars.Test.ACE #5.ACE #7.m(): Local [neverIncludeMe = null]; External [] at Test.java line 58" source="/LocalVariablesAndJavaSemanticsVisitor/src/test/localVars/Test.java.html" line="58" baseImage="info.gif" flags="0" />
        </result>
        <result msg="Test.ACE #8 (2 issues)" baseImage="class.gif" flags="64">
          <result msg="test.localVars.Test.ACE #8(InitDeclaration): Local [v12 = null]; External [] at Test.java line 68" source="/LocalVariablesAndJavaSemanticsVisitor/src/test/localVars/Test.java.html" line="68" baseImage="info.gif" flags="0" />
          <result msg="test.localVars.Test.ACE #8(InitDeclaration): Local [v12 = null]; External [] at Test.java line 68" source="/LocalVariablesAndJavaSemanticsVisitor/src/test/localVars/Test.java.html" line="68" baseImage="info.gif" flags="0" />
        </result>
      </result>
    </result>
  </result>
</root>