<sourceFiles>
	<package name="org.apache.commons.httpclient">
		<class name="AutoCloseInputStream.java" source="/HTTPClient_regression/src/org/apache/commons/httpclient/AutoCloseInputStream.java"/>
		<class name="ChunkedInputStream.java" source="/HTTPClient_regression/src/org/apache/commons/httpclient/ChunkedInputStream.java"/>
		<class name="ChunkedOutputStream.java" source="/HTTPClient_regression/src/org/apache/commons/httpclient/ChunkedOutputStream.java"/>
		<class name="CircularRedirectException.java" source="/HTTPClient_regression/src/org/apache/commons/httpclient/CircularRedirectException.java"/>
		<class name="ConnectMethod.java" source="/HTTPClient_regression/src/org/apache/commons/httpclient/ConnectMethod.java"/>
		<class name="ConnectTimeoutException.java" source="/HTTPClient_regression/src/org/apache/commons/httpclient/ConnectTimeoutException.java"/>
		<class name="ConnectionPoolTimeoutException.java" source="/HTTPClient_regression/src/org/apache/commons/httpclient/ConnectionPoolTimeoutException.java"/>
		<class name="ContentLengthInputStream.java" source="/HTTPClient_regression/src/org/apache/commons/httpclient/ContentLengthInputStream.java"/>
		<class name="Cookie.java" source="/HTTPClient_regression/src/org/apache/commons/httpclient/Cookie.java"/>
		<class name="Credentials.java" source="/HTTPClient_regression/src/org/apache/commons/httpclient/Credentials.java"/>
		<class name="DefaultHttpMethodRetryHandler.java" source="/HTTPClient_regression/src/org/apache/commons/httpclient/DefaultHttpMethodRetryHandler.java"/>
		<class name="DefaultMethodRetryHandler.java" source="/HTTPClient_regression/src/org/apache/commons/httpclient/DefaultMethodRetryHandler.java"/>
		<class name="Header.java" source="/HTTPClient_regression/src/org/apache/commons/httpclient/Header.java"/>
		<class name="HeaderElement.java" source="/HTTPClient_regression/src/org/apache/commons/httpclient/HeaderElement.java"/>
		<class name="HeaderGroup.java" source="/HTTPClient_regression/src/org/apache/commons/httpclient/HeaderGroup.java"/>
		<class name="HostConfiguration.java" source="/HTTPClient_regression/src/org/apache/commons/httpclient/HostConfiguration.java"/>
		<class name="HttpClient.java" source="/HTTPClient_regression/src/org/apache/commons/httpclient/HttpClient.java"/>
		<class name="HttpClientError.java" source="/HTTPClient_regression/src/org/apache/commons/httpclient/HttpClientError.java"/>
		<class name="HttpConnection.java" source="/HTTPClient_regression/src/org/apache/commons/httpclient/HttpConnection.java"/>
		<class name="HttpConnectionManager.java" source="/HTTPClient_regression/src/org/apache/commons/httpclient/HttpConnectionManager.java"/>
		<class name="HttpConstants.java" source="/HTTPClient_regression/src/org/apache/commons/httpclient/HttpConstants.java"/>
		<class name="HttpContentTooLargeException.java" source="/HTTPClient_regression/src/org/apache/commons/httpclient/HttpContentTooLargeException.java"/>
		<class name="HttpException.java" source="/HTTPClient_regression/src/org/apache/commons/httpclient/HttpException.java"/>
		<class name="HttpHost.java" source="/HTTPClient_regression/src/org/apache/commons/httpclient/HttpHost.java"/>
		<class name="HttpMethod.java" source="/HTTPClient_regression/src/org/apache/commons/httpclient/HttpMethod.java"/>
		<class name="HttpMethodBase.java" source="/HTTPClient_regression/src/org/apache/commons/httpclient/HttpMethodBase.java"/>
		<class name="HttpMethodDirector.java" source="/HTTPClient_regression/src/org/apache/commons/httpclient/HttpMethodDirector.java"/>
		<class name="HttpMethodRetryHandler.java" source="/HTTPClient_regression/src/org/apache/commons/httpclient/HttpMethodRetryHandler.java"/>
		<class name="HttpParser.java" source="/HTTPClient_regression/src/org/apache/commons/httpclient/HttpParser.java"/>
		<class name="HttpRecoverableException.java" source="/HTTPClient_regression/src/org/apache/commons/httpclient/HttpRecoverableException.java"/>
		<class name="HttpState.java" source="/HTTPClient_regression/src/org/apache/commons/httpclient/HttpState.java"/>
		<class name="HttpStatus.java" source="/HTTPClient_regression/src/org/apache/commons/httpclient/HttpStatus.java"/>
		<class name="HttpURL.java" source="/HTTPClient_regression/src/org/apache/commons/httpclient/HttpURL.java"/>
		<class name="HttpVersion.java" source="/HTTPClient_regression/src/org/apache/commons/httpclient/HttpVersion.java"/>
		<class name="HttpsURL.java" source="/HTTPClient_regression/src/org/apache/commons/httpclient/HttpsURL.java"/>
		<class name="InvalidRedirectLocationException.java" source="/HTTPClient_regression/src/org/apache/commons/httpclient/InvalidRedirectLocationException.java"/>
		<class name="MethodRetryHandler.java" source="/HTTPClient_regression/src/org/apache/commons/httpclient/MethodRetryHandler.java"/>
		<class name="MultiThreadedHttpConnectionManager.java" source="/HTTPClient_regression/src/org/apache/commons/httpclient/MultiThreadedHttpConnectionManager.java"/>
		<class name="NTCredentials.java" source="/HTTPClient_regression/src/org/apache/commons/httpclient/NTCredentials.java"/>
		<class name="NameValuePair.java" source="/HTTPClient_regression/src/org/apache/commons/httpclient/NameValuePair.java"/>
		<class name="NoHttpResponseException.java" source="/HTTPClient_regression/src/org/apache/commons/httpclient/NoHttpResponseException.java"/>
		<class name="ProtocolException.java" source="/HTTPClient_regression/src/org/apache/commons/httpclient/ProtocolException.java"/>
		<class name="ProxyClient.java" source="/HTTPClient_regression/src/org/apache/commons/httpclient/ProxyClient.java"/>
		<class name="ProxyHost.java" source="/HTTPClient_regression/src/org/apache/commons/httpclient/ProxyHost.java"/>
		<class name="RedirectException.java" source="/HTTPClient_regression/src/org/apache/commons/httpclient/RedirectException.java"/>
		<class name="ResponseConsumedWatcher.java" source="/HTTPClient_regression/src/org/apache/commons/httpclient/ResponseConsumedWatcher.java"/>
		<class name="SimpleHttpConnectionManager.java" source="/HTTPClient_regression/src/org/apache/commons/httpclient/SimpleHttpConnectionManager.java"/>
		<class name="StatusLine.java" source="/HTTPClient_regression/src/org/apache/commons/httpclient/StatusLine.java"/>
		<class name="URI.java" source="/HTTPClient_regression/src/org/apache/commons/httpclient/URI.java"/>
		<class name="URIException.java" source="/HTTPClient_regression/src/org/apache/commons/httpclient/URIException.java"/>
		<class name="UsernamePasswordCredentials.java" source="/HTTPClient_regression/src/org/apache/commons/httpclient/UsernamePasswordCredentials.java"/>
		<class name="Wire.java" source="/HTTPClient_regression/src/org/apache/commons/httpclient/Wire.java"/>
		<class name="WireLogInputStream.java" source="/HTTPClient_regression/src/org/apache/commons/httpclient/WireLogInputStream.java"/>
		<class name="WireLogOutputStream.java" source="/HTTPClient_regression/src/org/apache/commons/httpclient/WireLogOutputStream.java"/>
	</package>
	<package name="org.apache.commons.httpclient.auth">
		<class name="AuthChallengeException.java" source="/HTTPClient_regression/src/org/apache/commons/httpclient/auth/AuthChallengeException.java"/>
		<class name="AuthChallengeParser.java" source="/HTTPClient_regression/src/org/apache/commons/httpclient/auth/AuthChallengeParser.java"/>
		<class name="AuthChallengeProcessor.java" source="/HTTPClient_regression/src/org/apache/commons/httpclient/auth/AuthChallengeProcessor.java"/>
		<class name="AuthPolicy.java" source="/HTTPClient_regression/src/org/apache/commons/httpclient/auth/AuthPolicy.java"/>
		<class name="AuthScheme.java" source="/HTTPClient_regression/src/org/apache/commons/httpclient/auth/AuthScheme.java"/>
		<class name="AuthSchemeBase.java" source="/HTTPClient_regression/src/org/apache/commons/httpclient/auth/AuthSchemeBase.java"/>
		<class name="AuthScope.java" source="/HTTPClient_regression/src/org/apache/commons/httpclient/auth/AuthScope.java"/>
		<class name="AuthState.java" source="/HTTPClient_regression/src/org/apache/commons/httpclient/auth/AuthState.java"/>
		<class name="AuthenticationException.java" source="/HTTPClient_regression/src/org/apache/commons/httpclient/auth/AuthenticationException.java"/>
		<class name="BasicScheme.java" source="/HTTPClient_regression/src/org/apache/commons/httpclient/auth/BasicScheme.java"/>
		<class name="CredentialsNotAvailableException.java" source="/HTTPClient_regression/src/org/apache/commons/httpclient/auth/CredentialsNotAvailableException.java"/>
		<class name="CredentialsProvider.java" source="/HTTPClient_regression/src/org/apache/commons/httpclient/auth/CredentialsProvider.java"/>
		<class name="DigestScheme.java" source="/HTTPClient_regression/src/org/apache/commons/httpclient/auth/DigestScheme.java"/>
		<class name="HttpAuthRealm.java" source="/HTTPClient_regression/src/org/apache/commons/httpclient/auth/HttpAuthRealm.java"/>
		<class name="HttpAuthenticator.java" source="/HTTPClient_regression/src/org/apache/commons/httpclient/auth/HttpAuthenticator.java"/>
		<class name="InvalidCredentialsException.java" source="/HTTPClient_regression/src/org/apache/commons/httpclient/auth/InvalidCredentialsException.java"/>
		<class name="MalformedChallengeException.java" source="/HTTPClient_regression/src/org/apache/commons/httpclient/auth/MalformedChallengeException.java"/>
		<class name="NTLM.java" source="/HTTPClient_regression/src/org/apache/commons/httpclient/auth/NTLM.java"/>
		<class name="NTLMScheme.java" source="/HTTPClient_regression/src/org/apache/commons/httpclient/auth/NTLMScheme.java"/>
		<class name="RFC2617Scheme.java" source="/HTTPClient_regression/src/org/apache/commons/httpclient/auth/RFC2617Scheme.java"/>
	</package>
	<package name="org.apache.commons.httpclient.cookie">
		<class name="Cookie2.java" source="/HTTPClient_regression/src/org/apache/commons/httpclient/cookie/Cookie2.java"/>
		<class name="CookieAttributeHandler.java" source="/HTTPClient_regression/src/org/apache/commons/httpclient/cookie/CookieAttributeHandler.java"/>
		<class name="CookieOrigin.java" source="/HTTPClient_regression/src/org/apache/commons/httpclient/cookie/CookieOrigin.java"/>
		<class name="CookiePathComparator.java" source="/HTTPClient_regression/src/org/apache/commons/httpclient/cookie/CookiePathComparator.java"/>
		<class name="CookiePolicy.java" source="/HTTPClient_regression/src/org/apache/commons/httpclient/cookie/CookiePolicy.java"/>
		<class name="CookieSpec.java" source="/HTTPClient_regression/src/org/apache/commons/httpclient/cookie/CookieSpec.java"/>
		<class name="CookieSpecBase.java" source="/HTTPClient_regression/src/org/apache/commons/httpclient/cookie/CookieSpecBase.java"/>
		<class name="CookieVersionSupport.java" source="/HTTPClient_regression/src/org/apache/commons/httpclient/cookie/CookieVersionSupport.java"/>
		<class name="IgnoreCookiesSpec.java" source="/HTTPClient_regression/src/org/apache/commons/httpclient/cookie/IgnoreCookiesSpec.java"/>
		<class name="MalformedCookieException.java" source="/HTTPClient_regression/src/org/apache/commons/httpclient/cookie/MalformedCookieException.java"/>
		<class name="NetscapeDraftSpec.java" source="/HTTPClient_regression/src/org/apache/commons/httpclient/cookie/NetscapeDraftSpec.java"/>
		<class name="RFC2109Spec.java" source="/HTTPClient_regression/src/org/apache/commons/httpclient/cookie/RFC2109Spec.java"/>
		<class name="RFC2965Spec.java" source="/HTTPClient_regression/src/org/apache/commons/httpclient/cookie/RFC2965Spec.java"/>
	</package>
	<package name="org.apache.commons.httpclient.methods">
		<class name="ByteArrayRequestEntity.java" source="/HTTPClient_regression/src/org/apache/commons/httpclient/methods/ByteArrayRequestEntity.java"/>
		<class name="DeleteMethod.java" source="/HTTPClient_regression/src/org/apache/commons/httpclient/methods/DeleteMethod.java"/>
		<class name="EntityEnclosingMethod.java" source="/HTTPClient_regression/src/org/apache/commons/httpclient/methods/EntityEnclosingMethod.java"/>
		<class name="ExpectContinueMethod.java" source="/HTTPClient_regression/src/org/apache/commons/httpclient/methods/ExpectContinueMethod.java"/>
		<class name="FileRequestEntity.java" source="/HTTPClient_regression/src/org/apache/commons/httpclient/methods/FileRequestEntity.java"/>
		<class name="GetMethod.java" source="/HTTPClient_regression/src/org/apache/commons/httpclient/methods/GetMethod.java"/>
		<class name="HeadMethod.java" source="/HTTPClient_regression/src/org/apache/commons/httpclient/methods/HeadMethod.java"/>
		<class name="InputStreamRequestEntity.java" source="/HTTPClient_regression/src/org/apache/commons/httpclient/methods/InputStreamRequestEntity.java"/>
		<class name="MultipartPostMethod.java" source="/HTTPClient_regression/src/org/apache/commons/httpclient/methods/MultipartPostMethod.java"/>
		<class name="OptionsMethod.java" source="/HTTPClient_regression/src/org/apache/commons/httpclient/methods/OptionsMethod.java"/>
		<class name="PostMethod.java" source="/HTTPClient_regression/src/org/apache/commons/httpclient/methods/PostMethod.java"/>
		<class name="PutMethod.java" source="/HTTPClient_regression/src/org/apache/commons/httpclient/methods/PutMethod.java"/>
		<class name="RequestEntity.java" source="/HTTPClient_regression/src/org/apache/commons/httpclient/methods/RequestEntity.java"/>
		<class name="StringRequestEntity.java" source="/HTTPClient_regression/src/org/apache/commons/httpclient/methods/StringRequestEntity.java"/>
		<class name="TraceMethod.java" source="/HTTPClient_regression/src/org/apache/commons/httpclient/methods/TraceMethod.java"/>
	</package>
	<package name="org.apache.commons.httpclient.methods.multipart">
		<class name="ByteArrayPartSource.java" source="/HTTPClient_regression/src/org/apache/commons/httpclient/methods/multipart/ByteArrayPartSource.java"/>
		<class name="FilePart.java" source="/HTTPClient_regression/src/org/apache/commons/httpclient/methods/multipart/FilePart.java"/>
		<class name="FilePartSource.java" source="/HTTPClient_regression/src/org/apache/commons/httpclient/methods/multipart/FilePartSource.java"/>
		<class name="MultipartRequestEntity.java" source="/HTTPClient_regression/src/org/apache/commons/httpclient/methods/multipart/MultipartRequestEntity.java"/>
		<class name="Part.java" source="/HTTPClient_regression/src/org/apache/commons/httpclient/methods/multipart/Part.java"/>
		<class name="PartBase.java" source="/HTTPClient_regression/src/org/apache/commons/httpclient/methods/multipart/PartBase.java"/>
		<class name="PartSource.java" source="/HTTPClient_regression/src/org/apache/commons/httpclient/methods/multipart/PartSource.java"/>
		<class name="StringPart.java" source="/HTTPClient_regression/src/org/apache/commons/httpclient/methods/multipart/StringPart.java"/>
	</package>
	<package name="org.apache.commons.httpclient.params">
		<class name="DefaultHttpParams.java" source="/HTTPClient_regression/src/org/apache/commons/httpclient/params/DefaultHttpParams.java"/>
		<class name="DefaultHttpParamsFactory.java" source="/HTTPClient_regression/src/org/apache/commons/httpclient/params/DefaultHttpParamsFactory.java"/>
		<class name="HostParams.java" source="/HTTPClient_regression/src/org/apache/commons/httpclient/params/HostParams.java"/>
		<class name="HttpClientParams.java" source="/HTTPClient_regression/src/org/apache/commons/httpclient/params/HttpClientParams.java"/>
		<class name="HttpConnectionManagerParams.java" source="/HTTPClient_regression/src/org/apache/commons/httpclient/params/HttpConnectionManagerParams.java"/>
		<class name="HttpConnectionParams.java" source="/HTTPClient_regression/src/org/apache/commons/httpclient/params/HttpConnectionParams.java"/>
		<class name="HttpMethodParams.java" source="/HTTPClient_regression/src/org/apache/commons/httpclient/params/HttpMethodParams.java"/>
		<class name="HttpParams.java" source="/HTTPClient_regression/src/org/apache/commons/httpclient/params/HttpParams.java"/>
		<class name="HttpParamsFactory.java" source="/HTTPClient_regression/src/org/apache/commons/httpclient/params/HttpParamsFactory.java"/>
	</package>
	<package name="org.apache.commons.httpclient.protocol">
		<class name="ControllerThreadSocketFactory.java" source="/HTTPClient_regression/src/org/apache/commons/httpclient/protocol/ControllerThreadSocketFactory.java"/>
		<class name="DefaultProtocolSocketFactory.java" source="/HTTPClient_regression/src/org/apache/commons/httpclient/protocol/DefaultProtocolSocketFactory.java"/>
		<class name="Protocol.java" source="/HTTPClient_regression/src/org/apache/commons/httpclient/protocol/Protocol.java"/>
		<class name="ProtocolSocketFactory.java" source="/HTTPClient_regression/src/org/apache/commons/httpclient/protocol/ProtocolSocketFactory.java"/>
		<class name="ReflectionSocketFactory.java" source="/HTTPClient_regression/src/org/apache/commons/httpclient/protocol/ReflectionSocketFactory.java"/>
		<class name="SSLProtocolSocketFactory.java" source="/HTTPClient_regression/src/org/apache/commons/httpclient/protocol/SSLProtocolSocketFactory.java"/>
		<class name="SecureProtocolSocketFactory.java" source="/HTTPClient_regression/src/org/apache/commons/httpclient/protocol/SecureProtocolSocketFactory.java"/>
	</package>
	<package name="org.apache.commons.httpclient.util">
		<class name="DateParseException.java" source="/HTTPClient_regression/src/org/apache/commons/httpclient/util/DateParseException.java"/>
		<class name="DateParser.java" source="/HTTPClient_regression/src/org/apache/commons/httpclient/util/DateParser.java"/>
		<class name="DateUtil.java" source="/HTTPClient_regression/src/org/apache/commons/httpclient/util/DateUtil.java"/>
		<class name="EncodingUtil.java" source="/HTTPClient_regression/src/org/apache/commons/httpclient/util/EncodingUtil.java"/>
		<class name="ExceptionUtil.java" source="/HTTPClient_regression/src/org/apache/commons/httpclient/util/ExceptionUtil.java"/>
		<class name="HttpURLConnection.java" source="/HTTPClient_regression/src/org/apache/commons/httpclient/util/HttpURLConnection.java"/>
		<class name="IdleConnectionHandler.java" source="/HTTPClient_regression/src/org/apache/commons/httpclient/util/IdleConnectionHandler.java"/>
		<class name="IdleConnectionTimeoutThread.java" source="/HTTPClient_regression/src/org/apache/commons/httpclient/util/IdleConnectionTimeoutThread.java"/>
		<class name="LangUtils.java" source="/HTTPClient_regression/src/org/apache/commons/httpclient/util/LangUtils.java"/>
		<class name="ParameterFormatter.java" source="/HTTPClient_regression/src/org/apache/commons/httpclient/util/ParameterFormatter.java"/>
		<class name="ParameterParser.java" source="/HTTPClient_regression/src/org/apache/commons/httpclient/util/ParameterParser.java"/>
		<class name="TimeoutController.java" source="/HTTPClient_regression/src/org/apache/commons/httpclient/util/TimeoutController.java"/>
		<class name="URIUtil.java" source="/HTTPClient_regression/src/org/apache/commons/httpclient/util/URIUtil.java"/>
	</package>
	<package name="t">
		<class name="A.java" source="/t/src/t/A.java"/>
		<class name="B.java" source="/t/src/t/B.java"/>
	</package>
	<package name="test">
		<class name="ConcurrentQueue.java" source="/zzz/src/test/ConcurrentQueue.java"/>
		<class name="ConcurrentQueueNonBlockingImpl.java" source="/zzz/src/test/ConcurrentQueueNonBlockingImpl.java"/>
		<class name="Outer.java" source="/a/src/test/Outer.java"/>
	</package>
	<package name="test.externalVars">
		<class name="C.java" source="/LocalVariablesAndJavaSemanticsVisitor/src/test/externalVars/C.java"/>
	</package>
	<package name="test.localVars">
		<class name="Test.java" source="/LocalVariablesAndJavaSemanticsVisitor/src/test/localVars/Test.java"/>
	</package>
</sourceFiles>
