<?xml version='1.0' encoding='UTF-8' standalone='yes'?>
<sea-summary time='Sep 8, 2010 11:31:03 AM'
	 project='workspace'>

<count ResultDrop='4'/>
<count RegionModel='2'/>
<count LockModel='1'/>
<count WarningDrop='3'/>
<ir-drop type='WarningDrop'
	 line='11'
	 file='/BoundedFIFOJSure/src/com/surelogic/jsure/BlockingFIFO.java'
	 offset='213'
	 hash='3559070'
	 context='-1009164568'
	 message='Lock expression &quot;this&quot; does not name a programmer-declared lock; consider declaring what state is protected by the referenced lock'
	 message-id='(220,this)'
	 category='unidentifiable lock(s); what is the name of the lock? what state is being protected?'
	 result-type='220'/>

<promise-drop type='RegionModel'
	 line='0'
	 file='java.lang.[]'
	 offset='-1'
	 hash='-1305411288'
	 context='156839830'
	 message='Region public length'
	 message-id='(117,public,,length)'
	 category='Regions'
	 proved-consistent='true'
	 checked-by-analysis='true'
	 from-src='true'/>

<result-drop type='ResultDrop'
	 line='40'
	 file='/BoundedFIFOJSure/src/com/surelogic/jsure/BlockingFIFO.java'
	 offset='694'
	 hash='-930704549'
	 context='-1610301880'
	 message='Lock &quot;&lt;this.fifo&gt;:MUTEX&quot; held when invoking this.fifo.notify; precondition satisfied'
	 message-id='(207,&lt;this.fifo&gt;:MUTEX,this.fifo.notify,null)'
	 category='lock precondition(s) satisfied'
	 proved-consistent='true'
	 consistent='true'
	 result-type='207'/>

<ir-drop type='WarningDrop'
	 line='47'
	 file='/BoundedFIFOJSure/src/com/surelogic/jsure/BlockingFIFO.java'
	 offset='774'
	 hash='-606055908'
	 context='-1562844173'
	 message='Lock expression &quot;this.fifo&quot; does not name a programmer-declared lock; consider declaring what state is protected by the referenced lock'
	 message-id='(220,this.fifo)'
	 category='unidentifiable lock(s); what is the name of the lock? what state is being protected?'
	 result-type='220'/>

<promise-drop type='RegionModel'
	 line='0'
	 file='java.lang.[]'
	 offset='-1'
	 hash='-1305411288'
	 context='156839830'
	 message='Region public []'
	 message-id='(117,public,,[])'
	 category='Regions'
	 proved-consistent='true'
	 checked-by-analysis='true'
	 from-src='true'/>

<result-drop type='ResultDrop'
	 line='14'
	 file='/BoundedFIFOJSure/src/com/surelogic/jsure/BlockingFIFO.java'
	 offset='263'
	 hash='-1341494777'
	 context='-442105391'
	 message='Lock &quot;&lt;this.fifo&gt;:MUTEX&quot; not held when invoking this.fifo.wait; precondition unsatisfied'
	 message-id='(209,&lt;this.fifo&gt;:MUTEX,this.fifo.wait,null)'
	 category='lock precondition(s) not satisfied; possible race conditions enabled'
	 result-type='209'/>

<result-drop type='ResultDrop'
	 line='33'
	 file='/BoundedFIFOJSure/src/com/surelogic/jsure/BlockingFIFO.java'
	 offset='567'
	 hash='-1341494777'
	 context='1488591988'
	 message='Lock &quot;&lt;this.fifo&gt;:MUTEX&quot; held when invoking this.fifo.wait; precondition satisfied'
	 message-id='(207,&lt;this.fifo&gt;:MUTEX,this.fifo.wait,null)'
	 category='lock precondition(s) satisfied'
	 proved-consistent='true'
	 consistent='true'
	 result-type='207'/>

<promise-drop type='LockModel'
	 line='0'
	 file='java.lang.Object'
	 offset='2147483647'
	 hash='1709211273'
	 context='1063877011'
	 message='RegionLock java.lang.Object.MUTEX is this protects WaitQueue on Object'
	 message-id='(100,java.lang.Object.MUTEX,this,WaitQueue,Object)'
	 category='Concurrency'
	 checked-by-analysis='true'
	 from-src='true'/>

<ir-drop type='WarningDrop'
	 line='29'
	 file='/BoundedFIFOJSure/src/com/surelogic/jsure/BlockingFIFO.java'
	 offset='493'
	 hash='-606055908'
	 context='-1144906549'
	 message='Lock expression &quot;this.fifo&quot; does not name a programmer-declared lock; consider declaring what state is protected by the referenced lock'
	 message-id='(220,this.fifo)'
	 category='unidentifiable lock(s); what is the name of the lock? what state is being protected?'
	 result-type='220'/>

<result-drop type='ResultDrop'
	 line='21'
	 file='/BoundedFIFOJSure/src/com/surelogic/jsure/BlockingFIFO.java'
	 offset='388'
	 hash='-930704549'
	 context='1758745509'
	 message='Lock &quot;&lt;this.fifo&gt;:MUTEX&quot; not held when invoking this.fifo.notify; precondition unsatisfied'
	 message-id='(209,&lt;this.fifo&gt;:MUTEX,this.fifo.notify,null)'
	 category='lock precondition(s) not satisfied; possible race conditions enabled'
	 result-type='209'/>

</sea-summary>

