<?xml version='1.0' encoding='UTF-8' standalone='yes'?>
<sea-summary time='Apr 20, 2011 12:57:58 PM'
	 project='BoundedFIFOJSure'>

<count WarningDrop='2'/>
<count LockModel='2'/>
<count PromisePromiseDrop='1'/>
<count ProposedPromiseDrop='15'/>
<count UniquePromiseDrop='1'/>
<count ResultDrop='45'/>
<count RequiresLockPromiseDrop='7'/>
<result-drop type='ResultDrop'
	 offset='1929'
	 line='74'
	 path='BoundedFIFOJSure/src/com/surelogic/jsure/BoundedFIFO.java'
	 uri='file:/D:/work/update-script-workspace/BoundedFIFOJSure/src/com/surelogic/jsure/BoundedFIFO.java'
	 file='file:/D:/work/update-script-workspace/BoundedFIFOJSure/src/com/surelogic/jsure/BoundedFIFO.java'
	 hash='-605668015'
	 context='1653407321'
	 id='56'
	 message='Lock &quot;&lt;this&gt;:BufLock&quot; held when accessing this.size'
	 category='protected field access(es)'
	 result-type='LockAnalysis_ds_FieldAccessAssured'
	 message-id='(203,&lt;this&gt;:BufLock,this.size,null)'
	 consistent='true'
	 proved-consistent='true'
	 full-type='edu.cmu.cs.fluid.sea.ResultDrop'/>

<promise-drop type='RequiresLockPromiseDrop'
	 offset='1832'
	 line='71'
	 path='BoundedFIFOJSure/src/com/surelogic/jsure/BoundedFIFO.java'
	 uri='file:/D:/work/update-script-workspace/BoundedFIFOJSure/src/com/surelogic/jsure/BoundedFIFO.java'
	 file='file:/D:/work/update-script-workspace/BoundedFIFOJSure/src/com/surelogic/jsure/BoundedFIFO.java'
	 hash='1420648169'
	 context='-398113170'
	 virtual='true'
	 id='58'
	 message='RequiresLock BufLock on com.surelogic.jsure.BoundedFIFO.put(com.surelogic.jsure.LoggingEvent)'
	 category='lock precondition(s)'
	 to-be-checked-by-analysis='true'
	 from-src='true'
	 message-id='(102,RequiresLock BufLock,com.surelogic.jsure.BoundedFIFO.put(com.surelogic.jsure.LoggingEvent))'
	 checked-by-analysis='true'
	 proved-consistent='true'
	 full-type='edu.cmu.cs.fluid.sea.drops.promises.RequiresLockPromiseDrop'/>

<promise-drop type='LockModel'
	 offset='702'
	 line='25'
	 path='BoundedFIFOJSure/src/com/surelogic/jsure/BoundedFIFO.java'
	 uri='file:/D:/work/update-script-workspace/BoundedFIFOJSure/src/com/surelogic/jsure/BoundedFIFO.java'
	 file='file:/D:/work/update-script-workspace/BoundedFIFOJSure/src/com/surelogic/jsure/BoundedFIFO.java'
	 hash='1990119280'
	 context='-1685491800'
	 id='60'
	 message='RegionLock com.surelogic.jsure.BoundedFIFO.BufLock is this protects Instance on BoundedFIFO'
	 category='Concurrency'
	 to-be-checked-by-analysis='true'
	 from-src='true'
	 message-id='(100,com.surelogic.jsure.BoundedFIFO.BufLock,this,Instance,BoundedFIFO)'
	 checked-by-analysis='true'
	 proved-consistent='true'
	 full-type='edu.cmu.cs.fluid.sea.drops.promises.LockModel'/>

<promise-drop type='LockModel'
	 offset='2147483647'
	 line='0'
	 path='Object'
	 file='java.lang.Object'
	 hash='1709211273'
	 context='1063877011'
	 id='90'
	 message='RegionLock java.lang.Object.MUTEX is this protects WaitQueue on Object'
	 category='Concurrency'
	 to-be-checked-by-analysis='true'
	 from-src='true'
	 message-id='(100,java.lang.Object.MUTEX,this,WaitQueue,Object)'
	 checked-by-analysis='true'
	 proved-consistent='true'
	 full-type='edu.cmu.cs.fluid.sea.drops.promises.LockModel'/>

<result-drop type='ResultDrop'
	 offset='733'
	 line='40'
	 path='BoundedFIFOJSure/src/com/surelogic/jsure/BlockingFIFO.java'
	 uri='file:/D:/work/update-script-workspace/BoundedFIFOJSure/src/com/surelogic/jsure/BlockingFIFO.java'
	 file='file:/D:/work/update-script-workspace/BoundedFIFOJSure/src/com/surelogic/jsure/BlockingFIFO.java'
	 hash='-930704549'
	 context='-1610301880'
	 id='91'
	 message='Lock &quot;&lt;this.fifo&gt;:MUTEX&quot; held when invoking this.fifo.notify; precondition satisfied'
	 category='lock precondition(s) satisfied'
	 result-type='LockAnalysis_ds_PreconditionsAssured'
	 message-id='(207,&lt;this.fifo&gt;:MUTEX,this.fifo.notify,null)'
	 consistent='true'
	 proved-consistent='true'
	 full-type='edu.cmu.cs.fluid.sea.ResultDrop'/>

<result-drop type='ResultDrop'
	 offset='1494'
	 line='58'
	 path='BoundedFIFOJSure/src/com/surelogic/jsure/BoundedFIFO.java'
	 uri='file:/D:/work/update-script-workspace/BoundedFIFOJSure/src/com/surelogic/jsure/BoundedFIFO.java'
	 file='file:/D:/work/update-script-workspace/BoundedFIFOJSure/src/com/surelogic/jsure/BoundedFIFO.java'
	 hash='-1607852192'
	 context='1225240429'
	 id='127'
	 message='Lock &quot;&lt;this&gt;:BufLock&quot; held when accessing this.first'
	 category='protected field access(es)'
	 result-type='LockAnalysis_ds_FieldAccessAssured'
	 message-id='(203,&lt;this&gt;:BufLock,this.first,null)'
	 consistent='true'
	 proved-consistent='true'
	 full-type='edu.cmu.cs.fluid.sea.ResultDrop'/>

<promise-drop type='RequiresLockPromiseDrop'
	 offset='1369'
	 line='53'
	 path='BoundedFIFOJSure/src/com/surelogic/jsure/BoundedFIFO.java'
	 uri='file:/D:/work/update-script-workspace/BoundedFIFOJSure/src/com/surelogic/jsure/BoundedFIFO.java'
	 file='file:/D:/work/update-script-workspace/BoundedFIFOJSure/src/com/surelogic/jsure/BoundedFIFO.java'
	 hash='-1878828405'
	 context='-269806319'
	 virtual='true'
	 id='128'
	 message='RequiresLock BufLock on com.surelogic.jsure.BoundedFIFO.get()'
	 category='lock precondition(s)'
	 to-be-checked-by-analysis='true'
	 from-src='true'
	 message-id='(102,RequiresLock BufLock,com.surelogic.jsure.BoundedFIFO.get())'
	 checked-by-analysis='true'
	 proved-consistent='true'
	 full-type='edu.cmu.cs.fluid.sea.drops.promises.RequiresLockPromiseDrop'/>

<result-drop type='ResultDrop'
	 offset='1459'
	 line='56'
	 path='BoundedFIFOJSure/src/com/surelogic/jsure/BoundedFIFO.java'
	 uri='file:/D:/work/update-script-workspace/BoundedFIFOJSure/src/com/surelogic/jsure/BoundedFIFO.java'
	 file='file:/D:/work/update-script-workspace/BoundedFIFOJSure/src/com/surelogic/jsure/BoundedFIFO.java'
	 hash='-605820861'
	 context='-679977755'
	 id='187'
	 message='Lock &quot;&lt;this&gt;:BufLock&quot; held when accessing this.next'
	 category='protected field access(es)'
	 result-type='LockAnalysis_ds_FieldAccessAssured'
	 message-id='(203,&lt;this&gt;:BufLock,this.next,null)'
	 consistent='true'
	 proved-consistent='true'
	 full-type='edu.cmu.cs.fluid.sea.ResultDrop'/>

<promise-drop type='RequiresLockPromiseDrop'
	 offset='2031'
	 line='83'
	 path='BoundedFIFOJSure/src/com/surelogic/jsure/BoundedFIFO.java'
	 uri='file:/D:/work/update-script-workspace/BoundedFIFOJSure/src/com/surelogic/jsure/BoundedFIFO.java'
	 file='file:/D:/work/update-script-workspace/BoundedFIFOJSure/src/com/surelogic/jsure/BoundedFIFO.java'
	 hash='800772265'
	 context='1191951638'
	 virtual='true'
	 id='197'
	 message='RequiresLock BufLock on com.surelogic.jsure.BoundedFIFO.getMaxSize()'
	 category='lock precondition(s)'
	 to-be-checked-by-analysis='true'
	 from-src='true'
	 message-id='(102,RequiresLock BufLock,com.surelogic.jsure.BoundedFIFO.getMaxSize())'
	 checked-by-analysis='true'
	 proved-consistent='true'
	 full-type='edu.cmu.cs.fluid.sea.drops.promises.RequiresLockPromiseDrop'/>

<promise-drop type='PromisePromiseDrop'
	 offset='749'
	 line='25'
	 path='BoundedFIFOJSure/src/com/surelogic/jsure/BoundedFIFO.java'
	 uri='file:/D:/work/update-script-workspace/BoundedFIFOJSure/src/com/surelogic/jsure/BoundedFIFO.java'
	 file='file:/D:/work/update-script-workspace/BoundedFIFOJSure/src/com/surelogic/jsure/BoundedFIFO.java'
	 hash='1990119280'
	 context='-1685491800'
	 id='198'
	 message='Promise @RequiresLock(BufLock) for *(**)'
	 category='Scoped promises'
	 to-be-checked-by-analysis='true'
	 from-src='true'
	 checked-by-analysis='true'
	 proved-consistent='true'
	 full-type='edu.cmu.cs.fluid.sea.drops.promises.PromisePromiseDrop'/>

<result-drop type='ResultDrop'
	 offset='1206'
	 line='46'
	 path='BoundedFIFOJSure/src/com/surelogic/jsure/BoundedFIFO.java'
	 uri='file:/D:/work/update-script-workspace/BoundedFIFOJSure/src/com/surelogic/jsure/BoundedFIFO.java'
	 file='file:/D:/work/update-script-workspace/BoundedFIFOJSure/src/com/surelogic/jsure/BoundedFIFO.java'
	 hash='1227372323'
	 context='435203526'
	 id='244'
	 message='Acting as if lock &quot;&lt;this&gt;:BufLock&quot; were held when accessing this.buf (occurs within a thread-confined constructor)'
	 category='protected field access(es)'
	 result-type='LockAnalysis_ds_FieldAccessOkayThreadConfined'
	 message-id='(246,&lt;this&gt;:BufLock,this.buf,null)'
	 or-proved-consistent='true'
	 consistent='true'
	 proved-consistent='true'
	 full-type='edu.cmu.cs.fluid.sea.ResultDrop'/>

<promise-drop type='UniquePromiseDrop'
	 offset='1080'
	 line='41'
	 path='BoundedFIFOJSure/src/com/surelogic/jsure/BoundedFIFO.java'
	 uri='file:/D:/work/update-script-workspace/BoundedFIFOJSure/src/com/surelogic/jsure/BoundedFIFO.java'
	 file='file:/D:/work/update-script-workspace/BoundedFIFOJSure/src/com/surelogic/jsure/BoundedFIFO.java'
	 hash='-176181199'
	 context='-1313831777'
	 id='245'
	 message='Unique(return) on com.surelogic.jsure.BoundedFIFO.BoundedFIFO(int)'
	 category='Uniqueness'
	 to-be-checked-by-analysis='true'
	 from-src='true'
	 message-id='(116,return,com.surelogic.jsure.BoundedFIFO.BoundedFIFO(int))'
	 checked-by-analysis='true'
	 request-top-level='true'
	 proved-consistent='true'
	 full-type='edu.cmu.cs.fluid.sea.drops.promises.UniquePromiseDrop'/>

<ir-drop type='ProposedPromiseDrop'
	 offset='1369'
	 line='53'
	 path='BoundedFIFOJSure/src/com/surelogic/jsure/BoundedFIFO.java'
	 uri='file:/D:/work/update-script-workspace/BoundedFIFOJSure/src/com/surelogic/jsure/BoundedFIFO.java'
	 file='file:/D:/work/update-script-workspace/BoundedFIFOJSure/src/com/surelogic/jsure/BoundedFIFO.java'
	 hash='-1878828405'
	 context='-269806319'
	 id='246'
	 message='ProposedPromiseDrop @RegionEffects(reads any(java.lang.Object):Instance; writes this:Instance)'
	 target-project='BoundedFIFOJSure'
	 java-annotation='@RegionEffects(&quot;reads any(java.lang.Object):Instance; writes this:Instance&quot;)'
	 annotation-type='RegionEffects'
	 contents='reads any(java.lang.Object):Instance; writes this:Instance'
	 from-project='BoundedFIFOJSure'
	 full-type='edu.cmu.cs.fluid.sea.ProposedPromiseDrop'/>

<result-drop type='ResultDrop'
	 offset='853'
	 line='30'
	 path='BoundedFIFOJSure/src/com/surelogic/jsure/BoundedFIFO.java'
	 uri='file:/D:/work/update-script-workspace/BoundedFIFOJSure/src/com/surelogic/jsure/BoundedFIFO.java'
	 file='file:/D:/work/update-script-workspace/BoundedFIFOJSure/src/com/surelogic/jsure/BoundedFIFO.java'
	 hash='-568260359'
	 context='784257478'
	 id='264'
	 message='Acting as if lock &quot;&lt;this&gt;:BufLock&quot; were held when accessing numElts = 0 (occurs within a thread-confined constructor)'
	 category='protected field access(es)'
	 result-type='LockAnalysis_ds_FieldAccessOkayThreadConfined'
	 message-id='(246,&lt;this&gt;:BufLock,numElts = 0,null)'
	 or-proved-consistent='true'
	 consistent='true'
	 proved-consistent='true'
	 full-type='edu.cmu.cs.fluid.sea.ResultDrop'/>

<result-drop type='ResultDrop'
	 offset='560'
	 line='31'
	 path='BoundedFIFOJSure/src/com/surelogic/jsure/BlockingFIFO.java'
	 uri='file:/D:/work/update-script-workspace/BoundedFIFOJSure/src/com/surelogic/jsure/BlockingFIFO.java'
	 file='file:/D:/work/update-script-workspace/BoundedFIFOJSure/src/com/surelogic/jsure/BlockingFIFO.java'
	 hash='-997378312'
	 context='-676937499'
	 id='342'
	 message='Lock &quot;&lt;this.fifo&gt;:BufLock&quot; held when invoking this.fifo.length; precondition satisfied'
	 category='lock precondition(s) satisfied'
	 result-type='LockAnalysis_ds_PreconditionsAssured'
	 message-id='(207,&lt;this.fifo&gt;:BufLock,this.fifo.length,null)'
	 consistent='true'
	 proved-consistent='true'
	 full-type='edu.cmu.cs.fluid.sea.ResultDrop'/>

<promise-drop type='RequiresLockPromiseDrop'
	 offset='2229'
	 line='91'
	 path='BoundedFIFOJSure/src/com/surelogic/jsure/BoundedFIFO.java'
	 uri='file:/D:/work/update-script-workspace/BoundedFIFOJSure/src/com/surelogic/jsure/BoundedFIFO.java'
	 file='file:/D:/work/update-script-workspace/BoundedFIFOJSure/src/com/surelogic/jsure/BoundedFIFO.java'
	 hash='-619934927'
	 context='-1903378963'
	 virtual='true'
	 id='343'
	 message='RequiresLock BufLock on com.surelogic.jsure.BoundedFIFO.length()'
	 category='lock precondition(s)'
	 to-be-checked-by-analysis='true'
	 from-src='true'
	 message-id='(102,RequiresLock BufLock,com.surelogic.jsure.BoundedFIFO.length())'
	 checked-by-analysis='true'
	 proved-consistent='true'
	 full-type='edu.cmu.cs.fluid.sea.drops.promises.RequiresLockPromiseDrop'/>

<promise-drop type='RequiresLockPromiseDrop'
	 offset='2916'
	 line='116'
	 path='BoundedFIFOJSure/src/com/surelogic/jsure/BoundedFIFO.java'
	 uri='file:/D:/work/update-script-workspace/BoundedFIFOJSure/src/com/surelogic/jsure/BoundedFIFO.java'
	 file='file:/D:/work/update-script-workspace/BoundedFIFOJSure/src/com/surelogic/jsure/BoundedFIFO.java'
	 hash='1874440324'
	 context='-134196960'
	 virtual='true'
	 id='353'
	 message='RequiresLock BufLock on com.surelogic.jsure.BoundedFIFO.isFull()'
	 category='lock precondition(s)'
	 to-be-checked-by-analysis='true'
	 from-src='true'
	 message-id='(102,RequiresLock BufLock,com.surelogic.jsure.BoundedFIFO.isFull())'
	 checked-by-analysis='true'
	 proved-consistent='true'
	 full-type='edu.cmu.cs.fluid.sea.drops.promises.RequiresLockPromiseDrop'/>

<result-drop type='ResultDrop'
	 offset='242'
	 line='12'
	 path='BoundedFIFOJSure/src/com/surelogic/jsure/BlockingFIFO.java'
	 uri='file:/D:/work/update-script-workspace/BoundedFIFOJSure/src/com/surelogic/jsure/BlockingFIFO.java'
	 file='file:/D:/work/update-script-workspace/BoundedFIFOJSure/src/com/surelogic/jsure/BlockingFIFO.java'
	 hash='-1071514901'
	 context='-32330955'
	 id='354'
	 message='Lock &quot;&lt;this.fifo&gt;:BufLock&quot; held when invoking this.fifo.isFull; precondition satisfied'
	 category='lock precondition(s) satisfied'
	 result-type='LockAnalysis_ds_PreconditionsAssured'
	 message-id='(207,&lt;this.fifo&gt;:BufLock,this.fifo.isFull,null)'
	 consistent='true'
	 proved-consistent='true'
	 full-type='edu.cmu.cs.fluid.sea.ResultDrop'/>

<result-drop type='ResultDrop'
	 offset='384'
	 line='20'
	 path='BoundedFIFOJSure/src/com/surelogic/jsure/BlockingFIFO.java'
	 uri='file:/D:/work/update-script-workspace/BoundedFIFOJSure/src/com/surelogic/jsure/BlockingFIFO.java'
	 file='file:/D:/work/update-script-workspace/BoundedFIFOJSure/src/com/surelogic/jsure/BlockingFIFO.java'
	 hash='2144695158'
	 context='-1276457664'
	 id='366'
	 message='Lock &quot;&lt;this.fifo&gt;:BufLock&quot; held when invoking this.fifo.wasEmpty; precondition satisfied'
	 category='lock precondition(s) satisfied'
	 result-type='LockAnalysis_ds_PreconditionsAssured'
	 message-id='(207,&lt;this.fifo&gt;:BufLock,this.fifo.wasEmpty,null)'
	 consistent='true'
	 proved-consistent='true'
	 full-type='edu.cmu.cs.fluid.sea.ResultDrop'/>

<promise-drop type='RequiresLockPromiseDrop'
	 offset='2467'
	 line='100'
	 path='BoundedFIFOJSure/src/com/surelogic/jsure/BoundedFIFO.java'
	 uri='file:/D:/work/update-script-workspace/BoundedFIFOJSure/src/com/surelogic/jsure/BoundedFIFO.java'
	 file='file:/D:/work/update-script-workspace/BoundedFIFOJSure/src/com/surelogic/jsure/BoundedFIFO.java'
	 hash='-1390514151'
	 context='1105176043'
	 virtual='true'
	 id='367'
	 message='RequiresLock BufLock on com.surelogic.jsure.BoundedFIFO.wasEmpty()'
	 category='lock precondition(s)'
	 to-be-checked-by-analysis='true'
	 from-src='true'
	 message-id='(102,RequiresLock BufLock,com.surelogic.jsure.BoundedFIFO.wasEmpty())'
	 checked-by-analysis='true'
	 proved-consistent='true'
	 full-type='edu.cmu.cs.fluid.sea.drops.promises.RequiresLockPromiseDrop'/>

<ir-drop type='ProposedPromiseDrop'
	 offset='2229'
	 line='91'
	 path='BoundedFIFOJSure/src/com/surelogic/jsure/BoundedFIFO.java'
	 uri='file:/D:/work/update-script-workspace/BoundedFIFOJSure/src/com/surelogic/jsure/BoundedFIFO.java'
	 file='file:/D:/work/update-script-workspace/BoundedFIFOJSure/src/com/surelogic/jsure/BoundedFIFO.java'
	 hash='-619934927'
	 context='-1903378963'
	 id='371'
	 message='ProposedPromiseDrop @RegionEffects(reads this:Instance)'
	 target-project='BoundedFIFOJSure'
	 java-annotation='@RegionEffects(&quot;reads this:Instance&quot;)'
	 annotation-type='RegionEffects'
	 contents='reads this:Instance'
	 from-project='BoundedFIFOJSure'
	 full-type='edu.cmu.cs.fluid.sea.ProposedPromiseDrop'/>

<result-drop type='ResultDrop'
	 offset='1150'
	 line='44'
	 path='BoundedFIFOJSure/src/com/surelogic/jsure/BoundedFIFO.java'
	 uri='file:/D:/work/update-script-workspace/BoundedFIFOJSure/src/com/surelogic/jsure/BoundedFIFO.java'
	 file='file:/D:/work/update-script-workspace/BoundedFIFOJSure/src/com/surelogic/jsure/BoundedFIFO.java'
	 hash='1689055504'
	 context='-1313831777'
	 id='390'
	 message='Borrowed parameters of call new java.lang.IllegalArgumentException'
	 result-type='UniquenessAssurance_borrowedParametersDrop'
	 message-id='(302,new java.lang.IllegalArgumentException)'
	 proved-consistent='true'
	 consistent='true'
	 full-type='edu.cmu.cs.fluid.sea.ResultDrop'/>

<result-drop type='ResultDrop'
	 offset='433'
	 line='23'
	 path='BoundedFIFOJSure/src/com/surelogic/jsure/BlockingFIFO.java'
	 uri='file:/D:/work/update-script-workspace/BoundedFIFOJSure/src/com/surelogic/jsure/BlockingFIFO.java'
	 file='file:/D:/work/update-script-workspace/BoundedFIFOJSure/src/com/surelogic/jsure/BlockingFIFO.java'
	 hash='-867967697'
	 context='1902123371'
	 id='409'
	 message='Lock &quot;&lt;this.fifo&gt;:BufLock&quot; held when invoking this.fifo.put(e); precondition satisfied'
	 category='lock precondition(s) satisfied'
	 result-type='LockAnalysis_ds_PreconditionsAssured'
	 message-id='(207,&lt;this.fifo&gt;:BufLock,this.fifo.put(e),null)'
	 consistent='true'
	 proved-consistent='true'
	 full-type='edu.cmu.cs.fluid.sea.ResultDrop'/>

<result-drop type='ResultDrop'
	 offset='1484'
	 line='57'
	 path='BoundedFIFOJSure/src/com/surelogic/jsure/BoundedFIFO.java'
	 uri='file:/D:/work/update-script-workspace/BoundedFIFOJSure/src/com/surelogic/jsure/BoundedFIFO.java'
	 file='file:/D:/work/update-script-workspace/BoundedFIFOJSure/src/com/surelogic/jsure/BoundedFIFO.java'
	 hash='-605668015'
	 context='242563324'
	 id='537'
	 message='Lock &quot;&lt;this&gt;:BufLock&quot; held when accessing this.size'
	 category='protected field access(es)'
	 result-type='LockAnalysis_ds_FieldAccessAssured'
	 message-id='(203,&lt;this&gt;:BufLock,this.size,null)'
	 consistent='true'
	 proved-consistent='true'
	 full-type='edu.cmu.cs.fluid.sea.ResultDrop'/>

<ir-drop type='ProposedPromiseDrop'
	 offset='1832'
	 line='71'
	 path='BoundedFIFOJSure/src/com/surelogic/jsure/BoundedFIFO.java'
	 uri='file:/D:/work/update-script-workspace/BoundedFIFOJSure/src/com/surelogic/jsure/BoundedFIFO.java'
	 file='file:/D:/work/update-script-workspace/BoundedFIFOJSure/src/com/surelogic/jsure/BoundedFIFO.java'
	 hash='1420648169'
	 context='-398113170'
	 id='578'
	 message='ProposedPromiseDrop @RegionEffects(writes any(java.lang.Object):Instance)'
	 target-project='BoundedFIFOJSure'
	 java-annotation='@RegionEffects(&quot;writes any(java.lang.Object):Instance&quot;)'
	 annotation-type='RegionEffects'
	 contents='writes any(java.lang.Object):Instance'
	 from-project='BoundedFIFOJSure'
	 full-type='edu.cmu.cs.fluid.sea.ProposedPromiseDrop'/>

<result-drop type='ResultDrop'
	 offset='1900'
	 line='73'
	 path='BoundedFIFOJSure/src/com/surelogic/jsure/BoundedFIFO.java'
	 uri='file:/D:/work/update-script-workspace/BoundedFIFOJSure/src/com/surelogic/jsure/BoundedFIFO.java'
	 file='file:/D:/work/update-script-workspace/BoundedFIFOJSure/src/com/surelogic/jsure/BoundedFIFO.java'
	 hash='-605820861'
	 context='178982695'
	 id='579'
	 message='Lock &quot;&lt;this&gt;:BufLock&quot; held when accessing this.next'
	 category='protected field access(es)'
	 result-type='LockAnalysis_ds_FieldAccessAssured'
	 message-id='(203,&lt;this&gt;:BufLock,this.next,null)'
	 consistent='true'
	 proved-consistent='true'
	 full-type='edu.cmu.cs.fluid.sea.ResultDrop'/>

<result-drop type='ResultDrop'
	 offset='886'
	 line='32'
	 path='BoundedFIFOJSure/src/com/surelogic/jsure/BoundedFIFO.java'
	 uri='file:/D:/work/update-script-workspace/BoundedFIFOJSure/src/com/surelogic/jsure/BoundedFIFO.java'
	 file='file:/D:/work/update-script-workspace/BoundedFIFOJSure/src/com/surelogic/jsure/BoundedFIFO.java'
	 hash='1422806624'
	 context='-1116873351'
	 id='580'
	 message='Acting as if lock &quot;&lt;this&gt;:BufLock&quot; were held when accessing next = 0 (occurs within a thread-confined constructor)'
	 category='protected field access(es)'
	 result-type='LockAnalysis_ds_FieldAccessOkayThreadConfined'
	 message-id='(246,&lt;this&gt;:BufLock,next = 0,null)'
	 or-proved-consistent='true'
	 consistent='true'
	 proved-consistent='true'
	 full-type='edu.cmu.cs.fluid.sea.ResultDrop'/>

<result-drop type='ResultDrop'
	 offset='1508'
	 line='59'
	 path='BoundedFIFOJSure/src/com/surelogic/jsure/BoundedFIFO.java'
	 uri='file:/D:/work/update-script-workspace/BoundedFIFOJSure/src/com/surelogic/jsure/BoundedFIFO.java'
	 file='file:/D:/work/update-script-workspace/BoundedFIFOJSure/src/com/surelogic/jsure/BoundedFIFO.java'
	 hash='2135064005'
	 context='-968509295'
	 id='581'
	 message='Lock &quot;&lt;this&gt;:BufLock&quot; held when accessing (this.numElts)'
	 category='protected field access(es)'
	 result-type='LockAnalysis_ds_FieldAccessAssured'
	 message-id='(203,&lt;this&gt;:BufLock,(this.numElts),null)'
	 consistent='true'
	 proved-consistent='true'
	 full-type='edu.cmu.cs.fluid.sea.ResultDrop'/>

<result-drop type='ResultDrop'
	 offset='1884'
	 line='72'
	 path='BoundedFIFOJSure/src/com/surelogic/jsure/BoundedFIFO.java'
	 uri='file:/D:/work/update-script-workspace/BoundedFIFOJSure/src/com/surelogic/jsure/BoundedFIFO.java'
	 file='file:/D:/work/update-script-workspace/BoundedFIFOJSure/src/com/surelogic/jsure/BoundedFIFO.java'
	 hash='-605668015'
	 context='1653407321'
	 id='582'
	 message='Lock &quot;&lt;this&gt;:BufLock&quot; held when accessing this.size'
	 category='protected field access(es)'
	 result-type='LockAnalysis_ds_FieldAccessAssured'
	 message-id='(203,&lt;this&gt;:BufLock,this.size,null)'
	 consistent='true'
	 proved-consistent='true'
	 full-type='edu.cmu.cs.fluid.sea.ResultDrop'/>

<result-drop type='ResultDrop'
	 offset='2505'
	 line='101'
	 path='BoundedFIFOJSure/src/com/surelogic/jsure/BoundedFIFO.java'
	 uri='file:/D:/work/update-script-workspace/BoundedFIFOJSure/src/com/surelogic/jsure/BoundedFIFO.java'
	 file='file:/D:/work/update-script-workspace/BoundedFIFOJSure/src/com/surelogic/jsure/BoundedFIFO.java'
	 hash='-110077252'
	 context='1411330667'
	 id='583'
	 message='Lock &quot;&lt;this&gt;:BufLock&quot; held when accessing this.numElts'
	 category='protected field access(es)'
	 result-type='LockAnalysis_ds_FieldAccessAssured'
	 message-id='(203,&lt;this&gt;:BufLock,this.numElts,null)'
	 consistent='true'
	 proved-consistent='true'
	 full-type='edu.cmu.cs.fluid.sea.ResultDrop'/>

<result-drop type='ResultDrop'
	 offset='870'
	 line='31'
	 path='BoundedFIFOJSure/src/com/surelogic/jsure/BoundedFIFO.java'
	 uri='file:/D:/work/update-script-workspace/BoundedFIFOJSure/src/com/surelogic/jsure/BoundedFIFO.java'
	 file='file:/D:/work/update-script-workspace/BoundedFIFOJSure/src/com/surelogic/jsure/BoundedFIFO.java'
	 hash='131428253'
	 context='-270610198'
	 id='584'
	 message='Acting as if lock &quot;&lt;this&gt;:BufLock&quot; were held when accessing first = 0 (occurs within a thread-confined constructor)'
	 category='protected field access(es)'
	 result-type='LockAnalysis_ds_FieldAccessOkayThreadConfined'
	 message-id='(246,&lt;this&gt;:BufLock,first = 0,null)'
	 or-proved-consistent='true'
	 consistent='true'
	 proved-consistent='true'
	 full-type='edu.cmu.cs.fluid.sea.ResultDrop'/>

<result-drop type='ResultDrop'
	 offset='1475'
	 line='57'
	 path='BoundedFIFOJSure/src/com/surelogic/jsure/BoundedFIFO.java'
	 uri='file:/D:/work/update-script-workspace/BoundedFIFOJSure/src/com/surelogic/jsure/BoundedFIFO.java'
	 file='file:/D:/work/update-script-workspace/BoundedFIFOJSure/src/com/surelogic/jsure/BoundedFIFO.java'
	 hash='-1730436191'
	 context='1225240429'
	 id='585'
	 message='Lock &quot;&lt;this&gt;:BufLock&quot; held when accessing (this.first)'
	 category='protected field access(es)'
	 result-type='LockAnalysis_ds_FieldAccessAssured'
	 message-id='(203,&lt;this&gt;:BufLock,(this.first),null)'
	 consistent='true'
	 proved-consistent='true'
	 full-type='edu.cmu.cs.fluid.sea.ResultDrop'/>

<result-drop type='ResultDrop'
	 offset='1455'
	 line='56'
	 path='BoundedFIFOJSure/src/com/surelogic/jsure/BoundedFIFO.java'
	 uri='file:/D:/work/update-script-workspace/BoundedFIFOJSure/src/com/surelogic/jsure/BoundedFIFO.java'
	 file='file:/D:/work/update-script-workspace/BoundedFIFOJSure/src/com/surelogic/jsure/BoundedFIFO.java'
	 hash='1227372323'
	 context='-1096173211'
	 id='586'
	 message='Lock &quot;&lt;this&gt;:BufLock&quot; held when accessing this.buf'
	 category='protected field access(es)'
	 result-type='LockAnalysis_ds_FieldAccessAssured'
	 message-id='(203,&lt;this&gt;:BufLock,this.buf,null)'
	 consistent='true'
	 proved-consistent='true'
	 full-type='edu.cmu.cs.fluid.sea.ResultDrop'/>

<result-drop type='ResultDrop'
	 offset='2729'
	 line='109'
	 path='BoundedFIFOJSure/src/com/surelogic/jsure/BoundedFIFO.java'
	 uri='file:/D:/work/update-script-workspace/BoundedFIFOJSure/src/com/surelogic/jsure/BoundedFIFO.java'
	 file='file:/D:/work/update-script-workspace/BoundedFIFOJSure/src/com/surelogic/jsure/BoundedFIFO.java'
	 hash='-110077252'
	 context='-334227245'
	 id='587'
	 message='Lock &quot;&lt;this&gt;:BufLock&quot; held when accessing this.numElts'
	 category='protected field access(es)'
	 result-type='LockAnalysis_ds_FieldAccessAssured'
	 message-id='(203,&lt;this&gt;:BufLock,this.numElts,null)'
	 consistent='true'
	 proved-consistent='true'
	 full-type='edu.cmu.cs.fluid.sea.ResultDrop'/>

<result-drop type='ResultDrop'
	 offset='1404'
	 line='54'
	 path='BoundedFIFOJSure/src/com/surelogic/jsure/BoundedFIFO.java'
	 uri='file:/D:/work/update-script-workspace/BoundedFIFOJSure/src/com/surelogic/jsure/BoundedFIFO.java'
	 file='file:/D:/work/update-script-workspace/BoundedFIFOJSure/src/com/surelogic/jsure/BoundedFIFO.java'
	 hash='-110077252'
	 context='-968509295'
	 id='588'
	 message='Lock &quot;&lt;this&gt;:BufLock&quot; held when accessing this.numElts'
	 category='protected field access(es)'
	 result-type='LockAnalysis_ds_FieldAccessAssured'
	 message-id='(203,&lt;this&gt;:BufLock,this.numElts,null)'
	 consistent='true'
	 proved-consistent='true'
	 full-type='edu.cmu.cs.fluid.sea.ResultDrop'/>

<result-drop type='ResultDrop'
	 offset='2261'
	 line='92'
	 path='BoundedFIFOJSure/src/com/surelogic/jsure/BoundedFIFO.java'
	 uri='file:/D:/work/update-script-workspace/BoundedFIFOJSure/src/com/surelogic/jsure/BoundedFIFO.java'
	 file='file:/D:/work/update-script-workspace/BoundedFIFOJSure/src/com/surelogic/jsure/BoundedFIFO.java'
	 hash='-110077252'
	 context='742746733'
	 id='589'
	 message='Lock &quot;&lt;this&gt;:BufLock&quot; held when accessing this.numElts'
	 category='protected field access(es)'
	 result-type='LockAnalysis_ds_FieldAccessAssured'
	 message-id='(203,&lt;this&gt;:BufLock,this.numElts,null)'
	 consistent='true'
	 proved-consistent='true'
	 full-type='edu.cmu.cs.fluid.sea.ResultDrop'/>

<result-drop type='ResultDrop'
	 offset='2952'
	 line='117'
	 path='BoundedFIFOJSure/src/com/surelogic/jsure/BoundedFIFO.java'
	 uri='file:/D:/work/update-script-workspace/BoundedFIFOJSure/src/com/surelogic/jsure/BoundedFIFO.java'
	 file='file:/D:/work/update-script-workspace/BoundedFIFOJSure/src/com/surelogic/jsure/BoundedFIFO.java'
	 hash='-110077252'
	 context='-1783038560'
	 id='590'
	 message='Lock &quot;&lt;this&gt;:BufLock&quot; held when accessing this.numElts'
	 category='protected field access(es)'
	 result-type='LockAnalysis_ds_FieldAccessAssured'
	 message-id='(203,&lt;this&gt;:BufLock,this.numElts,null)'
	 consistent='true'
	 proved-consistent='true'
	 full-type='edu.cmu.cs.fluid.sea.ResultDrop'/>

<result-drop type='ResultDrop'
	 offset='1940'
	 line='75'
	 path='BoundedFIFOJSure/src/com/surelogic/jsure/BoundedFIFO.java'
	 uri='file:/D:/work/update-script-workspace/BoundedFIFOJSure/src/com/surelogic/jsure/BoundedFIFO.java'
	 file='file:/D:/work/update-script-workspace/BoundedFIFOJSure/src/com/surelogic/jsure/BoundedFIFO.java'
	 hash='-605820861'
	 context='178982695'
	 id='591'
	 message='Lock &quot;&lt;this&gt;:BufLock&quot; held when accessing this.next'
	 category='protected field access(es)'
	 result-type='LockAnalysis_ds_FieldAccessAssured'
	 message-id='(203,&lt;this&gt;:BufLock,this.next,null)'
	 consistent='true'
	 proved-consistent='true'
	 full-type='edu.cmu.cs.fluid.sea.ResultDrop'/>

<result-drop type='ResultDrop'
	 offset='2963'
	 line='117'
	 path='BoundedFIFOJSure/src/com/surelogic/jsure/BoundedFIFO.java'
	 uri='file:/D:/work/update-script-workspace/BoundedFIFOJSure/src/com/surelogic/jsure/BoundedFIFO.java'
	 file='file:/D:/work/update-script-workspace/BoundedFIFOJSure/src/com/surelogic/jsure/BoundedFIFO.java'
	 hash='-605668015'
	 context='-443932331'
	 id='592'
	 message='Lock &quot;&lt;this&gt;:BufLock&quot; held when accessing this.size'
	 category='protected field access(es)'
	 result-type='LockAnalysis_ds_FieldAccessAssured'
	 message-id='(203,&lt;this&gt;:BufLock,this.size,null)'
	 consistent='true'
	 proved-consistent='true'
	 full-type='edu.cmu.cs.fluid.sea.ResultDrop'/>

<result-drop type='ResultDrop'
	 offset='1954'
	 line='76'
	 path='BoundedFIFOJSure/src/com/surelogic/jsure/BoundedFIFO.java'
	 uri='file:/D:/work/update-script-workspace/BoundedFIFOJSure/src/com/surelogic/jsure/BoundedFIFO.java'
	 file='file:/D:/work/update-script-workspace/BoundedFIFOJSure/src/com/surelogic/jsure/BoundedFIFO.java'
	 hash='2135064005'
	 context='523364846'
	 id='593'
	 message='Lock &quot;&lt;this&gt;:BufLock&quot; held when accessing (this.numElts)'
	 category='protected field access(es)'
	 result-type='LockAnalysis_ds_FieldAccessAssured'
	 message-id='(203,&lt;this&gt;:BufLock,(this.numElts),null)'
	 consistent='true'
	 proved-consistent='true'
	 full-type='edu.cmu.cs.fluid.sea.ResultDrop'/>

<result-drop type='ResultDrop'
	 offset='1873'
	 line='72'
	 path='BoundedFIFOJSure/src/com/surelogic/jsure/BoundedFIFO.java'
	 uri='file:/D:/work/update-script-workspace/BoundedFIFOJSure/src/com/surelogic/jsure/BoundedFIFO.java'
	 file='file:/D:/work/update-script-workspace/BoundedFIFOJSure/src/com/surelogic/jsure/BoundedFIFO.java'
	 hash='-110077252'
	 context='523364846'
	 id='594'
	 message='Lock &quot;&lt;this&gt;:BufLock&quot; held when accessing this.numElts'
	 category='protected field access(es)'
	 result-type='LockAnalysis_ds_FieldAccessAssured'
	 message-id='(203,&lt;this&gt;:BufLock,this.numElts,null)'
	 consistent='true'
	 proved-consistent='true'
	 full-type='edu.cmu.cs.fluid.sea.ResultDrop'/>

<result-drop type='ResultDrop'
	 offset='1896'
	 line='73'
	 path='BoundedFIFOJSure/src/com/surelogic/jsure/BoundedFIFO.java'
	 uri='file:/D:/work/update-script-workspace/BoundedFIFOJSure/src/com/surelogic/jsure/BoundedFIFO.java'
	 file='file:/D:/work/update-script-workspace/BoundedFIFOJSure/src/com/surelogic/jsure/BoundedFIFO.java'
	 hash='1227372323'
	 context='289942439'
	 id='595'
	 message='Lock &quot;&lt;this&gt;:BufLock&quot; held when accessing this.buf'
	 category='protected field access(es)'
	 result-type='LockAnalysis_ds_FieldAccessAssured'
	 message-id='(203,&lt;this&gt;:BufLock,this.buf,null)'
	 consistent='true'
	 proved-consistent='true'
	 full-type='edu.cmu.cs.fluid.sea.ResultDrop'/>

<result-drop type='ResultDrop'
	 offset='1185'
	 line='45'
	 path='BoundedFIFOJSure/src/com/surelogic/jsure/BoundedFIFO.java'
	 uri='file:/D:/work/update-script-workspace/BoundedFIFOJSure/src/com/surelogic/jsure/BoundedFIFO.java'
	 file='file:/D:/work/update-script-workspace/BoundedFIFOJSure/src/com/surelogic/jsure/BoundedFIFO.java'
	 hash='-605668015'
	 context='1385517012'
	 id='596'
	 message='Acting as if lock &quot;&lt;this&gt;:BufLock&quot; were held when accessing this.size (occurs within a thread-confined constructor)'
	 category='protected field access(es)'
	 result-type='LockAnalysis_ds_FieldAccessOkayThreadConfined'
	 message-id='(246,&lt;this&gt;:BufLock,this.size,null)'
	 or-proved-consistent='true'
	 consistent='true'
	 proved-consistent='true'
	 full-type='edu.cmu.cs.fluid.sea.ResultDrop'/>

<result-drop type='ResultDrop'
	 offset='1921'
	 line='74'
	 path='BoundedFIFOJSure/src/com/surelogic/jsure/BoundedFIFO.java'
	 uri='file:/D:/work/update-script-workspace/BoundedFIFOJSure/src/com/surelogic/jsure/BoundedFIFO.java'
	 file='file:/D:/work/update-script-workspace/BoundedFIFOJSure/src/com/surelogic/jsure/BoundedFIFO.java'
	 hash='-464187794'
	 context='178982695'
	 id='597'
	 message='Lock &quot;&lt;this&gt;:BufLock&quot; held when accessing (this.next)'
	 category='protected field access(es)'
	 result-type='LockAnalysis_ds_FieldAccessAssured'
	 message-id='(203,&lt;this&gt;:BufLock,(this.next),null)'
	 consistent='true'
	 proved-consistent='true'
	 full-type='edu.cmu.cs.fluid.sea.ResultDrop'/>

<result-drop type='ResultDrop'
	 offset='2744'
	 line='109'
	 path='BoundedFIFOJSure/src/com/surelogic/jsure/BoundedFIFO.java'
	 uri='file:/D:/work/update-script-workspace/BoundedFIFOJSure/src/com/surelogic/jsure/BoundedFIFO.java'
	 file='file:/D:/work/update-script-workspace/BoundedFIFOJSure/src/com/surelogic/jsure/BoundedFIFO.java'
	 hash='-605668015'
	 context='-1771607106'
	 id='598'
	 message='Lock &quot;&lt;this&gt;:BufLock&quot; held when accessing this.size'
	 category='protected field access(es)'
	 result-type='LockAnalysis_ds_FieldAccessAssured'
	 message-id='(203,&lt;this&gt;:BufLock,this.size,null)'
	 consistent='true'
	 proved-consistent='true'
	 full-type='edu.cmu.cs.fluid.sea.ResultDrop'/>

<result-drop type='ResultDrop'
	 offset='2067'
	 line='84'
	 path='BoundedFIFOJSure/src/com/surelogic/jsure/BoundedFIFO.java'
	 uri='file:/D:/work/update-script-workspace/BoundedFIFOJSure/src/com/surelogic/jsure/BoundedFIFO.java'
	 file='file:/D:/work/update-script-workspace/BoundedFIFOJSure/src/com/surelogic/jsure/BoundedFIFO.java'
	 hash='-605668015'
	 context='-1105696053'
	 id='599'
	 message='Lock &quot;&lt;this&gt;:BufLock&quot; held when accessing this.size'
	 category='protected field access(es)'
	 result-type='LockAnalysis_ds_FieldAccessAssured'
	 message-id='(203,&lt;this&gt;:BufLock,this.size,null)'
	 consistent='true'
	 proved-consistent='true'
	 full-type='edu.cmu.cs.fluid.sea.ResultDrop'/>

<result-drop type='ResultDrop'
	 offset='276'
	 line='14'
	 path='BoundedFIFOJSure/src/com/surelogic/jsure/BlockingFIFO.java'
	 uri='file:/D:/work/update-script-workspace/BoundedFIFOJSure/src/com/surelogic/jsure/BlockingFIFO.java'
	 file='file:/D:/work/update-script-workspace/BoundedFIFOJSure/src/com/surelogic/jsure/BlockingFIFO.java'
	 hash='-1341494777'
	 context='-442105391'
	 id='602'
	 message='Lock &quot;&lt;this.fifo&gt;:MUTEX&quot; held when invoking this.fifo.wait; precondition satisfied'
	 category='lock precondition(s) satisfied'
	 result-type='LockAnalysis_ds_PreconditionsAssured'
	 message-id='(207,&lt;this.fifo&gt;:MUTEX,this.fifo.wait,null)'
	 consistent='true'
	 proved-consistent='true'
	 full-type='edu.cmu.cs.fluid.sea.ResultDrop'/>

<result-drop type='ResultDrop'
	 offset='599'
	 line='33'
	 path='BoundedFIFOJSure/src/com/surelogic/jsure/BlockingFIFO.java'
	 uri='file:/D:/work/update-script-workspace/BoundedFIFOJSure/src/com/surelogic/jsure/BlockingFIFO.java'
	 file='file:/D:/work/update-script-workspace/BoundedFIFOJSure/src/com/surelogic/jsure/BlockingFIFO.java'
	 hash='-1341494777'
	 context='1488591988'
	 id='603'
	 message='Lock &quot;&lt;this.fifo&gt;:MUTEX&quot; held when invoking this.fifo.wait; precondition satisfied'
	 category='lock precondition(s) satisfied'
	 result-type='LockAnalysis_ds_PreconditionsAssured'
	 message-id='(207,&lt;this.fifo&gt;:MUTEX,this.fifo.wait,null)'
	 consistent='true'
	 proved-consistent='true'
	 full-type='edu.cmu.cs.fluid.sea.ResultDrop'/>

<ir-drop type='ProposedPromiseDrop'
	 offset='815'
	 line='28'
	 path='BoundedFIFOJSure/src/com/surelogic/jsure/BoundedFIFO.java'
	 uri='file:/D:/work/update-script-workspace/BoundedFIFOJSure/src/com/surelogic/jsure/BoundedFIFO.java'
	 file='file:/D:/work/update-script-workspace/BoundedFIFOJSure/src/com/surelogic/jsure/BoundedFIFO.java'
	 hash='97907'
	 context='-728775891'
	 id='606'
	 message='ProposedPromiseDrop @Unique()'
	 target-project='BoundedFIFOJSure'
	 java-annotation='@Unique'
	 annotation-type='Unique'
	 from-project='BoundedFIFOJSure'
	 full-type='edu.cmu.cs.fluid.sea.ProposedPromiseDrop'/>

<result-drop type='ResultDrop'
	 offset='450'
	 line='24'
	 path='BoundedFIFOJSure/src/com/surelogic/jsure/BlockingFIFO.java'
	 uri='file:/D:/work/update-script-workspace/BoundedFIFOJSure/src/com/surelogic/jsure/BlockingFIFO.java'
	 file='file:/D:/work/update-script-workspace/BoundedFIFOJSure/src/com/surelogic/jsure/BlockingFIFO.java'
	 hash='-867967697'
	 context='1902123371'
	 id='615'
	 message='Lock &quot;&lt;this.fifo&gt;:BufLock&quot; held when invoking this.fifo.put(e); precondition satisfied'
	 category='lock precondition(s) satisfied'
	 result-type='LockAnalysis_ds_PreconditionsAssured'
	 message-id='(207,&lt;this.fifo&gt;:BufLock,this.fifo.put(e),null)'
	 consistent='true'
	 proved-consistent='true'
	 full-type='edu.cmu.cs.fluid.sea.ResultDrop'/>

<result-drop type='ResultDrop'
	 offset='1126'
	 line='43'
	 path='BoundedFIFOJSure/src/com/surelogic/jsure/BoundedFIFO.java'
	 uri='file:/D:/work/update-script-workspace/BoundedFIFOJSure/src/com/surelogic/jsure/BoundedFIFO.java'
	 file='file:/D:/work/update-script-workspace/BoundedFIFOJSure/src/com/surelogic/jsure/BoundedFIFO.java'
	 hash='109801339'
	 context='-1313831777'
	 id='689'
	 message='Effects of call super'
	 result-type='UniquenessAssurance_effectOfCallDrop'
	 message-id='(304,super)'
	 proved-consistent='true'
	 consistent='true'
	 full-type='edu.cmu.cs.fluid.sea.ResultDrop'/>

<ir-drop type='ProposedPromiseDrop'
	 offset='2692'
	 line='108'
	 path='BoundedFIFOJSure/src/com/surelogic/jsure/BoundedFIFO.java'
	 uri='file:/D:/work/update-script-workspace/BoundedFIFOJSure/src/com/surelogic/jsure/BoundedFIFO.java'
	 file='file:/D:/work/update-script-workspace/BoundedFIFOJSure/src/com/surelogic/jsure/BoundedFIFO.java'
	 hash='981319203'
	 context='-759745197'
	 id='693'
	 message='ProposedPromiseDrop @RegionEffects(reads this:Instance)'
	 target-project='BoundedFIFOJSure'
	 java-annotation='@RegionEffects(&quot;reads this:Instance&quot;)'
	 annotation-type='RegionEffects'
	 contents='reads this:Instance'
	 from-project='BoundedFIFOJSure'
	 full-type='edu.cmu.cs.fluid.sea.ProposedPromiseDrop'/>

<ir-drop type='ProposedPromiseDrop'
	 offset='2031'
	 line='83'
	 path='BoundedFIFOJSure/src/com/surelogic/jsure/BoundedFIFO.java'
	 uri='file:/D:/work/update-script-workspace/BoundedFIFOJSure/src/com/surelogic/jsure/BoundedFIFO.java'
	 file='file:/D:/work/update-script-workspace/BoundedFIFOJSure/src/com/surelogic/jsure/BoundedFIFO.java'
	 hash='800772265'
	 context='1191951638'
	 id='705'
	 message='ProposedPromiseDrop @RegionEffects(reads this:Instance)'
	 target-project='BoundedFIFOJSure'
	 java-annotation='@RegionEffects(&quot;reads this:Instance&quot;)'
	 annotation-type='RegionEffects'
	 contents='reads this:Instance'
	 from-project='BoundedFIFOJSure'
	 full-type='edu.cmu.cs.fluid.sea.ProposedPromiseDrop'/>

<result-drop type='ResultDrop'
	 offset='408'
	 line='21'
	 path='BoundedFIFOJSure/src/com/surelogic/jsure/BlockingFIFO.java'
	 uri='file:/D:/work/update-script-workspace/BoundedFIFOJSure/src/com/surelogic/jsure/BlockingFIFO.java'
	 file='file:/D:/work/update-script-workspace/BoundedFIFOJSure/src/com/surelogic/jsure/BlockingFIFO.java'
	 hash='-930704549'
	 context='1758745509'
	 id='717'
	 message='Lock &quot;&lt;this.fifo&gt;:MUTEX&quot; held when invoking this.fifo.notify; precondition satisfied'
	 category='lock precondition(s) satisfied'
	 result-type='LockAnalysis_ds_PreconditionsAssured'
	 message-id='(207,&lt;this.fifo&gt;:MUTEX,this.fifo.notify,null)'
	 consistent='true'
	 proved-consistent='true'
	 full-type='edu.cmu.cs.fluid.sea.ResultDrop'/>

<result-drop type='ResultDrop'
	 offset='839'
	 line='48'
	 path='BoundedFIFOJSure/src/com/surelogic/jsure/BlockingFIFO.java'
	 uri='file:/D:/work/update-script-workspace/BoundedFIFOJSure/src/com/surelogic/jsure/BlockingFIFO.java'
	 file='file:/D:/work/update-script-workspace/BoundedFIFOJSure/src/com/surelogic/jsure/BlockingFIFO.java'
	 hash='-997378312'
	 context='-1760718439'
	 id='729'
	 message='Lock &quot;&lt;this.fifo&gt;:BufLock&quot; held when invoking this.fifo.length; precondition satisfied'
	 category='lock precondition(s) satisfied'
	 result-type='LockAnalysis_ds_PreconditionsAssured'
	 message-id='(207,&lt;this.fifo&gt;:BufLock,this.fifo.length,null)'
	 consistent='true'
	 proved-consistent='true'
	 full-type='edu.cmu.cs.fluid.sea.ResultDrop'/>

<promise-drop type='RequiresLockPromiseDrop'
	 offset='2692'
	 line='108'
	 path='BoundedFIFOJSure/src/com/surelogic/jsure/BoundedFIFO.java'
	 uri='file:/D:/work/update-script-workspace/BoundedFIFOJSure/src/com/surelogic/jsure/BoundedFIFO.java'
	 file='file:/D:/work/update-script-workspace/BoundedFIFOJSure/src/com/surelogic/jsure/BoundedFIFO.java'
	 hash='981319203'
	 context='-759745197'
	 virtual='true'
	 id='758'
	 message='RequiresLock BufLock on com.surelogic.jsure.BoundedFIFO.wasFull()'
	 category='lock precondition(s)'
	 to-be-checked-by-analysis='true'
	 from-src='true'
	 message-id='(102,RequiresLock BufLock,com.surelogic.jsure.BoundedFIFO.wasFull())'
	 checked-by-analysis='true'
	 proved-consistent='true'
	 full-type='edu.cmu.cs.fluid.sea.drops.promises.RequiresLockPromiseDrop'/>

<result-drop type='ResultDrop'
	 offset='710'
	 line='39'
	 path='BoundedFIFOJSure/src/com/surelogic/jsure/BlockingFIFO.java'
	 uri='file:/D:/work/update-script-workspace/BoundedFIFOJSure/src/com/surelogic/jsure/BlockingFIFO.java'
	 file='file:/D:/work/update-script-workspace/BoundedFIFOJSure/src/com/surelogic/jsure/BlockingFIFO.java'
	 hash='207768390'
	 context='-66014953'
	 id='759'
	 message='Lock &quot;&lt;this.fifo&gt;:BufLock&quot; held when invoking this.fifo.wasFull; precondition satisfied'
	 category='lock precondition(s) satisfied'
	 result-type='LockAnalysis_ds_PreconditionsAssured'
	 message-id='(207,&lt;this.fifo&gt;:BufLock,this.fifo.wasFull,null)'
	 consistent='true'
	 proved-consistent='true'
	 full-type='edu.cmu.cs.fluid.sea.ResultDrop'/>

<ir-drop type='ProposedPromiseDrop'
	 offset='815'
	 line='28'
	 path='BoundedFIFOJSure/src/com/surelogic/jsure/BoundedFIFO.java'
	 uri='file:/D:/work/update-script-workspace/BoundedFIFOJSure/src/com/surelogic/jsure/BoundedFIFO.java'
	 file='file:/D:/work/update-script-workspace/BoundedFIFOJSure/src/com/surelogic/jsure/BoundedFIFO.java'
	 hash='97907'
	 context='-728775891'
	 id='777'
	 message='ProposedPromiseDrop @Unique()'
	 target-project='BoundedFIFOJSure'
	 java-annotation='@Unique'
	 annotation-type='Unique'
	 from-project='BoundedFIFOJSure'
	 full-type='edu.cmu.cs.fluid.sea.ProposedPromiseDrop'/>

<result-drop type='ResultDrop'
	 offset='690'
	 line='38'
	 path='BoundedFIFOJSure/src/com/surelogic/jsure/BlockingFIFO.java'
	 uri='file:/D:/work/update-script-workspace/BoundedFIFOJSure/src/com/surelogic/jsure/BlockingFIFO.java'
	 file='file:/D:/work/update-script-workspace/BoundedFIFOJSure/src/com/surelogic/jsure/BlockingFIFO.java'
	 hash='1896373380'
	 context='-20388523'
	 id='778'
	 message='Lock &quot;&lt;this.fifo&gt;:BufLock&quot; held when invoking this.fifo.get; precondition satisfied'
	 category='lock precondition(s) satisfied'
	 result-type='LockAnalysis_ds_PreconditionsAssured'
	 message-id='(207,&lt;this.fifo&gt;:BufLock,this.fifo.get,null)'
	 consistent='true'
	 proved-consistent='true'
	 full-type='edu.cmu.cs.fluid.sea.ResultDrop'/>

<ir-drop type='ProposedPromiseDrop'
	 offset='781'
	 line='46'
	 path='BoundedFIFOJSure/src/com/surelogic/jsure/BlockingFIFO.java'
	 uri='file:/D:/work/update-script-workspace/BoundedFIFOJSure/src/com/surelogic/jsure/BlockingFIFO.java'
	 file='file:/D:/work/update-script-workspace/BoundedFIFOJSure/src/com/surelogic/jsure/BlockingFIFO.java'
	 hash='97438872'
	 context='1303360307'
	 id='847'
	 message='ProposedPromiseDrop @RegionEffects(writes java.lang.Object:All)'
	 target-project='BoundedFIFOJSure'
	 java-annotation='@RegionEffects(&quot;writes java.lang.Object:All&quot;)'
	 annotation-type='RegionEffects'
	 contents='writes java.lang.Object:All'
	 from-project='BoundedFIFOJSure'
	 full-type='edu.cmu.cs.fluid.sea.ProposedPromiseDrop'/>

<ir-drop type='ProposedPromiseDrop'
	 offset='30'
	 line='3'
	 path='BoundedFIFOJSure/src/com/surelogic/jsure/LoggingEvent.java'
	 uri='file:/D:/work/update-script-workspace/BoundedFIFOJSure/src/com/surelogic/jsure/LoggingEvent.java'
	 file='file:/D:/work/update-script-workspace/BoundedFIFOJSure/src/com/surelogic/jsure/LoggingEvent.java'
	 hash='439958362'
	 context='-591630994'
	 id='905'
	 message='ProposedPromiseDrop @RegionEffects(none)'
	 target-project='BoundedFIFOJSure'
	 java-annotation='@RegionEffects(&quot;none&quot;)'
	 annotation-type='RegionEffects'
	 contents='none'
	 from-project='BoundedFIFOJSure'
	 full-type='edu.cmu.cs.fluid.sea.ProposedPromiseDrop'/>

<ir-drop type='WarningDrop'
	 offset='1455'
	 line='56'
	 path='BoundedFIFOJSure/src/com/surelogic/jsure/BoundedFIFO.java'
	 uri='file:/D:/work/update-script-workspace/BoundedFIFOJSure/src/com/surelogic/jsure/BoundedFIFO.java'
	 file='file:/D:/work/update-script-workspace/BoundedFIFOJSure/src/com/surelogic/jsure/BoundedFIFO.java'
	 hash='-49834690'
	 context='-554947668'
	 id='946'
	 message='Field reference &quot;this.buf [ this.next ]&quot; may be to a shared unprotected object'
	 category='protected reference(s) to a possibly shared unprotected object; possible race condition detected'
	 message-id='(201,this.buf [ this.next ])'
	 result-type='LockAnalysis_ds_AggregationNeeded'
	 full-type='edu.cmu.cs.fluid.sea.WarningDrop'/>

<result-drop type='ResultDrop'
	 offset='1126'
	 line='43'
	 path='BoundedFIFOJSure/src/com/surelogic/jsure/BoundedFIFO.java'
	 uri='file:/D:/work/update-script-workspace/BoundedFIFOJSure/src/com/surelogic/jsure/BoundedFIFO.java'
	 file='file:/D:/work/update-script-workspace/BoundedFIFOJSure/src/com/surelogic/jsure/BoundedFIFO.java'
	 hash='109801339'
	 context='-1313831777'
	 id='962'
	 message='Unique return value of call super'
	 result-type='UniquenessAssurance_uniqueReturnDrop'
	 message-id='(301,super)'
	 proved-consistent='true'
	 consistent='true'
	 full-type='edu.cmu.cs.fluid.sea.ResultDrop'/>

<result-drop type='ResultDrop'
	 offset='363'
	 line='19'
	 path='BoundedFIFOJSure/src/com/surelogic/jsure/BlockingFIFO.java'
	 uri='file:/D:/work/update-script-workspace/BoundedFIFOJSure/src/com/surelogic/jsure/BlockingFIFO.java'
	 file='file:/D:/work/update-script-workspace/BoundedFIFOJSure/src/com/surelogic/jsure/BlockingFIFO.java'
	 hash='-867967697'
	 context='1902123371'
	 id='1092'
	 message='Lock &quot;&lt;this.fifo&gt;:BufLock&quot; held when invoking this.fifo.put(e); precondition satisfied'
	 category='lock precondition(s) satisfied'
	 result-type='LockAnalysis_ds_PreconditionsAssured'
	 message-id='(207,&lt;this.fifo&gt;:BufLock,this.fifo.put(e),null)'
	 consistent='true'
	 proved-consistent='true'
	 full-type='edu.cmu.cs.fluid.sea.ResultDrop'/>

<result-drop type='ResultDrop'
	 offset='1150'
	 line='44'
	 path='BoundedFIFOJSure/src/com/surelogic/jsure/BoundedFIFO.java'
	 uri='file:/D:/work/update-script-workspace/BoundedFIFOJSure/src/com/surelogic/jsure/BoundedFIFO.java'
	 file='file:/D:/work/update-script-workspace/BoundedFIFOJSure/src/com/surelogic/jsure/BoundedFIFO.java'
	 hash='1689055504'
	 context='-1313831777'
	 id='1191'
	 message='Effects of call new java.lang.IllegalArgumentException'
	 result-type='UniquenessAssurance_effectOfCallDrop'
	 message-id='(304,new java.lang.IllegalArgumentException)'
	 proved-consistent='true'
	 consistent='true'
	 full-type='edu.cmu.cs.fluid.sea.ResultDrop'/>

<ir-drop type='ProposedPromiseDrop'
	 offset='2467'
	 line='100'
	 path='BoundedFIFOJSure/src/com/surelogic/jsure/BoundedFIFO.java'
	 uri='file:/D:/work/update-script-workspace/BoundedFIFOJSure/src/com/surelogic/jsure/BoundedFIFO.java'
	 file='file:/D:/work/update-script-workspace/BoundedFIFOJSure/src/com/surelogic/jsure/BoundedFIFO.java'
	 hash='-1390514151'
	 context='1105176043'
	 id='1347'
	 message='ProposedPromiseDrop @RegionEffects(reads this:Instance)'
	 target-project='BoundedFIFOJSure'
	 java-annotation='@RegionEffects(&quot;reads this:Instance&quot;)'
	 annotation-type='RegionEffects'
	 contents='reads this:Instance'
	 from-project='BoundedFIFOJSure'
	 full-type='edu.cmu.cs.fluid.sea.ProposedPromiseDrop'/>

<result-drop type='ResultDrop'
	 offset='1072'
	 line='41'
	 path='BoundedFIFOJSure/src/com/surelogic/jsure/BoundedFIFO.java'
	 uri='file:/D:/work/update-script-workspace/BoundedFIFOJSure/src/com/surelogic/jsure/BoundedFIFO.java'
	 file='file:/D:/work/update-script-workspace/BoundedFIFOJSure/src/com/surelogic/jsure/BoundedFIFO.java'
	 hash='88407834'
	 context='-1313831777'
	 id='1384'
	 message='Control flow of constructor com.surelogic.jsure.BoundedFIFO.BoundedFIFO(int)'
	 result-type='UniquenessAssurance'
	 message-id='(300,constructor,com.surelogic.jsure.BoundedFIFO.BoundedFIFO(int))'
	 proved-consistent='true'
	 consistent='true'
	 full-type='edu.cmu.cs.fluid.sea.ResultDrop'/>

<ir-drop type='ProposedPromiseDrop'
	 offset='99'
	 line='6'
	 path='BoundedFIFOJSure/src/com/surelogic/jsure/BlockingFIFO.java'
	 uri='file:/D:/work/update-script-workspace/BoundedFIFOJSure/src/com/surelogic/jsure/BlockingFIFO.java'
	 file='file:/D:/work/update-script-workspace/BoundedFIFOJSure/src/com/surelogic/jsure/BlockingFIFO.java'
	 hash='1659404402'
	 context='485168373'
	 id='1412'
	 message='ProposedPromiseDrop @RegionEffects(writes java.lang.Object:All)'
	 target-project='BoundedFIFOJSure'
	 java-annotation='@RegionEffects(&quot;writes java.lang.Object:All&quot;)'
	 annotation-type='RegionEffects'
	 contents='writes java.lang.Object:All'
	 from-project='BoundedFIFOJSure'
	 full-type='edu.cmu.cs.fluid.sea.ProposedPromiseDrop'/>

<ir-drop type='ProposedPromiseDrop'
	 offset='2916'
	 line='116'
	 path='BoundedFIFOJSure/src/com/surelogic/jsure/BoundedFIFO.java'
	 uri='file:/D:/work/update-script-workspace/BoundedFIFOJSure/src/com/surelogic/jsure/BoundedFIFO.java'
	 file='file:/D:/work/update-script-workspace/BoundedFIFOJSure/src/com/surelogic/jsure/BoundedFIFO.java'
	 hash='1874440324'
	 context='-134196960'
	 id='1456'
	 message='ProposedPromiseDrop @RegionEffects(reads this:Instance)'
	 target-project='BoundedFIFOJSure'
	 java-annotation='@RegionEffects(&quot;reads this:Instance&quot;)'
	 annotation-type='RegionEffects'
	 contents='reads this:Instance'
	 from-project='BoundedFIFOJSure'
	 full-type='edu.cmu.cs.fluid.sea.ProposedPromiseDrop'/>

<ir-drop type='ProposedPromiseDrop'
	 offset='476'
	 line='28'
	 path='BoundedFIFOJSure/src/com/surelogic/jsure/BlockingFIFO.java'
	 uri='file:/D:/work/update-script-workspace/BoundedFIFOJSure/src/com/surelogic/jsure/BlockingFIFO.java'
	 file='file:/D:/work/update-script-workspace/BoundedFIFOJSure/src/com/surelogic/jsure/BlockingFIFO.java'
	 hash='2145759295'
	 context='78615947'
	 id='1539'
	 message='ProposedPromiseDrop @RegionEffects(writes java.lang.Object:All)'
	 target-project='BoundedFIFOJSure'
	 java-annotation='@RegionEffects(&quot;writes java.lang.Object:All&quot;)'
	 annotation-type='RegionEffects'
	 contents='writes java.lang.Object:All'
	 from-project='BoundedFIFOJSure'
	 full-type='edu.cmu.cs.fluid.sea.ProposedPromiseDrop'/>

<ir-drop type='ProposedPromiseDrop'
	 offset='1072'
	 line='41'
	 path='BoundedFIFOJSure/src/com/surelogic/jsure/BoundedFIFO.java'
	 uri='file:/D:/work/update-script-workspace/BoundedFIFOJSure/src/com/surelogic/jsure/BoundedFIFO.java'
	 file='file:/D:/work/update-script-workspace/BoundedFIFOJSure/src/com/surelogic/jsure/BoundedFIFO.java'
	 hash='88407834'
	 context='-1313831777'
	 id='1616'
	 message='ProposedPromiseDrop @RegionEffects(none)'
	 target-project='BoundedFIFOJSure'
	 java-annotation='@RegionEffects(&quot;none&quot;)'
	 annotation-type='RegionEffects'
	 contents='none'
	 from-project='BoundedFIFOJSure'
	 full-type='edu.cmu.cs.fluid.sea.ProposedPromiseDrop'/>

<ir-drop type='WarningDrop'
	 offset='1896'
	 line='73'
	 path='BoundedFIFOJSure/src/com/surelogic/jsure/BoundedFIFO.java'
	 uri='file:/D:/work/update-script-workspace/BoundedFIFOJSure/src/com/surelogic/jsure/BoundedFIFO.java'
	 file='file:/D:/work/update-script-workspace/BoundedFIFOJSure/src/com/surelogic/jsure/BoundedFIFO.java'
	 hash='-49834690'
	 context='-398113170'
	 id='1635'
	 message='Field reference &quot;this.buf [ this.next ]&quot; may be to a shared unprotected object'
	 category='protected reference(s) to a possibly shared unprotected object; possible race condition detected'
	 message-id='(201,this.buf [ this.next ])'
	 result-type='LockAnalysis_ds_AggregationNeeded'
	 full-type='edu.cmu.cs.fluid.sea.WarningDrop'/>

<ir-drop type='ProposedPromiseDrop'
	 offset='172'
	 line='10'
	 path='BoundedFIFOJSure/src/com/surelogic/jsure/BlockingFIFO.java'
	 uri='file:/D:/work/update-script-workspace/BoundedFIFOJSure/src/com/surelogic/jsure/BlockingFIFO.java'
	 file='file:/D:/work/update-script-workspace/BoundedFIFOJSure/src/com/surelogic/jsure/BlockingFIFO.java'
	 hash='955251951'
	 context='-1009164568'
	 id='1663'
	 message='ProposedPromiseDrop @RegionEffects(writes java.lang.Object:All)'
	 target-project='BoundedFIFOJSure'
	 java-annotation='@RegionEffects(&quot;writes java.lang.Object:All&quot;)'
	 annotation-type='RegionEffects'
	 contents='writes java.lang.Object:All'
	 from-project='BoundedFIFOJSure'
	 full-type='edu.cmu.cs.fluid.sea.ProposedPromiseDrop'/>

</sea-summary>

