<?xml version='1.0' encoding='UTF-8' standalone='yes'?>
<sea-summary time='Dec 16, 2010 12:41:14 PM'
	 project='BoundedFIFOJSure'>

<count RegionModel='3'/>
<count PromisePromiseDrop='1'/>
<count ProposedPromiseDrop='22'/>
<count AggregatePromiseDrop='1'/>
<count UniquePromiseDrop='2'/>
<count LockModel='2'/>
<count RequiresLockPromiseDrop='7'/>
<count ResultDrop='52'/>
<result-drop type='ResultDrop'
	 offset='893'
	 line='33'
	 path='BoundedFIFOJSure/src/com/surelogic/jsure/BoundedFIFO.java'
	 uri='file:/C:/work/jsure-test-update-script-workspace/.jsure-data/BoundedFIFOJSure%202010-12-16%2012-41-13/srcs/BoundedFIFOJSure/BoundedFIFOJSure/src/com/surelogic/jsure/BoundedFIFO.java'
	 file='file:/C:/work/jsure-test-update-script-workspace/.jsure-data/BoundedFIFOJSure%202010-12-16%2012-41-13/srcs/BoundedFIFOJSure/BoundedFIFOJSure/src/com/surelogic/jsure/BoundedFIFO.java'
	 hash='131428253'
	 context='-270610198'
	 message='Acting as if lock &quot;&lt;this&gt;:BufLock&quot; were held when accessing first = 0 (occurs within a thread-confined constructor)'
	 message-id='(246,&lt;this&gt;:BufLock,first = 0,null)'
	 category='protected field access(es)'
	 proved-consistent='true'
	 consistent='true'
	 or-proved-consistent='true'
	 result-type='LockAnalysis_ds_FieldAccessOkayThreadConfined'/>

<ir-drop type='ProposedPromiseDrop'
	 offset='476'
	 line='28'
	 path='BoundedFIFOJSure/src/com/surelogic/jsure/BlockingFIFO.java'
	 uri='file:/C:/work/jsure-test-update-script-workspace/.jsure-data/BoundedFIFOJSure%202010-12-16%2012-41-12/srcs/BoundedFIFOJSure/BoundedFIFOJSure/src/com/surelogic/jsure/BlockingFIFO.java'
	 file='file:/C:/work/jsure-test-update-script-workspace/.jsure-data/BoundedFIFOJSure%202010-12-16%2012-41-12/srcs/BoundedFIFOJSure/BoundedFIFOJSure/src/com/surelogic/jsure/BlockingFIFO.java'
	 hash='2145759295'
	 context='78615947'
	 message='ProposedPromiseDrop @RegionEffects(writes java.lang.Object:All)'
	 java-annotation='@RegionEffects(&quot;writes java.lang.Object:All&quot;)'
	 annotation-type='RegionEffects'
	 contents='writes java.lang.Object:All'
	 target-project='BoundedFIFOJSure'
	 from-project='BoundedFIFOJSure'/>

<ir-drop type='ProposedPromiseDrop'
	 offset='30'
	 line='3'
	 path='BoundedFIFOJSure/src/com/surelogic/jsure/LoggingEvent.java'
	 uri='file:/C:/work/jsure-test-update-script-workspace/.jsure-data/BoundedFIFOJSure%202010-12-16%2012-41-03/srcs/BoundedFIFOJSure/BoundedFIFOJSure/src/com/surelogic/jsure/LoggingEvent.java'
	 file='file:/C:/work/jsure-test-update-script-workspace/.jsure-data/BoundedFIFOJSure%202010-12-16%2012-41-03/srcs/BoundedFIFOJSure/BoundedFIFOJSure/src/com/surelogic/jsure/LoggingEvent.java'
	 hash='439958362'
	 context='-591630994'
	 message='ProposedPromiseDrop @RegionEffects(none)'
	 java-annotation='@RegionEffects(&quot;none&quot;)'
	 annotation-type='RegionEffects'
	 contents='none'
	 target-project='BoundedFIFOJSure'
	 from-project='BoundedFIFOJSure'/>

<result-drop type='ResultDrop'
	 offset='560'
	 line='31'
	 path='BoundedFIFOJSure/src/com/surelogic/jsure/BlockingFIFO.java'
	 uri='file:/C:/work/jsure-test-update-script-workspace/.jsure-data/BoundedFIFOJSure%202010-12-16%2012-41-12/srcs/BoundedFIFOJSure/BoundedFIFOJSure/src/com/surelogic/jsure/BlockingFIFO.java'
	 file='file:/C:/work/jsure-test-update-script-workspace/.jsure-data/BoundedFIFOJSure%202010-12-16%2012-41-12/srcs/BoundedFIFOJSure/BoundedFIFOJSure/src/com/surelogic/jsure/BlockingFIFO.java'
	 hash='-997378312'
	 context='-676937499'
	 message='Lock &quot;&lt;this.fifo&gt;:BufLock&quot; held when invoking this.fifo.length; precondition satisfied'
	 message-id='(207,&lt;this.fifo&gt;:BufLock,this.fifo.length,null)'
	 category='lock precondition(s) satisfied'
	 proved-consistent='true'
	 consistent='true'
	 result-type='LockAnalysis_ds_PreconditionsAssured'/>

<ir-drop type='ProposedPromiseDrop'
	 offset='30'
	 line='3'
	 path='BoundedFIFOJSure/src/com/surelogic/jsure/LoggingEvent.java'
	 uri='file:/C:/work/jsure-test-update-script-workspace/.jsure-data/BoundedFIFOJSure%202010-12-16%2012-41-03/srcs/BoundedFIFOJSure/BoundedFIFOJSure/src/com/surelogic/jsure/LoggingEvent.java'
	 file='file:/C:/work/jsure-test-update-script-workspace/.jsure-data/BoundedFIFOJSure%202010-12-16%2012-41-03/srcs/BoundedFIFOJSure/BoundedFIFOJSure/src/com/surelogic/jsure/LoggingEvent.java'
	 hash='439958362'
	 context='-591630994'
	 message='ProposedPromiseDrop @RegionEffects(none)'
	 java-annotation='@RegionEffects(&quot;none&quot;)'
	 annotation-type='RegionEffects'
	 contents='none'
	 target-project='BoundedFIFOJSure'
	 from-project='BoundedFIFOJSure'/>

<result-drop type='ResultDrop'
	 offset='1229'
	 line='48'
	 path='BoundedFIFOJSure/src/com/surelogic/jsure/BoundedFIFO.java'
	 uri='file:/C:/work/jsure-test-update-script-workspace/.jsure-data/BoundedFIFOJSure%202010-12-16%2012-41-13/srcs/BoundedFIFOJSure/BoundedFIFOJSure/src/com/surelogic/jsure/BoundedFIFO.java'
	 file='file:/C:/work/jsure-test-update-script-workspace/.jsure-data/BoundedFIFOJSure%202010-12-16%2012-41-13/srcs/BoundedFIFOJSure/BoundedFIFOJSure/src/com/surelogic/jsure/BoundedFIFO.java'
	 hash='1227372323'
	 context='435203526'
	 message='Acting as if lock &quot;&lt;this&gt;:BufLock&quot; were held when accessing this.buf (occurs within a thread-confined constructor)'
	 message-id='(246,&lt;this&gt;:BufLock,this.buf,null)'
	 category='protected field access(es)'
	 proved-consistent='true'
	 consistent='true'
	 or-proved-consistent='true'
	 result-type='LockAnalysis_ds_FieldAccessOkayThreadConfined'/>

<result-drop type='ResultDrop'
	 offset='1427'
	 line='56'
	 path='BoundedFIFOJSure/src/com/surelogic/jsure/BoundedFIFO.java'
	 uri='file:/C:/work/jsure-test-update-script-workspace/.jsure-data/BoundedFIFOJSure%202010-12-16%2012-41-13/srcs/BoundedFIFOJSure/BoundedFIFOJSure/src/com/surelogic/jsure/BoundedFIFO.java'
	 file='file:/C:/work/jsure-test-update-script-workspace/.jsure-data/BoundedFIFOJSure%202010-12-16%2012-41-13/srcs/BoundedFIFOJSure/BoundedFIFOJSure/src/com/surelogic/jsure/BoundedFIFO.java'
	 hash='-110077252'
	 context='-968509295'
	 message='Lock &quot;&lt;this&gt;:BufLock&quot; held when accessing this.numElts'
	 message-id='(203,&lt;this&gt;:BufLock,this.numElts,null)'
	 category='protected field access(es)'
	 proved-consistent='true'
	 consistent='true'
	 result-type='LockAnalysis_ds_FieldAccessAssured'/>

<result-drop type='ResultDrop'
	 offset='1095'
	 line='43'
	 path='BoundedFIFOJSure/src/com/surelogic/jsure/BoundedFIFO.java'
	 uri='file:/C:/work/jsure-test-update-script-workspace/.jsure-data/BoundedFIFOJSure%202010-12-16%2012-41-13/srcs/BoundedFIFOJSure/BoundedFIFOJSure/src/com/surelogic/jsure/BoundedFIFO.java'
	 file='file:/C:/work/jsure-test-update-script-workspace/.jsure-data/BoundedFIFOJSure%202010-12-16%2012-41-13/srcs/BoundedFIFOJSure/BoundedFIFOJSure/src/com/surelogic/jsure/BoundedFIFO.java'
	 hash='88407834'
	 context='-1313831777'
	 message='Control flow of constructor com.surelogic.jsure.BoundedFIFO.BoundedFIFO(int)'
	 message-id='(300,constructor,com.surelogic.jsure.BoundedFIFO.BoundedFIFO(int))'
	 proved-consistent='true'
	 consistent='true'
	 result-type='UniquenessAssurance'/>

<promise-drop type='RequiresLockPromiseDrop'
	 offset='2054'
	 line='85'
	 path='BoundedFIFOJSure/src/com/surelogic/jsure/BoundedFIFO.java'
	 uri='file:/C:/work/jsure-test-update-script-workspace/.jsure-data/BoundedFIFOJSure%202010-12-16%2012-41-13/srcs/BoundedFIFOJSure/BoundedFIFOJSure/src/com/surelogic/jsure/BoundedFIFO.java'
	 file='file:/C:/work/jsure-test-update-script-workspace/.jsure-data/BoundedFIFOJSure%202010-12-16%2012-41-13/srcs/BoundedFIFOJSure/BoundedFIFOJSure/src/com/surelogic/jsure/BoundedFIFO.java'
	 hash='800772265'
	 context='1191951638'
	 message='RequiresLock BufLock on com.surelogic.jsure.BoundedFIFO.getMaxSize()'
	 message-id='(102,RequiresLock BufLock,com.surelogic.jsure.BoundedFIFO.getMaxSize())'
	 category='lock precondition(s)'
	 proved-consistent='true'
	 checked-by-analysis='true'
	 from-src='true'
	 virtual='true'
	 to-be-checked-by-analysis='true'/>

<result-drop type='ResultDrop'
	 offset='2975'
	 line='119'
	 path='BoundedFIFOJSure/src/com/surelogic/jsure/BoundedFIFO.java'
	 uri='file:/C:/work/jsure-test-update-script-workspace/.jsure-data/BoundedFIFOJSure%202010-12-16%2012-41-13/srcs/BoundedFIFOJSure/BoundedFIFOJSure/src/com/surelogic/jsure/BoundedFIFO.java'
	 file='file:/C:/work/jsure-test-update-script-workspace/.jsure-data/BoundedFIFOJSure%202010-12-16%2012-41-13/srcs/BoundedFIFOJSure/BoundedFIFOJSure/src/com/surelogic/jsure/BoundedFIFO.java'
	 hash='-110077252'
	 context='-1783038560'
	 message='Lock &quot;&lt;this&gt;:BufLock&quot; held when accessing this.numElts'
	 message-id='(203,&lt;this&gt;:BufLock,this.numElts,null)'
	 category='protected field access(es)'
	 proved-consistent='true'
	 consistent='true'
	 result-type='LockAnalysis_ds_FieldAccessAssured'/>

<promise-drop type='RequiresLockPromiseDrop'
	 offset='2252'
	 line='93'
	 path='BoundedFIFOJSure/src/com/surelogic/jsure/BoundedFIFO.java'
	 uri='file:/C:/work/jsure-test-update-script-workspace/.jsure-data/BoundedFIFOJSure%202010-12-16%2012-41-13/srcs/BoundedFIFOJSure/BoundedFIFOJSure/src/com/surelogic/jsure/BoundedFIFO.java'
	 file='file:/C:/work/jsure-test-update-script-workspace/.jsure-data/BoundedFIFOJSure%202010-12-16%2012-41-13/srcs/BoundedFIFOJSure/BoundedFIFOJSure/src/com/surelogic/jsure/BoundedFIFO.java'
	 hash='-619934927'
	 context='-1903378963'
	 message='RequiresLock BufLock on com.surelogic.jsure.BoundedFIFO.length()'
	 message-id='(102,RequiresLock BufLock,com.surelogic.jsure.BoundedFIFO.length())'
	 category='lock precondition(s)'
	 proved-consistent='true'
	 checked-by-analysis='true'
	 from-src='true'
	 virtual='true'
	 to-be-checked-by-analysis='true'/>

<result-drop type='ResultDrop'
	 offset='1517'
	 line='60'
	 path='BoundedFIFOJSure/src/com/surelogic/jsure/BoundedFIFO.java'
	 uri='file:/C:/work/jsure-test-update-script-workspace/.jsure-data/BoundedFIFOJSure%202010-12-16%2012-41-13/srcs/BoundedFIFOJSure/BoundedFIFOJSure/src/com/surelogic/jsure/BoundedFIFO.java'
	 file='file:/C:/work/jsure-test-update-script-workspace/.jsure-data/BoundedFIFOJSure%202010-12-16%2012-41-13/srcs/BoundedFIFOJSure/BoundedFIFOJSure/src/com/surelogic/jsure/BoundedFIFO.java'
	 hash='-1607852192'
	 context='1225240429'
	 message='Lock &quot;&lt;this&gt;:BufLock&quot; held when accessing this.first'
	 message-id='(203,&lt;this&gt;:BufLock,this.first,null)'
	 category='protected field access(es)'
	 proved-consistent='true'
	 consistent='true'
	 result-type='LockAnalysis_ds_FieldAccessAssured'/>

<result-drop type='ResultDrop'
	 offset='242'
	 line='12'
	 path='BoundedFIFOJSure/src/com/surelogic/jsure/BlockingFIFO.java'
	 uri='file:/C:/work/jsure-test-update-script-workspace/.jsure-data/BoundedFIFOJSure%202010-12-16%2012-41-12/srcs/BoundedFIFOJSure/BoundedFIFOJSure/src/com/surelogic/jsure/BlockingFIFO.java'
	 file='file:/C:/work/jsure-test-update-script-workspace/.jsure-data/BoundedFIFOJSure%202010-12-16%2012-41-12/srcs/BoundedFIFOJSure/BoundedFIFOJSure/src/com/surelogic/jsure/BlockingFIFO.java'
	 hash='-1071514901'
	 context='-32330955'
	 message='Lock &quot;&lt;this.fifo&gt;:BufLock&quot; held when invoking this.fifo.isFull; precondition satisfied'
	 message-id='(207,&lt;this.fifo&gt;:BufLock,this.fifo.isFull,null)'
	 category='lock precondition(s) satisfied'
	 proved-consistent='true'
	 consistent='true'
	 result-type='LockAnalysis_ds_PreconditionsAssured'/>

<result-drop type='ResultDrop'
	 offset='1977'
	 line='78'
	 path='BoundedFIFOJSure/src/com/surelogic/jsure/BoundedFIFO.java'
	 uri='file:/C:/work/jsure-test-update-script-workspace/.jsure-data/BoundedFIFOJSure%202010-12-16%2012-41-13/srcs/BoundedFIFOJSure/BoundedFIFOJSure/src/com/surelogic/jsure/BoundedFIFO.java'
	 file='file:/C:/work/jsure-test-update-script-workspace/.jsure-data/BoundedFIFOJSure%202010-12-16%2012-41-13/srcs/BoundedFIFOJSure/BoundedFIFOJSure/src/com/surelogic/jsure/BoundedFIFO.java'
	 hash='2135064005'
	 context='523364846'
	 message='Lock &quot;&lt;this&gt;:BufLock&quot; held when accessing (this.numElts)'
	 message-id='(203,&lt;this&gt;:BufLock,(this.numElts),null)'
	 category='protected field access(es)'
	 proved-consistent='true'
	 consistent='true'
	 result-type='LockAnalysis_ds_FieldAccessAssured'/>

<result-drop type='ResultDrop'
	 offset='433'
	 line='23'
	 path='BoundedFIFOJSure/src/com/surelogic/jsure/BlockingFIFO.java'
	 uri='file:/C:/work/jsure-test-update-script-workspace/.jsure-data/BoundedFIFOJSure%202010-12-16%2012-41-12/srcs/BoundedFIFOJSure/BoundedFIFOJSure/src/com/surelogic/jsure/BlockingFIFO.java'
	 file='file:/C:/work/jsure-test-update-script-workspace/.jsure-data/BoundedFIFOJSure%202010-12-16%2012-41-12/srcs/BoundedFIFOJSure/BoundedFIFOJSure/src/com/surelogic/jsure/BlockingFIFO.java'
	 hash='-867967697'
	 context='1902123371'
	 message='Lock &quot;&lt;this.fifo&gt;:BufLock&quot; held when invoking this.fifo.put(e); precondition satisfied'
	 message-id='(207,&lt;this.fifo&gt;:BufLock,this.fifo.put(e),null)'
	 category='lock precondition(s) satisfied'
	 proved-consistent='true'
	 consistent='true'
	 result-type='LockAnalysis_ds_PreconditionsAssured'/>

<ir-drop type='ProposedPromiseDrop'
	 offset='1855'
	 line='73'
	 path='BoundedFIFOJSure/src/com/surelogic/jsure/BoundedFIFO.java'
	 uri='file:/C:/work/jsure-test-update-script-workspace/.jsure-data/BoundedFIFOJSure%202010-12-16%2012-41-13/srcs/BoundedFIFOJSure/BoundedFIFOJSure/src/com/surelogic/jsure/BoundedFIFO.java'
	 file='file:/C:/work/jsure-test-update-script-workspace/.jsure-data/BoundedFIFOJSure%202010-12-16%2012-41-13/srcs/BoundedFIFOJSure/BoundedFIFOJSure/src/com/surelogic/jsure/BoundedFIFO.java'
	 hash='1420648169'
	 context='-398113170'
	 message='ProposedPromiseDrop @RegionEffects(writes this:Instance)'
	 java-annotation='@RegionEffects(&quot;writes this:Instance&quot;)'
	 annotation-type='RegionEffects'
	 contents='writes this:Instance'
	 target-project='BoundedFIFOJSure'
	 from-project='BoundedFIFOJSure'/>

<result-drop type='ResultDrop'
	 offset='1531'
	 line='61'
	 path='BoundedFIFOJSure/src/com/surelogic/jsure/BoundedFIFO.java'
	 uri='file:/C:/work/jsure-test-update-script-workspace/.jsure-data/BoundedFIFOJSure%202010-12-16%2012-41-13/srcs/BoundedFIFOJSure/BoundedFIFOJSure/src/com/surelogic/jsure/BoundedFIFO.java'
	 file='file:/C:/work/jsure-test-update-script-workspace/.jsure-data/BoundedFIFOJSure%202010-12-16%2012-41-13/srcs/BoundedFIFOJSure/BoundedFIFOJSure/src/com/surelogic/jsure/BoundedFIFO.java'
	 hash='2135064005'
	 context='-968509295'
	 message='Lock &quot;&lt;this&gt;:BufLock&quot; held when accessing (this.numElts)'
	 message-id='(203,&lt;this&gt;:BufLock,(this.numElts),null)'
	 category='protected field access(es)'
	 proved-consistent='true'
	 consistent='true'
	 result-type='LockAnalysis_ds_FieldAccessAssured'/>

<ir-drop type='ProposedPromiseDrop'
	 offset='30'
	 line='3'
	 path='BoundedFIFOJSure/src/com/surelogic/jsure/LoggingEvent.java'
	 uri='file:/C:/work/jsure-test-update-script-workspace/.jsure-data/BoundedFIFOJSure%202010-12-16%2012-41-03/srcs/BoundedFIFOJSure/BoundedFIFOJSure/src/com/surelogic/jsure/LoggingEvent.java'
	 file='file:/C:/work/jsure-test-update-script-workspace/.jsure-data/BoundedFIFOJSure%202010-12-16%2012-41-03/srcs/BoundedFIFOJSure/BoundedFIFOJSure/src/com/surelogic/jsure/LoggingEvent.java'
	 hash='439958362'
	 context='-591630994'
	 message='ProposedPromiseDrop @RegionEffects(none)'
	 java-annotation='@RegionEffects(&quot;none&quot;)'
	 annotation-type='RegionEffects'
	 contents='none'
	 target-project='BoundedFIFOJSure'
	 from-project='BoundedFIFOJSure'/>

<ir-drop type='ProposedPromiseDrop'
	 offset='781'
	 line='46'
	 path='BoundedFIFOJSure/src/com/surelogic/jsure/BlockingFIFO.java'
	 uri='file:/C:/work/jsure-test-update-script-workspace/.jsure-data/BoundedFIFOJSure%202010-12-16%2012-41-12/srcs/BoundedFIFOJSure/BoundedFIFOJSure/src/com/surelogic/jsure/BlockingFIFO.java'
	 file='file:/C:/work/jsure-test-update-script-workspace/.jsure-data/BoundedFIFOJSure%202010-12-16%2012-41-12/srcs/BoundedFIFOJSure/BoundedFIFOJSure/src/com/surelogic/jsure/BlockingFIFO.java'
	 hash='97438872'
	 context='1303360307'
	 message='ProposedPromiseDrop @RegionEffects(writes java.lang.Object:All)'
	 java-annotation='@RegionEffects(&quot;writes java.lang.Object:All&quot;)'
	 annotation-type='RegionEffects'
	 contents='writes java.lang.Object:All'
	 target-project='BoundedFIFOJSure'
	 from-project='BoundedFIFOJSure'/>

<result-drop type='ResultDrop'
	 offset='1173'
	 line='46'
	 path='BoundedFIFOJSure/src/com/surelogic/jsure/BoundedFIFO.java'
	 uri='file:/C:/work/jsure-test-update-script-workspace/.jsure-data/BoundedFIFOJSure%202010-12-16%2012-41-13/srcs/BoundedFIFOJSure/BoundedFIFOJSure/src/com/surelogic/jsure/BoundedFIFO.java'
	 file='file:/C:/work/jsure-test-update-script-workspace/.jsure-data/BoundedFIFOJSure%202010-12-16%2012-41-13/srcs/BoundedFIFOJSure/BoundedFIFOJSure/src/com/surelogic/jsure/BoundedFIFO.java'
	 hash='1689055504'
	 context='-1313831777'
	 message='Effects of call new java.lang.IllegalArgumentException'
	 message-id='(304,new java.lang.IllegalArgumentException)'
	 proved-consistent='true'
	 consistent='true'
	 result-type='UniquenessAssurance_effectOfCallDrop'/>

<result-drop type='ResultDrop'
	 offset='1498'
	 line='59'
	 path='BoundedFIFOJSure/src/com/surelogic/jsure/BoundedFIFO.java'
	 uri='file:/C:/work/jsure-test-update-script-workspace/.jsure-data/BoundedFIFOJSure%202010-12-16%2012-41-13/srcs/BoundedFIFOJSure/BoundedFIFOJSure/src/com/surelogic/jsure/BoundedFIFO.java'
	 file='file:/C:/work/jsure-test-update-script-workspace/.jsure-data/BoundedFIFOJSure%202010-12-16%2012-41-13/srcs/BoundedFIFOJSure/BoundedFIFOJSure/src/com/surelogic/jsure/BoundedFIFO.java'
	 hash='-1730436191'
	 context='1225240429'
	 message='Lock &quot;&lt;this&gt;:BufLock&quot; held when accessing (this.first)'
	 message-id='(203,&lt;this&gt;:BufLock,(this.first),null)'
	 category='protected field access(es)'
	 proved-consistent='true'
	 consistent='true'
	 result-type='LockAnalysis_ds_FieldAccessAssured'/>

<ir-drop type='ProposedPromiseDrop'
	 offset='781'
	 line='46'
	 path='BoundedFIFOJSure/src/com/surelogic/jsure/BlockingFIFO.java'
	 uri='file:/C:/work/jsure-test-update-script-workspace/.jsure-data/BoundedFIFOJSure%202010-12-16%2012-41-12/srcs/BoundedFIFOJSure/BoundedFIFOJSure/src/com/surelogic/jsure/BlockingFIFO.java'
	 file='file:/C:/work/jsure-test-update-script-workspace/.jsure-data/BoundedFIFOJSure%202010-12-16%2012-41-12/srcs/BoundedFIFOJSure/BoundedFIFOJSure/src/com/surelogic/jsure/BlockingFIFO.java'
	 hash='97438872'
	 context='1303360307'
	 message='ProposedPromiseDrop @RegionEffects(writes java.lang.Object:All)'
	 java-annotation='@RegionEffects(&quot;writes java.lang.Object:All&quot;)'
	 annotation-type='RegionEffects'
	 contents='writes java.lang.Object:All'
	 target-project='BoundedFIFOJSure'
	 from-project='BoundedFIFOJSure'/>

<ir-drop type='ProposedPromiseDrop'
	 offset='30'
	 line='3'
	 path='BoundedFIFOJSure/src/com/surelogic/jsure/LoggingEvent.java'
	 uri='file:/C:/work/jsure-test-update-script-workspace/.jsure-data/BoundedFIFOJSure%202010-12-16%2012-41-03/srcs/BoundedFIFOJSure/BoundedFIFOJSure/src/com/surelogic/jsure/LoggingEvent.java'
	 file='file:/C:/work/jsure-test-update-script-workspace/.jsure-data/BoundedFIFOJSure%202010-12-16%2012-41-03/srcs/BoundedFIFOJSure/BoundedFIFOJSure/src/com/surelogic/jsure/LoggingEvent.java'
	 hash='439958362'
	 context='-591630994'
	 message='ProposedPromiseDrop @RegionEffects(none)'
	 java-annotation='@RegionEffects(&quot;none&quot;)'
	 annotation-type='RegionEffects'
	 contents='none'
	 target-project='BoundedFIFOJSure'
	 from-project='BoundedFIFOJSure'/>

<ir-drop type='ProposedPromiseDrop'
	 offset='2939'
	 line='118'
	 path='BoundedFIFOJSure/src/com/surelogic/jsure/BoundedFIFO.java'
	 uri='file:/C:/work/jsure-test-update-script-workspace/.jsure-data/BoundedFIFOJSure%202010-12-16%2012-41-13/srcs/BoundedFIFOJSure/BoundedFIFOJSure/src/com/surelogic/jsure/BoundedFIFO.java'
	 file='file:/C:/work/jsure-test-update-script-workspace/.jsure-data/BoundedFIFOJSure%202010-12-16%2012-41-13/srcs/BoundedFIFOJSure/BoundedFIFOJSure/src/com/surelogic/jsure/BoundedFIFO.java'
	 hash='1874440324'
	 context='-134196960'
	 message='ProposedPromiseDrop @RegionEffects(reads this:Instance)'
	 java-annotation='@RegionEffects(&quot;reads this:Instance&quot;)'
	 annotation-type='RegionEffects'
	 contents='reads this:Instance'
	 target-project='BoundedFIFOJSure'
	 from-project='BoundedFIFOJSure'/>

<result-drop type='ResultDrop'
	 offset='1923'
	 line='75'
	 path='BoundedFIFOJSure/src/com/surelogic/jsure/BoundedFIFO.java'
	 uri='file:/C:/work/jsure-test-update-script-workspace/.jsure-data/BoundedFIFOJSure%202010-12-16%2012-41-13/srcs/BoundedFIFOJSure/BoundedFIFOJSure/src/com/surelogic/jsure/BoundedFIFO.java'
	 file='file:/C:/work/jsure-test-update-script-workspace/.jsure-data/BoundedFIFOJSure%202010-12-16%2012-41-13/srcs/BoundedFIFOJSure/BoundedFIFOJSure/src/com/surelogic/jsure/BoundedFIFO.java'
	 hash='-605820861'
	 context='178982695'
	 message='Lock &quot;&lt;this&gt;:BufLock&quot; held when accessing this.next'
	 message-id='(203,&lt;this&gt;:BufLock,this.next,null)'
	 category='protected field access(es)'
	 proved-consistent='true'
	 consistent='true'
	 result-type='LockAnalysis_ds_FieldAccessAssured'/>

<result-drop type='ResultDrop'
	 offset='1963'
	 line='77'
	 path='BoundedFIFOJSure/src/com/surelogic/jsure/BoundedFIFO.java'
	 uri='file:/C:/work/jsure-test-update-script-workspace/.jsure-data/BoundedFIFOJSure%202010-12-16%2012-41-13/srcs/BoundedFIFOJSure/BoundedFIFOJSure/src/com/surelogic/jsure/BoundedFIFO.java'
	 file='file:/C:/work/jsure-test-update-script-workspace/.jsure-data/BoundedFIFOJSure%202010-12-16%2012-41-13/srcs/BoundedFIFOJSure/BoundedFIFOJSure/src/com/surelogic/jsure/BoundedFIFO.java'
	 hash='-605820861'
	 context='178982695'
	 message='Lock &quot;&lt;this&gt;:BufLock&quot; held when accessing this.next'
	 message-id='(203,&lt;this&gt;:BufLock,this.next,null)'
	 category='protected field access(es)'
	 proved-consistent='true'
	 consistent='true'
	 result-type='LockAnalysis_ds_FieldAccessAssured'/>

<promise-drop type='RequiresLockPromiseDrop'
	 offset='2490'
	 line='102'
	 path='BoundedFIFOJSure/src/com/surelogic/jsure/BoundedFIFO.java'
	 uri='file:/C:/work/jsure-test-update-script-workspace/.jsure-data/BoundedFIFOJSure%202010-12-16%2012-41-13/srcs/BoundedFIFOJSure/BoundedFIFOJSure/src/com/surelogic/jsure/BoundedFIFO.java'
	 file='file:/C:/work/jsure-test-update-script-workspace/.jsure-data/BoundedFIFOJSure%202010-12-16%2012-41-13/srcs/BoundedFIFOJSure/BoundedFIFOJSure/src/com/surelogic/jsure/BoundedFIFO.java'
	 hash='-1390514151'
	 context='1105176043'
	 message='RequiresLock BufLock on com.surelogic.jsure.BoundedFIFO.wasEmpty()'
	 message-id='(102,RequiresLock BufLock,com.surelogic.jsure.BoundedFIFO.wasEmpty())'
	 category='lock precondition(s)'
	 proved-consistent='true'
	 checked-by-analysis='true'
	 from-src='true'
	 virtual='true'
	 to-be-checked-by-analysis='true'/>

<result-drop type='ResultDrop'
	 offset='599'
	 line='33'
	 path='BoundedFIFOJSure/src/com/surelogic/jsure/BlockingFIFO.java'
	 uri='file:/C:/work/jsure-test-update-script-workspace/.jsure-data/BoundedFIFOJSure%202010-12-16%2012-41-12/srcs/BoundedFIFOJSure/BoundedFIFOJSure/src/com/surelogic/jsure/BlockingFIFO.java'
	 file='file:/C:/work/jsure-test-update-script-workspace/.jsure-data/BoundedFIFOJSure%202010-12-16%2012-41-12/srcs/BoundedFIFOJSure/BoundedFIFOJSure/src/com/surelogic/jsure/BlockingFIFO.java'
	 hash='-1341494777'
	 context='1488591988'
	 message='Lock &quot;&lt;this.fifo&gt;:MUTEX&quot; held when invoking this.fifo.wait; precondition satisfied'
	 message-id='(207,&lt;this.fifo&gt;:MUTEX,this.fifo.wait,null)'
	 category='lock precondition(s) satisfied'
	 proved-consistent='true'
	 consistent='true'
	 result-type='LockAnalysis_ds_PreconditionsAssured'/>

<result-drop type='ResultDrop'
	 offset='2752'
	 line='111'
	 path='BoundedFIFOJSure/src/com/surelogic/jsure/BoundedFIFO.java'
	 uri='file:/C:/work/jsure-test-update-script-workspace/.jsure-data/BoundedFIFOJSure%202010-12-16%2012-41-13/srcs/BoundedFIFOJSure/BoundedFIFOJSure/src/com/surelogic/jsure/BoundedFIFO.java'
	 file='file:/C:/work/jsure-test-update-script-workspace/.jsure-data/BoundedFIFOJSure%202010-12-16%2012-41-13/srcs/BoundedFIFOJSure/BoundedFIFOJSure/src/com/surelogic/jsure/BoundedFIFO.java'
	 hash='-110077252'
	 context='-334227245'
	 message='Lock &quot;&lt;this&gt;:BufLock&quot; held when accessing this.numElts'
	 message-id='(203,&lt;this&gt;:BufLock,this.numElts,null)'
	 category='protected field access(es)'
	 proved-consistent='true'
	 consistent='true'
	 result-type='LockAnalysis_ds_FieldAccessAssured'/>

<ir-drop type='ProposedPromiseDrop'
	 offset='2252'
	 line='93'
	 path='BoundedFIFOJSure/src/com/surelogic/jsure/BoundedFIFO.java'
	 uri='file:/C:/work/jsure-test-update-script-workspace/.jsure-data/BoundedFIFOJSure%202010-12-16%2012-41-13/srcs/BoundedFIFOJSure/BoundedFIFOJSure/src/com/surelogic/jsure/BoundedFIFO.java'
	 file='file:/C:/work/jsure-test-update-script-workspace/.jsure-data/BoundedFIFOJSure%202010-12-16%2012-41-13/srcs/BoundedFIFOJSure/BoundedFIFOJSure/src/com/surelogic/jsure/BoundedFIFO.java'
	 hash='-619934927'
	 context='-1903378963'
	 message='ProposedPromiseDrop @RegionEffects(reads this:Instance)'
	 java-annotation='@RegionEffects(&quot;reads this:Instance&quot;)'
	 annotation-type='RegionEffects'
	 contents='reads this:Instance'
	 target-project='BoundedFIFOJSure'
	 from-project='BoundedFIFOJSure'/>

<result-drop type='ResultDrop'
	 offset='1478'
	 line='58'
	 path='BoundedFIFOJSure/src/com/surelogic/jsure/BoundedFIFO.java'
	 uri='file:/C:/work/jsure-test-update-script-workspace/.jsure-data/BoundedFIFOJSure%202010-12-16%2012-41-13/srcs/BoundedFIFOJSure/BoundedFIFOJSure/src/com/surelogic/jsure/BoundedFIFO.java'
	 file='file:/C:/work/jsure-test-update-script-workspace/.jsure-data/BoundedFIFOJSure%202010-12-16%2012-41-13/srcs/BoundedFIFOJSure/BoundedFIFOJSure/src/com/surelogic/jsure/BoundedFIFO.java'
	 hash='-49834690'
	 context='-554947668'
	 message='Lock &quot;&lt;this&gt;:BufLock&quot; held when accessing this.buf [ this.next ]'
	 message-id='(203,&lt;this&gt;:BufLock,this.buf [ this.next ],null)'
	 category='protected field access(es)'
	 proved-consistent='true'
	 consistent='true'
	 result-type='LockAnalysis_ds_FieldAccessAssured'/>

<ir-drop type='ProposedPromiseDrop'
	 offset='2715'
	 line='110'
	 path='BoundedFIFOJSure/src/com/surelogic/jsure/BoundedFIFO.java'
	 uri='file:/C:/work/jsure-test-update-script-workspace/.jsure-data/BoundedFIFOJSure%202010-12-16%2012-41-13/srcs/BoundedFIFOJSure/BoundedFIFOJSure/src/com/surelogic/jsure/BoundedFIFO.java'
	 file='file:/C:/work/jsure-test-update-script-workspace/.jsure-data/BoundedFIFOJSure%202010-12-16%2012-41-13/srcs/BoundedFIFOJSure/BoundedFIFOJSure/src/com/surelogic/jsure/BoundedFIFO.java'
	 hash='981319203'
	 context='-759745197'
	 message='ProposedPromiseDrop @RegionEffects(reads this:Instance)'
	 java-annotation='@RegionEffects(&quot;reads this:Instance&quot;)'
	 annotation-type='RegionEffects'
	 contents='reads this:Instance'
	 target-project='BoundedFIFOJSure'
	 from-project='BoundedFIFOJSure'/>

<result-drop type='ResultDrop'
	 offset='1208'
	 line='47'
	 path='BoundedFIFOJSure/src/com/surelogic/jsure/BoundedFIFO.java'
	 uri='file:/C:/work/jsure-test-update-script-workspace/.jsure-data/BoundedFIFOJSure%202010-12-16%2012-41-13/srcs/BoundedFIFOJSure/BoundedFIFOJSure/src/com/surelogic/jsure/BoundedFIFO.java'
	 file='file:/C:/work/jsure-test-update-script-workspace/.jsure-data/BoundedFIFOJSure%202010-12-16%2012-41-13/srcs/BoundedFIFOJSure/BoundedFIFOJSure/src/com/surelogic/jsure/BoundedFIFO.java'
	 hash='-605668015'
	 context='1385517012'
	 message='Acting as if lock &quot;&lt;this&gt;:BufLock&quot; were held when accessing this.size (occurs within a thread-confined constructor)'
	 message-id='(246,&lt;this&gt;:BufLock,this.size,null)'
	 category='protected field access(es)'
	 proved-consistent='true'
	 consistent='true'
	 or-proved-consistent='true'
	 result-type='LockAnalysis_ds_FieldAccessOkayThreadConfined'/>

<result-drop type='ResultDrop'
	 offset='276'
	 line='14'
	 path='BoundedFIFOJSure/src/com/surelogic/jsure/BlockingFIFO.java'
	 uri='file:/C:/work/jsure-test-update-script-workspace/.jsure-data/BoundedFIFOJSure%202010-12-16%2012-41-12/srcs/BoundedFIFOJSure/BoundedFIFOJSure/src/com/surelogic/jsure/BlockingFIFO.java'
	 file='file:/C:/work/jsure-test-update-script-workspace/.jsure-data/BoundedFIFOJSure%202010-12-16%2012-41-12/srcs/BoundedFIFOJSure/BoundedFIFOJSure/src/com/surelogic/jsure/BlockingFIFO.java'
	 hash='-1341494777'
	 context='-442105391'
	 message='Lock &quot;&lt;this.fifo&gt;:MUTEX&quot; held when invoking this.fifo.wait; precondition satisfied'
	 message-id='(207,&lt;this.fifo&gt;:MUTEX,this.fifo.wait,null)'
	 category='lock precondition(s) satisfied'
	 proved-consistent='true'
	 consistent='true'
	 result-type='LockAnalysis_ds_PreconditionsAssured'/>

<result-drop type='ResultDrop'
	 offset='1907'
	 line='74'
	 path='BoundedFIFOJSure/src/com/surelogic/jsure/BoundedFIFO.java'
	 uri='file:/C:/work/jsure-test-update-script-workspace/.jsure-data/BoundedFIFOJSure%202010-12-16%2012-41-13/srcs/BoundedFIFOJSure/BoundedFIFOJSure/src/com/surelogic/jsure/BoundedFIFO.java'
	 file='file:/C:/work/jsure-test-update-script-workspace/.jsure-data/BoundedFIFOJSure%202010-12-16%2012-41-13/srcs/BoundedFIFOJSure/BoundedFIFOJSure/src/com/surelogic/jsure/BoundedFIFO.java'
	 hash='-605668015'
	 context='1653407321'
	 message='Lock &quot;&lt;this&gt;:BufLock&quot; held when accessing this.size'
	 message-id='(203,&lt;this&gt;:BufLock,this.size,null)'
	 category='protected field access(es)'
	 proved-consistent='true'
	 consistent='true'
	 result-type='LockAnalysis_ds_FieldAccessAssured'/>

<ir-drop type='ProposedPromiseDrop'
	 offset='99'
	 line='6'
	 path='BoundedFIFOJSure/src/com/surelogic/jsure/BlockingFIFO.java'
	 uri='file:/C:/work/jsure-test-update-script-workspace/.jsure-data/BoundedFIFOJSure%202010-12-16%2012-41-12/srcs/BoundedFIFOJSure/BoundedFIFOJSure/src/com/surelogic/jsure/BlockingFIFO.java'
	 file='file:/C:/work/jsure-test-update-script-workspace/.jsure-data/BoundedFIFOJSure%202010-12-16%2012-41-12/srcs/BoundedFIFOJSure/BoundedFIFOJSure/src/com/surelogic/jsure/BlockingFIFO.java'
	 hash='1659404402'
	 context='485168373'
	 message='ProposedPromiseDrop @RegionEffects(writes java.lang.Object:All)'
	 java-annotation='@RegionEffects(&quot;writes java.lang.Object:All&quot;)'
	 annotation-type='RegionEffects'
	 contents='writes java.lang.Object:All'
	 target-project='BoundedFIFOJSure'
	 from-project='BoundedFIFOJSure'/>

<result-drop type='ResultDrop'
	 offset='1896'
	 line='74'
	 path='BoundedFIFOJSure/src/com/surelogic/jsure/BoundedFIFO.java'
	 uri='file:/C:/work/jsure-test-update-script-workspace/.jsure-data/BoundedFIFOJSure%202010-12-16%2012-41-13/srcs/BoundedFIFOJSure/BoundedFIFOJSure/src/com/surelogic/jsure/BoundedFIFO.java'
	 file='file:/C:/work/jsure-test-update-script-workspace/.jsure-data/BoundedFIFOJSure%202010-12-16%2012-41-13/srcs/BoundedFIFOJSure/BoundedFIFOJSure/src/com/surelogic/jsure/BoundedFIFO.java'
	 hash='-110077252'
	 context='523364846'
	 message='Lock &quot;&lt;this&gt;:BufLock&quot; held when accessing this.numElts'
	 message-id='(203,&lt;this&gt;:BufLock,this.numElts,null)'
	 category='protected field access(es)'
	 proved-consistent='true'
	 consistent='true'
	 result-type='LockAnalysis_ds_FieldAccessAssured'/>

<result-drop type='ResultDrop'
	 offset='876'
	 line='32'
	 path='BoundedFIFOJSure/src/com/surelogic/jsure/BoundedFIFO.java'
	 uri='file:/C:/work/jsure-test-update-script-workspace/.jsure-data/BoundedFIFOJSure%202010-12-16%2012-41-13/srcs/BoundedFIFOJSure/BoundedFIFOJSure/src/com/surelogic/jsure/BoundedFIFO.java'
	 file='file:/C:/work/jsure-test-update-script-workspace/.jsure-data/BoundedFIFOJSure%202010-12-16%2012-41-13/srcs/BoundedFIFOJSure/BoundedFIFOJSure/src/com/surelogic/jsure/BoundedFIFO.java'
	 hash='-568260359'
	 context='784257478'
	 message='Acting as if lock &quot;&lt;this&gt;:BufLock&quot; were held when accessing numElts = 0 (occurs within a thread-confined constructor)'
	 message-id='(246,&lt;this&gt;:BufLock,numElts = 0,null)'
	 category='protected field access(es)'
	 proved-consistent='true'
	 consistent='true'
	 or-proved-consistent='true'
	 result-type='LockAnalysis_ds_FieldAccessOkayThreadConfined'/>

<result-drop type='ResultDrop'
	 offset='450'
	 line='24'
	 path='BoundedFIFOJSure/src/com/surelogic/jsure/BlockingFIFO.java'
	 uri='file:/C:/work/jsure-test-update-script-workspace/.jsure-data/BoundedFIFOJSure%202010-12-16%2012-41-12/srcs/BoundedFIFOJSure/BoundedFIFOJSure/src/com/surelogic/jsure/BlockingFIFO.java'
	 file='file:/C:/work/jsure-test-update-script-workspace/.jsure-data/BoundedFIFOJSure%202010-12-16%2012-41-12/srcs/BoundedFIFOJSure/BoundedFIFOJSure/src/com/surelogic/jsure/BlockingFIFO.java'
	 hash='-867967697'
	 context='1902123371'
	 message='Lock &quot;&lt;this.fifo&gt;:BufLock&quot; held when invoking this.fifo.put(e); precondition satisfied'
	 message-id='(207,&lt;this.fifo&gt;:BufLock,this.fifo.put(e),null)'
	 category='lock precondition(s) satisfied'
	 proved-consistent='true'
	 consistent='true'
	 result-type='LockAnalysis_ds_PreconditionsAssured'/>

<ir-drop type='ProposedPromiseDrop'
	 offset='1392'
	 line='55'
	 path='BoundedFIFOJSure/src/com/surelogic/jsure/BoundedFIFO.java'
	 uri='file:/C:/work/jsure-test-update-script-workspace/.jsure-data/BoundedFIFOJSure%202010-12-16%2012-41-13/srcs/BoundedFIFOJSure/BoundedFIFOJSure/src/com/surelogic/jsure/BoundedFIFO.java'
	 file='file:/C:/work/jsure-test-update-script-workspace/.jsure-data/BoundedFIFOJSure%202010-12-16%2012-41-13/srcs/BoundedFIFOJSure/BoundedFIFOJSure/src/com/surelogic/jsure/BoundedFIFO.java'
	 hash='-1878828405'
	 context='-269806319'
	 message='ProposedPromiseDrop @RegionEffects(writes this:Instance)'
	 java-annotation='@RegionEffects(&quot;writes this:Instance&quot;)'
	 annotation-type='RegionEffects'
	 contents='writes this:Instance'
	 target-project='BoundedFIFOJSure'
	 from-project='BoundedFIFOJSure'/>

<result-drop type='ResultDrop'
	 offset='2284'
	 line='94'
	 path='BoundedFIFOJSure/src/com/surelogic/jsure/BoundedFIFO.java'
	 uri='file:/C:/work/jsure-test-update-script-workspace/.jsure-data/BoundedFIFOJSure%202010-12-16%2012-41-13/srcs/BoundedFIFOJSure/BoundedFIFOJSure/src/com/surelogic/jsure/BoundedFIFO.java'
	 file='file:/C:/work/jsure-test-update-script-workspace/.jsure-data/BoundedFIFOJSure%202010-12-16%2012-41-13/srcs/BoundedFIFOJSure/BoundedFIFOJSure/src/com/surelogic/jsure/BoundedFIFO.java'
	 hash='-110077252'
	 context='742746733'
	 message='Lock &quot;&lt;this&gt;:BufLock&quot; held when accessing this.numElts'
	 message-id='(203,&lt;this&gt;:BufLock,this.numElts,null)'
	 category='protected field access(es)'
	 proved-consistent='true'
	 consistent='true'
	 result-type='LockAnalysis_ds_FieldAccessAssured'/>

<promise-drop type='RegionModel'
	 line='0'
	 file='java.lang.[]'
	 hash='-1305411288'
	 context='156839830'
	 message='Region public length'
	 message-id='(117,public,,length)'
	 category='Regions'
	 proved-consistent='true'
	 checked-by-analysis='true'
	 from-src='true'/>

<result-drop type='ResultDrop'
	 offset='1507'
	 line='59'
	 path='BoundedFIFOJSure/src/com/surelogic/jsure/BoundedFIFO.java'
	 uri='file:/C:/work/jsure-test-update-script-workspace/.jsure-data/BoundedFIFOJSure%202010-12-16%2012-41-13/srcs/BoundedFIFOJSure/BoundedFIFOJSure/src/com/surelogic/jsure/BoundedFIFO.java'
	 file='file:/C:/work/jsure-test-update-script-workspace/.jsure-data/BoundedFIFOJSure%202010-12-16%2012-41-13/srcs/BoundedFIFOJSure/BoundedFIFOJSure/src/com/surelogic/jsure/BoundedFIFO.java'
	 hash='-605668015'
	 context='242563324'
	 message='Lock &quot;&lt;this&gt;:BufLock&quot; held when accessing this.size'
	 message-id='(203,&lt;this&gt;:BufLock,this.size,null)'
	 category='protected field access(es)'
	 proved-consistent='true'
	 consistent='true'
	 result-type='LockAnalysis_ds_FieldAccessAssured'/>

<result-drop type='ResultDrop'
	 offset='1095'
	 line='43'
	 path='BoundedFIFOJSure/src/com/surelogic/jsure/BoundedFIFO.java'
	 uri='file:/C:/work/jsure-test-update-script-workspace/.jsure-data/BoundedFIFOJSure%202010-12-16%2012-41-13/srcs/BoundedFIFOJSure/BoundedFIFOJSure/src/com/surelogic/jsure/BoundedFIFO.java'
	 file='file:/C:/work/jsure-test-update-script-workspace/.jsure-data/BoundedFIFOJSure%202010-12-16%2012-41-13/srcs/BoundedFIFOJSure/BoundedFIFOJSure/src/com/surelogic/jsure/BoundedFIFO.java'
	 hash='88407834'
	 context='-1313831777'
	 message='Assurance conservatively depends on the unique fields accessed in method com.surelogic.jsure.BoundedFIFO.BoundedFIFO(int)'
	 message-id='(306,com.surelogic.jsure.BoundedFIFO.BoundedFIFO(int))'
	 proved-consistent='true'
	 consistent='true'
	 result-type='UniquenessAssurance_aggregatedUniqueFields'/>

<promise-drop type='RequiresLockPromiseDrop'
	 offset='2939'
	 line='118'
	 path='BoundedFIFOJSure/src/com/surelogic/jsure/BoundedFIFO.java'
	 uri='file:/C:/work/jsure-test-update-script-workspace/.jsure-data/BoundedFIFOJSure%202010-12-16%2012-41-13/srcs/BoundedFIFOJSure/BoundedFIFOJSure/src/com/surelogic/jsure/BoundedFIFO.java'
	 file='file:/C:/work/jsure-test-update-script-workspace/.jsure-data/BoundedFIFOJSure%202010-12-16%2012-41-13/srcs/BoundedFIFOJSure/BoundedFIFOJSure/src/com/surelogic/jsure/BoundedFIFO.java'
	 hash='1874440324'
	 context='-134196960'
	 message='RequiresLock BufLock on com.surelogic.jsure.BoundedFIFO.isFull()'
	 message-id='(102,RequiresLock BufLock,com.surelogic.jsure.BoundedFIFO.isFull())'
	 category='lock precondition(s)'
	 proved-consistent='true'
	 checked-by-analysis='true'
	 from-src='true'
	 virtual='true'
	 to-be-checked-by-analysis='true'/>

<result-drop type='ResultDrop'
	 offset='363'
	 line='19'
	 path='BoundedFIFOJSure/src/com/surelogic/jsure/BlockingFIFO.java'
	 uri='file:/C:/work/jsure-test-update-script-workspace/.jsure-data/BoundedFIFOJSure%202010-12-16%2012-41-12/srcs/BoundedFIFOJSure/BoundedFIFOJSure/src/com/surelogic/jsure/BlockingFIFO.java'
	 file='file:/C:/work/jsure-test-update-script-workspace/.jsure-data/BoundedFIFOJSure%202010-12-16%2012-41-12/srcs/BoundedFIFOJSure/BoundedFIFOJSure/src/com/surelogic/jsure/BlockingFIFO.java'
	 hash='-867967697'
	 context='1902123371'
	 message='Lock &quot;&lt;this.fifo&gt;:BufLock&quot; held when invoking this.fifo.put(e); precondition satisfied'
	 message-id='(207,&lt;this.fifo&gt;:BufLock,this.fifo.put(e),null)'
	 category='lock precondition(s) satisfied'
	 proved-consistent='true'
	 consistent='true'
	 result-type='LockAnalysis_ds_PreconditionsAssured'/>

<result-drop type='ResultDrop'
	 offset='384'
	 line='20'
	 path='BoundedFIFOJSure/src/com/surelogic/jsure/BlockingFIFO.java'
	 uri='file:/C:/work/jsure-test-update-script-workspace/.jsure-data/BoundedFIFOJSure%202010-12-16%2012-41-12/srcs/BoundedFIFOJSure/BoundedFIFOJSure/src/com/surelogic/jsure/BlockingFIFO.java'
	 file='file:/C:/work/jsure-test-update-script-workspace/.jsure-data/BoundedFIFOJSure%202010-12-16%2012-41-12/srcs/BoundedFIFOJSure/BoundedFIFOJSure/src/com/surelogic/jsure/BlockingFIFO.java'
	 hash='2144695158'
	 context='-1276457664'
	 message='Lock &quot;&lt;this.fifo&gt;:BufLock&quot; held when invoking this.fifo.wasEmpty; precondition satisfied'
	 message-id='(207,&lt;this.fifo&gt;:BufLock,this.fifo.wasEmpty,null)'
	 category='lock precondition(s) satisfied'
	 proved-consistent='true'
	 consistent='true'
	 result-type='LockAnalysis_ds_PreconditionsAssured'/>

<result-drop type='ResultDrop'
	 offset='2090'
	 line='86'
	 path='BoundedFIFOJSure/src/com/surelogic/jsure/BoundedFIFO.java'
	 uri='file:/C:/work/jsure-test-update-script-workspace/.jsure-data/BoundedFIFOJSure%202010-12-16%2012-41-13/srcs/BoundedFIFOJSure/BoundedFIFOJSure/src/com/surelogic/jsure/BoundedFIFO.java'
	 file='file:/C:/work/jsure-test-update-script-workspace/.jsure-data/BoundedFIFOJSure%202010-12-16%2012-41-13/srcs/BoundedFIFOJSure/BoundedFIFOJSure/src/com/surelogic/jsure/BoundedFIFO.java'
	 hash='-605668015'
	 context='-1105696053'
	 message='Lock &quot;&lt;this&gt;:BufLock&quot; held when accessing this.size'
	 message-id='(203,&lt;this&gt;:BufLock,this.size,null)'
	 category='protected field access(es)'
	 proved-consistent='true'
	 consistent='true'
	 result-type='LockAnalysis_ds_FieldAccessAssured'/>

<result-drop type='ResultDrop'
	 offset='1392'
	 line='55'
	 path='BoundedFIFOJSure/src/com/surelogic/jsure/BoundedFIFO.java'
	 uri='file:/C:/work/jsure-test-update-script-workspace/.jsure-data/BoundedFIFOJSure%202010-12-16%2012-41-13/srcs/BoundedFIFOJSure/BoundedFIFOJSure/src/com/surelogic/jsure/BoundedFIFO.java'
	 file='file:/C:/work/jsure-test-update-script-workspace/.jsure-data/BoundedFIFOJSure%202010-12-16%2012-41-13/srcs/BoundedFIFOJSure/BoundedFIFOJSure/src/com/surelogic/jsure/BoundedFIFO.java'
	 hash='-1878828405'
	 context='-269806319'
	 message='Assurance conservatively depends on the unique fields accessed in method com.surelogic.jsure.BoundedFIFO.get()'
	 message-id='(306,com.surelogic.jsure.BoundedFIFO.get())'
	 proved-consistent='true'
	 consistent='true'
	 result-type='UniquenessAssurance_aggregatedUniqueFields'/>

<promise-drop type='RequiresLockPromiseDrop'
	 offset='1392'
	 line='55'
	 path='BoundedFIFOJSure/src/com/surelogic/jsure/BoundedFIFO.java'
	 uri='file:/C:/work/jsure-test-update-script-workspace/.jsure-data/BoundedFIFOJSure%202010-12-16%2012-41-13/srcs/BoundedFIFOJSure/BoundedFIFOJSure/src/com/surelogic/jsure/BoundedFIFO.java'
	 file='file:/C:/work/jsure-test-update-script-workspace/.jsure-data/BoundedFIFOJSure%202010-12-16%2012-41-13/srcs/BoundedFIFOJSure/BoundedFIFOJSure/src/com/surelogic/jsure/BoundedFIFO.java'
	 hash='-1878828405'
	 context='-269806319'
	 message='RequiresLock BufLock on com.surelogic.jsure.BoundedFIFO.get()'
	 message-id='(102,RequiresLock BufLock,com.surelogic.jsure.BoundedFIFO.get())'
	 category='lock precondition(s)'
	 proved-consistent='true'
	 checked-by-analysis='true'
	 from-src='true'
	 virtual='true'
	 to-be-checked-by-analysis='true'/>

<result-drop type='ResultDrop'
	 offset='1855'
	 line='73'
	 path='BoundedFIFOJSure/src/com/surelogic/jsure/BoundedFIFO.java'
	 uri='file:/C:/work/jsure-test-update-script-workspace/.jsure-data/BoundedFIFOJSure%202010-12-16%2012-41-13/srcs/BoundedFIFOJSure/BoundedFIFOJSure/src/com/surelogic/jsure/BoundedFIFO.java'
	 file='file:/C:/work/jsure-test-update-script-workspace/.jsure-data/BoundedFIFOJSure%202010-12-16%2012-41-13/srcs/BoundedFIFOJSure/BoundedFIFOJSure/src/com/surelogic/jsure/BoundedFIFO.java'
	 hash='1420648169'
	 context='-398113170'
	 message='Control flow of method com.surelogic.jsure.BoundedFIFO.put(com.surelogic.jsure.LoggingEvent)'
	 message-id='(300,method,com.surelogic.jsure.BoundedFIFO.put(com.surelogic.jsure.LoggingEvent))'
	 proved-consistent='true'
	 consistent='true'
	 result-type='UniquenessAssurance'/>

<promise-drop type='LockModel'
	 offset='2147483647'
	 line='0'
	 file='java.lang.Object'
	 hash='1709211273'
	 context='1063877011'
	 message='RegionLock java.lang.Object.MUTEX is this protects WaitQueue on Object'
	 message-id='(100,java.lang.Object.MUTEX,this,WaitQueue,Object)'
	 category='Concurrency'
	 proved-consistent='true'
	 checked-by-analysis='true'
	 from-src='true'
	 to-be-checked-by-analysis='true'/>

<result-drop type='ResultDrop'
	 offset='2986'
	 line='119'
	 path='BoundedFIFOJSure/src/com/surelogic/jsure/BoundedFIFO.java'
	 uri='file:/C:/work/jsure-test-update-script-workspace/.jsure-data/BoundedFIFOJSure%202010-12-16%2012-41-13/srcs/BoundedFIFOJSure/BoundedFIFOJSure/src/com/surelogic/jsure/BoundedFIFO.java'
	 file='file:/C:/work/jsure-test-update-script-workspace/.jsure-data/BoundedFIFOJSure%202010-12-16%2012-41-13/srcs/BoundedFIFOJSure/BoundedFIFOJSure/src/com/surelogic/jsure/BoundedFIFO.java'
	 hash='-605668015'
	 context='-443932331'
	 message='Lock &quot;&lt;this&gt;:BufLock&quot; held when accessing this.size'
	 message-id='(203,&lt;this&gt;:BufLock,this.size,null)'
	 category='protected field access(es)'
	 proved-consistent='true'
	 consistent='true'
	 result-type='LockAnalysis_ds_FieldAccessAssured'/>

<result-drop type='ResultDrop'
	 offset='733'
	 line='40'
	 path='BoundedFIFOJSure/src/com/surelogic/jsure/BlockingFIFO.java'
	 uri='file:/C:/work/jsure-test-update-script-workspace/.jsure-data/BoundedFIFOJSure%202010-12-16%2012-41-12/srcs/BoundedFIFOJSure/BoundedFIFOJSure/src/com/surelogic/jsure/BlockingFIFO.java'
	 file='file:/C:/work/jsure-test-update-script-workspace/.jsure-data/BoundedFIFOJSure%202010-12-16%2012-41-12/srcs/BoundedFIFOJSure/BoundedFIFOJSure/src/com/surelogic/jsure/BlockingFIFO.java'
	 hash='-930704549'
	 context='-1610301880'
	 message='Lock &quot;&lt;this.fifo&gt;:MUTEX&quot; held when invoking this.fifo.notify; precondition satisfied'
	 message-id='(207,&lt;this.fifo&gt;:MUTEX,this.fifo.notify,null)'
	 category='lock precondition(s) satisfied'
	 proved-consistent='true'
	 consistent='true'
	 result-type='LockAnalysis_ds_PreconditionsAssured'/>

<ir-drop type='ProposedPromiseDrop'
	 offset='30'
	 line='3'
	 path='BoundedFIFOJSure/src/com/surelogic/jsure/LoggingEvent.java'
	 uri='file:/C:/work/jsure-test-update-script-workspace/.jsure-data/BoundedFIFOJSure%202010-12-16%2012-41-03/srcs/BoundedFIFOJSure/BoundedFIFOJSure/src/com/surelogic/jsure/LoggingEvent.java'
	 file='file:/C:/work/jsure-test-update-script-workspace/.jsure-data/BoundedFIFOJSure%202010-12-16%2012-41-03/srcs/BoundedFIFOJSure/BoundedFIFOJSure/src/com/surelogic/jsure/LoggingEvent.java'
	 hash='439958362'
	 context='-591630994'
	 message='ProposedPromiseDrop @RegionEffects(none)'
	 java-annotation='@RegionEffects(&quot;none&quot;)'
	 annotation-type='RegionEffects'
	 contents='none'
	 target-project='BoundedFIFOJSure'
	 from-project='BoundedFIFOJSure'/>

<result-drop type='ResultDrop'
	 offset='690'
	 line='38'
	 path='BoundedFIFOJSure/src/com/surelogic/jsure/BlockingFIFO.java'
	 uri='file:/C:/work/jsure-test-update-script-workspace/.jsure-data/BoundedFIFOJSure%202010-12-16%2012-41-12/srcs/BoundedFIFOJSure/BoundedFIFOJSure/src/com/surelogic/jsure/BlockingFIFO.java'
	 file='file:/C:/work/jsure-test-update-script-workspace/.jsure-data/BoundedFIFOJSure%202010-12-16%2012-41-12/srcs/BoundedFIFOJSure/BoundedFIFOJSure/src/com/surelogic/jsure/BlockingFIFO.java'
	 hash='1896373380'
	 context='-20388523'
	 message='Lock &quot;&lt;this.fifo&gt;:BufLock&quot; held when invoking this.fifo.get; precondition satisfied'
	 message-id='(207,&lt;this.fifo&gt;:BufLock,this.fifo.get,null)'
	 category='lock precondition(s) satisfied'
	 proved-consistent='true'
	 consistent='true'
	 result-type='LockAnalysis_ds_PreconditionsAssured'/>

<result-drop type='ResultDrop'
	 offset='408'
	 line='21'
	 path='BoundedFIFOJSure/src/com/surelogic/jsure/BlockingFIFO.java'
	 uri='file:/C:/work/jsure-test-update-script-workspace/.jsure-data/BoundedFIFOJSure%202010-12-16%2012-41-12/srcs/BoundedFIFOJSure/BoundedFIFOJSure/src/com/surelogic/jsure/BlockingFIFO.java'
	 file='file:/C:/work/jsure-test-update-script-workspace/.jsure-data/BoundedFIFOJSure%202010-12-16%2012-41-12/srcs/BoundedFIFOJSure/BoundedFIFOJSure/src/com/surelogic/jsure/BlockingFIFO.java'
	 hash='-930704549'
	 context='1758745509'
	 message='Lock &quot;&lt;this.fifo&gt;:MUTEX&quot; held when invoking this.fifo.notify; precondition satisfied'
	 message-id='(207,&lt;this.fifo&gt;:MUTEX,this.fifo.notify,null)'
	 category='lock precondition(s) satisfied'
	 proved-consistent='true'
	 consistent='true'
	 result-type='LockAnalysis_ds_PreconditionsAssured'/>

<result-drop type='ResultDrop'
	 offset='1482'
	 line='58'
	 path='BoundedFIFOJSure/src/com/surelogic/jsure/BoundedFIFO.java'
	 uri='file:/C:/work/jsure-test-update-script-workspace/.jsure-data/BoundedFIFOJSure%202010-12-16%2012-41-13/srcs/BoundedFIFOJSure/BoundedFIFOJSure/src/com/surelogic/jsure/BoundedFIFO.java'
	 file='file:/C:/work/jsure-test-update-script-workspace/.jsure-data/BoundedFIFOJSure%202010-12-16%2012-41-13/srcs/BoundedFIFOJSure/BoundedFIFOJSure/src/com/surelogic/jsure/BoundedFIFO.java'
	 hash='-605820861'
	 context='-679977755'
	 message='Lock &quot;&lt;this&gt;:BufLock&quot; held when accessing this.next'
	 message-id='(203,&lt;this&gt;:BufLock,this.next,null)'
	 category='protected field access(es)'
	 proved-consistent='true'
	 consistent='true'
	 result-type='LockAnalysis_ds_FieldAccessAssured'/>

<ir-drop type='ProposedPromiseDrop'
	 offset='30'
	 line='3'
	 path='BoundedFIFOJSure/src/com/surelogic/jsure/LoggingEvent.java'
	 uri='file:/C:/work/jsure-test-update-script-workspace/.jsure-data/BoundedFIFOJSure%202010-12-16%2012-41-03/srcs/BoundedFIFOJSure/BoundedFIFOJSure/src/com/surelogic/jsure/LoggingEvent.java'
	 file='file:/C:/work/jsure-test-update-script-workspace/.jsure-data/BoundedFIFOJSure%202010-12-16%2012-41-03/srcs/BoundedFIFOJSure/BoundedFIFOJSure/src/com/surelogic/jsure/LoggingEvent.java'
	 hash='439958362'
	 context='-591630994'
	 message='ProposedPromiseDrop @RegionEffects(none)'
	 java-annotation='@RegionEffects(&quot;none&quot;)'
	 annotation-type='RegionEffects'
	 contents='none'
	 target-project='BoundedFIFOJSure'
	 from-project='BoundedFIFOJSure'/>

<promise-drop type='UniquePromiseDrop'
	 offset='1103'
	 line='43'
	 path='BoundedFIFOJSure/src/com/surelogic/jsure/BoundedFIFO.java'
	 uri='file:/C:/work/jsure-test-update-script-workspace/.jsure-data/BoundedFIFOJSure%202010-12-16%2012-41-13/srcs/BoundedFIFOJSure/BoundedFIFOJSure/src/com/surelogic/jsure/BoundedFIFO.java'
	 file='file:/C:/work/jsure-test-update-script-workspace/.jsure-data/BoundedFIFOJSure%202010-12-16%2012-41-13/srcs/BoundedFIFOJSure/BoundedFIFOJSure/src/com/surelogic/jsure/BoundedFIFO.java'
	 hash='-176181199'
	 context='-1313831777'
	 message='Unique(return) on com.surelogic.jsure.BoundedFIFO.BoundedFIFO(int)'
	 message-id='(116,return,com.surelogic.jsure.BoundedFIFO.BoundedFIFO(int))'
	 category='Uniqueness'
	 proved-consistent='true'
	 checked-by-analysis='true'
	 from-src='true'
	 to-be-checked-by-analysis='true'
	 request-top-level='true'/>

<result-drop type='ResultDrop'
	 offset='1919'
	 line='75'
	 path='BoundedFIFOJSure/src/com/surelogic/jsure/BoundedFIFO.java'
	 uri='file:/C:/work/jsure-test-update-script-workspace/.jsure-data/BoundedFIFOJSure%202010-12-16%2012-41-13/srcs/BoundedFIFOJSure/BoundedFIFOJSure/src/com/surelogic/jsure/BoundedFIFO.java'
	 file='file:/C:/work/jsure-test-update-script-workspace/.jsure-data/BoundedFIFOJSure%202010-12-16%2012-41-13/srcs/BoundedFIFOJSure/BoundedFIFOJSure/src/com/surelogic/jsure/BoundedFIFO.java'
	 hash='-49834690'
	 context='-398113170'
	 message='Lock &quot;&lt;this&gt;:BufLock&quot; held when accessing this.buf [ this.next ]'
	 message-id='(203,&lt;this&gt;:BufLock,this.buf [ this.next ],null)'
	 category='protected field access(es)'
	 proved-consistent='true'
	 consistent='true'
	 result-type='LockAnalysis_ds_FieldAccessAssured'/>

<result-drop type='ResultDrop'
	 offset='1919'
	 line='75'
	 path='BoundedFIFOJSure/src/com/surelogic/jsure/BoundedFIFO.java'
	 uri='file:/C:/work/jsure-test-update-script-workspace/.jsure-data/BoundedFIFOJSure%202010-12-16%2012-41-13/srcs/BoundedFIFOJSure/BoundedFIFOJSure/src/com/surelogic/jsure/BoundedFIFO.java'
	 file='file:/C:/work/jsure-test-update-script-workspace/.jsure-data/BoundedFIFOJSure%202010-12-16%2012-41-13/srcs/BoundedFIFOJSure/BoundedFIFOJSure/src/com/surelogic/jsure/BoundedFIFO.java'
	 hash='1227372323'
	 context='289942439'
	 message='Lock &quot;&lt;this&gt;:BufLock&quot; held when accessing this.buf'
	 message-id='(203,&lt;this&gt;:BufLock,this.buf,null)'
	 category='protected field access(es)'
	 proved-consistent='true'
	 consistent='true'
	 result-type='LockAnalysis_ds_FieldAccessAssured'/>

<ir-drop type='ProposedPromiseDrop'
	 offset='172'
	 line='10'
	 path='BoundedFIFOJSure/src/com/surelogic/jsure/BlockingFIFO.java'
	 uri='file:/C:/work/jsure-test-update-script-workspace/.jsure-data/BoundedFIFOJSure%202010-12-16%2012-41-12/srcs/BoundedFIFOJSure/BoundedFIFOJSure/src/com/surelogic/jsure/BlockingFIFO.java'
	 file='file:/C:/work/jsure-test-update-script-workspace/.jsure-data/BoundedFIFOJSure%202010-12-16%2012-41-12/srcs/BoundedFIFOJSure/BoundedFIFOJSure/src/com/surelogic/jsure/BlockingFIFO.java'
	 hash='955251951'
	 context='-1009164568'
	 message='ProposedPromiseDrop @RegionEffects(writes java.lang.Object:All)'
	 java-annotation='@RegionEffects(&quot;writes java.lang.Object:All&quot;)'
	 annotation-type='RegionEffects'
	 contents='writes java.lang.Object:All'
	 target-project='BoundedFIFOJSure'
	 from-project='BoundedFIFOJSure'/>

<ir-drop type='ProposedPromiseDrop'
	 offset='172'
	 line='10'
	 path='BoundedFIFOJSure/src/com/surelogic/jsure/BlockingFIFO.java'
	 uri='file:/C:/work/jsure-test-update-script-workspace/.jsure-data/BoundedFIFOJSure%202010-12-16%2012-41-12/srcs/BoundedFIFOJSure/BoundedFIFOJSure/src/com/surelogic/jsure/BlockingFIFO.java'
	 file='file:/C:/work/jsure-test-update-script-workspace/.jsure-data/BoundedFIFOJSure%202010-12-16%2012-41-12/srcs/BoundedFIFOJSure/BoundedFIFOJSure/src/com/surelogic/jsure/BlockingFIFO.java'
	 hash='955251951'
	 context='-1009164568'
	 message='ProposedPromiseDrop @RegionEffects(writes java.lang.Object:All)'
	 java-annotation='@RegionEffects(&quot;writes java.lang.Object:All&quot;)'
	 annotation-type='RegionEffects'
	 contents='writes java.lang.Object:All'
	 target-project='BoundedFIFOJSure'
	 from-project='BoundedFIFOJSure'/>

<promise-drop type='RegionModel'
	 offset='815'
	 line='28'
	 path='BoundedFIFOJSure/src/com/surelogic/jsure/BoundedFIFO.java'
	 uri='file:/C:/work/jsure-test-update-script-workspace/.jsure-data/BoundedFIFOJSure%202010-12-16%2012-41-13/srcs/BoundedFIFOJSure/BoundedFIFOJSure/src/com/surelogic/jsure/BoundedFIFO.java'
	 file='file:/C:/work/jsure-test-update-script-workspace/.jsure-data/BoundedFIFOJSure%202010-12-16%2012-41-13/srcs/BoundedFIFOJSure/BoundedFIFOJSure/src/com/surelogic/jsure/BoundedFIFO.java'
	 hash='97907'
	 context='-728775891'
	 message='Region   com.surelogic.jsure.BoundedFIFO.buf'
	 message-id='(117, ,,com.surelogic.jsure.BoundedFIFO.buf)'
	 category='Regions'
	 proved-consistent='true'
	 checked-by-analysis='true'
	 from-src='true'/>

<promise-drop type='RequiresLockPromiseDrop'
	 offset='2715'
	 line='110'
	 path='BoundedFIFOJSure/src/com/surelogic/jsure/BoundedFIFO.java'
	 uri='file:/C:/work/jsure-test-update-script-workspace/.jsure-data/BoundedFIFOJSure%202010-12-16%2012-41-13/srcs/BoundedFIFOJSure/BoundedFIFOJSure/src/com/surelogic/jsure/BoundedFIFO.java'
	 file='file:/C:/work/jsure-test-update-script-workspace/.jsure-data/BoundedFIFOJSure%202010-12-16%2012-41-13/srcs/BoundedFIFOJSure/BoundedFIFOJSure/src/com/surelogic/jsure/BoundedFIFO.java'
	 hash='981319203'
	 context='-759745197'
	 message='RequiresLock BufLock on com.surelogic.jsure.BoundedFIFO.wasFull()'
	 message-id='(102,RequiresLock BufLock,com.surelogic.jsure.BoundedFIFO.wasFull())'
	 category='lock precondition(s)'
	 proved-consistent='true'
	 checked-by-analysis='true'
	 from-src='true'
	 virtual='true'
	 to-be-checked-by-analysis='true'/>

<ir-drop type='ProposedPromiseDrop'
	 offset='476'
	 line='28'
	 path='BoundedFIFOJSure/src/com/surelogic/jsure/BlockingFIFO.java'
	 uri='file:/C:/work/jsure-test-update-script-workspace/.jsure-data/BoundedFIFOJSure%202010-12-16%2012-41-12/srcs/BoundedFIFOJSure/BoundedFIFOJSure/src/com/surelogic/jsure/BlockingFIFO.java'
	 file='file:/C:/work/jsure-test-update-script-workspace/.jsure-data/BoundedFIFOJSure%202010-12-16%2012-41-12/srcs/BoundedFIFOJSure/BoundedFIFOJSure/src/com/surelogic/jsure/BlockingFIFO.java'
	 hash='2145759295'
	 context='78615947'
	 message='ProposedPromiseDrop @RegionEffects(writes java.lang.Object:All)'
	 java-annotation='@RegionEffects(&quot;writes java.lang.Object:All&quot;)'
	 annotation-type='RegionEffects'
	 contents='writes java.lang.Object:All'
	 target-project='BoundedFIFOJSure'
	 from-project='BoundedFIFOJSure'/>

<promise-drop type='RegionModel'
	 line='0'
	 file='java.lang.[]'
	 hash='-1305411288'
	 context='156839830'
	 message='Region public []'
	 message-id='(117,public,,[])'
	 category='Regions'
	 proved-consistent='true'
	 checked-by-analysis='true'
	 from-src='true'/>

<result-drop type='ResultDrop'
	 offset='1392'
	 line='55'
	 path='BoundedFIFOJSure/src/com/surelogic/jsure/BoundedFIFO.java'
	 uri='file:/C:/work/jsure-test-update-script-workspace/.jsure-data/BoundedFIFOJSure%202010-12-16%2012-41-13/srcs/BoundedFIFOJSure/BoundedFIFOJSure/src/com/surelogic/jsure/BoundedFIFO.java'
	 file='file:/C:/work/jsure-test-update-script-workspace/.jsure-data/BoundedFIFOJSure%202010-12-16%2012-41-13/srcs/BoundedFIFOJSure/BoundedFIFOJSure/src/com/surelogic/jsure/BoundedFIFO.java'
	 hash='-1878828405'
	 context='-269806319'
	 message='Control flow of method com.surelogic.jsure.BoundedFIFO.get()'
	 message-id='(300,method,com.surelogic.jsure.BoundedFIFO.get())'
	 proved-consistent='true'
	 consistent='true'
	 result-type='UniquenessAssurance'/>

<result-drop type='ResultDrop'
	 offset='2767'
	 line='111'
	 path='BoundedFIFOJSure/src/com/surelogic/jsure/BoundedFIFO.java'
	 uri='file:/C:/work/jsure-test-update-script-workspace/.jsure-data/BoundedFIFOJSure%202010-12-16%2012-41-13/srcs/BoundedFIFOJSure/BoundedFIFOJSure/src/com/surelogic/jsure/BoundedFIFO.java'
	 file='file:/C:/work/jsure-test-update-script-workspace/.jsure-data/BoundedFIFOJSure%202010-12-16%2012-41-13/srcs/BoundedFIFOJSure/BoundedFIFOJSure/src/com/surelogic/jsure/BoundedFIFO.java'
	 hash='-605668015'
	 context='-1771607106'
	 message='Lock &quot;&lt;this&gt;:BufLock&quot; held when accessing this.size'
	 message-id='(203,&lt;this&gt;:BufLock,this.size,null)'
	 category='protected field access(es)'
	 proved-consistent='true'
	 consistent='true'
	 result-type='LockAnalysis_ds_FieldAccessAssured'/>

<result-drop type='ResultDrop'
	 offset='1173'
	 line='46'
	 path='BoundedFIFOJSure/src/com/surelogic/jsure/BoundedFIFO.java'
	 uri='file:/C:/work/jsure-test-update-script-workspace/.jsure-data/BoundedFIFOJSure%202010-12-16%2012-41-13/srcs/BoundedFIFOJSure/BoundedFIFOJSure/src/com/surelogic/jsure/BoundedFIFO.java'
	 file='file:/C:/work/jsure-test-update-script-workspace/.jsure-data/BoundedFIFOJSure%202010-12-16%2012-41-13/srcs/BoundedFIFOJSure/BoundedFIFOJSure/src/com/surelogic/jsure/BoundedFIFO.java'
	 hash='1689055504'
	 context='-1313831777'
	 message='Borrowed parameters of call new java.lang.IllegalArgumentException'
	 message-id='(302,new java.lang.IllegalArgumentException)'
	 proved-consistent='true'
	 consistent='true'
	 result-type='UniquenessAssurance_borrowedParametersDrop'/>

<ir-drop type='ProposedPromiseDrop'
	 offset='2490'
	 line='102'
	 path='BoundedFIFOJSure/src/com/surelogic/jsure/BoundedFIFO.java'
	 uri='file:/C:/work/jsure-test-update-script-workspace/.jsure-data/BoundedFIFOJSure%202010-12-16%2012-41-13/srcs/BoundedFIFOJSure/BoundedFIFOJSure/src/com/surelogic/jsure/BoundedFIFO.java'
	 file='file:/C:/work/jsure-test-update-script-workspace/.jsure-data/BoundedFIFOJSure%202010-12-16%2012-41-13/srcs/BoundedFIFOJSure/BoundedFIFOJSure/src/com/surelogic/jsure/BoundedFIFO.java'
	 hash='-1390514151'
	 context='1105176043'
	 message='ProposedPromiseDrop @RegionEffects(reads this:Instance)'
	 java-annotation='@RegionEffects(&quot;reads this:Instance&quot;)'
	 annotation-type='RegionEffects'
	 contents='reads this:Instance'
	 target-project='BoundedFIFOJSure'
	 from-project='BoundedFIFOJSure'/>

<result-drop type='ResultDrop'
	 offset='839'
	 line='48'
	 path='BoundedFIFOJSure/src/com/surelogic/jsure/BlockingFIFO.java'
	 uri='file:/C:/work/jsure-test-update-script-workspace/.jsure-data/BoundedFIFOJSure%202010-12-16%2012-41-12/srcs/BoundedFIFOJSure/BoundedFIFOJSure/src/com/surelogic/jsure/BlockingFIFO.java'
	 file='file:/C:/work/jsure-test-update-script-workspace/.jsure-data/BoundedFIFOJSure%202010-12-16%2012-41-12/srcs/BoundedFIFOJSure/BoundedFIFOJSure/src/com/surelogic/jsure/BlockingFIFO.java'
	 hash='-997378312'
	 context='-1760718439'
	 message='Lock &quot;&lt;this.fifo&gt;:BufLock&quot; held when invoking this.fifo.length; precondition satisfied'
	 message-id='(207,&lt;this.fifo&gt;:BufLock,this.fifo.length,null)'
	 category='lock precondition(s) satisfied'
	 proved-consistent='true'
	 consistent='true'
	 result-type='LockAnalysis_ds_PreconditionsAssured'/>

<result-drop type='ResultDrop'
	 offset='2528'
	 line='103'
	 path='BoundedFIFOJSure/src/com/surelogic/jsure/BoundedFIFO.java'
	 uri='file:/C:/work/jsure-test-update-script-workspace/.jsure-data/BoundedFIFOJSure%202010-12-16%2012-41-13/srcs/BoundedFIFOJSure/BoundedFIFOJSure/src/com/surelogic/jsure/BoundedFIFO.java'
	 file='file:/C:/work/jsure-test-update-script-workspace/.jsure-data/BoundedFIFOJSure%202010-12-16%2012-41-13/srcs/BoundedFIFOJSure/BoundedFIFOJSure/src/com/surelogic/jsure/BoundedFIFO.java'
	 hash='-110077252'
	 context='1411330667'
	 message='Lock &quot;&lt;this&gt;:BufLock&quot; held when accessing this.numElts'
	 message-id='(203,&lt;this&gt;:BufLock,this.numElts,null)'
	 category='protected field access(es)'
	 proved-consistent='true'
	 consistent='true'
	 result-type='LockAnalysis_ds_FieldAccessAssured'/>

<promise-drop type='RequiresLockPromiseDrop'
	 offset='1855'
	 line='73'
	 path='BoundedFIFOJSure/src/com/surelogic/jsure/BoundedFIFO.java'
	 uri='file:/C:/work/jsure-test-update-script-workspace/.jsure-data/BoundedFIFOJSure%202010-12-16%2012-41-13/srcs/BoundedFIFOJSure/BoundedFIFOJSure/src/com/surelogic/jsure/BoundedFIFO.java'
	 file='file:/C:/work/jsure-test-update-script-workspace/.jsure-data/BoundedFIFOJSure%202010-12-16%2012-41-13/srcs/BoundedFIFOJSure/BoundedFIFOJSure/src/com/surelogic/jsure/BoundedFIFO.java'
	 hash='1420648169'
	 context='-398113170'
	 message='RequiresLock BufLock on com.surelogic.jsure.BoundedFIFO.put(com.surelogic.jsure.LoggingEvent)'
	 message-id='(102,RequiresLock BufLock,com.surelogic.jsure.BoundedFIFO.put(com.surelogic.jsure.LoggingEvent))'
	 category='lock precondition(s)'
	 proved-consistent='true'
	 checked-by-analysis='true'
	 from-src='true'
	 virtual='true'
	 to-be-checked-by-analysis='true'/>

<result-drop type='ResultDrop'
	 offset='1952'
	 line='76'
	 path='BoundedFIFOJSure/src/com/surelogic/jsure/BoundedFIFO.java'
	 uri='file:/C:/work/jsure-test-update-script-workspace/.jsure-data/BoundedFIFOJSure%202010-12-16%2012-41-13/srcs/BoundedFIFOJSure/BoundedFIFOJSure/src/com/surelogic/jsure/BoundedFIFO.java'
	 file='file:/C:/work/jsure-test-update-script-workspace/.jsure-data/BoundedFIFOJSure%202010-12-16%2012-41-13/srcs/BoundedFIFOJSure/BoundedFIFOJSure/src/com/surelogic/jsure/BoundedFIFO.java'
	 hash='-605668015'
	 context='1653407321'
	 message='Lock &quot;&lt;this&gt;:BufLock&quot; held when accessing this.size'
	 message-id='(203,&lt;this&gt;:BufLock,this.size,null)'
	 category='protected field access(es)'
	 proved-consistent='true'
	 consistent='true'
	 result-type='LockAnalysis_ds_FieldAccessAssured'/>

<result-drop type='ResultDrop'
	 offset='1944'
	 line='76'
	 path='BoundedFIFOJSure/src/com/surelogic/jsure/BoundedFIFO.java'
	 uri='file:/C:/work/jsure-test-update-script-workspace/.jsure-data/BoundedFIFOJSure%202010-12-16%2012-41-13/srcs/BoundedFIFOJSure/BoundedFIFOJSure/src/com/surelogic/jsure/BoundedFIFO.java'
	 file='file:/C:/work/jsure-test-update-script-workspace/.jsure-data/BoundedFIFOJSure%202010-12-16%2012-41-13/srcs/BoundedFIFOJSure/BoundedFIFOJSure/src/com/surelogic/jsure/BoundedFIFO.java'
	 hash='-464187794'
	 context='178982695'
	 message='Lock &quot;&lt;this&gt;:BufLock&quot; held when accessing (this.next)'
	 message-id='(203,&lt;this&gt;:BufLock,(this.next),null)'
	 category='protected field access(es)'
	 proved-consistent='true'
	 consistent='true'
	 result-type='LockAnalysis_ds_FieldAccessAssured'/>

<promise-drop type='LockModel'
	 offset='702'
	 line='25'
	 path='BoundedFIFOJSure/src/com/surelogic/jsure/BoundedFIFO.java'
	 uri='file:/C:/work/jsure-test-update-script-workspace/.jsure-data/BoundedFIFOJSure%202010-12-16%2012-41-13/srcs/BoundedFIFOJSure/BoundedFIFOJSure/src/com/surelogic/jsure/BoundedFIFO.java'
	 file='file:/C:/work/jsure-test-update-script-workspace/.jsure-data/BoundedFIFOJSure%202010-12-16%2012-41-13/srcs/BoundedFIFOJSure/BoundedFIFOJSure/src/com/surelogic/jsure/BoundedFIFO.java'
	 hash='1990119280'
	 context='-1685491800'
	 message='RegionLock com.surelogic.jsure.BoundedFIFO.BufLock is this protects Instance on BoundedFIFO'
	 message-id='(100,com.surelogic.jsure.BoundedFIFO.BufLock,this,Instance,BoundedFIFO)'
	 category='Concurrency'
	 proved-consistent='true'
	 checked-by-analysis='true'
	 from-src='true'
	 to-be-checked-by-analysis='true'/>

<result-drop type='ResultDrop'
	 offset='1149'
	 line='45'
	 path='BoundedFIFOJSure/src/com/surelogic/jsure/BoundedFIFO.java'
	 uri='file:/C:/work/jsure-test-update-script-workspace/.jsure-data/BoundedFIFOJSure%202010-12-16%2012-41-13/srcs/BoundedFIFOJSure/BoundedFIFOJSure/src/com/surelogic/jsure/BoundedFIFO.java'
	 file='file:/C:/work/jsure-test-update-script-workspace/.jsure-data/BoundedFIFOJSure%202010-12-16%2012-41-13/srcs/BoundedFIFOJSure/BoundedFIFOJSure/src/com/surelogic/jsure/BoundedFIFO.java'
	 hash='109801339'
	 context='-1313831777'
	 message='Unique return value of call super'
	 message-id='(301,super)'
	 proved-consistent='true'
	 consistent='true'
	 result-type='UniquenessAssurance_uniqueReturnDrop'/>

<ir-drop type='ProposedPromiseDrop'
	 offset='1095'
	 line='43'
	 path='BoundedFIFOJSure/src/com/surelogic/jsure/BoundedFIFO.java'
	 uri='file:/C:/work/jsure-test-update-script-workspace/.jsure-data/BoundedFIFOJSure%202010-12-16%2012-41-13/srcs/BoundedFIFOJSure/BoundedFIFOJSure/src/com/surelogic/jsure/BoundedFIFO.java'
	 file='file:/C:/work/jsure-test-update-script-workspace/.jsure-data/BoundedFIFOJSure%202010-12-16%2012-41-13/srcs/BoundedFIFOJSure/BoundedFIFOJSure/src/com/surelogic/jsure/BoundedFIFO.java'
	 hash='88407834'
	 context='-1313831777'
	 message='ProposedPromiseDrop @RegionEffects(none)'
	 java-annotation='@RegionEffects(&quot;none&quot;)'
	 annotation-type='RegionEffects'
	 contents='none'
	 target-project='BoundedFIFOJSure'
	 from-project='BoundedFIFOJSure'/>

<result-drop type='ResultDrop'
	 offset='710'
	 line='39'
	 path='BoundedFIFOJSure/src/com/surelogic/jsure/BlockingFIFO.java'
	 uri='file:/C:/work/jsure-test-update-script-workspace/.jsure-data/BoundedFIFOJSure%202010-12-16%2012-41-12/srcs/BoundedFIFOJSure/BoundedFIFOJSure/src/com/surelogic/jsure/BlockingFIFO.java'
	 file='file:/C:/work/jsure-test-update-script-workspace/.jsure-data/BoundedFIFOJSure%202010-12-16%2012-41-12/srcs/BoundedFIFOJSure/BoundedFIFOJSure/src/com/surelogic/jsure/BlockingFIFO.java'
	 hash='207768390'
	 context='-66014953'
	 message='Lock &quot;&lt;this.fifo&gt;:BufLock&quot; held when invoking this.fifo.wasFull; precondition satisfied'
	 message-id='(207,&lt;this.fifo&gt;:BufLock,this.fifo.wasFull,null)'
	 category='lock precondition(s) satisfied'
	 proved-consistent='true'
	 consistent='true'
	 result-type='LockAnalysis_ds_PreconditionsAssured'/>

<ir-drop type='ProposedPromiseDrop'
	 offset='99'
	 line='6'
	 path='BoundedFIFOJSure/src/com/surelogic/jsure/BlockingFIFO.java'
	 uri='file:/C:/work/jsure-test-update-script-workspace/.jsure-data/BoundedFIFOJSure%202010-12-16%2012-41-12/srcs/BoundedFIFOJSure/BoundedFIFOJSure/src/com/surelogic/jsure/BlockingFIFO.java'
	 file='file:/C:/work/jsure-test-update-script-workspace/.jsure-data/BoundedFIFOJSure%202010-12-16%2012-41-12/srcs/BoundedFIFOJSure/BoundedFIFOJSure/src/com/surelogic/jsure/BlockingFIFO.java'
	 hash='1659404402'
	 context='485168373'
	 message='ProposedPromiseDrop @RegionEffects(writes java.lang.Object:All)'
	 java-annotation='@RegionEffects(&quot;writes java.lang.Object:All&quot;)'
	 annotation-type='RegionEffects'
	 contents='writes java.lang.Object:All'
	 target-project='BoundedFIFOJSure'
	 from-project='BoundedFIFOJSure'/>

<promise-drop type='PromisePromiseDrop'
	 offset='749'
	 line='25'
	 path='BoundedFIFOJSure/src/com/surelogic/jsure/BoundedFIFO.java'
	 uri='file:/C:/work/jsure-test-update-script-workspace/.jsure-data/BoundedFIFOJSure%202010-12-16%2012-41-13/srcs/BoundedFIFOJSure/BoundedFIFOJSure/src/com/surelogic/jsure/BoundedFIFO.java'
	 file='file:/C:/work/jsure-test-update-script-workspace/.jsure-data/BoundedFIFOJSure%202010-12-16%2012-41-13/srcs/BoundedFIFOJSure/BoundedFIFOJSure/src/com/surelogic/jsure/BoundedFIFO.java'
	 hash='1990119280'
	 context='-1685491800'
	 message='Promise @RequiresLock(BufLock) for *(**)'
	 category='Scoped promises'
	 proved-consistent='true'
	 checked-by-analysis='true'
	 from-src='true'
	 to-be-checked-by-analysis='true'/>

<result-drop type='ResultDrop'
	 offset='1478'
	 line='58'
	 path='BoundedFIFOJSure/src/com/surelogic/jsure/BoundedFIFO.java'
	 uri='file:/C:/work/jsure-test-update-script-workspace/.jsure-data/BoundedFIFOJSure%202010-12-16%2012-41-13/srcs/BoundedFIFOJSure/BoundedFIFOJSure/src/com/surelogic/jsure/BoundedFIFO.java'
	 file='file:/C:/work/jsure-test-update-script-workspace/.jsure-data/BoundedFIFOJSure%202010-12-16%2012-41-13/srcs/BoundedFIFOJSure/BoundedFIFOJSure/src/com/surelogic/jsure/BoundedFIFO.java'
	 hash='1227372323'
	 context='-1096173211'
	 message='Lock &quot;&lt;this&gt;:BufLock&quot; held when accessing this.buf'
	 message-id='(203,&lt;this&gt;:BufLock,this.buf,null)'
	 category='protected field access(es)'
	 proved-consistent='true'
	 consistent='true'
	 result-type='LockAnalysis_ds_FieldAccessAssured'/>

<promise-drop type='UniquePromiseDrop'
	 offset='815'
	 line='28'
	 path='BoundedFIFOJSure/src/com/surelogic/jsure/BoundedFIFO.java'
	 uri='file:/C:/work/jsure-test-update-script-workspace/.jsure-data/BoundedFIFOJSure%202010-12-16%2012-41-13/srcs/BoundedFIFOJSure/BoundedFIFOJSure/src/com/surelogic/jsure/BoundedFIFO.java'
	 file='file:/C:/work/jsure-test-update-script-workspace/.jsure-data/BoundedFIFOJSure%202010-12-16%2012-41-13/srcs/BoundedFIFOJSure/BoundedFIFOJSure/src/com/surelogic/jsure/BoundedFIFO.java'
	 hash='97907'
	 context='-728775891'
	 message='Unique on buf'
	 message-id='(115,buf)'
	 category='Uniqueness'
	 proved-consistent='true'
	 checked-by-analysis='true'
	 from-src='true'
	 to-be-checked-by-analysis='true'
	 request-top-level='true'/>

<result-drop type='ResultDrop'
	 offset='909'
	 line='34'
	 path='BoundedFIFOJSure/src/com/surelogic/jsure/BoundedFIFO.java'
	 uri='file:/C:/work/jsure-test-update-script-workspace/.jsure-data/BoundedFIFOJSure%202010-12-16%2012-41-13/srcs/BoundedFIFOJSure/BoundedFIFOJSure/src/com/surelogic/jsure/BoundedFIFO.java'
	 file='file:/C:/work/jsure-test-update-script-workspace/.jsure-data/BoundedFIFOJSure%202010-12-16%2012-41-13/srcs/BoundedFIFOJSure/BoundedFIFOJSure/src/com/surelogic/jsure/BoundedFIFO.java'
	 hash='1422806624'
	 context='-1116873351'
	 message='Acting as if lock &quot;&lt;this&gt;:BufLock&quot; were held when accessing next = 0 (occurs within a thread-confined constructor)'
	 message-id='(246,&lt;this&gt;:BufLock,next = 0,null)'
	 category='protected field access(es)'
	 proved-consistent='true'
	 consistent='true'
	 or-proved-consistent='true'
	 result-type='LockAnalysis_ds_FieldAccessOkayThreadConfined'/>

<result-drop type='ResultDrop'
	 offset='1149'
	 line='45'
	 path='BoundedFIFOJSure/src/com/surelogic/jsure/BoundedFIFO.java'
	 uri='file:/C:/work/jsure-test-update-script-workspace/.jsure-data/BoundedFIFOJSure%202010-12-16%2012-41-13/srcs/BoundedFIFOJSure/BoundedFIFOJSure/src/com/surelogic/jsure/BoundedFIFO.java'
	 file='file:/C:/work/jsure-test-update-script-workspace/.jsure-data/BoundedFIFOJSure%202010-12-16%2012-41-13/srcs/BoundedFIFOJSure/BoundedFIFOJSure/src/com/surelogic/jsure/BoundedFIFO.java'
	 hash='109801339'
	 context='-1313831777'
	 message='Effects of call super'
	 message-id='(304,super)'
	 proved-consistent='true'
	 consistent='true'
	 result-type='UniquenessAssurance_effectOfCallDrop'/>

<ir-drop type='ProposedPromiseDrop'
	 offset='2054'
	 line='85'
	 path='BoundedFIFOJSure/src/com/surelogic/jsure/BoundedFIFO.java'
	 uri='file:/C:/work/jsure-test-update-script-workspace/.jsure-data/BoundedFIFOJSure%202010-12-16%2012-41-13/srcs/BoundedFIFOJSure/BoundedFIFOJSure/src/com/surelogic/jsure/BoundedFIFO.java'
	 file='file:/C:/work/jsure-test-update-script-workspace/.jsure-data/BoundedFIFOJSure%202010-12-16%2012-41-13/srcs/BoundedFIFOJSure/BoundedFIFOJSure/src/com/surelogic/jsure/BoundedFIFO.java'
	 hash='800772265'
	 context='1191951638'
	 message='ProposedPromiseDrop @RegionEffects(reads this:Instance)'
	 java-annotation='@RegionEffects(&quot;reads this:Instance&quot;)'
	 annotation-type='RegionEffects'
	 contents='reads this:Instance'
	 target-project='BoundedFIFOJSure'
	 from-project='BoundedFIFOJSure'/>

<result-drop type='ResultDrop'
	 offset='1855'
	 line='73'
	 path='BoundedFIFOJSure/src/com/surelogic/jsure/BoundedFIFO.java'
	 uri='file:/C:/work/jsure-test-update-script-workspace/.jsure-data/BoundedFIFOJSure%202010-12-16%2012-41-13/srcs/BoundedFIFOJSure/BoundedFIFOJSure/src/com/surelogic/jsure/BoundedFIFO.java'
	 file='file:/C:/work/jsure-test-update-script-workspace/.jsure-data/BoundedFIFOJSure%202010-12-16%2012-41-13/srcs/BoundedFIFOJSure/BoundedFIFOJSure/src/com/surelogic/jsure/BoundedFIFO.java'
	 hash='1420648169'
	 context='-398113170'
	 message='Assurance conservatively depends on the unique fields accessed in method com.surelogic.jsure.BoundedFIFO.put(com.surelogic.jsure.LoggingEvent)'
	 message-id='(306,com.surelogic.jsure.BoundedFIFO.put(com.surelogic.jsure.LoggingEvent))'
	 proved-consistent='true'
	 consistent='true'
	 result-type='UniquenessAssurance_aggregatedUniqueFields'/>

<promise-drop type='AggregatePromiseDrop'
	 offset='825'
	 line='28'
	 path='BoundedFIFOJSure/src/com/surelogic/jsure/BoundedFIFO.java'
	 uri='file:/C:/work/jsure-test-update-script-workspace/.jsure-data/BoundedFIFOJSure%202010-12-16%2012-41-13/srcs/BoundedFIFOJSure/BoundedFIFOJSure/src/com/surelogic/jsure/BoundedFIFO.java'
	 file='file:/C:/work/jsure-test-update-script-workspace/.jsure-data/BoundedFIFOJSure%202010-12-16%2012-41-13/srcs/BoundedFIFOJSure/BoundedFIFOJSure/src/com/surelogic/jsure/BoundedFIFO.java'
	 hash='97907'
	 context='-728775891'
	 message='Aggregate Instance into Instance'
	 proved-consistent='true'
	 checked-by-analysis='true'
	 from-src='true'
	 to-be-checked-by-analysis='true'/>

</sea-summary>

