<?xml version='1.0' encoding='UTF-8' standalone='yes'?>
<sea-summary time='Apr 20, 2011 12:57:15 PM'
	 project='BoundedFIFOJSure'>

<count WarningDrop='3'/>
<count LockModel='1'/>
<count ProposedPromiseDrop='13'/>
<count ResultDrop='4'/>
<promise-drop type='LockModel'
	 offset='2147483647'
	 line='0'
	 path='Object'
	 file='java.lang.Object'
	 hash='1709211273'
	 context='1063877011'
	 id='107'
	 message='RegionLock java.lang.Object.MUTEX is this protects WaitQueue on Object'
	 category='Concurrency'
	 to-be-checked-by-analysis='true'
	 from-src='true'
	 message-id='(100,java.lang.Object.MUTEX,this,WaitQueue,Object)'
	 checked-by-analysis='true'
	 full-type='edu.cmu.cs.fluid.sea.drops.promises.LockModel'/>

<ir-drop type='ProposedPromiseDrop'
	 offset='1811'
	 line='78'
	 path='BoundedFIFOJSure/src/com/surelogic/jsure/BoundedFIFO.java'
	 uri='file:/D:/work/update-script-workspace/BoundedFIFOJSure/src/com/surelogic/jsure/BoundedFIFO.java'
	 file='file:/D:/work/update-script-workspace/BoundedFIFOJSure/src/com/surelogic/jsure/BoundedFIFO.java'
	 hash='800772265'
	 context='1191951638'
	 id='208'
	 message='ProposedPromiseDrop @RegionEffects(reads this:Instance)'
	 target-project='BoundedFIFOJSure'
	 java-annotation='@RegionEffects(&quot;reads this:Instance&quot;)'
	 annotation-type='RegionEffects'
	 contents='reads this:Instance'
	 from-project='BoundedFIFOJSure'
	 full-type='edu.cmu.cs.fluid.sea.ProposedPromiseDrop'/>

<result-drop type='ResultDrop'
	 offset='567'
	 line='33'
	 path='BoundedFIFOJSure/src/com/surelogic/jsure/BlockingFIFO.java'
	 uri='file:/D:/work/update-script-workspace/BoundedFIFOJSure/src/com/surelogic/jsure/BlockingFIFO.java'
	 file='file:/D:/work/update-script-workspace/BoundedFIFOJSure/src/com/surelogic/jsure/BlockingFIFO.java'
	 hash='-1341494777'
	 context='1488591988'
	 id='210'
	 message='Lock &quot;&lt;this.fifo&gt;:MUTEX&quot; held when invoking this.fifo.wait; precondition satisfied'
	 category='lock precondition(s) satisfied'
	 result-type='LockAnalysis_ds_PreconditionsAssured'
	 message-id='(207,&lt;this.fifo&gt;:MUTEX,this.fifo.wait,null)'
	 consistent='true'
	 proved-consistent='true'
	 full-type='edu.cmu.cs.fluid.sea.ResultDrop'/>

<ir-drop type='ProposedPromiseDrop'
	 offset='913'
	 line='37'
	 path='BoundedFIFOJSure/src/com/surelogic/jsure/BoundedFIFO.java'
	 uri='file:/D:/work/update-script-workspace/BoundedFIFOJSure/src/com/surelogic/jsure/BoundedFIFO.java'
	 file='file:/D:/work/update-script-workspace/BoundedFIFOJSure/src/com/surelogic/jsure/BoundedFIFO.java'
	 hash='88407834'
	 context='-1313831777'
	 id='356'
	 message='ProposedPromiseDrop @RegionEffects(none)'
	 target-project='BoundedFIFOJSure'
	 java-annotation='@RegionEffects(&quot;none&quot;)'
	 annotation-type='RegionEffects'
	 contents='none'
	 from-project='BoundedFIFOJSure'
	 full-type='edu.cmu.cs.fluid.sea.ProposedPromiseDrop'/>

<ir-drop type='ProposedPromiseDrop'
	 offset='1179'
	 line='48'
	 path='BoundedFIFOJSure/src/com/surelogic/jsure/BoundedFIFO.java'
	 uri='file:/D:/work/update-script-workspace/BoundedFIFOJSure/src/com/surelogic/jsure/BoundedFIFO.java'
	 file='file:/D:/work/update-script-workspace/BoundedFIFOJSure/src/com/surelogic/jsure/BoundedFIFO.java'
	 hash='-1878828405'
	 context='-269806319'
	 id='452'
	 message='ProposedPromiseDrop @RegionEffects(reads any(java.lang.Object):Instance; writes this:Instance)'
	 target-project='BoundedFIFOJSure'
	 java-annotation='@RegionEffects(&quot;reads any(java.lang.Object):Instance; writes this:Instance&quot;)'
	 annotation-type='RegionEffects'
	 contents='reads any(java.lang.Object):Instance; writes this:Instance'
	 from-project='BoundedFIFOJSure'
	 full-type='edu.cmu.cs.fluid.sea.ProposedPromiseDrop'/>

<ir-drop type='ProposedPromiseDrop'
	 offset='30'
	 line='3'
	 path='BoundedFIFOJSure/src/com/surelogic/jsure/LoggingEvent.java'
	 uri='file:/D:/work/update-script-workspace/BoundedFIFOJSure/src/com/surelogic/jsure/LoggingEvent.java'
	 file='file:/D:/work/update-script-workspace/BoundedFIFOJSure/src/com/surelogic/jsure/LoggingEvent.java'
	 hash='439958362'
	 context='-591630994'
	 id='483'
	 message='ProposedPromiseDrop @RegionEffects(none)'
	 target-project='BoundedFIFOJSure'
	 java-annotation='@RegionEffects(&quot;none&quot;)'
	 annotation-type='RegionEffects'
	 contents='none'
	 from-project='BoundedFIFOJSure'
	 full-type='edu.cmu.cs.fluid.sea.ProposedPromiseDrop'/>

<ir-drop type='ProposedPromiseDrop'
	 offset='94'
	 line='6'
	 path='BoundedFIFOJSure/src/com/surelogic/jsure/BlockingFIFO.java'
	 uri='file:/D:/work/update-script-workspace/BoundedFIFOJSure/src/com/surelogic/jsure/BlockingFIFO.java'
	 file='file:/D:/work/update-script-workspace/BoundedFIFOJSure/src/com/surelogic/jsure/BlockingFIFO.java'
	 hash='1659404402'
	 context='485168373'
	 id='493'
	 message='ProposedPromiseDrop @RegionEffects(writes java.lang.Object:All)'
	 target-project='BoundedFIFOJSure'
	 java-annotation='@RegionEffects(&quot;writes java.lang.Object:All&quot;)'
	 annotation-type='RegionEffects'
	 contents='writes java.lang.Object:All'
	 from-project='BoundedFIFOJSure'
	 full-type='edu.cmu.cs.fluid.sea.ProposedPromiseDrop'/>

<result-drop type='ResultDrop'
	 offset='388'
	 line='21'
	 path='BoundedFIFOJSure/src/com/surelogic/jsure/BlockingFIFO.java'
	 uri='file:/D:/work/update-script-workspace/BoundedFIFOJSure/src/com/surelogic/jsure/BlockingFIFO.java'
	 file='file:/D:/work/update-script-workspace/BoundedFIFOJSure/src/com/surelogic/jsure/BlockingFIFO.java'
	 hash='-930704549'
	 context='1758745509'
	 id='681'
	 message='Lock &quot;&lt;this.fifo&gt;:MUTEX&quot; not held when invoking this.fifo.notify; precondition unsatisfied'
	 category='lock precondition(s) not satisfied; possible race conditions enabled'
	 message-id='(209,&lt;this.fifo&gt;:MUTEX,this.fifo.notify,null)'
	 result-type='LockAnalysis_ds_PreconditionsNotAssured'
	 full-type='edu.cmu.cs.fluid.sea.ResultDrop'/>

<ir-drop type='ProposedPromiseDrop'
	 offset='163'
	 line='10'
	 path='BoundedFIFOJSure/src/com/surelogic/jsure/BlockingFIFO.java'
	 uri='file:/D:/work/update-script-workspace/BoundedFIFOJSure/src/com/surelogic/jsure/BlockingFIFO.java'
	 file='file:/D:/work/update-script-workspace/BoundedFIFOJSure/src/com/surelogic/jsure/BlockingFIFO.java'
	 hash='803008296'
	 context='-1009164568'
	 id='752'
	 message='ProposedPromiseDrop @RegionEffects(writes java.lang.Object:All)'
	 target-project='BoundedFIFOJSure'
	 java-annotation='@RegionEffects(&quot;writes java.lang.Object:All&quot;)'
	 annotation-type='RegionEffects'
	 contents='writes java.lang.Object:All'
	 from-project='BoundedFIFOJSure'
	 full-type='edu.cmu.cs.fluid.sea.ProposedPromiseDrop'/>

<ir-drop type='WarningDrop'
	 offset='774'
	 line='47'
	 path='BoundedFIFOJSure/src/com/surelogic/jsure/BlockingFIFO.java'
	 uri='file:/D:/work/update-script-workspace/BoundedFIFOJSure/src/com/surelogic/jsure/BlockingFIFO.java'
	 file='file:/D:/work/update-script-workspace/BoundedFIFOJSure/src/com/surelogic/jsure/BlockingFIFO.java'
	 hash='-606055908'
	 context='-1562844173'
	 id='799'
	 message='Lock expression &quot;this.fifo&quot; does not name a programmer-declared lock; consider declaring what state is protected by the referenced lock'
	 category='unidentifiable lock(s); what is the name of the lock? what state is being protected?'
	 message-id='(220,this.fifo)'
	 result-type='LockAnalysis_ds_UnidentifiableLock'
	 full-type='edu.cmu.cs.fluid.sea.WarningDrop'/>

<ir-drop type='WarningDrop'
	 offset='213'
	 line='11'
	 path='BoundedFIFOJSure/src/com/surelogic/jsure/BlockingFIFO.java'
	 uri='file:/D:/work/update-script-workspace/BoundedFIFOJSure/src/com/surelogic/jsure/BlockingFIFO.java'
	 file='file:/D:/work/update-script-workspace/BoundedFIFOJSure/src/com/surelogic/jsure/BlockingFIFO.java'
	 hash='3559070'
	 context='-1009164568'
	 id='853'
	 message='Lock expression &quot;this&quot; does not name a programmer-declared lock; consider declaring what state is protected by the referenced lock'
	 category='unidentifiable lock(s); what is the name of the lock? what state is being protected?'
	 message-id='(220,this)'
	 result-type='LockAnalysis_ds_UnidentifiableLock'
	 full-type='edu.cmu.cs.fluid.sea.WarningDrop'/>

<ir-drop type='ProposedPromiseDrop'
	 offset='736'
	 line='46'
	 path='BoundedFIFOJSure/src/com/surelogic/jsure/BlockingFIFO.java'
	 uri='file:/D:/work/update-script-workspace/BoundedFIFOJSure/src/com/surelogic/jsure/BlockingFIFO.java'
	 file='file:/D:/work/update-script-workspace/BoundedFIFOJSure/src/com/surelogic/jsure/BlockingFIFO.java'
	 hash='97438872'
	 context='1303360307'
	 id='916'
	 message='ProposedPromiseDrop @RegionEffects(writes java.lang.Object:All)'
	 target-project='BoundedFIFOJSure'
	 java-annotation='@RegionEffects(&quot;writes java.lang.Object:All&quot;)'
	 annotation-type='RegionEffects'
	 contents='writes java.lang.Object:All'
	 from-project='BoundedFIFOJSure'
	 full-type='edu.cmu.cs.fluid.sea.ProposedPromiseDrop'/>

<ir-drop type='ProposedPromiseDrop'
	 offset='2001'
	 line='86'
	 path='BoundedFIFOJSure/src/com/surelogic/jsure/BoundedFIFO.java'
	 uri='file:/D:/work/update-script-workspace/BoundedFIFOJSure/src/com/surelogic/jsure/BoundedFIFO.java'
	 file='file:/D:/work/update-script-workspace/BoundedFIFOJSure/src/com/surelogic/jsure/BoundedFIFO.java'
	 hash='-619934927'
	 context='-1903378963'
	 id='944'
	 message='ProposedPromiseDrop @RegionEffects(reads this:Instance)'
	 target-project='BoundedFIFOJSure'
	 java-annotation='@RegionEffects(&quot;reads this:Instance&quot;)'
	 annotation-type='RegionEffects'
	 contents='reads this:Instance'
	 from-project='BoundedFIFOJSure'
	 full-type='edu.cmu.cs.fluid.sea.ProposedPromiseDrop'/>

<result-drop type='ResultDrop'
	 offset='263'
	 line='14'
	 path='BoundedFIFOJSure/src/com/surelogic/jsure/BlockingFIFO.java'
	 uri='file:/D:/work/update-script-workspace/BoundedFIFOJSure/src/com/surelogic/jsure/BlockingFIFO.java'
	 file='file:/D:/work/update-script-workspace/BoundedFIFOJSure/src/com/surelogic/jsure/BlockingFIFO.java'
	 hash='-1341494777'
	 context='-442105391'
	 id='995'
	 message='Lock &quot;&lt;this.fifo&gt;:MUTEX&quot; not held when invoking this.fifo.wait; precondition unsatisfied'
	 category='lock precondition(s) not satisfied; possible race conditions enabled'
	 message-id='(209,&lt;this.fifo&gt;:MUTEX,this.fifo.wait,null)'
	 result-type='LockAnalysis_ds_PreconditionsNotAssured'
	 full-type='edu.cmu.cs.fluid.sea.ResultDrop'/>

<ir-drop type='ProposedPromiseDrop'
	 offset='2663'
	 line='111'
	 path='BoundedFIFOJSure/src/com/surelogic/jsure/BoundedFIFO.java'
	 uri='file:/D:/work/update-script-workspace/BoundedFIFOJSure/src/com/surelogic/jsure/BoundedFIFO.java'
	 file='file:/D:/work/update-script-workspace/BoundedFIFOJSure/src/com/surelogic/jsure/BoundedFIFO.java'
	 hash='1874440324'
	 context='-134196960'
	 id='1109'
	 message='ProposedPromiseDrop @RegionEffects(reads this:Instance)'
	 target-project='BoundedFIFOJSure'
	 java-annotation='@RegionEffects(&quot;reads this:Instance&quot;)'
	 annotation-type='RegionEffects'
	 contents='reads this:Instance'
	 from-project='BoundedFIFOJSure'
	 full-type='edu.cmu.cs.fluid.sea.ProposedPromiseDrop'/>

<ir-drop type='ProposedPromiseDrop'
	 offset='449'
	 line='28'
	 path='BoundedFIFOJSure/src/com/surelogic/jsure/BlockingFIFO.java'
	 uri='file:/D:/work/update-script-workspace/BoundedFIFOJSure/src/com/surelogic/jsure/BlockingFIFO.java'
	 file='file:/D:/work/update-script-workspace/BoundedFIFOJSure/src/com/surelogic/jsure/BlockingFIFO.java'
	 hash='2145759295'
	 context='78615947'
	 id='1121'
	 message='ProposedPromiseDrop @RegionEffects(writes java.lang.Object:All)'
	 target-project='BoundedFIFOJSure'
	 java-annotation='@RegionEffects(&quot;writes java.lang.Object:All&quot;)'
	 annotation-type='RegionEffects'
	 contents='writes java.lang.Object:All'
	 from-project='BoundedFIFOJSure'
	 full-type='edu.cmu.cs.fluid.sea.ProposedPromiseDrop'/>

<result-drop type='ResultDrop'
	 offset='694'
	 line='40'
	 path='BoundedFIFOJSure/src/com/surelogic/jsure/BlockingFIFO.java'
	 uri='file:/D:/work/update-script-workspace/BoundedFIFOJSure/src/com/surelogic/jsure/BlockingFIFO.java'
	 file='file:/D:/work/update-script-workspace/BoundedFIFOJSure/src/com/surelogic/jsure/BlockingFIFO.java'
	 hash='-930704549'
	 context='-1610301880'
	 id='1135'
	 message='Lock &quot;&lt;this.fifo&gt;:MUTEX&quot; held when invoking this.fifo.notify; precondition satisfied'
	 category='lock precondition(s) satisfied'
	 result-type='LockAnalysis_ds_PreconditionsAssured'
	 message-id='(207,&lt;this.fifo&gt;:MUTEX,this.fifo.notify,null)'
	 consistent='true'
	 proved-consistent='true'
	 full-type='edu.cmu.cs.fluid.sea.ResultDrop'/>

<ir-drop type='ProposedPromiseDrop'
	 offset='2230'
	 line='95'
	 path='BoundedFIFOJSure/src/com/surelogic/jsure/BoundedFIFO.java'
	 uri='file:/D:/work/update-script-workspace/BoundedFIFOJSure/src/com/surelogic/jsure/BoundedFIFO.java'
	 file='file:/D:/work/update-script-workspace/BoundedFIFOJSure/src/com/surelogic/jsure/BoundedFIFO.java'
	 hash='-1390514151'
	 context='1105176043'
	 id='1219'
	 message='ProposedPromiseDrop @RegionEffects(reads this:Instance)'
	 target-project='BoundedFIFOJSure'
	 java-annotation='@RegionEffects(&quot;reads this:Instance&quot;)'
	 annotation-type='RegionEffects'
	 contents='reads this:Instance'
	 from-project='BoundedFIFOJSure'
	 full-type='edu.cmu.cs.fluid.sea.ProposedPromiseDrop'/>

<ir-drop type='ProposedPromiseDrop'
	 offset='2447'
	 line='103'
	 path='BoundedFIFOJSure/src/com/surelogic/jsure/BoundedFIFO.java'
	 uri='file:/D:/work/update-script-workspace/BoundedFIFOJSure/src/com/surelogic/jsure/BoundedFIFO.java'
	 file='file:/D:/work/update-script-workspace/BoundedFIFOJSure/src/com/surelogic/jsure/BoundedFIFO.java'
	 hash='981319203'
	 context='-759745197'
	 id='1288'
	 message='ProposedPromiseDrop @RegionEffects(reads this:Instance)'
	 target-project='BoundedFIFOJSure'
	 java-annotation='@RegionEffects(&quot;reads this:Instance&quot;)'
	 annotation-type='RegionEffects'
	 contents='reads this:Instance'
	 from-project='BoundedFIFOJSure'
	 full-type='edu.cmu.cs.fluid.sea.ProposedPromiseDrop'/>

<ir-drop type='WarningDrop'
	 offset='493'
	 line='29'
	 path='BoundedFIFOJSure/src/com/surelogic/jsure/BlockingFIFO.java'
	 uri='file:/D:/work/update-script-workspace/BoundedFIFOJSure/src/com/surelogic/jsure/BlockingFIFO.java'
	 file='file:/D:/work/update-script-workspace/BoundedFIFOJSure/src/com/surelogic/jsure/BlockingFIFO.java'
	 hash='-606055908'
	 context='-1144906549'
	 id='1423'
	 message='Lock expression &quot;this.fifo&quot; does not name a programmer-declared lock; consider declaring what state is protected by the referenced lock'
	 category='unidentifiable lock(s); what is the name of the lock? what state is being protected?'
	 message-id='(220,this.fifo)'
	 result-type='LockAnalysis_ds_UnidentifiableLock'
	 full-type='edu.cmu.cs.fluid.sea.WarningDrop'/>

<ir-drop type='ProposedPromiseDrop'
	 offset='1624'
	 line='66'
	 path='BoundedFIFOJSure/src/com/surelogic/jsure/BoundedFIFO.java'
	 uri='file:/D:/work/update-script-workspace/BoundedFIFOJSure/src/com/surelogic/jsure/BoundedFIFO.java'
	 file='file:/D:/work/update-script-workspace/BoundedFIFOJSure/src/com/surelogic/jsure/BoundedFIFO.java'
	 hash='1420648169'
	 context='-398113170'
	 id='1610'
	 message='ProposedPromiseDrop @RegionEffects(writes any(java.lang.Object):Instance)'
	 target-project='BoundedFIFOJSure'
	 java-annotation='@RegionEffects(&quot;writes any(java.lang.Object):Instance&quot;)'
	 annotation-type='RegionEffects'
	 contents='writes any(java.lang.Object):Instance'
	 from-project='BoundedFIFOJSure'
	 full-type='edu.cmu.cs.fluid.sea.ProposedPromiseDrop'/>

</sea-summary>

