<?xml version='1.0' encoding='UTF-8' standalone='yes'?>
<sea-summary time='Apr 20, 2011 12:57:36 PM'
	 project='BoundedFIFOJSure'>

<count LockModel='2'/>
<count WarningDrop='3'/>
<count PromisePromiseDrop='1'/>
<count ProposedPromiseDrop='25'/>
<count ResultDrop='40'/>
<count RequiresLockPromiseDrop='7'/>
<ir-drop type='WarningDrop'
	 offset='1435'
	 line='55'
	 path='BoundedFIFOJSure/src/com/surelogic/jsure/BoundedFIFO.java'
	 uri='file:/D:/work/update-script-workspace/BoundedFIFOJSure/src/com/surelogic/jsure/BoundedFIFO.java'
	 file='file:/D:/work/update-script-workspace/BoundedFIFOJSure/src/com/surelogic/jsure/BoundedFIFO.java'
	 hash='-49834690'
	 context='-554947668'
	 id='26'
	 message='Field reference &quot;this.buf [ this.next ]&quot; may be to a shared unprotected object'
	 category='protected reference(s) to a possibly shared unprotected object; possible race condition detected'
	 message-id='(201,this.buf [ this.next ])'
	 result-type='LockAnalysis_ds_AggregationNeeded'
	 full-type='edu.cmu.cs.fluid.sea.WarningDrop'/>

<promise-drop type='LockModel'
	 offset='702'
	 line='25'
	 path='BoundedFIFOJSure/src/com/surelogic/jsure/BoundedFIFO.java'
	 uri='file:/D:/work/update-script-workspace/BoundedFIFOJSure/src/com/surelogic/jsure/BoundedFIFO.java'
	 file='file:/D:/work/update-script-workspace/BoundedFIFOJSure/src/com/surelogic/jsure/BoundedFIFO.java'
	 hash='1990119280'
	 context='-1685491800'
	 id='28'
	 message='RegionLock com.surelogic.jsure.BoundedFIFO.BufLock is this protects Instance on BoundedFIFO'
	 category='Concurrency'
	 to-be-checked-by-analysis='true'
	 from-src='true'
	 message-id='(100,com.surelogic.jsure.BoundedFIFO.BufLock,this,Instance,BoundedFIFO)'
	 checked-by-analysis='true'
	 full-type='edu.cmu.cs.fluid.sea.drops.promises.LockModel'/>

<ir-drop type='ProposedPromiseDrop'
	 offset='815'
	 line='28'
	 path='BoundedFIFOJSure/src/com/surelogic/jsure/BoundedFIFO.java'
	 uri='file:/D:/work/update-script-workspace/BoundedFIFOJSure/src/com/surelogic/jsure/BoundedFIFO.java'
	 file='file:/D:/work/update-script-workspace/BoundedFIFOJSure/src/com/surelogic/jsure/BoundedFIFO.java'
	 hash='97907'
	 context='-728775891'
	 id='30'
	 message='ProposedPromiseDrop @Unique()'
	 target-project='BoundedFIFOJSure'
	 java-annotation='@Unique'
	 annotation-type='Unique'
	 from-project='BoundedFIFOJSure'
	 full-type='edu.cmu.cs.fluid.sea.ProposedPromiseDrop'/>

<promise-drop type='LockModel'
	 offset='2147483647'
	 line='0'
	 path='Object'
	 file='java.lang.Object'
	 hash='1709211273'
	 context='1063877011'
	 id='57'
	 message='RegionLock java.lang.Object.MUTEX is this protects WaitQueue on Object'
	 category='Concurrency'
	 to-be-checked-by-analysis='true'
	 from-src='true'
	 message-id='(100,java.lang.Object.MUTEX,this,WaitQueue,Object)'
	 checked-by-analysis='true'
	 full-type='edu.cmu.cs.fluid.sea.drops.promises.LockModel'/>

<result-drop type='ResultDrop'
	 offset='1455'
	 line='56'
	 path='BoundedFIFOJSure/src/com/surelogic/jsure/BoundedFIFO.java'
	 uri='file:/D:/work/update-script-workspace/BoundedFIFOJSure/src/com/surelogic/jsure/BoundedFIFO.java'
	 file='file:/D:/work/update-script-workspace/BoundedFIFOJSure/src/com/surelogic/jsure/BoundedFIFO.java'
	 hash='-1730436191'
	 context='1225240429'
	 id='109'
	 message='Lock &quot;&lt;this&gt;:BufLock&quot; held when accessing (this.first)'
	 category='protected field access(es)'
	 result-type='LockAnalysis_ds_FieldAccessAssured'
	 message-id='(203,&lt;this&gt;:BufLock,(this.first),null)'
	 consistent='true'
	 proved-consistent='true'
	 full-type='edu.cmu.cs.fluid.sea.ResultDrop'/>

<promise-drop type='RequiresLockPromiseDrop'
	 offset='1349'
	 line='52'
	 path='BoundedFIFOJSure/src/com/surelogic/jsure/BoundedFIFO.java'
	 uri='file:/D:/work/update-script-workspace/BoundedFIFOJSure/src/com/surelogic/jsure/BoundedFIFO.java'
	 file='file:/D:/work/update-script-workspace/BoundedFIFOJSure/src/com/surelogic/jsure/BoundedFIFO.java'
	 hash='-1878828405'
	 context='-269806319'
	 virtual='true'
	 id='110'
	 message='RequiresLock BufLock on com.surelogic.jsure.BoundedFIFO.get()'
	 category='lock precondition(s)'
	 to-be-checked-by-analysis='true'
	 from-src='true'
	 message-id='(102,RequiresLock BufLock,com.surelogic.jsure.BoundedFIFO.get())'
	 checked-by-analysis='true'
	 proved-consistent='true'
	 full-type='edu.cmu.cs.fluid.sea.drops.promises.RequiresLockPromiseDrop'/>

<result-drop type='ResultDrop'
	 offset='1901'
	 line='73'
	 path='BoundedFIFOJSure/src/com/surelogic/jsure/BoundedFIFO.java'
	 uri='file:/D:/work/update-script-workspace/BoundedFIFOJSure/src/com/surelogic/jsure/BoundedFIFO.java'
	 file='file:/D:/work/update-script-workspace/BoundedFIFOJSure/src/com/surelogic/jsure/BoundedFIFO.java'
	 hash='-464187794'
	 context='178982695'
	 id='150'
	 message='Lock &quot;&lt;this&gt;:BufLock&quot; held when accessing (this.next)'
	 category='protected field access(es)'
	 result-type='LockAnalysis_ds_FieldAccessAssured'
	 message-id='(203,&lt;this&gt;:BufLock,(this.next),null)'
	 consistent='true'
	 full-type='edu.cmu.cs.fluid.sea.ResultDrop'/>

<promise-drop type='RequiresLockPromiseDrop'
	 offset='1812'
	 line='70'
	 path='BoundedFIFOJSure/src/com/surelogic/jsure/BoundedFIFO.java'
	 uri='file:/D:/work/update-script-workspace/BoundedFIFOJSure/src/com/surelogic/jsure/BoundedFIFO.java'
	 file='file:/D:/work/update-script-workspace/BoundedFIFOJSure/src/com/surelogic/jsure/BoundedFIFO.java'
	 hash='1420648169'
	 context='-398113170'
	 virtual='true'
	 id='151'
	 message='RequiresLock BufLock on com.surelogic.jsure.BoundedFIFO.put(com.surelogic.jsure.LoggingEvent)'
	 category='lock precondition(s)'
	 to-be-checked-by-analysis='true'
	 from-src='true'
	 message-id='(102,RequiresLock BufLock,com.surelogic.jsure.BoundedFIFO.put(com.surelogic.jsure.LoggingEvent))'
	 checked-by-analysis='true'
	 full-type='edu.cmu.cs.fluid.sea.drops.promises.RequiresLockPromiseDrop'/>

<result-drop type='ResultDrop'
	 offset='886'
	 line='32'
	 path='BoundedFIFOJSure/src/com/surelogic/jsure/BoundedFIFO.java'
	 uri='file:/D:/work/update-script-workspace/BoundedFIFOJSure/src/com/surelogic/jsure/BoundedFIFO.java'
	 file='file:/D:/work/update-script-workspace/BoundedFIFOJSure/src/com/surelogic/jsure/BoundedFIFO.java'
	 hash='1422806624'
	 context='-1116873351'
	 id='199'
	 message='Lock &quot;&lt;this&gt;:BufLock&quot; not held when accessing next = 0'
	 category='unprotected field access(es); possible race condition detected'
	 message-id='(205,&lt;this&gt;:BufLock,next = 0,null)'
	 result-type='LockAnalysis_ds_FieldAccessNotAssured'
	 full-type='edu.cmu.cs.fluid.sea.ResultDrop'/>

<ir-drop type='ProposedPromiseDrop'
	 offset='1072'
	 line='41'
	 path='BoundedFIFOJSure/src/com/surelogic/jsure/BoundedFIFO.java'
	 uri='file:/D:/work/update-script-workspace/BoundedFIFOJSure/src/com/surelogic/jsure/BoundedFIFO.java'
	 file='file:/D:/work/update-script-workspace/BoundedFIFOJSure/src/com/surelogic/jsure/BoundedFIFO.java'
	 hash='88407834'
	 context='-1313831777'
	 id='200'
	 message='ProposedPromiseDrop @Unique(return)'
	 target-project='BoundedFIFOJSure'
	 java-annotation='@Unique(&quot;return&quot;)'
	 annotation-type='Unique'
	 contents='return'
	 from-project='BoundedFIFOJSure'
	 full-type='edu.cmu.cs.fluid.sea.ProposedPromiseDrop'/>

<ir-drop type='ProposedPromiseDrop'
	 offset='30'
	 line='3'
	 path='BoundedFIFOJSure/src/com/surelogic/jsure/LoggingEvent.java'
	 uri='file:/D:/work/update-script-workspace/BoundedFIFOJSure/src/com/surelogic/jsure/LoggingEvent.java'
	 file='file:/D:/work/update-script-workspace/BoundedFIFOJSure/src/com/surelogic/jsure/LoggingEvent.java'
	 hash='439958362'
	 context='-591630994'
	 id='246'
	 message='ProposedPromiseDrop @RegionEffects(none)'
	 target-project='BoundedFIFOJSure'
	 java-annotation='@RegionEffects(&quot;none&quot;)'
	 annotation-type='RegionEffects'
	 contents='none'
	 from-project='BoundedFIFOJSure'
	 full-type='edu.cmu.cs.fluid.sea.ProposedPromiseDrop'/>

<result-drop type='ResultDrop'
	 offset='1384'
	 line='53'
	 path='BoundedFIFOJSure/src/com/surelogic/jsure/BoundedFIFO.java'
	 uri='file:/D:/work/update-script-workspace/BoundedFIFOJSure/src/com/surelogic/jsure/BoundedFIFO.java'
	 file='file:/D:/work/update-script-workspace/BoundedFIFOJSure/src/com/surelogic/jsure/BoundedFIFO.java'
	 hash='-110077252'
	 context='-968509295'
	 id='249'
	 message='Lock &quot;&lt;this&gt;:BufLock&quot; held when accessing this.numElts'
	 category='protected field access(es)'
	 result-type='LockAnalysis_ds_FieldAccessAssured'
	 message-id='(203,&lt;this&gt;:BufLock,this.numElts,null)'
	 consistent='true'
	 proved-consistent='true'
	 full-type='edu.cmu.cs.fluid.sea.ResultDrop'/>

<promise-drop type='PromisePromiseDrop'
	 offset='749'
	 line='25'
	 path='BoundedFIFOJSure/src/com/surelogic/jsure/BoundedFIFO.java'
	 uri='file:/D:/work/update-script-workspace/BoundedFIFOJSure/src/com/surelogic/jsure/BoundedFIFO.java'
	 file='file:/D:/work/update-script-workspace/BoundedFIFOJSure/src/com/surelogic/jsure/BoundedFIFO.java'
	 hash='1990119280'
	 context='-1685491800'
	 id='255'
	 message='Promise @RequiresLock(BufLock) for *(**)'
	 category='Scoped promises'
	 to-be-checked-by-analysis='true'
	 from-src='true'
	 checked-by-analysis='true'
	 full-type='edu.cmu.cs.fluid.sea.drops.promises.PromisePromiseDrop'/>

<result-drop type='ResultDrop'
	 offset='1880'
	 line='72'
	 path='BoundedFIFOJSure/src/com/surelogic/jsure/BoundedFIFO.java'
	 uri='file:/D:/work/update-script-workspace/BoundedFIFOJSure/src/com/surelogic/jsure/BoundedFIFO.java'
	 file='file:/D:/work/update-script-workspace/BoundedFIFOJSure/src/com/surelogic/jsure/BoundedFIFO.java'
	 hash='-605820861'
	 context='178982695'
	 id='256'
	 message='Lock &quot;&lt;this&gt;:BufLock&quot; held when accessing this.next'
	 category='protected field access(es)'
	 result-type='LockAnalysis_ds_FieldAccessAssured'
	 message-id='(203,&lt;this&gt;:BufLock,this.next,null)'
	 consistent='true'
	 full-type='edu.cmu.cs.fluid.sea.ResultDrop'/>

<promise-drop type='RequiresLockPromiseDrop'
	 offset='2672'
	 line='107'
	 path='BoundedFIFOJSure/src/com/surelogic/jsure/BoundedFIFO.java'
	 uri='file:/D:/work/update-script-workspace/BoundedFIFOJSure/src/com/surelogic/jsure/BoundedFIFO.java'
	 file='file:/D:/work/update-script-workspace/BoundedFIFOJSure/src/com/surelogic/jsure/BoundedFIFO.java'
	 hash='981319203'
	 context='-759745197'
	 virtual='true'
	 id='276'
	 message='RequiresLock BufLock on com.surelogic.jsure.BoundedFIFO.wasFull()'
	 category='lock precondition(s)'
	 to-be-checked-by-analysis='true'
	 from-src='true'
	 message-id='(102,RequiresLock BufLock,com.surelogic.jsure.BoundedFIFO.wasFull())'
	 checked-by-analysis='true'
	 proved-consistent='true'
	 full-type='edu.cmu.cs.fluid.sea.drops.promises.RequiresLockPromiseDrop'/>

<result-drop type='ResultDrop'
	 offset='672'
	 line='39'
	 path='BoundedFIFOJSure/src/com/surelogic/jsure/BlockingFIFO.java'
	 uri='file:/D:/work/update-script-workspace/BoundedFIFOJSure/src/com/surelogic/jsure/BlockingFIFO.java'
	 file='file:/D:/work/update-script-workspace/BoundedFIFOJSure/src/com/surelogic/jsure/BlockingFIFO.java'
	 hash='207768390'
	 context='-66014953'
	 id='277'
	 message='Lock &quot;&lt;this.fifo&gt;:BufLock&quot; held when invoking this.fifo.wasFull; precondition satisfied'
	 category='lock precondition(s) satisfied'
	 result-type='LockAnalysis_ds_PreconditionsAssured'
	 message-id='(207,&lt;this.fifo&gt;:BufLock,this.fifo.wasFull,null)'
	 consistent='true'
	 proved-consistent='true'
	 full-type='edu.cmu.cs.fluid.sea.ResultDrop'/>

<ir-drop type='ProposedPromiseDrop'
	 offset='1072'
	 line='41'
	 path='BoundedFIFOJSure/src/com/surelogic/jsure/BoundedFIFO.java'
	 uri='file:/D:/work/update-script-workspace/BoundedFIFOJSure/src/com/surelogic/jsure/BoundedFIFO.java'
	 file='file:/D:/work/update-script-workspace/BoundedFIFOJSure/src/com/surelogic/jsure/BoundedFIFO.java'
	 hash='88407834'
	 context='-1313831777'
	 id='283'
	 message='ProposedPromiseDrop @RegionEffects(none)'
	 target-project='BoundedFIFOJSure'
	 java-annotation='@RegionEffects(&quot;none&quot;)'
	 annotation-type='RegionEffects'
	 contents='none'
	 from-project='BoundedFIFOJSure'
	 full-type='edu.cmu.cs.fluid.sea.ProposedPromiseDrop'/>

<result-drop type='ResultDrop'
	 offset='1435'
	 line='55'
	 path='BoundedFIFOJSure/src/com/surelogic/jsure/BoundedFIFO.java'
	 uri='file:/D:/work/update-script-workspace/BoundedFIFOJSure/src/com/surelogic/jsure/BoundedFIFO.java'
	 file='file:/D:/work/update-script-workspace/BoundedFIFOJSure/src/com/surelogic/jsure/BoundedFIFO.java'
	 hash='1227372323'
	 context='-1096173211'
	 id='307'
	 message='Lock &quot;&lt;this&gt;:BufLock&quot; held when accessing this.buf'
	 category='protected field access(es)'
	 result-type='LockAnalysis_ds_FieldAccessAssured'
	 message-id='(203,&lt;this&gt;:BufLock,this.buf,null)'
	 consistent='true'
	 proved-consistent='true'
	 full-type='edu.cmu.cs.fluid.sea.ResultDrop'/>

<result-drop type='ResultDrop'
	 offset='2724'
	 line='108'
	 path='BoundedFIFOJSure/src/com/surelogic/jsure/BoundedFIFO.java'
	 uri='file:/D:/work/update-script-workspace/BoundedFIFOJSure/src/com/surelogic/jsure/BoundedFIFO.java'
	 file='file:/D:/work/update-script-workspace/BoundedFIFOJSure/src/com/surelogic/jsure/BoundedFIFO.java'
	 hash='-605668015'
	 context='-1771607106'
	 id='329'
	 message='Lock &quot;&lt;this&gt;:BufLock&quot; held when accessing this.size'
	 category='protected field access(es)'
	 result-type='LockAnalysis_ds_FieldAccessAssured'
	 message-id='(203,&lt;this&gt;:BufLock,this.size,null)'
	 consistent='true'
	 proved-consistent='true'
	 full-type='edu.cmu.cs.fluid.sea.ResultDrop'/>

<result-drop type='ResultDrop'
	 offset='1464'
	 line='56'
	 path='BoundedFIFOJSure/src/com/surelogic/jsure/BoundedFIFO.java'
	 uri='file:/D:/work/update-script-workspace/BoundedFIFOJSure/src/com/surelogic/jsure/BoundedFIFO.java'
	 file='file:/D:/work/update-script-workspace/BoundedFIFOJSure/src/com/surelogic/jsure/BoundedFIFO.java'
	 hash='-605668015'
	 context='242563324'
	 id='337'
	 message='Lock &quot;&lt;this&gt;:BufLock&quot; held when accessing this.size'
	 category='protected field access(es)'
	 result-type='LockAnalysis_ds_FieldAccessAssured'
	 message-id='(203,&lt;this&gt;:BufLock,this.size,null)'
	 consistent='true'
	 proved-consistent='true'
	 full-type='edu.cmu.cs.fluid.sea.ResultDrop'/>

<result-drop type='ResultDrop'
	 offset='1439'
	 line='55'
	 path='BoundedFIFOJSure/src/com/surelogic/jsure/BoundedFIFO.java'
	 uri='file:/D:/work/update-script-workspace/BoundedFIFOJSure/src/com/surelogic/jsure/BoundedFIFO.java'
	 file='file:/D:/work/update-script-workspace/BoundedFIFOJSure/src/com/surelogic/jsure/BoundedFIFO.java'
	 hash='-605820861'
	 context='-679977755'
	 id='345'
	 message='Lock &quot;&lt;this&gt;:BufLock&quot; held when accessing this.next'
	 category='protected field access(es)'
	 result-type='LockAnalysis_ds_FieldAccessAssured'
	 message-id='(203,&lt;this&gt;:BufLock,this.next,null)'
	 consistent='true'
	 proved-consistent='true'
	 full-type='edu.cmu.cs.fluid.sea.ResultDrop'/>

<ir-drop type='ProposedPromiseDrop'
	 offset='1072'
	 line='41'
	 path='BoundedFIFOJSure/src/com/surelogic/jsure/BoundedFIFO.java'
	 uri='file:/D:/work/update-script-workspace/BoundedFIFOJSure/src/com/surelogic/jsure/BoundedFIFO.java'
	 file='file:/D:/work/update-script-workspace/BoundedFIFOJSure/src/com/surelogic/jsure/BoundedFIFO.java'
	 hash='88407834'
	 context='-1313831777'
	 id='346'
	 message='ProposedPromiseDrop @Unique(return)'
	 target-project='BoundedFIFOJSure'
	 java-annotation='@Unique(&quot;return&quot;)'
	 annotation-type='Unique'
	 contents='return'
	 from-project='BoundedFIFOJSure'
	 full-type='edu.cmu.cs.fluid.sea.ProposedPromiseDrop'/>

<ir-drop type='ProposedPromiseDrop'
	 offset='1072'
	 line='41'
	 path='BoundedFIFOJSure/src/com/surelogic/jsure/BoundedFIFO.java'
	 uri='file:/D:/work/update-script-workspace/BoundedFIFOJSure/src/com/surelogic/jsure/BoundedFIFO.java'
	 file='file:/D:/work/update-script-workspace/BoundedFIFOJSure/src/com/surelogic/jsure/BoundedFIFO.java'
	 hash='88407834'
	 context='-1313831777'
	 id='396'
	 message='ProposedPromiseDrop @Unique(return)'
	 target-project='BoundedFIFOJSure'
	 java-annotation='@Unique(&quot;return&quot;)'
	 annotation-type='Unique'
	 contents='return'
	 from-project='BoundedFIFOJSure'
	 full-type='edu.cmu.cs.fluid.sea.ProposedPromiseDrop'/>

<result-drop type='ResultDrop'
	 offset='1934'
	 line='75'
	 path='BoundedFIFOJSure/src/com/surelogic/jsure/BoundedFIFO.java'
	 uri='file:/D:/work/update-script-workspace/BoundedFIFOJSure/src/com/surelogic/jsure/BoundedFIFO.java'
	 file='file:/D:/work/update-script-workspace/BoundedFIFOJSure/src/com/surelogic/jsure/BoundedFIFO.java'
	 hash='2135064005'
	 context='523364846'
	 id='404'
	 message='Lock &quot;&lt;this&gt;:BufLock&quot; held when accessing (this.numElts)'
	 category='protected field access(es)'
	 result-type='LockAnalysis_ds_FieldAccessAssured'
	 message-id='(203,&lt;this&gt;:BufLock,(this.numElts),null)'
	 consistent='true'
	 full-type='edu.cmu.cs.fluid.sea.ResultDrop'/>

<result-drop type='ResultDrop'
	 offset='388'
	 line='21'
	 path='BoundedFIFOJSure/src/com/surelogic/jsure/BlockingFIFO.java'
	 uri='file:/D:/work/update-script-workspace/BoundedFIFOJSure/src/com/surelogic/jsure/BlockingFIFO.java'
	 file='file:/D:/work/update-script-workspace/BoundedFIFOJSure/src/com/surelogic/jsure/BlockingFIFO.java'
	 hash='-930704549'
	 context='1758745509'
	 id='422'
	 message='Lock &quot;&lt;this.fifo&gt;:MUTEX&quot; not held when invoking this.fifo.notify; precondition unsatisfied'
	 category='lock precondition(s) not satisfied; possible race conditions enabled'
	 message-id='(209,&lt;this.fifo&gt;:MUTEX,this.fifo.notify,null)'
	 result-type='LockAnalysis_ds_PreconditionsNotAssured'
	 full-type='edu.cmu.cs.fluid.sea.ResultDrop'/>

<promise-drop type='RequiresLockPromiseDrop'
	 offset='2011'
	 line='82'
	 path='BoundedFIFOJSure/src/com/surelogic/jsure/BoundedFIFO.java'
	 uri='file:/D:/work/update-script-workspace/BoundedFIFOJSure/src/com/surelogic/jsure/BoundedFIFO.java'
	 file='file:/D:/work/update-script-workspace/BoundedFIFOJSure/src/com/surelogic/jsure/BoundedFIFO.java'
	 hash='800772265'
	 context='1191951638'
	 virtual='true'
	 id='515'
	 message='RequiresLock BufLock on com.surelogic.jsure.BoundedFIFO.getMaxSize()'
	 category='lock precondition(s)'
	 to-be-checked-by-analysis='true'
	 from-src='true'
	 message-id='(102,RequiresLock BufLock,com.surelogic.jsure.BoundedFIFO.getMaxSize())'
	 checked-by-analysis='true'
	 proved-consistent='true'
	 full-type='edu.cmu.cs.fluid.sea.drops.promises.RequiresLockPromiseDrop'/>

<result-drop type='ResultDrop'
	 offset='567'
	 line='33'
	 path='BoundedFIFOJSure/src/com/surelogic/jsure/BlockingFIFO.java'
	 uri='file:/D:/work/update-script-workspace/BoundedFIFOJSure/src/com/surelogic/jsure/BlockingFIFO.java'
	 file='file:/D:/work/update-script-workspace/BoundedFIFOJSure/src/com/surelogic/jsure/BlockingFIFO.java'
	 hash='-1341494777'
	 context='1488591988'
	 id='587'
	 message='Lock &quot;&lt;this.fifo&gt;:MUTEX&quot; held when invoking this.fifo.wait; precondition satisfied'
	 category='lock precondition(s) satisfied'
	 result-type='LockAnalysis_ds_PreconditionsAssured'
	 message-id='(207,&lt;this.fifo&gt;:MUTEX,this.fifo.wait,null)'
	 consistent='true'
	 proved-consistent='true'
	 full-type='edu.cmu.cs.fluid.sea.ResultDrop'/>

<ir-drop type='ProposedPromiseDrop'
	 offset='1072'
	 line='41'
	 path='BoundedFIFOJSure/src/com/surelogic/jsure/BoundedFIFO.java'
	 uri='file:/D:/work/update-script-workspace/BoundedFIFOJSure/src/com/surelogic/jsure/BoundedFIFO.java'
	 file='file:/D:/work/update-script-workspace/BoundedFIFOJSure/src/com/surelogic/jsure/BoundedFIFO.java'
	 hash='88407834'
	 context='-1313831777'
	 id='609'
	 message='ProposedPromiseDrop @Unique(return)'
	 target-project='BoundedFIFOJSure'
	 java-annotation='@Unique(&quot;return&quot;)'
	 annotation-type='Unique'
	 contents='return'
	 from-project='BoundedFIFOJSure'
	 full-type='edu.cmu.cs.fluid.sea.ProposedPromiseDrop'/>

<promise-drop type='RequiresLockPromiseDrop'
	 offset='2896'
	 line='115'
	 path='BoundedFIFOJSure/src/com/surelogic/jsure/BoundedFIFO.java'
	 uri='file:/D:/work/update-script-workspace/BoundedFIFOJSure/src/com/surelogic/jsure/BoundedFIFO.java'
	 file='file:/D:/work/update-script-workspace/BoundedFIFOJSure/src/com/surelogic/jsure/BoundedFIFO.java'
	 hash='1874440324'
	 context='-134196960'
	 virtual='true'
	 id='614'
	 message='RequiresLock BufLock on com.surelogic.jsure.BoundedFIFO.isFull()'
	 category='lock precondition(s)'
	 to-be-checked-by-analysis='true'
	 from-src='true'
	 message-id='(102,RequiresLock BufLock,com.surelogic.jsure.BoundedFIFO.isFull())'
	 checked-by-analysis='true'
	 full-type='edu.cmu.cs.fluid.sea.drops.promises.RequiresLockPromiseDrop'/>

<result-drop type='ResultDrop'
	 offset='231'
	 line='12'
	 path='BoundedFIFOJSure/src/com/surelogic/jsure/BlockingFIFO.java'
	 uri='file:/D:/work/update-script-workspace/BoundedFIFOJSure/src/com/surelogic/jsure/BlockingFIFO.java'
	 file='file:/D:/work/update-script-workspace/BoundedFIFOJSure/src/com/surelogic/jsure/BlockingFIFO.java'
	 hash='-1071514901'
	 context='-32330955'
	 id='615'
	 message='Lock &quot;&lt;this.fifo&gt;:BufLock&quot; not held when invoking this.fifo.isFull; precondition unsatisfied'
	 category='lock precondition(s) not satisfied; possible race conditions enabled'
	 message-id='(209,&lt;this.fifo&gt;:BufLock,this.fifo.isFull,null)'
	 result-type='LockAnalysis_ds_PreconditionsNotAssured'
	 full-type='edu.cmu.cs.fluid.sea.ResultDrop'/>

<ir-drop type='ProposedPromiseDrop'
	 offset='94'
	 line='6'
	 path='BoundedFIFOJSure/src/com/surelogic/jsure/BlockingFIFO.java'
	 uri='file:/D:/work/update-script-workspace/BoundedFIFOJSure/src/com/surelogic/jsure/BlockingFIFO.java'
	 file='file:/D:/work/update-script-workspace/BoundedFIFOJSure/src/com/surelogic/jsure/BlockingFIFO.java'
	 hash='1659404402'
	 context='485168373'
	 id='617'
	 message='ProposedPromiseDrop @RegionEffects(writes java.lang.Object:All)'
	 target-project='BoundedFIFOJSure'
	 java-annotation='@RegionEffects(&quot;writes java.lang.Object:All&quot;)'
	 annotation-type='RegionEffects'
	 contents='writes java.lang.Object:All'
	 from-project='BoundedFIFOJSure'
	 full-type='edu.cmu.cs.fluid.sea.ProposedPromiseDrop'/>

<ir-drop type='ProposedPromiseDrop'
	 offset='2011'
	 line='82'
	 path='BoundedFIFOJSure/src/com/surelogic/jsure/BoundedFIFO.java'
	 uri='file:/D:/work/update-script-workspace/BoundedFIFOJSure/src/com/surelogic/jsure/BoundedFIFO.java'
	 file='file:/D:/work/update-script-workspace/BoundedFIFOJSure/src/com/surelogic/jsure/BoundedFIFO.java'
	 hash='800772265'
	 context='1191951638'
	 id='635'
	 message='ProposedPromiseDrop @RegionEffects(reads this:Instance)'
	 target-project='BoundedFIFOJSure'
	 java-annotation='@RegionEffects(&quot;reads this:Instance&quot;)'
	 annotation-type='RegionEffects'
	 contents='reads this:Instance'
	 from-project='BoundedFIFOJSure'
	 full-type='edu.cmu.cs.fluid.sea.ProposedPromiseDrop'/>

<promise-drop type='RequiresLockPromiseDrop'
	 offset='2209'
	 line='90'
	 path='BoundedFIFOJSure/src/com/surelogic/jsure/BoundedFIFO.java'
	 uri='file:/D:/work/update-script-workspace/BoundedFIFOJSure/src/com/surelogic/jsure/BoundedFIFO.java'
	 file='file:/D:/work/update-script-workspace/BoundedFIFOJSure/src/com/surelogic/jsure/BoundedFIFO.java'
	 hash='-619934927'
	 context='-1903378963'
	 virtual='true'
	 id='659'
	 message='RequiresLock BufLock on com.surelogic.jsure.BoundedFIFO.length()'
	 category='lock precondition(s)'
	 to-be-checked-by-analysis='true'
	 from-src='true'
	 message-id='(102,RequiresLock BufLock,com.surelogic.jsure.BoundedFIFO.length())'
	 checked-by-analysis='true'
	 proved-consistent='true'
	 full-type='edu.cmu.cs.fluid.sea.drops.promises.RequiresLockPromiseDrop'/>

<result-drop type='ResultDrop'
	 offset='792'
	 line='48'
	 path='BoundedFIFOJSure/src/com/surelogic/jsure/BlockingFIFO.java'
	 uri='file:/D:/work/update-script-workspace/BoundedFIFOJSure/src/com/surelogic/jsure/BlockingFIFO.java'
	 file='file:/D:/work/update-script-workspace/BoundedFIFOJSure/src/com/surelogic/jsure/BlockingFIFO.java'
	 hash='-997378312'
	 context='-1760718439'
	 id='660'
	 message='Lock &quot;&lt;this.fifo&gt;:BufLock&quot; held when invoking this.fifo.length; precondition satisfied'
	 category='lock precondition(s) satisfied'
	 result-type='LockAnalysis_ds_PreconditionsAssured'
	 message-id='(207,&lt;this.fifo&gt;:BufLock,this.fifo.length,null)'
	 consistent='true'
	 proved-consistent='true'
	 full-type='edu.cmu.cs.fluid.sea.ResultDrop'/>

<result-drop type='ResultDrop'
	 offset='530'
	 line='31'
	 path='BoundedFIFOJSure/src/com/surelogic/jsure/BlockingFIFO.java'
	 uri='file:/D:/work/update-script-workspace/BoundedFIFOJSure/src/com/surelogic/jsure/BlockingFIFO.java'
	 file='file:/D:/work/update-script-workspace/BoundedFIFOJSure/src/com/surelogic/jsure/BlockingFIFO.java'
	 hash='-997378312'
	 context='-676937499'
	 id='661'
	 message='Lock &quot;&lt;this.fifo&gt;:BufLock&quot; held when invoking this.fifo.length; precondition satisfied'
	 category='lock precondition(s) satisfied'
	 result-type='LockAnalysis_ds_PreconditionsAssured'
	 message-id='(207,&lt;this.fifo&gt;:BufLock,this.fifo.length,null)'
	 consistent='true'
	 proved-consistent='true'
	 full-type='edu.cmu.cs.fluid.sea.ResultDrop'/>

<ir-drop type='ProposedPromiseDrop'
	 offset='163'
	 line='10'
	 path='BoundedFIFOJSure/src/com/surelogic/jsure/BlockingFIFO.java'
	 uri='file:/D:/work/update-script-workspace/BoundedFIFOJSure/src/com/surelogic/jsure/BlockingFIFO.java'
	 file='file:/D:/work/update-script-workspace/BoundedFIFOJSure/src/com/surelogic/jsure/BlockingFIFO.java'
	 hash='803008296'
	 context='-1009164568'
	 id='671'
	 message='ProposedPromiseDrop @RequiresLock(BufLock)'
	 target-project='BoundedFIFOJSure'
	 java-annotation='@RequiresLock(&quot;BufLock&quot;)'
	 annotation-type='RequiresLock'
	 contents='BufLock'
	 from-project='BoundedFIFOJSure'
	 full-type='edu.cmu.cs.fluid.sea.ProposedPromiseDrop'/>

<result-drop type='ResultDrop'
	 offset='1909'
	 line='73'
	 path='BoundedFIFOJSure/src/com/surelogic/jsure/BoundedFIFO.java'
	 uri='file:/D:/work/update-script-workspace/BoundedFIFOJSure/src/com/surelogic/jsure/BoundedFIFO.java'
	 file='file:/D:/work/update-script-workspace/BoundedFIFOJSure/src/com/surelogic/jsure/BoundedFIFO.java'
	 hash='-605668015'
	 context='1653407321'
	 id='696'
	 message='Lock &quot;&lt;this&gt;:BufLock&quot; held when accessing this.size'
	 category='protected field access(es)'
	 result-type='LockAnalysis_ds_FieldAccessAssured'
	 message-id='(203,&lt;this&gt;:BufLock,this.size,null)'
	 consistent='true'
	 full-type='edu.cmu.cs.fluid.sea.ResultDrop'/>

<ir-drop type='ProposedPromiseDrop'
	 offset='163'
	 line='10'
	 path='BoundedFIFOJSure/src/com/surelogic/jsure/BlockingFIFO.java'
	 uri='file:/D:/work/update-script-workspace/BoundedFIFOJSure/src/com/surelogic/jsure/BlockingFIFO.java'
	 file='file:/D:/work/update-script-workspace/BoundedFIFOJSure/src/com/surelogic/jsure/BlockingFIFO.java'
	 hash='803008296'
	 context='-1009164568'
	 id='699'
	 message='ProposedPromiseDrop @RequiresLock(BufLock)'
	 target-project='BoundedFIFOJSure'
	 java-annotation='@RequiresLock(&quot;BufLock&quot;)'
	 annotation-type='RequiresLock'
	 contents='BufLock'
	 from-project='BoundedFIFOJSure'
	 full-type='edu.cmu.cs.fluid.sea.ProposedPromiseDrop'/>

<result-drop type='ResultDrop'
	 offset='1488'
	 line='58'
	 path='BoundedFIFOJSure/src/com/surelogic/jsure/BoundedFIFO.java'
	 uri='file:/D:/work/update-script-workspace/BoundedFIFOJSure/src/com/surelogic/jsure/BoundedFIFO.java'
	 file='file:/D:/work/update-script-workspace/BoundedFIFOJSure/src/com/surelogic/jsure/BoundedFIFO.java'
	 hash='2135064005'
	 context='-968509295'
	 id='754'
	 message='Lock &quot;&lt;this&gt;:BufLock&quot; held when accessing (this.numElts)'
	 category='protected field access(es)'
	 result-type='LockAnalysis_ds_FieldAccessAssured'
	 message-id='(203,&lt;this&gt;:BufLock,(this.numElts),null)'
	 consistent='true'
	 proved-consistent='true'
	 full-type='edu.cmu.cs.fluid.sea.ResultDrop'/>

<ir-drop type='ProposedPromiseDrop'
	 offset='1812'
	 line='70'
	 path='BoundedFIFOJSure/src/com/surelogic/jsure/BoundedFIFO.java'
	 uri='file:/D:/work/update-script-workspace/BoundedFIFOJSure/src/com/surelogic/jsure/BoundedFIFO.java'
	 file='file:/D:/work/update-script-workspace/BoundedFIFOJSure/src/com/surelogic/jsure/BoundedFIFO.java'
	 hash='1420648169'
	 context='-398113170'
	 id='758'
	 message='ProposedPromiseDrop @RegionEffects(writes any(java.lang.Object):Instance)'
	 target-project='BoundedFIFOJSure'
	 java-annotation='@RegionEffects(&quot;writes any(java.lang.Object):Instance&quot;)'
	 annotation-type='RegionEffects'
	 contents='writes any(java.lang.Object):Instance'
	 from-project='BoundedFIFOJSure'
	 full-type='edu.cmu.cs.fluid.sea.ProposedPromiseDrop'/>

<ir-drop type='ProposedPromiseDrop'
	 offset='2672'
	 line='107'
	 path='BoundedFIFOJSure/src/com/surelogic/jsure/BoundedFIFO.java'
	 uri='file:/D:/work/update-script-workspace/BoundedFIFOJSure/src/com/surelogic/jsure/BoundedFIFO.java'
	 file='file:/D:/work/update-script-workspace/BoundedFIFOJSure/src/com/surelogic/jsure/BoundedFIFO.java'
	 hash='981319203'
	 context='-759745197'
	 id='762'
	 message='ProposedPromiseDrop @RegionEffects(reads this:Instance)'
	 target-project='BoundedFIFOJSure'
	 java-annotation='@RegionEffects(&quot;reads this:Instance&quot;)'
	 annotation-type='RegionEffects'
	 contents='reads this:Instance'
	 from-project='BoundedFIFOJSure'
	 full-type='edu.cmu.cs.fluid.sea.ProposedPromiseDrop'/>

<result-drop type='ResultDrop'
	 offset='870'
	 line='31'
	 path='BoundedFIFOJSure/src/com/surelogic/jsure/BoundedFIFO.java'
	 uri='file:/D:/work/update-script-workspace/BoundedFIFOJSure/src/com/surelogic/jsure/BoundedFIFO.java'
	 file='file:/D:/work/update-script-workspace/BoundedFIFOJSure/src/com/surelogic/jsure/BoundedFIFO.java'
	 hash='131428253'
	 context='-270610198'
	 id='780'
	 message='Lock &quot;&lt;this&gt;:BufLock&quot; not held when accessing first = 0'
	 category='unprotected field access(es); possible race condition detected'
	 message-id='(205,&lt;this&gt;:BufLock,first = 0,null)'
	 result-type='LockAnalysis_ds_FieldAccessNotAssured'
	 full-type='edu.cmu.cs.fluid.sea.ResultDrop'/>

<ir-drop type='ProposedPromiseDrop'
	 offset='1072'
	 line='41'
	 path='BoundedFIFOJSure/src/com/surelogic/jsure/BoundedFIFO.java'
	 uri='file:/D:/work/update-script-workspace/BoundedFIFOJSure/src/com/surelogic/jsure/BoundedFIFO.java'
	 file='file:/D:/work/update-script-workspace/BoundedFIFOJSure/src/com/surelogic/jsure/BoundedFIFO.java'
	 hash='88407834'
	 context='-1313831777'
	 id='781'
	 message='ProposedPromiseDrop @Unique(return)'
	 target-project='BoundedFIFOJSure'
	 java-annotation='@Unique(&quot;return&quot;)'
	 annotation-type='Unique'
	 contents='return'
	 from-project='BoundedFIFOJSure'
	 full-type='edu.cmu.cs.fluid.sea.ProposedPromiseDrop'/>

<result-drop type='ResultDrop'
	 offset='2943'
	 line='116'
	 path='BoundedFIFOJSure/src/com/surelogic/jsure/BoundedFIFO.java'
	 uri='file:/D:/work/update-script-workspace/BoundedFIFOJSure/src/com/surelogic/jsure/BoundedFIFO.java'
	 file='file:/D:/work/update-script-workspace/BoundedFIFOJSure/src/com/surelogic/jsure/BoundedFIFO.java'
	 hash='-605668015'
	 context='-443932331'
	 id='796'
	 message='Lock &quot;&lt;this&gt;:BufLock&quot; held when accessing this.size'
	 category='protected field access(es)'
	 result-type='LockAnalysis_ds_FieldAccessAssured'
	 message-id='(203,&lt;this&gt;:BufLock,this.size,null)'
	 consistent='true'
	 full-type='edu.cmu.cs.fluid.sea.ResultDrop'/>

<result-drop type='ResultDrop'
	 offset='2047'
	 line='83'
	 path='BoundedFIFOJSure/src/com/surelogic/jsure/BoundedFIFO.java'
	 uri='file:/D:/work/update-script-workspace/BoundedFIFOJSure/src/com/surelogic/jsure/BoundedFIFO.java'
	 file='file:/D:/work/update-script-workspace/BoundedFIFOJSure/src/com/surelogic/jsure/BoundedFIFO.java'
	 hash='-605668015'
	 context='-1105696053'
	 id='820'
	 message='Lock &quot;&lt;this&gt;:BufLock&quot; held when accessing this.size'
	 category='protected field access(es)'
	 result-type='LockAnalysis_ds_FieldAccessAssured'
	 message-id='(203,&lt;this&gt;:BufLock,this.size,null)'
	 consistent='true'
	 proved-consistent='true'
	 full-type='edu.cmu.cs.fluid.sea.ResultDrop'/>

<ir-drop type='WarningDrop'
	 offset='1876'
	 line='72'
	 path='BoundedFIFOJSure/src/com/surelogic/jsure/BoundedFIFO.java'
	 uri='file:/D:/work/update-script-workspace/BoundedFIFOJSure/src/com/surelogic/jsure/BoundedFIFO.java'
	 file='file:/D:/work/update-script-workspace/BoundedFIFOJSure/src/com/surelogic/jsure/BoundedFIFO.java'
	 hash='-49834690'
	 context='-398113170'
	 id='825'
	 message='Field reference &quot;this.buf [ this.next ]&quot; may be to a shared unprotected object'
	 category='protected reference(s) to a possibly shared unprotected object; possible race condition detected'
	 message-id='(201,this.buf [ this.next ])'
	 result-type='LockAnalysis_ds_AggregationNeeded'
	 full-type='edu.cmu.cs.fluid.sea.WarningDrop'/>

<ir-drop type='ProposedPromiseDrop'
	 offset='815'
	 line='28'
	 path='BoundedFIFOJSure/src/com/surelogic/jsure/BoundedFIFO.java'
	 uri='file:/D:/work/update-script-workspace/BoundedFIFOJSure/src/com/surelogic/jsure/BoundedFIFO.java'
	 file='file:/D:/work/update-script-workspace/BoundedFIFOJSure/src/com/surelogic/jsure/BoundedFIFO.java'
	 hash='97907'
	 context='-728775891'
	 id='826'
	 message='ProposedPromiseDrop @Unique()'
	 target-project='BoundedFIFOJSure'
	 java-annotation='@Unique'
	 annotation-type='Unique'
	 from-project='BoundedFIFOJSure'
	 full-type='edu.cmu.cs.fluid.sea.ProposedPromiseDrop'/>

<result-drop type='ResultDrop'
	 offset='1920'
	 line='74'
	 path='BoundedFIFOJSure/src/com/surelogic/jsure/BoundedFIFO.java'
	 uri='file:/D:/work/update-script-workspace/BoundedFIFOJSure/src/com/surelogic/jsure/BoundedFIFO.java'
	 file='file:/D:/work/update-script-workspace/BoundedFIFOJSure/src/com/surelogic/jsure/BoundedFIFO.java'
	 hash='-605820861'
	 context='178982695'
	 id='830'
	 message='Lock &quot;&lt;this&gt;:BufLock&quot; held when accessing this.next'
	 category='protected field access(es)'
	 result-type='LockAnalysis_ds_FieldAccessAssured'
	 message-id='(203,&lt;this&gt;:BufLock,this.next,null)'
	 consistent='true'
	 full-type='edu.cmu.cs.fluid.sea.ResultDrop'/>

<ir-drop type='ProposedPromiseDrop'
	 offset='2896'
	 line='115'
	 path='BoundedFIFOJSure/src/com/surelogic/jsure/BoundedFIFO.java'
	 uri='file:/D:/work/update-script-workspace/BoundedFIFOJSure/src/com/surelogic/jsure/BoundedFIFO.java'
	 file='file:/D:/work/update-script-workspace/BoundedFIFOJSure/src/com/surelogic/jsure/BoundedFIFO.java'
	 hash='1874440324'
	 context='-134196960'
	 id='908'
	 message='ProposedPromiseDrop @RegionEffects(reads this:Instance)'
	 target-project='BoundedFIFOJSure'
	 java-annotation='@RegionEffects(&quot;reads this:Instance&quot;)'
	 annotation-type='RegionEffects'
	 contents='reads this:Instance'
	 from-project='BoundedFIFOJSure'
	 full-type='edu.cmu.cs.fluid.sea.ProposedPromiseDrop'/>

<result-drop type='ResultDrop'
	 offset='263'
	 line='14'
	 path='BoundedFIFOJSure/src/com/surelogic/jsure/BlockingFIFO.java'
	 uri='file:/D:/work/update-script-workspace/BoundedFIFOJSure/src/com/surelogic/jsure/BlockingFIFO.java'
	 file='file:/D:/work/update-script-workspace/BoundedFIFOJSure/src/com/surelogic/jsure/BlockingFIFO.java'
	 hash='-1341494777'
	 context='-442105391'
	 id='928'
	 message='Lock &quot;&lt;this.fifo&gt;:MUTEX&quot; not held when invoking this.fifo.wait; precondition unsatisfied'
	 category='lock precondition(s) not satisfied; possible race conditions enabled'
	 message-id='(209,&lt;this.fifo&gt;:MUTEX,this.fifo.wait,null)'
	 result-type='LockAnalysis_ds_PreconditionsNotAssured'
	 full-type='edu.cmu.cs.fluid.sea.ResultDrop'/>

<ir-drop type='ProposedPromiseDrop'
	 offset='2447'
	 line='99'
	 path='BoundedFIFOJSure/src/com/surelogic/jsure/BoundedFIFO.java'
	 uri='file:/D:/work/update-script-workspace/BoundedFIFOJSure/src/com/surelogic/jsure/BoundedFIFO.java'
	 file='file:/D:/work/update-script-workspace/BoundedFIFOJSure/src/com/surelogic/jsure/BoundedFIFO.java'
	 hash='-1390514151'
	 context='1105176043'
	 id='944'
	 message='ProposedPromiseDrop @RegionEffects(reads this:Instance)'
	 target-project='BoundedFIFOJSure'
	 java-annotation='@RegionEffects(&quot;reads this:Instance&quot;)'
	 annotation-type='RegionEffects'
	 contents='reads this:Instance'
	 from-project='BoundedFIFOJSure'
	 full-type='edu.cmu.cs.fluid.sea.ProposedPromiseDrop'/>

<result-drop type='ResultDrop'
	 offset='2932'
	 line='116'
	 path='BoundedFIFOJSure/src/com/surelogic/jsure/BoundedFIFO.java'
	 uri='file:/D:/work/update-script-workspace/BoundedFIFOJSure/src/com/surelogic/jsure/BoundedFIFO.java'
	 file='file:/D:/work/update-script-workspace/BoundedFIFOJSure/src/com/surelogic/jsure/BoundedFIFO.java'
	 hash='-110077252'
	 context='-1783038560'
	 id='945'
	 message='Lock &quot;&lt;this&gt;:BufLock&quot; held when accessing this.numElts'
	 category='protected field access(es)'
	 result-type='LockAnalysis_ds_FieldAccessAssured'
	 message-id='(203,&lt;this&gt;:BufLock,this.numElts,null)'
	 consistent='true'
	 full-type='edu.cmu.cs.fluid.sea.ResultDrop'/>

<ir-drop type='ProposedPromiseDrop'
	 offset='2209'
	 line='90'
	 path='BoundedFIFOJSure/src/com/surelogic/jsure/BoundedFIFO.java'
	 uri='file:/D:/work/update-script-workspace/BoundedFIFOJSure/src/com/surelogic/jsure/BoundedFIFO.java'
	 file='file:/D:/work/update-script-workspace/BoundedFIFOJSure/src/com/surelogic/jsure/BoundedFIFO.java'
	 hash='-619934927'
	 context='-1903378963'
	 id='964'
	 message='ProposedPromiseDrop @RegionEffects(reads this:Instance)'
	 target-project='BoundedFIFOJSure'
	 java-annotation='@RegionEffects(&quot;reads this:Instance&quot;)'
	 annotation-type='RegionEffects'
	 contents='reads this:Instance'
	 from-project='BoundedFIFOJSure'
	 full-type='edu.cmu.cs.fluid.sea.ProposedPromiseDrop'/>

<result-drop type='ResultDrop'
	 offset='694'
	 line='40'
	 path='BoundedFIFOJSure/src/com/surelogic/jsure/BlockingFIFO.java'
	 uri='file:/D:/work/update-script-workspace/BoundedFIFOJSure/src/com/surelogic/jsure/BlockingFIFO.java'
	 file='file:/D:/work/update-script-workspace/BoundedFIFOJSure/src/com/surelogic/jsure/BlockingFIFO.java'
	 hash='-930704549'
	 context='-1610301880'
	 id='966'
	 message='Lock &quot;&lt;this.fifo&gt;:MUTEX&quot; held when invoking this.fifo.notify; precondition satisfied'
	 category='lock precondition(s) satisfied'
	 result-type='LockAnalysis_ds_PreconditionsAssured'
	 message-id='(207,&lt;this.fifo&gt;:MUTEX,this.fifo.notify,null)'
	 consistent='true'
	 proved-consistent='true'
	 full-type='edu.cmu.cs.fluid.sea.ResultDrop'/>

<result-drop type='ResultDrop'
	 offset='427'
	 line='24'
	 path='BoundedFIFOJSure/src/com/surelogic/jsure/BlockingFIFO.java'
	 uri='file:/D:/work/update-script-workspace/BoundedFIFOJSure/src/com/surelogic/jsure/BlockingFIFO.java'
	 file='file:/D:/work/update-script-workspace/BoundedFIFOJSure/src/com/surelogic/jsure/BlockingFIFO.java'
	 hash='-867967697'
	 context='1902123371'
	 id='979'
	 message='Lock &quot;&lt;this.fifo&gt;:BufLock&quot; not held when invoking this.fifo.put(e); precondition unsatisfied'
	 category='lock precondition(s) not satisfied; possible race conditions enabled'
	 message-id='(209,&lt;this.fifo&gt;:BufLock,this.fifo.put(e),null)'
	 result-type='LockAnalysis_ds_PreconditionsNotAssured'
	 full-type='edu.cmu.cs.fluid.sea.ResultDrop'/>

<ir-drop type='ProposedPromiseDrop'
	 offset='163'
	 line='10'
	 path='BoundedFIFOJSure/src/com/surelogic/jsure/BlockingFIFO.java'
	 uri='file:/D:/work/update-script-workspace/BoundedFIFOJSure/src/com/surelogic/jsure/BlockingFIFO.java'
	 file='file:/D:/work/update-script-workspace/BoundedFIFOJSure/src/com/surelogic/jsure/BlockingFIFO.java'
	 hash='803008296'
	 context='-1009164568'
	 id='980'
	 message='ProposedPromiseDrop @RequiresLock(BufLock)'
	 target-project='BoundedFIFOJSure'
	 java-annotation='@RequiresLock(&quot;BufLock&quot;)'
	 annotation-type='RequiresLock'
	 contents='BufLock'
	 from-project='BoundedFIFOJSure'
	 full-type='edu.cmu.cs.fluid.sea.ProposedPromiseDrop'/>

<result-drop type='ResultDrop'
	 offset='1864'
	 line='71'
	 path='BoundedFIFOJSure/src/com/surelogic/jsure/BoundedFIFO.java'
	 uri='file:/D:/work/update-script-workspace/BoundedFIFOJSure/src/com/surelogic/jsure/BoundedFIFO.java'
	 file='file:/D:/work/update-script-workspace/BoundedFIFOJSure/src/com/surelogic/jsure/BoundedFIFO.java'
	 hash='-605668015'
	 context='1653407321'
	 id='1025'
	 message='Lock &quot;&lt;this&gt;:BufLock&quot; held when accessing this.size'
	 category='protected field access(es)'
	 result-type='LockAnalysis_ds_FieldAccessAssured'
	 message-id='(203,&lt;this&gt;:BufLock,this.size,null)'
	 consistent='true'
	 full-type='edu.cmu.cs.fluid.sea.ResultDrop'/>

<result-drop type='ResultDrop'
	 offset='2709'
	 line='108'
	 path='BoundedFIFOJSure/src/com/surelogic/jsure/BoundedFIFO.java'
	 uri='file:/D:/work/update-script-workspace/BoundedFIFOJSure/src/com/surelogic/jsure/BoundedFIFO.java'
	 file='file:/D:/work/update-script-workspace/BoundedFIFOJSure/src/com/surelogic/jsure/BoundedFIFO.java'
	 hash='-110077252'
	 context='-334227245'
	 id='1049'
	 message='Lock &quot;&lt;this&gt;:BufLock&quot; held when accessing this.numElts'
	 category='protected field access(es)'
	 result-type='LockAnalysis_ds_FieldAccessAssured'
	 message-id='(203,&lt;this&gt;:BufLock,this.numElts,null)'
	 consistent='true'
	 proved-consistent='true'
	 full-type='edu.cmu.cs.fluid.sea.ResultDrop'/>

<ir-drop type='WarningDrop'
	 offset='213'
	 line='11'
	 path='BoundedFIFOJSure/src/com/surelogic/jsure/BlockingFIFO.java'
	 uri='file:/D:/work/update-script-workspace/BoundedFIFOJSure/src/com/surelogic/jsure/BlockingFIFO.java'
	 file='file:/D:/work/update-script-workspace/BoundedFIFOJSure/src/com/surelogic/jsure/BlockingFIFO.java'
	 hash='3559070'
	 context='-1009164568'
	 id='1050'
	 message='Lock expression &quot;this&quot; does not name a programmer-declared lock; consider declaring what state is protected by the referenced lock'
	 category='unidentifiable lock(s); what is the name of the lock? what state is being protected?'
	 message-id='(220,this)'
	 result-type='LockAnalysis_ds_UnidentifiableLock'
	 full-type='edu.cmu.cs.fluid.sea.WarningDrop'/>

<result-drop type='ResultDrop'
	 offset='653'
	 line='38'
	 path='BoundedFIFOJSure/src/com/surelogic/jsure/BlockingFIFO.java'
	 uri='file:/D:/work/update-script-workspace/BoundedFIFOJSure/src/com/surelogic/jsure/BlockingFIFO.java'
	 file='file:/D:/work/update-script-workspace/BoundedFIFOJSure/src/com/surelogic/jsure/BlockingFIFO.java'
	 hash='1896373380'
	 context='-20388523'
	 id='1099'
	 message='Lock &quot;&lt;this.fifo&gt;:BufLock&quot; held when invoking this.fifo.get; precondition satisfied'
	 category='lock precondition(s) satisfied'
	 result-type='LockAnalysis_ds_PreconditionsAssured'
	 message-id='(207,&lt;this.fifo&gt;:BufLock,this.fifo.get,null)'
	 consistent='true'
	 proved-consistent='true'
	 full-type='edu.cmu.cs.fluid.sea.ResultDrop'/>

<ir-drop type='ProposedPromiseDrop'
	 offset='1349'
	 line='52'
	 path='BoundedFIFOJSure/src/com/surelogic/jsure/BoundedFIFO.java'
	 uri='file:/D:/work/update-script-workspace/BoundedFIFOJSure/src/com/surelogic/jsure/BoundedFIFO.java'
	 file='file:/D:/work/update-script-workspace/BoundedFIFOJSure/src/com/surelogic/jsure/BoundedFIFO.java'
	 hash='-1878828405'
	 context='-269806319'
	 id='1110'
	 message='ProposedPromiseDrop @RegionEffects(reads any(java.lang.Object):Instance; writes this:Instance)'
	 target-project='BoundedFIFOJSure'
	 java-annotation='@RegionEffects(&quot;reads any(java.lang.Object):Instance; writes this:Instance&quot;)'
	 annotation-type='RegionEffects'
	 contents='reads any(java.lang.Object):Instance; writes this:Instance'
	 from-project='BoundedFIFOJSure'
	 full-type='edu.cmu.cs.fluid.sea.ProposedPromiseDrop'/>

<ir-drop type='ProposedPromiseDrop'
	 offset='163'
	 line='10'
	 path='BoundedFIFOJSure/src/com/surelogic/jsure/BlockingFIFO.java'
	 uri='file:/D:/work/update-script-workspace/BoundedFIFOJSure/src/com/surelogic/jsure/BlockingFIFO.java'
	 file='file:/D:/work/update-script-workspace/BoundedFIFOJSure/src/com/surelogic/jsure/BlockingFIFO.java'
	 hash='803008296'
	 context='-1009164568'
	 id='1144'
	 message='ProposedPromiseDrop @RequiresLock(BufLock)'
	 target-project='BoundedFIFOJSure'
	 java-annotation='@RequiresLock(&quot;BufLock&quot;)'
	 annotation-type='RequiresLock'
	 contents='BufLock'
	 from-project='BoundedFIFOJSure'
	 full-type='edu.cmu.cs.fluid.sea.ProposedPromiseDrop'/>

<result-drop type='ResultDrop'
	 offset='1165'
	 line='44'
	 path='BoundedFIFOJSure/src/com/surelogic/jsure/BoundedFIFO.java'
	 uri='file:/D:/work/update-script-workspace/BoundedFIFOJSure/src/com/surelogic/jsure/BoundedFIFO.java'
	 file='file:/D:/work/update-script-workspace/BoundedFIFOJSure/src/com/surelogic/jsure/BoundedFIFO.java'
	 hash='-605668015'
	 context='1385517012'
	 id='1198'
	 message='Lock &quot;&lt;this&gt;:BufLock&quot; not held when accessing this.size'
	 category='unprotected field access(es); possible race condition detected'
	 message-id='(205,&lt;this&gt;:BufLock,this.size,null)'
	 result-type='LockAnalysis_ds_FieldAccessNotAssured'
	 full-type='edu.cmu.cs.fluid.sea.ResultDrop'/>

<result-drop type='ResultDrop'
	 offset='1186'
	 line='45'
	 path='BoundedFIFOJSure/src/com/surelogic/jsure/BoundedFIFO.java'
	 uri='file:/D:/work/update-script-workspace/BoundedFIFOJSure/src/com/surelogic/jsure/BoundedFIFO.java'
	 file='file:/D:/work/update-script-workspace/BoundedFIFOJSure/src/com/surelogic/jsure/BoundedFIFO.java'
	 hash='1227372323'
	 context='435203526'
	 id='1210'
	 message='Lock &quot;&lt;this&gt;:BufLock&quot; not held when accessing this.buf'
	 category='unprotected field access(es); possible race condition detected'
	 message-id='(205,&lt;this&gt;:BufLock,this.buf,null)'
	 result-type='LockAnalysis_ds_FieldAccessNotAssured'
	 full-type='edu.cmu.cs.fluid.sea.ResultDrop'/>

<result-drop type='ResultDrop'
	 offset='2485'
	 line='100'
	 path='BoundedFIFOJSure/src/com/surelogic/jsure/BoundedFIFO.java'
	 uri='file:/D:/work/update-script-workspace/BoundedFIFOJSure/src/com/surelogic/jsure/BoundedFIFO.java'
	 file='file:/D:/work/update-script-workspace/BoundedFIFOJSure/src/com/surelogic/jsure/BoundedFIFO.java'
	 hash='-110077252'
	 context='1411330667'
	 id='1211'
	 message='Lock &quot;&lt;this&gt;:BufLock&quot; held when accessing this.numElts'
	 category='protected field access(es)'
	 result-type='LockAnalysis_ds_FieldAccessAssured'
	 message-id='(203,&lt;this&gt;:BufLock,this.numElts,null)'
	 consistent='true'
	 full-type='edu.cmu.cs.fluid.sea.ResultDrop'/>

<result-drop type='ResultDrop'
	 offset='853'
	 line='30'
	 path='BoundedFIFOJSure/src/com/surelogic/jsure/BoundedFIFO.java'
	 uri='file:/D:/work/update-script-workspace/BoundedFIFOJSure/src/com/surelogic/jsure/BoundedFIFO.java'
	 file='file:/D:/work/update-script-workspace/BoundedFIFOJSure/src/com/surelogic/jsure/BoundedFIFO.java'
	 hash='-568260359'
	 context='784257478'
	 id='1212'
	 message='Lock &quot;&lt;this&gt;:BufLock&quot; not held when accessing numElts = 0'
	 category='unprotected field access(es); possible race condition detected'
	 message-id='(205,&lt;this&gt;:BufLock,numElts = 0,null)'
	 result-type='LockAnalysis_ds_FieldAccessNotAssured'
	 full-type='edu.cmu.cs.fluid.sea.ResultDrop'/>

<result-drop type='ResultDrop'
	 offset='1474'
	 line='57'
	 path='BoundedFIFOJSure/src/com/surelogic/jsure/BoundedFIFO.java'
	 uri='file:/D:/work/update-script-workspace/BoundedFIFOJSure/src/com/surelogic/jsure/BoundedFIFO.java'
	 file='file:/D:/work/update-script-workspace/BoundedFIFOJSure/src/com/surelogic/jsure/BoundedFIFO.java'
	 hash='-1607852192'
	 context='1225240429'
	 id='1213'
	 message='Lock &quot;&lt;this&gt;:BufLock&quot; held when accessing this.first'
	 category='protected field access(es)'
	 result-type='LockAnalysis_ds_FieldAccessAssured'
	 message-id='(203,&lt;this&gt;:BufLock,this.first,null)'
	 consistent='true'
	 proved-consistent='true'
	 full-type='edu.cmu.cs.fluid.sea.ResultDrop'/>

<result-drop type='ResultDrop'
	 offset='1853'
	 line='71'
	 path='BoundedFIFOJSure/src/com/surelogic/jsure/BoundedFIFO.java'
	 uri='file:/D:/work/update-script-workspace/BoundedFIFOJSure/src/com/surelogic/jsure/BoundedFIFO.java'
	 file='file:/D:/work/update-script-workspace/BoundedFIFOJSure/src/com/surelogic/jsure/BoundedFIFO.java'
	 hash='-110077252'
	 context='523364846'
	 id='1214'
	 message='Lock &quot;&lt;this&gt;:BufLock&quot; held when accessing this.numElts'
	 category='protected field access(es)'
	 result-type='LockAnalysis_ds_FieldAccessAssured'
	 message-id='(203,&lt;this&gt;:BufLock,this.numElts,null)'
	 consistent='true'
	 full-type='edu.cmu.cs.fluid.sea.ResultDrop'/>

<result-drop type='ResultDrop'
	 offset='1876'
	 line='72'
	 path='BoundedFIFOJSure/src/com/surelogic/jsure/BoundedFIFO.java'
	 uri='file:/D:/work/update-script-workspace/BoundedFIFOJSure/src/com/surelogic/jsure/BoundedFIFO.java'
	 file='file:/D:/work/update-script-workspace/BoundedFIFOJSure/src/com/surelogic/jsure/BoundedFIFO.java'
	 hash='1227372323'
	 context='289942439'
	 id='1215'
	 message='Lock &quot;&lt;this&gt;:BufLock&quot; held when accessing this.buf'
	 category='protected field access(es)'
	 result-type='LockAnalysis_ds_FieldAccessAssured'
	 message-id='(203,&lt;this&gt;:BufLock,this.buf,null)'
	 consistent='true'
	 full-type='edu.cmu.cs.fluid.sea.ResultDrop'/>

<result-drop type='ResultDrop'
	 offset='2241'
	 line='91'
	 path='BoundedFIFOJSure/src/com/surelogic/jsure/BoundedFIFO.java'
	 uri='file:/D:/work/update-script-workspace/BoundedFIFOJSure/src/com/surelogic/jsure/BoundedFIFO.java'
	 file='file:/D:/work/update-script-workspace/BoundedFIFOJSure/src/com/surelogic/jsure/BoundedFIFO.java'
	 hash='-110077252'
	 context='742746733'
	 id='1216'
	 message='Lock &quot;&lt;this&gt;:BufLock&quot; held when accessing this.numElts'
	 category='protected field access(es)'
	 result-type='LockAnalysis_ds_FieldAccessAssured'
	 message-id='(203,&lt;this&gt;:BufLock,this.numElts,null)'
	 consistent='true'
	 proved-consistent='true'
	 full-type='edu.cmu.cs.fluid.sea.ResultDrop'/>

<ir-drop type='ProposedPromiseDrop'
	 offset='163'
	 line='10'
	 path='BoundedFIFOJSure/src/com/surelogic/jsure/BlockingFIFO.java'
	 uri='file:/D:/work/update-script-workspace/BoundedFIFOJSure/src/com/surelogic/jsure/BlockingFIFO.java'
	 file='file:/D:/work/update-script-workspace/BoundedFIFOJSure/src/com/surelogic/jsure/BlockingFIFO.java'
	 hash='803008296'
	 context='-1009164568'
	 id='1254'
	 message='ProposedPromiseDrop @RequiresLock(BufLock)'
	 target-project='BoundedFIFOJSure'
	 java-annotation='@RequiresLock(&quot;BufLock&quot;)'
	 annotation-type='RequiresLock'
	 contents='BufLock'
	 from-project='BoundedFIFOJSure'
	 full-type='edu.cmu.cs.fluid.sea.ProposedPromiseDrop'/>

<result-drop type='ResultDrop'
	 offset='345'
	 line='19'
	 path='BoundedFIFOJSure/src/com/surelogic/jsure/BlockingFIFO.java'
	 uri='file:/D:/work/update-script-workspace/BoundedFIFOJSure/src/com/surelogic/jsure/BlockingFIFO.java'
	 file='file:/D:/work/update-script-workspace/BoundedFIFOJSure/src/com/surelogic/jsure/BlockingFIFO.java'
	 hash='-867967697'
	 context='1902123371'
	 id='1313'
	 message='Lock &quot;&lt;this.fifo&gt;:BufLock&quot; not held when invoking this.fifo.put(e); precondition unsatisfied'
	 category='lock precondition(s) not satisfied; possible race conditions enabled'
	 message-id='(209,&lt;this.fifo&gt;:BufLock,this.fifo.put(e),null)'
	 result-type='LockAnalysis_ds_PreconditionsNotAssured'
	 full-type='edu.cmu.cs.fluid.sea.ResultDrop'/>

<ir-drop type='ProposedPromiseDrop'
	 offset='163'
	 line='10'
	 path='BoundedFIFOJSure/src/com/surelogic/jsure/BlockingFIFO.java'
	 uri='file:/D:/work/update-script-workspace/BoundedFIFOJSure/src/com/surelogic/jsure/BlockingFIFO.java'
	 file='file:/D:/work/update-script-workspace/BoundedFIFOJSure/src/com/surelogic/jsure/BlockingFIFO.java'
	 hash='803008296'
	 context='-1009164568'
	 id='1416'
	 message='ProposedPromiseDrop @RegionEffects(writes java.lang.Object:All)'
	 target-project='BoundedFIFOJSure'
	 java-annotation='@RegionEffects(&quot;writes java.lang.Object:All&quot;)'
	 annotation-type='RegionEffects'
	 contents='writes java.lang.Object:All'
	 from-project='BoundedFIFOJSure'
	 full-type='edu.cmu.cs.fluid.sea.ProposedPromiseDrop'/>

<result-drop type='ResultDrop'
	 offset='365'
	 line='20'
	 path='BoundedFIFOJSure/src/com/surelogic/jsure/BlockingFIFO.java'
	 uri='file:/D:/work/update-script-workspace/BoundedFIFOJSure/src/com/surelogic/jsure/BlockingFIFO.java'
	 file='file:/D:/work/update-script-workspace/BoundedFIFOJSure/src/com/surelogic/jsure/BlockingFIFO.java'
	 hash='2144695158'
	 context='-1276457664'
	 id='1458'
	 message='Lock &quot;&lt;this.fifo&gt;:BufLock&quot; not held when invoking this.fifo.wasEmpty; precondition unsatisfied'
	 category='lock precondition(s) not satisfied; possible race conditions enabled'
	 message-id='(209,&lt;this.fifo&gt;:BufLock,this.fifo.wasEmpty,null)'
	 result-type='LockAnalysis_ds_PreconditionsNotAssured'
	 full-type='edu.cmu.cs.fluid.sea.ResultDrop'/>

<promise-drop type='RequiresLockPromiseDrop'
	 offset='2447'
	 line='99'
	 path='BoundedFIFOJSure/src/com/surelogic/jsure/BoundedFIFO.java'
	 uri='file:/D:/work/update-script-workspace/BoundedFIFOJSure/src/com/surelogic/jsure/BoundedFIFO.java'
	 file='file:/D:/work/update-script-workspace/BoundedFIFOJSure/src/com/surelogic/jsure/BoundedFIFO.java'
	 hash='-1390514151'
	 context='1105176043'
	 virtual='true'
	 id='1459'
	 message='RequiresLock BufLock on com.surelogic.jsure.BoundedFIFO.wasEmpty()'
	 category='lock precondition(s)'
	 to-be-checked-by-analysis='true'
	 from-src='true'
	 message-id='(102,RequiresLock BufLock,com.surelogic.jsure.BoundedFIFO.wasEmpty())'
	 checked-by-analysis='true'
	 full-type='edu.cmu.cs.fluid.sea.drops.promises.RequiresLockPromiseDrop'/>

<result-drop type='ResultDrop'
	 offset='411'
	 line='23'
	 path='BoundedFIFOJSure/src/com/surelogic/jsure/BlockingFIFO.java'
	 uri='file:/D:/work/update-script-workspace/BoundedFIFOJSure/src/com/surelogic/jsure/BlockingFIFO.java'
	 file='file:/D:/work/update-script-workspace/BoundedFIFOJSure/src/com/surelogic/jsure/BlockingFIFO.java'
	 hash='-867967697'
	 context='1902123371'
	 id='1461'
	 message='Lock &quot;&lt;this.fifo&gt;:BufLock&quot; not held when invoking this.fifo.put(e); precondition unsatisfied'
	 category='lock precondition(s) not satisfied; possible race conditions enabled'
	 message-id='(209,&lt;this.fifo&gt;:BufLock,this.fifo.put(e),null)'
	 result-type='LockAnalysis_ds_PreconditionsNotAssured'
	 full-type='edu.cmu.cs.fluid.sea.ResultDrop'/>

<ir-drop type='ProposedPromiseDrop'
	 offset='736'
	 line='46'
	 path='BoundedFIFOJSure/src/com/surelogic/jsure/BlockingFIFO.java'
	 uri='file:/D:/work/update-script-workspace/BoundedFIFOJSure/src/com/surelogic/jsure/BlockingFIFO.java'
	 file='file:/D:/work/update-script-workspace/BoundedFIFOJSure/src/com/surelogic/jsure/BlockingFIFO.java'
	 hash='97438872'
	 context='1303360307'
	 id='1486'
	 message='ProposedPromiseDrop @RegionEffects(writes java.lang.Object:All)'
	 target-project='BoundedFIFOJSure'
	 java-annotation='@RegionEffects(&quot;writes java.lang.Object:All&quot;)'
	 annotation-type='RegionEffects'
	 contents='writes java.lang.Object:All'
	 from-project='BoundedFIFOJSure'
	 full-type='edu.cmu.cs.fluid.sea.ProposedPromiseDrop'/>

<ir-drop type='ProposedPromiseDrop'
	 offset='449'
	 line='28'
	 path='BoundedFIFOJSure/src/com/surelogic/jsure/BlockingFIFO.java'
	 uri='file:/D:/work/update-script-workspace/BoundedFIFOJSure/src/com/surelogic/jsure/BlockingFIFO.java'
	 file='file:/D:/work/update-script-workspace/BoundedFIFOJSure/src/com/surelogic/jsure/BlockingFIFO.java'
	 hash='2145759295'
	 context='78615947'
	 id='1541'
	 message='ProposedPromiseDrop @RegionEffects(writes java.lang.Object:All)'
	 target-project='BoundedFIFOJSure'
	 java-annotation='@RegionEffects(&quot;writes java.lang.Object:All&quot;)'
	 annotation-type='RegionEffects'
	 contents='writes java.lang.Object:All'
	 from-project='BoundedFIFOJSure'
	 full-type='edu.cmu.cs.fluid.sea.ProposedPromiseDrop'/>

</sea-summary>

