<?xml version='1.0' encoding='UTF-8' standalone='yes'?>
<sea-summary time='Dec 16, 2010 12:41:10 PM'
	 project='BoundedFIFOJSure'>

<count RegionModel='2'/>
<count PromisePromiseDrop='1'/>
<count ProposedPromiseDrop='37'/>
<count LockModel='2'/>
<count RequiresLockPromiseDrop='7'/>
<count ResultDrop='40'/>
<count WarningDrop='3'/>
<ir-drop type='ProposedPromiseDrop'
	 offset='30'
	 line='3'
	 path='BoundedFIFOJSure/src/com/surelogic/jsure/LoggingEvent.java'
	 uri='file:/C:/work/jsure-test-update-script-workspace/.jsure-data/BoundedFIFOJSure%202010-12-16%2012-41-03/srcs/BoundedFIFOJSure/BoundedFIFOJSure/src/com/surelogic/jsure/LoggingEvent.java'
	 file='file:/C:/work/jsure-test-update-script-workspace/.jsure-data/BoundedFIFOJSure%202010-12-16%2012-41-03/srcs/BoundedFIFOJSure/BoundedFIFOJSure/src/com/surelogic/jsure/LoggingEvent.java'
	 hash='439958362'
	 context='-591630994'
	 message='ProposedPromiseDrop @RegionEffects(none)'
	 java-annotation='@RegionEffects(&quot;none&quot;)'
	 annotation-type='RegionEffects'
	 contents='none'
	 target-project='BoundedFIFOJSure'
	 from-project='BoundedFIFOJSure'/>

<result-drop type='ResultDrop'
	 offset='1455'
	 line='56'
	 path='BoundedFIFOJSure/src/com/surelogic/jsure/BoundedFIFO.java'
	 uri='file:/C:/work/jsure-test-update-script-workspace/.jsure-data/BoundedFIFOJSure%202010-12-16%2012-41-09/srcs/BoundedFIFOJSure/BoundedFIFOJSure/src/com/surelogic/jsure/BoundedFIFO.java'
	 file='file:/C:/work/jsure-test-update-script-workspace/.jsure-data/BoundedFIFOJSure%202010-12-16%2012-41-09/srcs/BoundedFIFOJSure/BoundedFIFOJSure/src/com/surelogic/jsure/BoundedFIFO.java'
	 hash='-1730436191'
	 context='1225240429'
	 message='Lock &quot;&lt;this&gt;:BufLock&quot; held when accessing (this.first)'
	 message-id='(203,&lt;this&gt;:BufLock,(this.first),null)'
	 category='protected field access(es)'
	 proved-consistent='true'
	 consistent='true'
	 result-type='LockAnalysis_ds_FieldAccessAssured'/>

<result-drop type='ResultDrop'
	 offset='567'
	 line='33'
	 path='BoundedFIFOJSure/src/com/surelogic/jsure/BlockingFIFO.java'
	 uri='file:/C:/work/jsure-test-update-script-workspace/.jsure-data/BoundedFIFOJSure%202010-12-16%2012-41-03/srcs/BoundedFIFOJSure/BoundedFIFOJSure/src/com/surelogic/jsure/BlockingFIFO.java'
	 file='file:/C:/work/jsure-test-update-script-workspace/.jsure-data/BoundedFIFOJSure%202010-12-16%2012-41-03/srcs/BoundedFIFOJSure/BoundedFIFOJSure/src/com/surelogic/jsure/BlockingFIFO.java'
	 hash='-1341494777'
	 context='1488591988'
	 message='Lock &quot;&lt;this.fifo&gt;:MUTEX&quot; held when invoking this.fifo.wait; precondition satisfied'
	 message-id='(207,&lt;this.fifo&gt;:MUTEX,this.fifo.wait,null)'
	 category='lock precondition(s) satisfied'
	 proved-consistent='true'
	 consistent='true'
	 result-type='LockAnalysis_ds_PreconditionsAssured'/>

<result-drop type='ResultDrop'
	 offset='1864'
	 line='71'
	 path='BoundedFIFOJSure/src/com/surelogic/jsure/BoundedFIFO.java'
	 uri='file:/C:/work/jsure-test-update-script-workspace/.jsure-data/BoundedFIFOJSure%202010-12-16%2012-41-09/srcs/BoundedFIFOJSure/BoundedFIFOJSure/src/com/surelogic/jsure/BoundedFIFO.java'
	 file='file:/C:/work/jsure-test-update-script-workspace/.jsure-data/BoundedFIFOJSure%202010-12-16%2012-41-09/srcs/BoundedFIFOJSure/BoundedFIFOJSure/src/com/surelogic/jsure/BoundedFIFO.java'
	 hash='-605668015'
	 context='1653407321'
	 message='Lock &quot;&lt;this&gt;:BufLock&quot; held when accessing this.size'
	 message-id='(203,&lt;this&gt;:BufLock,this.size,null)'
	 category='protected field access(es)'
	 consistent='true'
	 result-type='LockAnalysis_ds_FieldAccessAssured'/>

<result-drop type='ResultDrop'
	 offset='530'
	 line='31'
	 path='BoundedFIFOJSure/src/com/surelogic/jsure/BlockingFIFO.java'
	 uri='file:/C:/work/jsure-test-update-script-workspace/.jsure-data/BoundedFIFOJSure%202010-12-16%2012-41-03/srcs/BoundedFIFOJSure/BoundedFIFOJSure/src/com/surelogic/jsure/BlockingFIFO.java'
	 file='file:/C:/work/jsure-test-update-script-workspace/.jsure-data/BoundedFIFOJSure%202010-12-16%2012-41-03/srcs/BoundedFIFOJSure/BoundedFIFOJSure/src/com/surelogic/jsure/BlockingFIFO.java'
	 hash='-997378312'
	 context='-676937499'
	 message='Lock &quot;&lt;this.fifo&gt;:BufLock&quot; held when invoking this.fifo.length; precondition satisfied'
	 message-id='(207,&lt;this.fifo&gt;:BufLock,this.fifo.length,null)'
	 category='lock precondition(s) satisfied'
	 proved-consistent='true'
	 consistent='true'
	 result-type='LockAnalysis_ds_PreconditionsAssured'/>

<ir-drop type='ProposedPromiseDrop'
	 offset='449'
	 line='28'
	 path='BoundedFIFOJSure/src/com/surelogic/jsure/BlockingFIFO.java'
	 uri='file:/C:/work/jsure-test-update-script-workspace/.jsure-data/BoundedFIFOJSure%202010-12-16%2012-41-03/srcs/BoundedFIFOJSure/BoundedFIFOJSure/src/com/surelogic/jsure/BlockingFIFO.java'
	 file='file:/C:/work/jsure-test-update-script-workspace/.jsure-data/BoundedFIFOJSure%202010-12-16%2012-41-03/srcs/BoundedFIFOJSure/BoundedFIFOJSure/src/com/surelogic/jsure/BlockingFIFO.java'
	 hash='2145759295'
	 context='78615947'
	 message='ProposedPromiseDrop @RegionEffects(writes java.lang.Object:All)'
	 java-annotation='@RegionEffects(&quot;writes java.lang.Object:All&quot;)'
	 annotation-type='RegionEffects'
	 contents='writes java.lang.Object:All'
	 target-project='BoundedFIFOJSure'
	 from-project='BoundedFIFOJSure'/>

<result-drop type='ResultDrop'
	 offset='1876'
	 line='72'
	 path='BoundedFIFOJSure/src/com/surelogic/jsure/BoundedFIFO.java'
	 uri='file:/C:/work/jsure-test-update-script-workspace/.jsure-data/BoundedFIFOJSure%202010-12-16%2012-41-09/srcs/BoundedFIFOJSure/BoundedFIFOJSure/src/com/surelogic/jsure/BoundedFIFO.java'
	 file='file:/C:/work/jsure-test-update-script-workspace/.jsure-data/BoundedFIFOJSure%202010-12-16%2012-41-09/srcs/BoundedFIFOJSure/BoundedFIFOJSure/src/com/surelogic/jsure/BoundedFIFO.java'
	 hash='1227372323'
	 context='289942439'
	 message='Lock &quot;&lt;this&gt;:BufLock&quot; held when accessing this.buf'
	 message-id='(203,&lt;this&gt;:BufLock,this.buf,null)'
	 category='protected field access(es)'
	 consistent='true'
	 result-type='LockAnalysis_ds_FieldAccessAssured'/>

<ir-drop type='ProposedPromiseDrop'
	 offset='449'
	 line='28'
	 path='BoundedFIFOJSure/src/com/surelogic/jsure/BlockingFIFO.java'
	 uri='file:/C:/work/jsure-test-update-script-workspace/.jsure-data/BoundedFIFOJSure%202010-12-16%2012-41-03/srcs/BoundedFIFOJSure/BoundedFIFOJSure/src/com/surelogic/jsure/BlockingFIFO.java'
	 file='file:/C:/work/jsure-test-update-script-workspace/.jsure-data/BoundedFIFOJSure%202010-12-16%2012-41-03/srcs/BoundedFIFOJSure/BoundedFIFOJSure/src/com/surelogic/jsure/BlockingFIFO.java'
	 hash='2145759295'
	 context='78615947'
	 message='ProposedPromiseDrop @RegionEffects(writes java.lang.Object:All)'
	 java-annotation='@RegionEffects(&quot;writes java.lang.Object:All&quot;)'
	 annotation-type='RegionEffects'
	 contents='writes java.lang.Object:All'
	 target-project='BoundedFIFOJSure'
	 from-project='BoundedFIFOJSure'/>

<result-drop type='ResultDrop'
	 offset='2709'
	 line='108'
	 path='BoundedFIFOJSure/src/com/surelogic/jsure/BoundedFIFO.java'
	 uri='file:/C:/work/jsure-test-update-script-workspace/.jsure-data/BoundedFIFOJSure%202010-12-16%2012-41-09/srcs/BoundedFIFOJSure/BoundedFIFOJSure/src/com/surelogic/jsure/BoundedFIFO.java'
	 file='file:/C:/work/jsure-test-update-script-workspace/.jsure-data/BoundedFIFOJSure%202010-12-16%2012-41-09/srcs/BoundedFIFOJSure/BoundedFIFOJSure/src/com/surelogic/jsure/BoundedFIFO.java'
	 hash='-110077252'
	 context='-334227245'
	 message='Lock &quot;&lt;this&gt;:BufLock&quot; held when accessing this.numElts'
	 message-id='(203,&lt;this&gt;:BufLock,this.numElts,null)'
	 category='protected field access(es)'
	 proved-consistent='true'
	 consistent='true'
	 result-type='LockAnalysis_ds_FieldAccessAssured'/>

<result-drop type='ResultDrop'
	 offset='870'
	 line='31'
	 path='BoundedFIFOJSure/src/com/surelogic/jsure/BoundedFIFO.java'
	 uri='file:/C:/work/jsure-test-update-script-workspace/.jsure-data/BoundedFIFOJSure%202010-12-16%2012-41-09/srcs/BoundedFIFOJSure/BoundedFIFOJSure/src/com/surelogic/jsure/BoundedFIFO.java'
	 file='file:/C:/work/jsure-test-update-script-workspace/.jsure-data/BoundedFIFOJSure%202010-12-16%2012-41-09/srcs/BoundedFIFOJSure/BoundedFIFOJSure/src/com/surelogic/jsure/BoundedFIFO.java'
	 hash='131428253'
	 context='-270610198'
	 message='Lock &quot;&lt;this&gt;:BufLock&quot; not held when accessing first = 0'
	 message-id='(205,&lt;this&gt;:BufLock,first = 0,null)'
	 category='unprotected field access(es); possible race condition detected'
	 result-type='LockAnalysis_ds_FieldAccessNotAssured'/>

<promise-drop type='PromisePromiseDrop'
	 offset='749'
	 line='25'
	 path='BoundedFIFOJSure/src/com/surelogic/jsure/BoundedFIFO.java'
	 uri='file:/C:/work/jsure-test-update-script-workspace/.jsure-data/BoundedFIFOJSure%202010-12-16%2012-41-09/srcs/BoundedFIFOJSure/BoundedFIFOJSure/src/com/surelogic/jsure/BoundedFIFO.java'
	 file='file:/C:/work/jsure-test-update-script-workspace/.jsure-data/BoundedFIFOJSure%202010-12-16%2012-41-09/srcs/BoundedFIFOJSure/BoundedFIFOJSure/src/com/surelogic/jsure/BoundedFIFO.java'
	 hash='1990119280'
	 context='-1685491800'
	 message='Promise @RequiresLock(BufLock) for *(**)'
	 category='Scoped promises'
	 checked-by-analysis='true'
	 from-src='true'
	 to-be-checked-by-analysis='true'/>

<ir-drop type='ProposedPromiseDrop'
	 offset='815'
	 line='28'
	 path='BoundedFIFOJSure/src/com/surelogic/jsure/BoundedFIFO.java'
	 uri='file:/C:/work/jsure-test-update-script-workspace/.jsure-data/BoundedFIFOJSure%202010-12-16%2012-41-09/srcs/BoundedFIFOJSure/BoundedFIFOJSure/src/com/surelogic/jsure/BoundedFIFO.java'
	 file='file:/C:/work/jsure-test-update-script-workspace/.jsure-data/BoundedFIFOJSure%202010-12-16%2012-41-09/srcs/BoundedFIFOJSure/BoundedFIFOJSure/src/com/surelogic/jsure/BoundedFIFO.java'
	 hash='97907'
	 context='-728775891'
	 message='ProposedPromiseDrop @Unique()'
	 java-annotation='@Unique'
	 annotation-type='Unique'
	
	 target-project='BoundedFIFOJSure'
	 from-project='BoundedFIFOJSure'/>

<ir-drop type='ProposedPromiseDrop'
	 offset='94'
	 line='6'
	 path='BoundedFIFOJSure/src/com/surelogic/jsure/BlockingFIFO.java'
	 uri='file:/C:/work/jsure-test-update-script-workspace/.jsure-data/BoundedFIFOJSure%202010-12-16%2012-41-03/srcs/BoundedFIFOJSure/BoundedFIFOJSure/src/com/surelogic/jsure/BlockingFIFO.java'
	 file='file:/C:/work/jsure-test-update-script-workspace/.jsure-data/BoundedFIFOJSure%202010-12-16%2012-41-03/srcs/BoundedFIFOJSure/BoundedFIFOJSure/src/com/surelogic/jsure/BlockingFIFO.java'
	 hash='1659404402'
	 context='485168373'
	 message='ProposedPromiseDrop @RegionEffects(writes java.lang.Object:All)'
	 java-annotation='@RegionEffects(&quot;writes java.lang.Object:All&quot;)'
	 annotation-type='RegionEffects'
	 contents='writes java.lang.Object:All'
	 target-project='BoundedFIFOJSure'
	 from-project='BoundedFIFOJSure'/>

<result-drop type='ResultDrop'
	 offset='886'
	 line='32'
	 path='BoundedFIFOJSure/src/com/surelogic/jsure/BoundedFIFO.java'
	 uri='file:/C:/work/jsure-test-update-script-workspace/.jsure-data/BoundedFIFOJSure%202010-12-16%2012-41-09/srcs/BoundedFIFOJSure/BoundedFIFOJSure/src/com/surelogic/jsure/BoundedFIFO.java'
	 file='file:/C:/work/jsure-test-update-script-workspace/.jsure-data/BoundedFIFOJSure%202010-12-16%2012-41-09/srcs/BoundedFIFOJSure/BoundedFIFOJSure/src/com/surelogic/jsure/BoundedFIFO.java'
	 hash='1422806624'
	 context='-1116873351'
	 message='Lock &quot;&lt;this&gt;:BufLock&quot; not held when accessing next = 0'
	 message-id='(205,&lt;this&gt;:BufLock,next = 0,null)'
	 category='unprotected field access(es); possible race condition detected'
	 result-type='LockAnalysis_ds_FieldAccessNotAssured'/>

<result-drop type='ResultDrop'
	 offset='1853'
	 line='71'
	 path='BoundedFIFOJSure/src/com/surelogic/jsure/BoundedFIFO.java'
	 uri='file:/C:/work/jsure-test-update-script-workspace/.jsure-data/BoundedFIFOJSure%202010-12-16%2012-41-09/srcs/BoundedFIFOJSure/BoundedFIFOJSure/src/com/surelogic/jsure/BoundedFIFO.java'
	 file='file:/C:/work/jsure-test-update-script-workspace/.jsure-data/BoundedFIFOJSure%202010-12-16%2012-41-09/srcs/BoundedFIFOJSure/BoundedFIFOJSure/src/com/surelogic/jsure/BoundedFIFO.java'
	 hash='-110077252'
	 context='523364846'
	 message='Lock &quot;&lt;this&gt;:BufLock&quot; held when accessing this.numElts'
	 message-id='(203,&lt;this&gt;:BufLock,this.numElts,null)'
	 category='protected field access(es)'
	 consistent='true'
	 result-type='LockAnalysis_ds_FieldAccessAssured'/>

<ir-drop type='ProposedPromiseDrop'
	 offset='1072'
	 line='41'
	 path='BoundedFIFOJSure/src/com/surelogic/jsure/BoundedFIFO.java'
	 uri='file:/C:/work/jsure-test-update-script-workspace/.jsure-data/BoundedFIFOJSure%202010-12-16%2012-41-09/srcs/BoundedFIFOJSure/BoundedFIFOJSure/src/com/surelogic/jsure/BoundedFIFO.java'
	 file='file:/C:/work/jsure-test-update-script-workspace/.jsure-data/BoundedFIFOJSure%202010-12-16%2012-41-09/srcs/BoundedFIFOJSure/BoundedFIFOJSure/src/com/surelogic/jsure/BoundedFIFO.java'
	 hash='88407834'
	 context='-1313831777'
	 message='ProposedPromiseDrop @Unique(return)'
	 java-annotation='@Unique(&quot;return&quot;)'
	 annotation-type='Unique'
	 contents='return'
	 target-project='BoundedFIFOJSure'
	 from-project='BoundedFIFOJSure'/>

<ir-drop type='ProposedPromiseDrop'
	 offset='163'
	 line='10'
	 path='BoundedFIFOJSure/src/com/surelogic/jsure/BlockingFIFO.java'
	 uri='file:/C:/work/jsure-test-update-script-workspace/.jsure-data/BoundedFIFOJSure%202010-12-16%2012-41-03/srcs/BoundedFIFOJSure/BoundedFIFOJSure/src/com/surelogic/jsure/BlockingFIFO.java'
	 file='file:/C:/work/jsure-test-update-script-workspace/.jsure-data/BoundedFIFOJSure%202010-12-16%2012-41-03/srcs/BoundedFIFOJSure/BoundedFIFOJSure/src/com/surelogic/jsure/BlockingFIFO.java'
	 hash='803008296'
	 context='-1009164568'
	 message='ProposedPromiseDrop @RegionEffects(writes java.lang.Object:All)'
	 java-annotation='@RegionEffects(&quot;writes java.lang.Object:All&quot;)'
	 annotation-type='RegionEffects'
	 contents='writes java.lang.Object:All'
	 target-project='BoundedFIFOJSure'
	 from-project='BoundedFIFOJSure'/>

<promise-drop type='LockModel'
	 offset='702'
	 line='25'
	 path='BoundedFIFOJSure/src/com/surelogic/jsure/BoundedFIFO.java'
	 uri='file:/C:/work/jsure-test-update-script-workspace/.jsure-data/BoundedFIFOJSure%202010-12-16%2012-41-09/srcs/BoundedFIFOJSure/BoundedFIFOJSure/src/com/surelogic/jsure/BoundedFIFO.java'
	 file='file:/C:/work/jsure-test-update-script-workspace/.jsure-data/BoundedFIFOJSure%202010-12-16%2012-41-09/srcs/BoundedFIFOJSure/BoundedFIFOJSure/src/com/surelogic/jsure/BoundedFIFO.java'
	 hash='1990119280'
	 context='-1685491800'
	 message='RegionLock com.surelogic.jsure.BoundedFIFO.BufLock is this protects Instance on BoundedFIFO'
	 message-id='(100,com.surelogic.jsure.BoundedFIFO.BufLock,this,Instance,BoundedFIFO)'
	 category='Concurrency'
	 checked-by-analysis='true'
	 from-src='true'
	 to-be-checked-by-analysis='true'/>

<ir-drop type='ProposedPromiseDrop'
	 offset='1812'
	 line='70'
	 path='BoundedFIFOJSure/src/com/surelogic/jsure/BoundedFIFO.java'
	 uri='file:/C:/work/jsure-test-update-script-workspace/.jsure-data/BoundedFIFOJSure%202010-12-16%2012-41-09/srcs/BoundedFIFOJSure/BoundedFIFOJSure/src/com/surelogic/jsure/BoundedFIFO.java'
	 file='file:/C:/work/jsure-test-update-script-workspace/.jsure-data/BoundedFIFOJSure%202010-12-16%2012-41-09/srcs/BoundedFIFOJSure/BoundedFIFOJSure/src/com/surelogic/jsure/BoundedFIFO.java'
	 hash='1420648169'
	 context='-398113170'
	 message='ProposedPromiseDrop @RegionEffects(writes any(java.lang.Object):Instance)'
	 java-annotation='@RegionEffects(&quot;writes any(java.lang.Object):Instance&quot;)'
	 annotation-type='RegionEffects'
	 contents='writes any(java.lang.Object):Instance'
	 target-project='BoundedFIFOJSure'
	 from-project='BoundedFIFOJSure'/>

<result-drop type='ResultDrop'
	 offset='1435'
	 line='55'
	 path='BoundedFIFOJSure/src/com/surelogic/jsure/BoundedFIFO.java'
	 uri='file:/C:/work/jsure-test-update-script-workspace/.jsure-data/BoundedFIFOJSure%202010-12-16%2012-41-09/srcs/BoundedFIFOJSure/BoundedFIFOJSure/src/com/surelogic/jsure/BoundedFIFO.java'
	 file='file:/C:/work/jsure-test-update-script-workspace/.jsure-data/BoundedFIFOJSure%202010-12-16%2012-41-09/srcs/BoundedFIFOJSure/BoundedFIFOJSure/src/com/surelogic/jsure/BoundedFIFO.java'
	 hash='1227372323'
	 context='-1096173211'
	 message='Lock &quot;&lt;this&gt;:BufLock&quot; held when accessing this.buf'
	 message-id='(203,&lt;this&gt;:BufLock,this.buf,null)'
	 category='protected field access(es)'
	 proved-consistent='true'
	 consistent='true'
	 result-type='LockAnalysis_ds_FieldAccessAssured'/>

<result-drop type='ResultDrop'
	 offset='1186'
	 line='45'
	 path='BoundedFIFOJSure/src/com/surelogic/jsure/BoundedFIFO.java'
	 uri='file:/C:/work/jsure-test-update-script-workspace/.jsure-data/BoundedFIFOJSure%202010-12-16%2012-41-09/srcs/BoundedFIFOJSure/BoundedFIFOJSure/src/com/surelogic/jsure/BoundedFIFO.java'
	 file='file:/C:/work/jsure-test-update-script-workspace/.jsure-data/BoundedFIFOJSure%202010-12-16%2012-41-09/srcs/BoundedFIFOJSure/BoundedFIFOJSure/src/com/surelogic/jsure/BoundedFIFO.java'
	 hash='1227372323'
	 context='435203526'
	 message='Lock &quot;&lt;this&gt;:BufLock&quot; not held when accessing this.buf'
	 message-id='(205,&lt;this&gt;:BufLock,this.buf,null)'
	 category='unprotected field access(es); possible race condition detected'
	 result-type='LockAnalysis_ds_FieldAccessNotAssured'/>

<promise-drop type='RequiresLockPromiseDrop'
	 offset='1812'
	 line='70'
	 path='BoundedFIFOJSure/src/com/surelogic/jsure/BoundedFIFO.java'
	 uri='file:/C:/work/jsure-test-update-script-workspace/.jsure-data/BoundedFIFOJSure%202010-12-16%2012-41-09/srcs/BoundedFIFOJSure/BoundedFIFOJSure/src/com/surelogic/jsure/BoundedFIFO.java'
	 file='file:/C:/work/jsure-test-update-script-workspace/.jsure-data/BoundedFIFOJSure%202010-12-16%2012-41-09/srcs/BoundedFIFOJSure/BoundedFIFOJSure/src/com/surelogic/jsure/BoundedFIFO.java'
	 hash='1420648169'
	 context='-398113170'
	 message='RequiresLock BufLock on com.surelogic.jsure.BoundedFIFO.put(com.surelogic.jsure.LoggingEvent)'
	 message-id='(102,RequiresLock BufLock,com.surelogic.jsure.BoundedFIFO.put(com.surelogic.jsure.LoggingEvent))'
	 category='lock precondition(s)'
	 checked-by-analysis='true'
	 from-src='true'
	 virtual='true'
	 to-be-checked-by-analysis='true'/>

<result-drop type='ResultDrop'
	 offset='2241'
	 line='91'
	 path='BoundedFIFOJSure/src/com/surelogic/jsure/BoundedFIFO.java'
	 uri='file:/C:/work/jsure-test-update-script-workspace/.jsure-data/BoundedFIFOJSure%202010-12-16%2012-41-09/srcs/BoundedFIFOJSure/BoundedFIFOJSure/src/com/surelogic/jsure/BoundedFIFO.java'
	 file='file:/C:/work/jsure-test-update-script-workspace/.jsure-data/BoundedFIFOJSure%202010-12-16%2012-41-09/srcs/BoundedFIFOJSure/BoundedFIFOJSure/src/com/surelogic/jsure/BoundedFIFO.java'
	 hash='-110077252'
	 context='742746733'
	 message='Lock &quot;&lt;this&gt;:BufLock&quot; held when accessing this.numElts'
	 message-id='(203,&lt;this&gt;:BufLock,this.numElts,null)'
	 category='protected field access(es)'
	 proved-consistent='true'
	 consistent='true'
	 result-type='LockAnalysis_ds_FieldAccessAssured'/>

<ir-drop type='ProposedPromiseDrop'
	 offset='94'
	 line='6'
	 path='BoundedFIFOJSure/src/com/surelogic/jsure/BlockingFIFO.java'
	 uri='file:/C:/work/jsure-test-update-script-workspace/.jsure-data/BoundedFIFOJSure%202010-12-16%2012-41-03/srcs/BoundedFIFOJSure/BoundedFIFOJSure/src/com/surelogic/jsure/BlockingFIFO.java'
	 file='file:/C:/work/jsure-test-update-script-workspace/.jsure-data/BoundedFIFOJSure%202010-12-16%2012-41-03/srcs/BoundedFIFOJSure/BoundedFIFOJSure/src/com/surelogic/jsure/BlockingFIFO.java'
	 hash='1659404402'
	 context='485168373'
	 message='ProposedPromiseDrop @RegionEffects(writes java.lang.Object:All)'
	 java-annotation='@RegionEffects(&quot;writes java.lang.Object:All&quot;)'
	 annotation-type='RegionEffects'
	 contents='writes java.lang.Object:All'
	 target-project='BoundedFIFOJSure'
	 from-project='BoundedFIFOJSure'/>

<ir-drop type='ProposedPromiseDrop'
	 offset='1072'
	 line='41'
	 path='BoundedFIFOJSure/src/com/surelogic/jsure/BoundedFIFO.java'
	 uri='file:/C:/work/jsure-test-update-script-workspace/.jsure-data/BoundedFIFOJSure%202010-12-16%2012-41-09/srcs/BoundedFIFOJSure/BoundedFIFOJSure/src/com/surelogic/jsure/BoundedFIFO.java'
	 file='file:/C:/work/jsure-test-update-script-workspace/.jsure-data/BoundedFIFOJSure%202010-12-16%2012-41-09/srcs/BoundedFIFOJSure/BoundedFIFOJSure/src/com/surelogic/jsure/BoundedFIFO.java'
	 hash='88407834'
	 context='-1313831777'
	 message='ProposedPromiseDrop @Unique(return)'
	 java-annotation='@Unique(&quot;return&quot;)'
	 annotation-type='Unique'
	 contents='return'
	 target-project='BoundedFIFOJSure'
	 from-project='BoundedFIFOJSure'/>

<result-drop type='ResultDrop'
	 offset='1474'
	 line='57'
	 path='BoundedFIFOJSure/src/com/surelogic/jsure/BoundedFIFO.java'
	 uri='file:/C:/work/jsure-test-update-script-workspace/.jsure-data/BoundedFIFOJSure%202010-12-16%2012-41-09/srcs/BoundedFIFOJSure/BoundedFIFOJSure/src/com/surelogic/jsure/BoundedFIFO.java'
	 file='file:/C:/work/jsure-test-update-script-workspace/.jsure-data/BoundedFIFOJSure%202010-12-16%2012-41-09/srcs/BoundedFIFOJSure/BoundedFIFOJSure/src/com/surelogic/jsure/BoundedFIFO.java'
	 hash='-1607852192'
	 context='1225240429'
	 message='Lock &quot;&lt;this&gt;:BufLock&quot; held when accessing this.first'
	 message-id='(203,&lt;this&gt;:BufLock,this.first,null)'
	 category='protected field access(es)'
	 proved-consistent='true'
	 consistent='true'
	 result-type='LockAnalysis_ds_FieldAccessAssured'/>

<ir-drop type='ProposedPromiseDrop'
	 offset='1349'
	 line='52'
	 path='BoundedFIFOJSure/src/com/surelogic/jsure/BoundedFIFO.java'
	 uri='file:/C:/work/jsure-test-update-script-workspace/.jsure-data/BoundedFIFOJSure%202010-12-16%2012-41-09/srcs/BoundedFIFOJSure/BoundedFIFOJSure/src/com/surelogic/jsure/BoundedFIFO.java'
	 file='file:/C:/work/jsure-test-update-script-workspace/.jsure-data/BoundedFIFOJSure%202010-12-16%2012-41-09/srcs/BoundedFIFOJSure/BoundedFIFOJSure/src/com/surelogic/jsure/BoundedFIFO.java'
	 hash='-1878828405'
	 context='-269806319'
	 message='ProposedPromiseDrop @RegionEffects(reads any(java.lang.Object):Instance; writes this:Instance)'
	 java-annotation='@RegionEffects(&quot;reads any(java.lang.Object):Instance; writes this:Instance&quot;)'
	 annotation-type='RegionEffects'
	 contents='reads any(java.lang.Object):Instance; writes this:Instance'
	 target-project='BoundedFIFOJSure'
	 from-project='BoundedFIFOJSure'/>

<ir-drop type='ProposedPromiseDrop'
	 offset='2011'
	 line='82'
	 path='BoundedFIFOJSure/src/com/surelogic/jsure/BoundedFIFO.java'
	 uri='file:/C:/work/jsure-test-update-script-workspace/.jsure-data/BoundedFIFOJSure%202010-12-16%2012-41-09/srcs/BoundedFIFOJSure/BoundedFIFOJSure/src/com/surelogic/jsure/BoundedFIFO.java'
	 file='file:/C:/work/jsure-test-update-script-workspace/.jsure-data/BoundedFIFOJSure%202010-12-16%2012-41-09/srcs/BoundedFIFOJSure/BoundedFIFOJSure/src/com/surelogic/jsure/BoundedFIFO.java'
	 hash='800772265'
	 context='1191951638'
	 message='ProposedPromiseDrop @RegionEffects(reads this:Instance)'
	 java-annotation='@RegionEffects(&quot;reads this:Instance&quot;)'
	 annotation-type='RegionEffects'
	 contents='reads this:Instance'
	 target-project='BoundedFIFOJSure'
	 from-project='BoundedFIFOJSure'/>

<ir-drop type='ProposedPromiseDrop'
	 offset='163'
	 line='10'
	 path='BoundedFIFOJSure/src/com/surelogic/jsure/BlockingFIFO.java'
	 uri='file:/C:/work/jsure-test-update-script-workspace/.jsure-data/BoundedFIFOJSure%202010-12-16%2012-41-03/srcs/BoundedFIFOJSure/BoundedFIFOJSure/src/com/surelogic/jsure/BlockingFIFO.java'
	 file='file:/C:/work/jsure-test-update-script-workspace/.jsure-data/BoundedFIFOJSure%202010-12-16%2012-41-03/srcs/BoundedFIFOJSure/BoundedFIFOJSure/src/com/surelogic/jsure/BlockingFIFO.java'
	 hash='803008296'
	 context='-1009164568'
	 message='ProposedPromiseDrop @RequiresLock(BufLock)'
	 java-annotation='@RequiresLock(&quot;BufLock&quot;)'
	 annotation-type='RequiresLock'
	 contents='BufLock'
	 target-project='BoundedFIFOJSure'
	 from-project='BoundedFIFOJSure'/>

<ir-drop type='ProposedPromiseDrop'
	 offset='30'
	 line='3'
	 path='BoundedFIFOJSure/src/com/surelogic/jsure/LoggingEvent.java'
	 uri='file:/C:/work/jsure-test-update-script-workspace/.jsure-data/BoundedFIFOJSure%202010-12-16%2012-41-03/srcs/BoundedFIFOJSure/BoundedFIFOJSure/src/com/surelogic/jsure/LoggingEvent.java'
	 file='file:/C:/work/jsure-test-update-script-workspace/.jsure-data/BoundedFIFOJSure%202010-12-16%2012-41-03/srcs/BoundedFIFOJSure/BoundedFIFOJSure/src/com/surelogic/jsure/LoggingEvent.java'
	 hash='439958362'
	 context='-591630994'
	 message='ProposedPromiseDrop @RegionEffects(none)'
	 java-annotation='@RegionEffects(&quot;none&quot;)'
	 annotation-type='RegionEffects'
	 contents='none'
	 target-project='BoundedFIFOJSure'
	 from-project='BoundedFIFOJSure'/>

<result-drop type='ResultDrop'
	 offset='1488'
	 line='58'
	 path='BoundedFIFOJSure/src/com/surelogic/jsure/BoundedFIFO.java'
	 uri='file:/C:/work/jsure-test-update-script-workspace/.jsure-data/BoundedFIFOJSure%202010-12-16%2012-41-09/srcs/BoundedFIFOJSure/BoundedFIFOJSure/src/com/surelogic/jsure/BoundedFIFO.java'
	 file='file:/C:/work/jsure-test-update-script-workspace/.jsure-data/BoundedFIFOJSure%202010-12-16%2012-41-09/srcs/BoundedFIFOJSure/BoundedFIFOJSure/src/com/surelogic/jsure/BoundedFIFO.java'
	 hash='2135064005'
	 context='-968509295'
	 message='Lock &quot;&lt;this&gt;:BufLock&quot; held when accessing (this.numElts)'
	 message-id='(203,&lt;this&gt;:BufLock,(this.numElts),null)'
	 category='protected field access(es)'
	 proved-consistent='true'
	 consistent='true'
	 result-type='LockAnalysis_ds_FieldAccessAssured'/>

<result-drop type='ResultDrop'
	 offset='694'
	 line='40'
	 path='BoundedFIFOJSure/src/com/surelogic/jsure/BlockingFIFO.java'
	 uri='file:/C:/work/jsure-test-update-script-workspace/.jsure-data/BoundedFIFOJSure%202010-12-16%2012-41-03/srcs/BoundedFIFOJSure/BoundedFIFOJSure/src/com/surelogic/jsure/BlockingFIFO.java'
	 file='file:/C:/work/jsure-test-update-script-workspace/.jsure-data/BoundedFIFOJSure%202010-12-16%2012-41-03/srcs/BoundedFIFOJSure/BoundedFIFOJSure/src/com/surelogic/jsure/BlockingFIFO.java'
	 hash='-930704549'
	 context='-1610301880'
	 message='Lock &quot;&lt;this.fifo&gt;:MUTEX&quot; held when invoking this.fifo.notify; precondition satisfied'
	 message-id='(207,&lt;this.fifo&gt;:MUTEX,this.fifo.notify,null)'
	 category='lock precondition(s) satisfied'
	 proved-consistent='true'
	 consistent='true'
	 result-type='LockAnalysis_ds_PreconditionsAssured'/>

<result-drop type='ResultDrop'
	 offset='1880'
	 line='72'
	 path='BoundedFIFOJSure/src/com/surelogic/jsure/BoundedFIFO.java'
	 uri='file:/C:/work/jsure-test-update-script-workspace/.jsure-data/BoundedFIFOJSure%202010-12-16%2012-41-09/srcs/BoundedFIFOJSure/BoundedFIFOJSure/src/com/surelogic/jsure/BoundedFIFO.java'
	 file='file:/C:/work/jsure-test-update-script-workspace/.jsure-data/BoundedFIFOJSure%202010-12-16%2012-41-09/srcs/BoundedFIFOJSure/BoundedFIFOJSure/src/com/surelogic/jsure/BoundedFIFO.java'
	 hash='-605820861'
	 context='178982695'
	 message='Lock &quot;&lt;this&gt;:BufLock&quot; held when accessing this.next'
	 message-id='(203,&lt;this&gt;:BufLock,this.next,null)'
	 category='protected field access(es)'
	 consistent='true'
	 result-type='LockAnalysis_ds_FieldAccessAssured'/>

<ir-drop type='ProposedPromiseDrop'
	 offset='1072'
	 line='41'
	 path='BoundedFIFOJSure/src/com/surelogic/jsure/BoundedFIFO.java'
	 uri='file:/C:/work/jsure-test-update-script-workspace/.jsure-data/BoundedFIFOJSure%202010-12-16%2012-41-09/srcs/BoundedFIFOJSure/BoundedFIFOJSure/src/com/surelogic/jsure/BoundedFIFO.java'
	 file='file:/C:/work/jsure-test-update-script-workspace/.jsure-data/BoundedFIFOJSure%202010-12-16%2012-41-09/srcs/BoundedFIFOJSure/BoundedFIFOJSure/src/com/surelogic/jsure/BoundedFIFO.java'
	 hash='88407834'
	 context='-1313831777'
	 message='ProposedPromiseDrop @Unique(return)'
	 java-annotation='@Unique(&quot;return&quot;)'
	 annotation-type='Unique'
	 contents='return'
	 target-project='BoundedFIFOJSure'
	 from-project='BoundedFIFOJSure'/>

<ir-drop type='ProposedPromiseDrop'
	 offset='1072'
	 line='41'
	 path='BoundedFIFOJSure/src/com/surelogic/jsure/BoundedFIFO.java'
	 uri='file:/C:/work/jsure-test-update-script-workspace/.jsure-data/BoundedFIFOJSure%202010-12-16%2012-41-09/srcs/BoundedFIFOJSure/BoundedFIFOJSure/src/com/surelogic/jsure/BoundedFIFO.java'
	 file='file:/C:/work/jsure-test-update-script-workspace/.jsure-data/BoundedFIFOJSure%202010-12-16%2012-41-09/srcs/BoundedFIFOJSure/BoundedFIFOJSure/src/com/surelogic/jsure/BoundedFIFO.java'
	 hash='88407834'
	 context='-1313831777'
	 message='ProposedPromiseDrop @RegionEffects(none)'
	 java-annotation='@RegionEffects(&quot;none&quot;)'
	 annotation-type='RegionEffects'
	 contents='none'
	 target-project='BoundedFIFOJSure'
	 from-project='BoundedFIFOJSure'/>

<ir-drop type='ProposedPromiseDrop'
	 offset='163'
	 line='10'
	 path='BoundedFIFOJSure/src/com/surelogic/jsure/BlockingFIFO.java'
	 uri='file:/C:/work/jsure-test-update-script-workspace/.jsure-data/BoundedFIFOJSure%202010-12-16%2012-41-03/srcs/BoundedFIFOJSure/BoundedFIFOJSure/src/com/surelogic/jsure/BlockingFIFO.java'
	 file='file:/C:/work/jsure-test-update-script-workspace/.jsure-data/BoundedFIFOJSure%202010-12-16%2012-41-03/srcs/BoundedFIFOJSure/BoundedFIFOJSure/src/com/surelogic/jsure/BlockingFIFO.java'
	 hash='803008296'
	 context='-1009164568'
	 message='ProposedPromiseDrop @RegionEffects(writes java.lang.Object:All)'
	 java-annotation='@RegionEffects(&quot;writes java.lang.Object:All&quot;)'
	 annotation-type='RegionEffects'
	 contents='writes java.lang.Object:All'
	 target-project='BoundedFIFOJSure'
	 from-project='BoundedFIFOJSure'/>

<ir-drop type='ProposedPromiseDrop'
	 offset='736'
	 line='46'
	 path='BoundedFIFOJSure/src/com/surelogic/jsure/BlockingFIFO.java'
	 uri='file:/C:/work/jsure-test-update-script-workspace/.jsure-data/BoundedFIFOJSure%202010-12-16%2012-41-03/srcs/BoundedFIFOJSure/BoundedFIFOJSure/src/com/surelogic/jsure/BlockingFIFO.java'
	 file='file:/C:/work/jsure-test-update-script-workspace/.jsure-data/BoundedFIFOJSure%202010-12-16%2012-41-03/srcs/BoundedFIFOJSure/BoundedFIFOJSure/src/com/surelogic/jsure/BlockingFIFO.java'
	 hash='97438872'
	 context='1303360307'
	 message='ProposedPromiseDrop @RegionEffects(writes java.lang.Object:All)'
	 java-annotation='@RegionEffects(&quot;writes java.lang.Object:All&quot;)'
	 annotation-type='RegionEffects'
	 contents='writes java.lang.Object:All'
	 target-project='BoundedFIFOJSure'
	 from-project='BoundedFIFOJSure'/>

<result-drop type='ResultDrop'
	 offset='427'
	 line='24'
	 path='BoundedFIFOJSure/src/com/surelogic/jsure/BlockingFIFO.java'
	 uri='file:/C:/work/jsure-test-update-script-workspace/.jsure-data/BoundedFIFOJSure%202010-12-16%2012-41-03/srcs/BoundedFIFOJSure/BoundedFIFOJSure/src/com/surelogic/jsure/BlockingFIFO.java'
	 file='file:/C:/work/jsure-test-update-script-workspace/.jsure-data/BoundedFIFOJSure%202010-12-16%2012-41-03/srcs/BoundedFIFOJSure/BoundedFIFOJSure/src/com/surelogic/jsure/BlockingFIFO.java'
	 hash='-867967697'
	 context='1902123371'
	 message='Lock &quot;&lt;this.fifo&gt;:BufLock&quot; not held when invoking this.fifo.put(e); precondition unsatisfied'
	 message-id='(209,&lt;this.fifo&gt;:BufLock,this.fifo.put(e),null)'
	 category='lock precondition(s) not satisfied; possible race conditions enabled'
	 result-type='LockAnalysis_ds_PreconditionsNotAssured'/>

<result-drop type='ResultDrop'
	 offset='2485'
	 line='100'
	 path='BoundedFIFOJSure/src/com/surelogic/jsure/BoundedFIFO.java'
	 uri='file:/C:/work/jsure-test-update-script-workspace/.jsure-data/BoundedFIFOJSure%202010-12-16%2012-41-09/srcs/BoundedFIFOJSure/BoundedFIFOJSure/src/com/surelogic/jsure/BoundedFIFO.java'
	 file='file:/C:/work/jsure-test-update-script-workspace/.jsure-data/BoundedFIFOJSure%202010-12-16%2012-41-09/srcs/BoundedFIFOJSure/BoundedFIFOJSure/src/com/surelogic/jsure/BoundedFIFO.java'
	 hash='-110077252'
	 context='1411330667'
	 message='Lock &quot;&lt;this&gt;:BufLock&quot; held when accessing this.numElts'
	 message-id='(203,&lt;this&gt;:BufLock,this.numElts,null)'
	 category='protected field access(es)'
	 consistent='true'
	 result-type='LockAnalysis_ds_FieldAccessAssured'/>

<promise-drop type='RequiresLockPromiseDrop'
	 offset='2209'
	 line='90'
	 path='BoundedFIFOJSure/src/com/surelogic/jsure/BoundedFIFO.java'
	 uri='file:/C:/work/jsure-test-update-script-workspace/.jsure-data/BoundedFIFOJSure%202010-12-16%2012-41-09/srcs/BoundedFIFOJSure/BoundedFIFOJSure/src/com/surelogic/jsure/BoundedFIFO.java'
	 file='file:/C:/work/jsure-test-update-script-workspace/.jsure-data/BoundedFIFOJSure%202010-12-16%2012-41-09/srcs/BoundedFIFOJSure/BoundedFIFOJSure/src/com/surelogic/jsure/BoundedFIFO.java'
	 hash='-619934927'
	 context='-1903378963'
	 message='RequiresLock BufLock on com.surelogic.jsure.BoundedFIFO.length()'
	 message-id='(102,RequiresLock BufLock,com.surelogic.jsure.BoundedFIFO.length())'
	 category='lock precondition(s)'
	 proved-consistent='true'
	 checked-by-analysis='true'
	 from-src='true'
	 virtual='true'
	 to-be-checked-by-analysis='true'/>

<promise-drop type='RegionModel'
	 line='0'
	 file='java.lang.[]'
	 hash='-1305411288'
	 context='156839830'
	 message='Region public length'
	 message-id='(117,public,,length)'
	 category='Regions'
	 proved-consistent='true'
	 checked-by-analysis='true'
	 from-src='true'/>

<result-drop type='ResultDrop'
	 offset='2932'
	 line='116'
	 path='BoundedFIFOJSure/src/com/surelogic/jsure/BoundedFIFO.java'
	 uri='file:/C:/work/jsure-test-update-script-workspace/.jsure-data/BoundedFIFOJSure%202010-12-16%2012-41-09/srcs/BoundedFIFOJSure/BoundedFIFOJSure/src/com/surelogic/jsure/BoundedFIFO.java'
	 file='file:/C:/work/jsure-test-update-script-workspace/.jsure-data/BoundedFIFOJSure%202010-12-16%2012-41-09/srcs/BoundedFIFOJSure/BoundedFIFOJSure/src/com/surelogic/jsure/BoundedFIFO.java'
	 hash='-110077252'
	 context='-1783038560'
	 message='Lock &quot;&lt;this&gt;:BufLock&quot; held when accessing this.numElts'
	 message-id='(203,&lt;this&gt;:BufLock,this.numElts,null)'
	 category='protected field access(es)'
	 consistent='true'
	 result-type='LockAnalysis_ds_FieldAccessAssured'/>

<ir-drop type='WarningDrop'
	 offset='213'
	 line='11'
	 path='BoundedFIFOJSure/src/com/surelogic/jsure/BlockingFIFO.java'
	 uri='file:/C:/work/jsure-test-update-script-workspace/.jsure-data/BoundedFIFOJSure%202010-12-16%2012-41-03/srcs/BoundedFIFOJSure/BoundedFIFOJSure/src/com/surelogic/jsure/BlockingFIFO.java'
	 file='file:/C:/work/jsure-test-update-script-workspace/.jsure-data/BoundedFIFOJSure%202010-12-16%2012-41-03/srcs/BoundedFIFOJSure/BoundedFIFOJSure/src/com/surelogic/jsure/BlockingFIFO.java'
	 hash='3559070'
	 context='-1009164568'
	 message='Lock expression &quot;this&quot; does not name a programmer-declared lock; consider declaring what state is protected by the referenced lock'
	 message-id='(220,this)'
	 category='unidentifiable lock(s); what is the name of the lock? what state is being protected?'
	 result-type='LockAnalysis_ds_UnidentifiableLock'/>

<ir-drop type='ProposedPromiseDrop'
	 offset='163'
	 line='10'
	 path='BoundedFIFOJSure/src/com/surelogic/jsure/BlockingFIFO.java'
	 uri='file:/C:/work/jsure-test-update-script-workspace/.jsure-data/BoundedFIFOJSure%202010-12-16%2012-41-03/srcs/BoundedFIFOJSure/BoundedFIFOJSure/src/com/surelogic/jsure/BlockingFIFO.java'
	 file='file:/C:/work/jsure-test-update-script-workspace/.jsure-data/BoundedFIFOJSure%202010-12-16%2012-41-03/srcs/BoundedFIFOJSure/BoundedFIFOJSure/src/com/surelogic/jsure/BlockingFIFO.java'
	 hash='803008296'
	 context='-1009164568'
	 message='ProposedPromiseDrop @RequiresLock(BufLock)'
	 java-annotation='@RequiresLock(&quot;BufLock&quot;)'
	 annotation-type='RequiresLock'
	 contents='BufLock'
	 target-project='BoundedFIFOJSure'
	 from-project='BoundedFIFOJSure'/>

<promise-drop type='RequiresLockPromiseDrop'
	 offset='2672'
	 line='107'
	 path='BoundedFIFOJSure/src/com/surelogic/jsure/BoundedFIFO.java'
	 uri='file:/C:/work/jsure-test-update-script-workspace/.jsure-data/BoundedFIFOJSure%202010-12-16%2012-41-09/srcs/BoundedFIFOJSure/BoundedFIFOJSure/src/com/surelogic/jsure/BoundedFIFO.java'
	 file='file:/C:/work/jsure-test-update-script-workspace/.jsure-data/BoundedFIFOJSure%202010-12-16%2012-41-09/srcs/BoundedFIFOJSure/BoundedFIFOJSure/src/com/surelogic/jsure/BoundedFIFO.java'
	 hash='981319203'
	 context='-759745197'
	 message='RequiresLock BufLock on com.surelogic.jsure.BoundedFIFO.wasFull()'
	 message-id='(102,RequiresLock BufLock,com.surelogic.jsure.BoundedFIFO.wasFull())'
	 category='lock precondition(s)'
	 proved-consistent='true'
	 checked-by-analysis='true'
	 from-src='true'
	 virtual='true'
	 to-be-checked-by-analysis='true'/>

<result-drop type='ResultDrop'
	 offset='345'
	 line='19'
	 path='BoundedFIFOJSure/src/com/surelogic/jsure/BlockingFIFO.java'
	 uri='file:/C:/work/jsure-test-update-script-workspace/.jsure-data/BoundedFIFOJSure%202010-12-16%2012-41-03/srcs/BoundedFIFOJSure/BoundedFIFOJSure/src/com/surelogic/jsure/BlockingFIFO.java'
	 file='file:/C:/work/jsure-test-update-script-workspace/.jsure-data/BoundedFIFOJSure%202010-12-16%2012-41-03/srcs/BoundedFIFOJSure/BoundedFIFOJSure/src/com/surelogic/jsure/BlockingFIFO.java'
	 hash='-867967697'
	 context='1902123371'
	 message='Lock &quot;&lt;this.fifo&gt;:BufLock&quot; not held when invoking this.fifo.put(e); precondition unsatisfied'
	 message-id='(209,&lt;this.fifo&gt;:BufLock,this.fifo.put(e),null)'
	 category='lock precondition(s) not satisfied; possible race conditions enabled'
	 result-type='LockAnalysis_ds_PreconditionsNotAssured'/>

<ir-drop type='ProposedPromiseDrop'
	 offset='163'
	 line='10'
	 path='BoundedFIFOJSure/src/com/surelogic/jsure/BlockingFIFO.java'
	 uri='file:/C:/work/jsure-test-update-script-workspace/.jsure-data/BoundedFIFOJSure%202010-12-16%2012-41-03/srcs/BoundedFIFOJSure/BoundedFIFOJSure/src/com/surelogic/jsure/BlockingFIFO.java'
	 file='file:/C:/work/jsure-test-update-script-workspace/.jsure-data/BoundedFIFOJSure%202010-12-16%2012-41-03/srcs/BoundedFIFOJSure/BoundedFIFOJSure/src/com/surelogic/jsure/BlockingFIFO.java'
	 hash='803008296'
	 context='-1009164568'
	 message='ProposedPromiseDrop @RequiresLock(BufLock)'
	 java-annotation='@RequiresLock(&quot;BufLock&quot;)'
	 annotation-type='RequiresLock'
	 contents='BufLock'
	 target-project='BoundedFIFOJSure'
	 from-project='BoundedFIFOJSure'/>

<result-drop type='ResultDrop'
	 offset='1439'
	 line='55'
	 path='BoundedFIFOJSure/src/com/surelogic/jsure/BoundedFIFO.java'
	 uri='file:/C:/work/jsure-test-update-script-workspace/.jsure-data/BoundedFIFOJSure%202010-12-16%2012-41-09/srcs/BoundedFIFOJSure/BoundedFIFOJSure/src/com/surelogic/jsure/BoundedFIFO.java'
	 file='file:/C:/work/jsure-test-update-script-workspace/.jsure-data/BoundedFIFOJSure%202010-12-16%2012-41-09/srcs/BoundedFIFOJSure/BoundedFIFOJSure/src/com/surelogic/jsure/BoundedFIFO.java'
	 hash='-605820861'
	 context='-679977755'
	 message='Lock &quot;&lt;this&gt;:BufLock&quot; held when accessing this.next'
	 message-id='(203,&lt;this&gt;:BufLock,this.next,null)'
	 category='protected field access(es)'
	 proved-consistent='true'
	 consistent='true'
	 result-type='LockAnalysis_ds_FieldAccessAssured'/>

<promise-drop type='RequiresLockPromiseDrop'
	 offset='2011'
	 line='82'
	 path='BoundedFIFOJSure/src/com/surelogic/jsure/BoundedFIFO.java'
	 uri='file:/C:/work/jsure-test-update-script-workspace/.jsure-data/BoundedFIFOJSure%202010-12-16%2012-41-09/srcs/BoundedFIFOJSure/BoundedFIFOJSure/src/com/surelogic/jsure/BoundedFIFO.java'
	 file='file:/C:/work/jsure-test-update-script-workspace/.jsure-data/BoundedFIFOJSure%202010-12-16%2012-41-09/srcs/BoundedFIFOJSure/BoundedFIFOJSure/src/com/surelogic/jsure/BoundedFIFO.java'
	 hash='800772265'
	 context='1191951638'
	 message='RequiresLock BufLock on com.surelogic.jsure.BoundedFIFO.getMaxSize()'
	 message-id='(102,RequiresLock BufLock,com.surelogic.jsure.BoundedFIFO.getMaxSize())'
	 category='lock precondition(s)'
	 proved-consistent='true'
	 checked-by-analysis='true'
	 from-src='true'
	 virtual='true'
	 to-be-checked-by-analysis='true'/>

<result-drop type='ResultDrop'
	 offset='1920'
	 line='74'
	 path='BoundedFIFOJSure/src/com/surelogic/jsure/BoundedFIFO.java'
	 uri='file:/C:/work/jsure-test-update-script-workspace/.jsure-data/BoundedFIFOJSure%202010-12-16%2012-41-09/srcs/BoundedFIFOJSure/BoundedFIFOJSure/src/com/surelogic/jsure/BoundedFIFO.java'
	 file='file:/C:/work/jsure-test-update-script-workspace/.jsure-data/BoundedFIFOJSure%202010-12-16%2012-41-09/srcs/BoundedFIFOJSure/BoundedFIFOJSure/src/com/surelogic/jsure/BoundedFIFO.java'
	 hash='-605820861'
	 context='178982695'
	 message='Lock &quot;&lt;this&gt;:BufLock&quot; held when accessing this.next'
	 message-id='(203,&lt;this&gt;:BufLock,this.next,null)'
	 category='protected field access(es)'
	 consistent='true'
	 result-type='LockAnalysis_ds_FieldAccessAssured'/>

<result-drop type='ResultDrop'
	 offset='672'
	 line='39'
	 path='BoundedFIFOJSure/src/com/surelogic/jsure/BlockingFIFO.java'
	 uri='file:/C:/work/jsure-test-update-script-workspace/.jsure-data/BoundedFIFOJSure%202010-12-16%2012-41-03/srcs/BoundedFIFOJSure/BoundedFIFOJSure/src/com/surelogic/jsure/BlockingFIFO.java'
	 file='file:/C:/work/jsure-test-update-script-workspace/.jsure-data/BoundedFIFOJSure%202010-12-16%2012-41-03/srcs/BoundedFIFOJSure/BoundedFIFOJSure/src/com/surelogic/jsure/BlockingFIFO.java'
	 hash='207768390'
	 context='-66014953'
	 message='Lock &quot;&lt;this.fifo&gt;:BufLock&quot; held when invoking this.fifo.wasFull; precondition satisfied'
	 message-id='(207,&lt;this.fifo&gt;:BufLock,this.fifo.wasFull,null)'
	 category='lock precondition(s) satisfied'
	 proved-consistent='true'
	 consistent='true'
	 result-type='LockAnalysis_ds_PreconditionsAssured'/>

<promise-drop type='RequiresLockPromiseDrop'
	 offset='1349'
	 line='52'
	 path='BoundedFIFOJSure/src/com/surelogic/jsure/BoundedFIFO.java'
	 uri='file:/C:/work/jsure-test-update-script-workspace/.jsure-data/BoundedFIFOJSure%202010-12-16%2012-41-09/srcs/BoundedFIFOJSure/BoundedFIFOJSure/src/com/surelogic/jsure/BoundedFIFO.java'
	 file='file:/C:/work/jsure-test-update-script-workspace/.jsure-data/BoundedFIFOJSure%202010-12-16%2012-41-09/srcs/BoundedFIFOJSure/BoundedFIFOJSure/src/com/surelogic/jsure/BoundedFIFO.java'
	 hash='-1878828405'
	 context='-269806319'
	 message='RequiresLock BufLock on com.surelogic.jsure.BoundedFIFO.get()'
	 message-id='(102,RequiresLock BufLock,com.surelogic.jsure.BoundedFIFO.get())'
	 category='lock precondition(s)'
	 proved-consistent='true'
	 checked-by-analysis='true'
	 from-src='true'
	 virtual='true'
	 to-be-checked-by-analysis='true'/>

<result-drop type='ResultDrop'
	 offset='1165'
	 line='44'
	 path='BoundedFIFOJSure/src/com/surelogic/jsure/BoundedFIFO.java'
	 uri='file:/C:/work/jsure-test-update-script-workspace/.jsure-data/BoundedFIFOJSure%202010-12-16%2012-41-09/srcs/BoundedFIFOJSure/BoundedFIFOJSure/src/com/surelogic/jsure/BoundedFIFO.java'
	 file='file:/C:/work/jsure-test-update-script-workspace/.jsure-data/BoundedFIFOJSure%202010-12-16%2012-41-09/srcs/BoundedFIFOJSure/BoundedFIFOJSure/src/com/surelogic/jsure/BoundedFIFO.java'
	 hash='-605668015'
	 context='1385517012'
	 message='Lock &quot;&lt;this&gt;:BufLock&quot; not held when accessing this.size'
	 message-id='(205,&lt;this&gt;:BufLock,this.size,null)'
	 category='unprotected field access(es); possible race condition detected'
	 result-type='LockAnalysis_ds_FieldAccessNotAssured'/>

<result-drop type='ResultDrop'
	 offset='653'
	 line='38'
	 path='BoundedFIFOJSure/src/com/surelogic/jsure/BlockingFIFO.java'
	 uri='file:/C:/work/jsure-test-update-script-workspace/.jsure-data/BoundedFIFOJSure%202010-12-16%2012-41-03/srcs/BoundedFIFOJSure/BoundedFIFOJSure/src/com/surelogic/jsure/BlockingFIFO.java'
	 file='file:/C:/work/jsure-test-update-script-workspace/.jsure-data/BoundedFIFOJSure%202010-12-16%2012-41-03/srcs/BoundedFIFOJSure/BoundedFIFOJSure/src/com/surelogic/jsure/BlockingFIFO.java'
	 hash='1896373380'
	 context='-20388523'
	 message='Lock &quot;&lt;this.fifo&gt;:BufLock&quot; held when invoking this.fifo.get; precondition satisfied'
	 message-id='(207,&lt;this.fifo&gt;:BufLock,this.fifo.get,null)'
	 category='lock precondition(s) satisfied'
	 proved-consistent='true'
	 consistent='true'
	 result-type='LockAnalysis_ds_PreconditionsAssured'/>

<ir-drop type='ProposedPromiseDrop'
	 offset='815'
	 line='28'
	 path='BoundedFIFOJSure/src/com/surelogic/jsure/BoundedFIFO.java'
	 uri='file:/C:/work/jsure-test-update-script-workspace/.jsure-data/BoundedFIFOJSure%202010-12-16%2012-41-09/srcs/BoundedFIFOJSure/BoundedFIFOJSure/src/com/surelogic/jsure/BoundedFIFO.java'
	 file='file:/C:/work/jsure-test-update-script-workspace/.jsure-data/BoundedFIFOJSure%202010-12-16%2012-41-09/srcs/BoundedFIFOJSure/BoundedFIFOJSure/src/com/surelogic/jsure/BoundedFIFO.java'
	 hash='97907'
	 context='-728775891'
	 message='ProposedPromiseDrop @Aggregate()'
	 java-annotation='@Aggregate'
	 annotation-type='Aggregate'
	
	 target-project='BoundedFIFOJSure'
	 from-project='BoundedFIFOJSure'/>

<result-drop type='ResultDrop'
	 offset='263'
	 line='14'
	 path='BoundedFIFOJSure/src/com/surelogic/jsure/BlockingFIFO.java'
	 uri='file:/C:/work/jsure-test-update-script-workspace/.jsure-data/BoundedFIFOJSure%202010-12-16%2012-41-03/srcs/BoundedFIFOJSure/BoundedFIFOJSure/src/com/surelogic/jsure/BlockingFIFO.java'
	 file='file:/C:/work/jsure-test-update-script-workspace/.jsure-data/BoundedFIFOJSure%202010-12-16%2012-41-03/srcs/BoundedFIFOJSure/BoundedFIFOJSure/src/com/surelogic/jsure/BlockingFIFO.java'
	 hash='-1341494777'
	 context='-442105391'
	 message='Lock &quot;&lt;this.fifo&gt;:MUTEX&quot; not held when invoking this.fifo.wait; precondition unsatisfied'
	 message-id='(209,&lt;this.fifo&gt;:MUTEX,this.fifo.wait,null)'
	 category='lock precondition(s) not satisfied; possible race conditions enabled'
	 result-type='LockAnalysis_ds_PreconditionsNotAssured'/>

<result-drop type='ResultDrop'
	 offset='2724'
	 line='108'
	 path='BoundedFIFOJSure/src/com/surelogic/jsure/BoundedFIFO.java'
	 uri='file:/C:/work/jsure-test-update-script-workspace/.jsure-data/BoundedFIFOJSure%202010-12-16%2012-41-09/srcs/BoundedFIFOJSure/BoundedFIFOJSure/src/com/surelogic/jsure/BoundedFIFO.java'
	 file='file:/C:/work/jsure-test-update-script-workspace/.jsure-data/BoundedFIFOJSure%202010-12-16%2012-41-09/srcs/BoundedFIFOJSure/BoundedFIFOJSure/src/com/surelogic/jsure/BoundedFIFO.java'
	 hash='-605668015'
	 context='-1771607106'
	 message='Lock &quot;&lt;this&gt;:BufLock&quot; held when accessing this.size'
	 message-id='(203,&lt;this&gt;:BufLock,this.size,null)'
	 category='protected field access(es)'
	 proved-consistent='true'
	 consistent='true'
	 result-type='LockAnalysis_ds_FieldAccessAssured'/>

<ir-drop type='ProposedPromiseDrop'
	 offset='2447'
	 line='99'
	 path='BoundedFIFOJSure/src/com/surelogic/jsure/BoundedFIFO.java'
	 uri='file:/C:/work/jsure-test-update-script-workspace/.jsure-data/BoundedFIFOJSure%202010-12-16%2012-41-09/srcs/BoundedFIFOJSure/BoundedFIFOJSure/src/com/surelogic/jsure/BoundedFIFO.java'
	 file='file:/C:/work/jsure-test-update-script-workspace/.jsure-data/BoundedFIFOJSure%202010-12-16%2012-41-09/srcs/BoundedFIFOJSure/BoundedFIFOJSure/src/com/surelogic/jsure/BoundedFIFO.java'
	 hash='-1390514151'
	 context='1105176043'
	 message='ProposedPromiseDrop @RegionEffects(reads this:Instance)'
	 java-annotation='@RegionEffects(&quot;reads this:Instance&quot;)'
	 annotation-type='RegionEffects'
	 contents='reads this:Instance'
	 target-project='BoundedFIFOJSure'
	 from-project='BoundedFIFOJSure'/>

<ir-drop type='WarningDrop'
	 offset='1435'
	 line='55'
	 path='BoundedFIFOJSure/src/com/surelogic/jsure/BoundedFIFO.java'
	 uri='file:/C:/work/jsure-test-update-script-workspace/.jsure-data/BoundedFIFOJSure%202010-12-16%2012-41-09/srcs/BoundedFIFOJSure/BoundedFIFOJSure/src/com/surelogic/jsure/BoundedFIFO.java'
	 file='file:/C:/work/jsure-test-update-script-workspace/.jsure-data/BoundedFIFOJSure%202010-12-16%2012-41-09/srcs/BoundedFIFOJSure/BoundedFIFOJSure/src/com/surelogic/jsure/BoundedFIFO.java'
	 hash='-49834690'
	 context='-554947668'
	 message='Field reference &quot;this.buf [ this.next ]&quot; may be to a shared unprotected object'
	 message-id='(201,this.buf [ this.next ])'
	 category='protected reference(s) to a possibly shared unprotected object; possible race condition detected'
	 result-type='LockAnalysis_ds_AggregationNeeded'/>

<ir-drop type='ProposedPromiseDrop'
	 offset='815'
	 line='28'
	 path='BoundedFIFOJSure/src/com/surelogic/jsure/BoundedFIFO.java'
	 uri='file:/C:/work/jsure-test-update-script-workspace/.jsure-data/BoundedFIFOJSure%202010-12-16%2012-41-09/srcs/BoundedFIFOJSure/BoundedFIFOJSure/src/com/surelogic/jsure/BoundedFIFO.java'
	 file='file:/C:/work/jsure-test-update-script-workspace/.jsure-data/BoundedFIFOJSure%202010-12-16%2012-41-09/srcs/BoundedFIFOJSure/BoundedFIFOJSure/src/com/surelogic/jsure/BoundedFIFO.java'
	 hash='97907'
	 context='-728775891'
	 message='ProposedPromiseDrop @Unique()'
	 java-annotation='@Unique'
	 annotation-type='Unique'
	
	 target-project='BoundedFIFOJSure'
	 from-project='BoundedFIFOJSure'/>

<promise-drop type='LockModel'
	 offset='2147483647'
	 line='0'
	 file='java.lang.Object'
	 hash='1709211273'
	 context='1063877011'
	 message='RegionLock java.lang.Object.MUTEX is this protects WaitQueue on Object'
	 message-id='(100,java.lang.Object.MUTEX,this,WaitQueue,Object)'
	 category='Concurrency'
	 checked-by-analysis='true'
	 from-src='true'
	 to-be-checked-by-analysis='true'/>

<promise-drop type='RequiresLockPromiseDrop'
	 offset='2447'
	 line='99'
	 path='BoundedFIFOJSure/src/com/surelogic/jsure/BoundedFIFO.java'
	 uri='file:/C:/work/jsure-test-update-script-workspace/.jsure-data/BoundedFIFOJSure%202010-12-16%2012-41-09/srcs/BoundedFIFOJSure/BoundedFIFOJSure/src/com/surelogic/jsure/BoundedFIFO.java'
	 file='file:/C:/work/jsure-test-update-script-workspace/.jsure-data/BoundedFIFOJSure%202010-12-16%2012-41-09/srcs/BoundedFIFOJSure/BoundedFIFOJSure/src/com/surelogic/jsure/BoundedFIFO.java'
	 hash='-1390514151'
	 context='1105176043'
	 message='RequiresLock BufLock on com.surelogic.jsure.BoundedFIFO.wasEmpty()'
	 message-id='(102,RequiresLock BufLock,com.surelogic.jsure.BoundedFIFO.wasEmpty())'
	 category='lock precondition(s)'
	 checked-by-analysis='true'
	 from-src='true'
	 virtual='true'
	 to-be-checked-by-analysis='true'/>

<result-drop type='ResultDrop'
	 offset='365'
	 line='20'
	 path='BoundedFIFOJSure/src/com/surelogic/jsure/BlockingFIFO.java'
	 uri='file:/C:/work/jsure-test-update-script-workspace/.jsure-data/BoundedFIFOJSure%202010-12-16%2012-41-03/srcs/BoundedFIFOJSure/BoundedFIFOJSure/src/com/surelogic/jsure/BlockingFIFO.java'
	 file='file:/C:/work/jsure-test-update-script-workspace/.jsure-data/BoundedFIFOJSure%202010-12-16%2012-41-03/srcs/BoundedFIFOJSure/BoundedFIFOJSure/src/com/surelogic/jsure/BlockingFIFO.java'
	 hash='2144695158'
	 context='-1276457664'
	 message='Lock &quot;&lt;this.fifo&gt;:BufLock&quot; not held when invoking this.fifo.wasEmpty; precondition unsatisfied'
	 message-id='(209,&lt;this.fifo&gt;:BufLock,this.fifo.wasEmpty,null)'
	 category='lock precondition(s) not satisfied; possible race conditions enabled'
	 result-type='LockAnalysis_ds_PreconditionsNotAssured'/>

<ir-drop type='ProposedPromiseDrop'
	 offset='736'
	 line='46'
	 path='BoundedFIFOJSure/src/com/surelogic/jsure/BlockingFIFO.java'
	 uri='file:/C:/work/jsure-test-update-script-workspace/.jsure-data/BoundedFIFOJSure%202010-12-16%2012-41-03/srcs/BoundedFIFOJSure/BoundedFIFOJSure/src/com/surelogic/jsure/BlockingFIFO.java'
	 file='file:/C:/work/jsure-test-update-script-workspace/.jsure-data/BoundedFIFOJSure%202010-12-16%2012-41-03/srcs/BoundedFIFOJSure/BoundedFIFOJSure/src/com/surelogic/jsure/BlockingFIFO.java'
	 hash='97438872'
	 context='1303360307'
	 message='ProposedPromiseDrop @RegionEffects(writes java.lang.Object:All)'
	 java-annotation='@RegionEffects(&quot;writes java.lang.Object:All&quot;)'
	 annotation-type='RegionEffects'
	 contents='writes java.lang.Object:All'
	 target-project='BoundedFIFOJSure'
	 from-project='BoundedFIFOJSure'/>

<ir-drop type='WarningDrop'
	 offset='1876'
	 line='72'
	 path='BoundedFIFOJSure/src/com/surelogic/jsure/BoundedFIFO.java'
	 uri='file:/C:/work/jsure-test-update-script-workspace/.jsure-data/BoundedFIFOJSure%202010-12-16%2012-41-09/srcs/BoundedFIFOJSure/BoundedFIFOJSure/src/com/surelogic/jsure/BoundedFIFO.java'
	 file='file:/C:/work/jsure-test-update-script-workspace/.jsure-data/BoundedFIFOJSure%202010-12-16%2012-41-09/srcs/BoundedFIFOJSure/BoundedFIFOJSure/src/com/surelogic/jsure/BoundedFIFO.java'
	 hash='-49834690'
	 context='-398113170'
	 message='Field reference &quot;this.buf [ this.next ]&quot; may be to a shared unprotected object'
	 message-id='(201,this.buf [ this.next ])'
	 category='protected reference(s) to a possibly shared unprotected object; possible race condition detected'
	 result-type='LockAnalysis_ds_AggregationNeeded'/>

<ir-drop type='ProposedPromiseDrop'
	 offset='449'
	 line='28'
	 path='BoundedFIFOJSure/src/com/surelogic/jsure/BlockingFIFO.java'
	 uri='file:/C:/work/jsure-test-update-script-workspace/.jsure-data/BoundedFIFOJSure%202010-12-16%2012-41-03/srcs/BoundedFIFOJSure/BoundedFIFOJSure/src/com/surelogic/jsure/BlockingFIFO.java'
	 file='file:/C:/work/jsure-test-update-script-workspace/.jsure-data/BoundedFIFOJSure%202010-12-16%2012-41-03/srcs/BoundedFIFOJSure/BoundedFIFOJSure/src/com/surelogic/jsure/BlockingFIFO.java'
	 hash='2145759295'
	 context='78615947'
	 message='ProposedPromiseDrop @RegionEffects(writes java.lang.Object:All)'
	 java-annotation='@RegionEffects(&quot;writes java.lang.Object:All&quot;)'
	 annotation-type='RegionEffects'
	 contents='writes java.lang.Object:All'
	 target-project='BoundedFIFOJSure'
	 from-project='BoundedFIFOJSure'/>

<ir-drop type='ProposedPromiseDrop'
	 offset='2209'
	 line='90'
	 path='BoundedFIFOJSure/src/com/surelogic/jsure/BoundedFIFO.java'
	 uri='file:/C:/work/jsure-test-update-script-workspace/.jsure-data/BoundedFIFOJSure%202010-12-16%2012-41-09/srcs/BoundedFIFOJSure/BoundedFIFOJSure/src/com/surelogic/jsure/BoundedFIFO.java'
	 file='file:/C:/work/jsure-test-update-script-workspace/.jsure-data/BoundedFIFOJSure%202010-12-16%2012-41-09/srcs/BoundedFIFOJSure/BoundedFIFOJSure/src/com/surelogic/jsure/BoundedFIFO.java'
	 hash='-619934927'
	 context='-1903378963'
	 message='ProposedPromiseDrop @RegionEffects(reads this:Instance)'
	 java-annotation='@RegionEffects(&quot;reads this:Instance&quot;)'
	 annotation-type='RegionEffects'
	 contents='reads this:Instance'
	 target-project='BoundedFIFOJSure'
	 from-project='BoundedFIFOJSure'/>

<ir-drop type='ProposedPromiseDrop'
	 offset='2896'
	 line='115'
	 path='BoundedFIFOJSure/src/com/surelogic/jsure/BoundedFIFO.java'
	 uri='file:/C:/work/jsure-test-update-script-workspace/.jsure-data/BoundedFIFOJSure%202010-12-16%2012-41-09/srcs/BoundedFIFOJSure/BoundedFIFOJSure/src/com/surelogic/jsure/BoundedFIFO.java'
	 file='file:/C:/work/jsure-test-update-script-workspace/.jsure-data/BoundedFIFOJSure%202010-12-16%2012-41-09/srcs/BoundedFIFOJSure/BoundedFIFOJSure/src/com/surelogic/jsure/BoundedFIFO.java'
	 hash='1874440324'
	 context='-134196960'
	 message='ProposedPromiseDrop @RegionEffects(reads this:Instance)'
	 java-annotation='@RegionEffects(&quot;reads this:Instance&quot;)'
	 annotation-type='RegionEffects'
	 contents='reads this:Instance'
	 target-project='BoundedFIFOJSure'
	 from-project='BoundedFIFOJSure'/>

<ir-drop type='ProposedPromiseDrop'
	 offset='30'
	 line='3'
	 path='BoundedFIFOJSure/src/com/surelogic/jsure/LoggingEvent.java'
	 uri='file:/C:/work/jsure-test-update-script-workspace/.jsure-data/BoundedFIFOJSure%202010-12-16%2012-41-03/srcs/BoundedFIFOJSure/BoundedFIFOJSure/src/com/surelogic/jsure/LoggingEvent.java'
	 file='file:/C:/work/jsure-test-update-script-workspace/.jsure-data/BoundedFIFOJSure%202010-12-16%2012-41-03/srcs/BoundedFIFOJSure/BoundedFIFOJSure/src/com/surelogic/jsure/LoggingEvent.java'
	 hash='439958362'
	 context='-591630994'
	 message='ProposedPromiseDrop @RegionEffects(none)'
	 java-annotation='@RegionEffects(&quot;none&quot;)'
	 annotation-type='RegionEffects'
	 contents='none'
	 target-project='BoundedFIFOJSure'
	 from-project='BoundedFIFOJSure'/>

<result-drop type='ResultDrop'
	 offset='231'
	 line='12'
	 path='BoundedFIFOJSure/src/com/surelogic/jsure/BlockingFIFO.java'
	 uri='file:/C:/work/jsure-test-update-script-workspace/.jsure-data/BoundedFIFOJSure%202010-12-16%2012-41-03/srcs/BoundedFIFOJSure/BoundedFIFOJSure/src/com/surelogic/jsure/BlockingFIFO.java'
	 file='file:/C:/work/jsure-test-update-script-workspace/.jsure-data/BoundedFIFOJSure%202010-12-16%2012-41-03/srcs/BoundedFIFOJSure/BoundedFIFOJSure/src/com/surelogic/jsure/BlockingFIFO.java'
	 hash='-1071514901'
	 context='-32330955'
	 message='Lock &quot;&lt;this.fifo&gt;:BufLock&quot; not held when invoking this.fifo.isFull; precondition unsatisfied'
	 message-id='(209,&lt;this.fifo&gt;:BufLock,this.fifo.isFull,null)'
	 category='lock precondition(s) not satisfied; possible race conditions enabled'
	 result-type='LockAnalysis_ds_PreconditionsNotAssured'/>

<result-drop type='ResultDrop'
	 offset='1384'
	 line='53'
	 path='BoundedFIFOJSure/src/com/surelogic/jsure/BoundedFIFO.java'
	 uri='file:/C:/work/jsure-test-update-script-workspace/.jsure-data/BoundedFIFOJSure%202010-12-16%2012-41-09/srcs/BoundedFIFOJSure/BoundedFIFOJSure/src/com/surelogic/jsure/BoundedFIFO.java'
	 file='file:/C:/work/jsure-test-update-script-workspace/.jsure-data/BoundedFIFOJSure%202010-12-16%2012-41-09/srcs/BoundedFIFOJSure/BoundedFIFOJSure/src/com/surelogic/jsure/BoundedFIFO.java'
	 hash='-110077252'
	 context='-968509295'
	 message='Lock &quot;&lt;this&gt;:BufLock&quot; held when accessing this.numElts'
	 message-id='(203,&lt;this&gt;:BufLock,this.numElts,null)'
	 category='protected field access(es)'
	 proved-consistent='true'
	 consistent='true'
	 result-type='LockAnalysis_ds_FieldAccessAssured'/>

<promise-drop type='RegionModel'
	 line='0'
	 file='java.lang.[]'
	 hash='-1305411288'
	 context='156839830'
	 message='Region public []'
	 message-id='(117,public,,[])'
	 category='Regions'
	 proved-consistent='true'
	 checked-by-analysis='true'
	 from-src='true'/>

<ir-drop type='ProposedPromiseDrop'
	 offset='163'
	 line='10'
	 path='BoundedFIFOJSure/src/com/surelogic/jsure/BlockingFIFO.java'
	 uri='file:/C:/work/jsure-test-update-script-workspace/.jsure-data/BoundedFIFOJSure%202010-12-16%2012-41-03/srcs/BoundedFIFOJSure/BoundedFIFOJSure/src/com/surelogic/jsure/BlockingFIFO.java'
	 file='file:/C:/work/jsure-test-update-script-workspace/.jsure-data/BoundedFIFOJSure%202010-12-16%2012-41-03/srcs/BoundedFIFOJSure/BoundedFIFOJSure/src/com/surelogic/jsure/BlockingFIFO.java'
	 hash='803008296'
	 context='-1009164568'
	 message='ProposedPromiseDrop @RequiresLock(BufLock)'
	 java-annotation='@RequiresLock(&quot;BufLock&quot;)'
	 annotation-type='RequiresLock'
	 contents='BufLock'
	 target-project='BoundedFIFOJSure'
	 from-project='BoundedFIFOJSure'/>

<result-drop type='ResultDrop'
	 offset='1901'
	 line='73'
	 path='BoundedFIFOJSure/src/com/surelogic/jsure/BoundedFIFO.java'
	 uri='file:/C:/work/jsure-test-update-script-workspace/.jsure-data/BoundedFIFOJSure%202010-12-16%2012-41-09/srcs/BoundedFIFOJSure/BoundedFIFOJSure/src/com/surelogic/jsure/BoundedFIFO.java'
	 file='file:/C:/work/jsure-test-update-script-workspace/.jsure-data/BoundedFIFOJSure%202010-12-16%2012-41-09/srcs/BoundedFIFOJSure/BoundedFIFOJSure/src/com/surelogic/jsure/BoundedFIFO.java'
	 hash='-464187794'
	 context='178982695'
	 message='Lock &quot;&lt;this&gt;:BufLock&quot; held when accessing (this.next)'
	 message-id='(203,&lt;this&gt;:BufLock,(this.next),null)'
	 category='protected field access(es)'
	 consistent='true'
	 result-type='LockAnalysis_ds_FieldAccessAssured'/>

<ir-drop type='ProposedPromiseDrop'
	 offset='163'
	 line='10'
	 path='BoundedFIFOJSure/src/com/surelogic/jsure/BlockingFIFO.java'
	 uri='file:/C:/work/jsure-test-update-script-workspace/.jsure-data/BoundedFIFOJSure%202010-12-16%2012-41-03/srcs/BoundedFIFOJSure/BoundedFIFOJSure/src/com/surelogic/jsure/BlockingFIFO.java'
	 file='file:/C:/work/jsure-test-update-script-workspace/.jsure-data/BoundedFIFOJSure%202010-12-16%2012-41-03/srcs/BoundedFIFOJSure/BoundedFIFOJSure/src/com/surelogic/jsure/BlockingFIFO.java'
	 hash='803008296'
	 context='-1009164568'
	 message='ProposedPromiseDrop @RegionEffects(writes java.lang.Object:All)'
	 java-annotation='@RegionEffects(&quot;writes java.lang.Object:All&quot;)'
	 annotation-type='RegionEffects'
	 contents='writes java.lang.Object:All'
	 target-project='BoundedFIFOJSure'
	 from-project='BoundedFIFOJSure'/>

<ir-drop type='ProposedPromiseDrop'
	 offset='815'
	 line='28'
	 path='BoundedFIFOJSure/src/com/surelogic/jsure/BoundedFIFO.java'
	 uri='file:/C:/work/jsure-test-update-script-workspace/.jsure-data/BoundedFIFOJSure%202010-12-16%2012-41-09/srcs/BoundedFIFOJSure/BoundedFIFOJSure/src/com/surelogic/jsure/BoundedFIFO.java'
	 file='file:/C:/work/jsure-test-update-script-workspace/.jsure-data/BoundedFIFOJSure%202010-12-16%2012-41-09/srcs/BoundedFIFOJSure/BoundedFIFOJSure/src/com/surelogic/jsure/BoundedFIFO.java'
	 hash='97907'
	 context='-728775891'
	 message='ProposedPromiseDrop @Aggregate()'
	 java-annotation='@Aggregate'
	 annotation-type='Aggregate'
	
	 target-project='BoundedFIFOJSure'
	 from-project='BoundedFIFOJSure'/>

<result-drop type='ResultDrop'
	 offset='1934'
	 line='75'
	 path='BoundedFIFOJSure/src/com/surelogic/jsure/BoundedFIFO.java'
	 uri='file:/C:/work/jsure-test-update-script-workspace/.jsure-data/BoundedFIFOJSure%202010-12-16%2012-41-09/srcs/BoundedFIFOJSure/BoundedFIFOJSure/src/com/surelogic/jsure/BoundedFIFO.java'
	 file='file:/C:/work/jsure-test-update-script-workspace/.jsure-data/BoundedFIFOJSure%202010-12-16%2012-41-09/srcs/BoundedFIFOJSure/BoundedFIFOJSure/src/com/surelogic/jsure/BoundedFIFO.java'
	 hash='2135064005'
	 context='523364846'
	 message='Lock &quot;&lt;this&gt;:BufLock&quot; held when accessing (this.numElts)'
	 message-id='(203,&lt;this&gt;:BufLock,(this.numElts),null)'
	 category='protected field access(es)'
	 consistent='true'
	 result-type='LockAnalysis_ds_FieldAccessAssured'/>

<result-drop type='ResultDrop'
	 offset='1909'
	 line='73'
	 path='BoundedFIFOJSure/src/com/surelogic/jsure/BoundedFIFO.java'
	 uri='file:/C:/work/jsure-test-update-script-workspace/.jsure-data/BoundedFIFOJSure%202010-12-16%2012-41-09/srcs/BoundedFIFOJSure/BoundedFIFOJSure/src/com/surelogic/jsure/BoundedFIFO.java'
	 file='file:/C:/work/jsure-test-update-script-workspace/.jsure-data/BoundedFIFOJSure%202010-12-16%2012-41-09/srcs/BoundedFIFOJSure/BoundedFIFOJSure/src/com/surelogic/jsure/BoundedFIFO.java'
	 hash='-605668015'
	 context='1653407321'
	 message='Lock &quot;&lt;this&gt;:BufLock&quot; held when accessing this.size'
	 message-id='(203,&lt;this&gt;:BufLock,this.size,null)'
	 category='protected field access(es)'
	 consistent='true'
	 result-type='LockAnalysis_ds_FieldAccessAssured'/>

<result-drop type='ResultDrop'
	 offset='1464'
	 line='56'
	 path='BoundedFIFOJSure/src/com/surelogic/jsure/BoundedFIFO.java'
	 uri='file:/C:/work/jsure-test-update-script-workspace/.jsure-data/BoundedFIFOJSure%202010-12-16%2012-41-09/srcs/BoundedFIFOJSure/BoundedFIFOJSure/src/com/surelogic/jsure/BoundedFIFO.java'
	 file='file:/C:/work/jsure-test-update-script-workspace/.jsure-data/BoundedFIFOJSure%202010-12-16%2012-41-09/srcs/BoundedFIFOJSure/BoundedFIFOJSure/src/com/surelogic/jsure/BoundedFIFO.java'
	 hash='-605668015'
	 context='242563324'
	 message='Lock &quot;&lt;this&gt;:BufLock&quot; held when accessing this.size'
	 message-id='(203,&lt;this&gt;:BufLock,this.size,null)'
	 category='protected field access(es)'
	 proved-consistent='true'
	 consistent='true'
	 result-type='LockAnalysis_ds_FieldAccessAssured'/>

<result-drop type='ResultDrop'
	 offset='2943'
	 line='116'
	 path='BoundedFIFOJSure/src/com/surelogic/jsure/BoundedFIFO.java'
	 uri='file:/C:/work/jsure-test-update-script-workspace/.jsure-data/BoundedFIFOJSure%202010-12-16%2012-41-09/srcs/BoundedFIFOJSure/BoundedFIFOJSure/src/com/surelogic/jsure/BoundedFIFO.java'
	 file='file:/C:/work/jsure-test-update-script-workspace/.jsure-data/BoundedFIFOJSure%202010-12-16%2012-41-09/srcs/BoundedFIFOJSure/BoundedFIFOJSure/src/com/surelogic/jsure/BoundedFIFO.java'
	 hash='-605668015'
	 context='-443932331'
	 message='Lock &quot;&lt;this&gt;:BufLock&quot; held when accessing this.size'
	 message-id='(203,&lt;this&gt;:BufLock,this.size,null)'
	 category='protected field access(es)'
	 consistent='true'
	 result-type='LockAnalysis_ds_FieldAccessAssured'/>

<ir-drop type='ProposedPromiseDrop'
	 offset='94'
	 line='6'
	 path='BoundedFIFOJSure/src/com/surelogic/jsure/BlockingFIFO.java'
	 uri='file:/C:/work/jsure-test-update-script-workspace/.jsure-data/BoundedFIFOJSure%202010-12-16%2012-41-03/srcs/BoundedFIFOJSure/BoundedFIFOJSure/src/com/surelogic/jsure/BlockingFIFO.java'
	 file='file:/C:/work/jsure-test-update-script-workspace/.jsure-data/BoundedFIFOJSure%202010-12-16%2012-41-03/srcs/BoundedFIFOJSure/BoundedFIFOJSure/src/com/surelogic/jsure/BlockingFIFO.java'
	 hash='1659404402'
	 context='485168373'
	 message='ProposedPromiseDrop @RegionEffects(writes java.lang.Object:All)'
	 java-annotation='@RegionEffects(&quot;writes java.lang.Object:All&quot;)'
	 annotation-type='RegionEffects'
	 contents='writes java.lang.Object:All'
	 target-project='BoundedFIFOJSure'
	 from-project='BoundedFIFOJSure'/>

<ir-drop type='ProposedPromiseDrop'
	 offset='163'
	 line='10'
	 path='BoundedFIFOJSure/src/com/surelogic/jsure/BlockingFIFO.java'
	 uri='file:/C:/work/jsure-test-update-script-workspace/.jsure-data/BoundedFIFOJSure%202010-12-16%2012-41-03/srcs/BoundedFIFOJSure/BoundedFIFOJSure/src/com/surelogic/jsure/BlockingFIFO.java'
	 file='file:/C:/work/jsure-test-update-script-workspace/.jsure-data/BoundedFIFOJSure%202010-12-16%2012-41-03/srcs/BoundedFIFOJSure/BoundedFIFOJSure/src/com/surelogic/jsure/BlockingFIFO.java'
	 hash='803008296'
	 context='-1009164568'
	 message='ProposedPromiseDrop @RequiresLock(BufLock)'
	 java-annotation='@RequiresLock(&quot;BufLock&quot;)'
	 annotation-type='RequiresLock'
	 contents='BufLock'
	 target-project='BoundedFIFOJSure'
	 from-project='BoundedFIFOJSure'/>

<ir-drop type='ProposedPromiseDrop'
	 offset='2672'
	 line='107'
	 path='BoundedFIFOJSure/src/com/surelogic/jsure/BoundedFIFO.java'
	 uri='file:/C:/work/jsure-test-update-script-workspace/.jsure-data/BoundedFIFOJSure%202010-12-16%2012-41-09/srcs/BoundedFIFOJSure/BoundedFIFOJSure/src/com/surelogic/jsure/BoundedFIFO.java'
	 file='file:/C:/work/jsure-test-update-script-workspace/.jsure-data/BoundedFIFOJSure%202010-12-16%2012-41-09/srcs/BoundedFIFOJSure/BoundedFIFOJSure/src/com/surelogic/jsure/BoundedFIFO.java'
	 hash='981319203'
	 context='-759745197'
	 message='ProposedPromiseDrop @RegionEffects(reads this:Instance)'
	 java-annotation='@RegionEffects(&quot;reads this:Instance&quot;)'
	 annotation-type='RegionEffects'
	 contents='reads this:Instance'
	 target-project='BoundedFIFOJSure'
	 from-project='BoundedFIFOJSure'/>

<result-drop type='ResultDrop'
	 offset='388'
	 line='21'
	 path='BoundedFIFOJSure/src/com/surelogic/jsure/BlockingFIFO.java'
	 uri='file:/C:/work/jsure-test-update-script-workspace/.jsure-data/BoundedFIFOJSure%202010-12-16%2012-41-03/srcs/BoundedFIFOJSure/BoundedFIFOJSure/src/com/surelogic/jsure/BlockingFIFO.java'
	 file='file:/C:/work/jsure-test-update-script-workspace/.jsure-data/BoundedFIFOJSure%202010-12-16%2012-41-03/srcs/BoundedFIFOJSure/BoundedFIFOJSure/src/com/surelogic/jsure/BlockingFIFO.java'
	 hash='-930704549'
	 context='1758745509'
	 message='Lock &quot;&lt;this.fifo&gt;:MUTEX&quot; not held when invoking this.fifo.notify; precondition unsatisfied'
	 message-id='(209,&lt;this.fifo&gt;:MUTEX,this.fifo.notify,null)'
	 category='lock precondition(s) not satisfied; possible race conditions enabled'
	 result-type='LockAnalysis_ds_PreconditionsNotAssured'/>

<promise-drop type='RequiresLockPromiseDrop'
	 offset='2896'
	 line='115'
	 path='BoundedFIFOJSure/src/com/surelogic/jsure/BoundedFIFO.java'
	 uri='file:/C:/work/jsure-test-update-script-workspace/.jsure-data/BoundedFIFOJSure%202010-12-16%2012-41-09/srcs/BoundedFIFOJSure/BoundedFIFOJSure/src/com/surelogic/jsure/BoundedFIFO.java'
	 file='file:/C:/work/jsure-test-update-script-workspace/.jsure-data/BoundedFIFOJSure%202010-12-16%2012-41-09/srcs/BoundedFIFOJSure/BoundedFIFOJSure/src/com/surelogic/jsure/BoundedFIFO.java'
	 hash='1874440324'
	 context='-134196960'
	 message='RequiresLock BufLock on com.surelogic.jsure.BoundedFIFO.isFull()'
	 message-id='(102,RequiresLock BufLock,com.surelogic.jsure.BoundedFIFO.isFull())'
	 category='lock precondition(s)'
	 checked-by-analysis='true'
	 from-src='true'
	 virtual='true'
	 to-be-checked-by-analysis='true'/>

<result-drop type='ResultDrop'
	 offset='411'
	 line='23'
	 path='BoundedFIFOJSure/src/com/surelogic/jsure/BlockingFIFO.java'
	 uri='file:/C:/work/jsure-test-update-script-workspace/.jsure-data/BoundedFIFOJSure%202010-12-16%2012-41-03/srcs/BoundedFIFOJSure/BoundedFIFOJSure/src/com/surelogic/jsure/BlockingFIFO.java'
	 file='file:/C:/work/jsure-test-update-script-workspace/.jsure-data/BoundedFIFOJSure%202010-12-16%2012-41-03/srcs/BoundedFIFOJSure/BoundedFIFOJSure/src/com/surelogic/jsure/BlockingFIFO.java'
	 hash='-867967697'
	 context='1902123371'
	 message='Lock &quot;&lt;this.fifo&gt;:BufLock&quot; not held when invoking this.fifo.put(e); precondition unsatisfied'
	 message-id='(209,&lt;this.fifo&gt;:BufLock,this.fifo.put(e),null)'
	 category='lock precondition(s) not satisfied; possible race conditions enabled'
	 result-type='LockAnalysis_ds_PreconditionsNotAssured'/>

<ir-drop type='ProposedPromiseDrop'
	 offset='736'
	 line='46'
	 path='BoundedFIFOJSure/src/com/surelogic/jsure/BlockingFIFO.java'
	 uri='file:/C:/work/jsure-test-update-script-workspace/.jsure-data/BoundedFIFOJSure%202010-12-16%2012-41-03/srcs/BoundedFIFOJSure/BoundedFIFOJSure/src/com/surelogic/jsure/BlockingFIFO.java'
	 file='file:/C:/work/jsure-test-update-script-workspace/.jsure-data/BoundedFIFOJSure%202010-12-16%2012-41-03/srcs/BoundedFIFOJSure/BoundedFIFOJSure/src/com/surelogic/jsure/BlockingFIFO.java'
	 hash='97438872'
	 context='1303360307'
	 message='ProposedPromiseDrop @RegionEffects(writes java.lang.Object:All)'
	 java-annotation='@RegionEffects(&quot;writes java.lang.Object:All&quot;)'
	 annotation-type='RegionEffects'
	 contents='writes java.lang.Object:All'
	 target-project='BoundedFIFOJSure'
	 from-project='BoundedFIFOJSure'/>

<ir-drop type='ProposedPromiseDrop'
	 offset='1072'
	 line='41'
	 path='BoundedFIFOJSure/src/com/surelogic/jsure/BoundedFIFO.java'
	 uri='file:/C:/work/jsure-test-update-script-workspace/.jsure-data/BoundedFIFOJSure%202010-12-16%2012-41-09/srcs/BoundedFIFOJSure/BoundedFIFOJSure/src/com/surelogic/jsure/BoundedFIFO.java'
	 file='file:/C:/work/jsure-test-update-script-workspace/.jsure-data/BoundedFIFOJSure%202010-12-16%2012-41-09/srcs/BoundedFIFOJSure/BoundedFIFOJSure/src/com/surelogic/jsure/BoundedFIFO.java'
	 hash='88407834'
	 context='-1313831777'
	 message='ProposedPromiseDrop @Unique(return)'
	 java-annotation='@Unique(&quot;return&quot;)'
	 annotation-type='Unique'
	 contents='return'
	 target-project='BoundedFIFOJSure'
	 from-project='BoundedFIFOJSure'/>

<result-drop type='ResultDrop'
	 offset='853'
	 line='30'
	 path='BoundedFIFOJSure/src/com/surelogic/jsure/BoundedFIFO.java'
	 uri='file:/C:/work/jsure-test-update-script-workspace/.jsure-data/BoundedFIFOJSure%202010-12-16%2012-41-09/srcs/BoundedFIFOJSure/BoundedFIFOJSure/src/com/surelogic/jsure/BoundedFIFO.java'
	 file='file:/C:/work/jsure-test-update-script-workspace/.jsure-data/BoundedFIFOJSure%202010-12-16%2012-41-09/srcs/BoundedFIFOJSure/BoundedFIFOJSure/src/com/surelogic/jsure/BoundedFIFO.java'
	 hash='-568260359'
	 context='784257478'
	 message='Lock &quot;&lt;this&gt;:BufLock&quot; not held when accessing numElts = 0'
	 message-id='(205,&lt;this&gt;:BufLock,numElts = 0,null)'
	 category='unprotected field access(es); possible race condition detected'
	 result-type='LockAnalysis_ds_FieldAccessNotAssured'/>

<ir-drop type='ProposedPromiseDrop'
	 offset='1072'
	 line='41'
	 path='BoundedFIFOJSure/src/com/surelogic/jsure/BoundedFIFO.java'
	 uri='file:/C:/work/jsure-test-update-script-workspace/.jsure-data/BoundedFIFOJSure%202010-12-16%2012-41-09/srcs/BoundedFIFOJSure/BoundedFIFOJSure/src/com/surelogic/jsure/BoundedFIFO.java'
	 file='file:/C:/work/jsure-test-update-script-workspace/.jsure-data/BoundedFIFOJSure%202010-12-16%2012-41-09/srcs/BoundedFIFOJSure/BoundedFIFOJSure/src/com/surelogic/jsure/BoundedFIFO.java'
	 hash='88407834'
	 context='-1313831777'
	 message='ProposedPromiseDrop @Unique(return)'
	 java-annotation='@Unique(&quot;return&quot;)'
	 annotation-type='Unique'
	 contents='return'
	 target-project='BoundedFIFOJSure'
	 from-project='BoundedFIFOJSure'/>

<result-drop type='ResultDrop'
	 offset='792'
	 line='48'
	 path='BoundedFIFOJSure/src/com/surelogic/jsure/BlockingFIFO.java'
	 uri='file:/C:/work/jsure-test-update-script-workspace/.jsure-data/BoundedFIFOJSure%202010-12-16%2012-41-03/srcs/BoundedFIFOJSure/BoundedFIFOJSure/src/com/surelogic/jsure/BlockingFIFO.java'
	 file='file:/C:/work/jsure-test-update-script-workspace/.jsure-data/BoundedFIFOJSure%202010-12-16%2012-41-03/srcs/BoundedFIFOJSure/BoundedFIFOJSure/src/com/surelogic/jsure/BlockingFIFO.java'
	 hash='-997378312'
	 context='-1760718439'
	 message='Lock &quot;&lt;this.fifo&gt;:BufLock&quot; held when invoking this.fifo.length; precondition satisfied'
	 message-id='(207,&lt;this.fifo&gt;:BufLock,this.fifo.length,null)'
	 category='lock precondition(s) satisfied'
	 proved-consistent='true'
	 consistent='true'
	 result-type='LockAnalysis_ds_PreconditionsAssured'/>

<result-drop type='ResultDrop'
	 offset='2047'
	 line='83'
	 path='BoundedFIFOJSure/src/com/surelogic/jsure/BoundedFIFO.java'
	 uri='file:/C:/work/jsure-test-update-script-workspace/.jsure-data/BoundedFIFOJSure%202010-12-16%2012-41-09/srcs/BoundedFIFOJSure/BoundedFIFOJSure/src/com/surelogic/jsure/BoundedFIFO.java'
	 file='file:/C:/work/jsure-test-update-script-workspace/.jsure-data/BoundedFIFOJSure%202010-12-16%2012-41-09/srcs/BoundedFIFOJSure/BoundedFIFOJSure/src/com/surelogic/jsure/BoundedFIFO.java'
	 hash='-605668015'
	 context='-1105696053'
	 message='Lock &quot;&lt;this&gt;:BufLock&quot; held when accessing this.size'
	 message-id='(203,&lt;this&gt;:BufLock,this.size,null)'
	 category='protected field access(es)'
	 proved-consistent='true'
	 consistent='true'
	 result-type='LockAnalysis_ds_FieldAccessAssured'/>

</sea-summary>

