<?xml version='1.0' encoding='UTF-8' standalone='yes'?>
<sea-summary time='Sep 8, 2010 11:32:29 AM'
	 project='workspace'>

<count RequiresLockPromiseDrop='7'/>
<count UniquePromiseDrop='1'/>
<count ResultDrop='45'/>
<count PromisePromiseDrop='1'/>
<count RegionModel='2'/>
<count LockModel='2'/>
<count ProposedPromiseDrop='14'/>
<count WarningDrop='3'/>
<promise-drop type='RequiresLockPromiseDrop'
	 line='53'
	 file='/BoundedFIFOJSure/src/com/surelogic/jsure/BoundedFIFO.java'
	 offset='1317'
	 hash='-1878828405'
	 context='-269806319'
	 message='RequiresLock BufLock on com.surelogic.jsure.BoundedFIFO.get()'
	 message-id='(102,RequiresLock BufLock,com.surelogic.jsure.BoundedFIFO.get())'
	 category='lock precondition(s)'
	 proved-consistent='true'
	 checked-by-analysis='true'
	 from-src='true'
	 virtual='true'/>

<result-drop type='ResultDrop'
	 line='23'
	 file='/BoundedFIFOJSure/src/com/surelogic/jsure/BlockingFIFO.java'
	 offset='411'
	 hash='-867967697'
	 context='1902123371'
	 message='Lock &quot;&lt;this.fifo&gt;:BufLock&quot; not held when invoking this.fifo.put(e); precondition unsatisfied'
	 message-id='(209,&lt;this.fifo&gt;:BufLock,this.fifo.put(e),null)'
	 category='lock precondition(s) not satisfied; possible race conditions enabled'
	 result-type='209'/>

<result-drop type='ResultDrop'
	 line='24'
	 file='/BoundedFIFOJSure/src/com/surelogic/jsure/BlockingFIFO.java'
	 offset='427'
	 hash='-867967697'
	 context='1902123371'
	 message='Lock &quot;&lt;this.fifo&gt;:BufLock&quot; not held when invoking this.fifo.put(e); precondition unsatisfied'
	 message-id='(209,&lt;this.fifo&gt;:BufLock,this.fifo.put(e),null)'
	 category='lock precondition(s) not satisfied; possible race conditions enabled'
	 result-type='209'/>

<promise-drop type='RegionModel'
	 line='0'
	 file='java.lang.[]'
	 offset='-1'
	 hash='-1305411288'
	 context='156839830'
	 message='Region public length'
	 message-id='(117,public,,length)'
	 category='Regions'
	 proved-consistent='true'
	 checked-by-analysis='true'
	 from-src='true'/>

<result-drop type='ResultDrop'
	 line='74'
	 file='/BoundedFIFOJSure/src/com/surelogic/jsure/BoundedFIFO.java'
	 offset='1856'
	 hash='-605668015'
	 context='1653407321'
	 message='Lock &quot;&lt;this&gt;:BufLock&quot; held when accessing this.size'
	 message-id='(203,&lt;this&gt;:BufLock,this.size,null)'
	 category='protected field access(es)'
	 consistent='true'
	 result-type='203'/>

<result-drop type='ResultDrop'
	 line='48'
	 file='/BoundedFIFOJSure/src/com/surelogic/jsure/BlockingFIFO.java'
	 offset='792'
	 hash='-997378312'
	 context='-1760718439'
	 message='Lock &quot;&lt;this.fifo&gt;:BufLock&quot; held when invoking this.fifo.length; precondition satisfied'
	 message-id='(207,&lt;this.fifo&gt;:BufLock,this.fifo.length,null)'
	 category='lock precondition(s) satisfied'
	 proved-consistent='true'
	 consistent='true'
	 result-type='207'/>

<ir-drop type='WarningDrop'
	 line='56'
	 file='/BoundedFIFOJSure/src/com/surelogic/jsure/BoundedFIFO.java'
	 offset='1400'
	 hash='-49834690'
	 context='-554947668'
	 message='Field reference &quot;this.buf [ this.next ]&quot; may be to a shared unprotected object'
	 message-id='(201,this.buf [ this.next ])'
	 category='protected reference(s) to a possibly shared unprotected object; possible race condition detected'
	 result-type='201'/>

<result-drop type='ResultDrop'
	 line='109'
	 file='/BoundedFIFOJSure/src/com/surelogic/jsure/BoundedFIFO.java'
	 offset='2636'
	 hash='-605668015'
	 context='-1771607106'
	 message='Lock &quot;&lt;this&gt;:BufLock&quot; held when accessing this.size'
	 message-id='(203,&lt;this&gt;:BufLock,this.size,null)'
	 category='protected field access(es)'
	 proved-consistent='true'
	 consistent='true'
	 result-type='203'/>

<result-drop type='ResultDrop'
	 line='73'
	 file='/BoundedFIFOJSure/src/com/surelogic/jsure/BoundedFIFO.java'
	 offset='1824'
	 hash='1227372323'
	 context='289942439'
	 message='Lock &quot;&lt;this&gt;:BufLock&quot; held when accessing this.buf'
	 message-id='(203,&lt;this&gt;:BufLock,this.buf,null)'
	 category='protected field access(es)'
	 consistent='true'
	 result-type='203'/>

<result-drop type='ResultDrop'
	 line='92'
	 file='/BoundedFIFOJSure/src/com/surelogic/jsure/BoundedFIFO.java'
	 offset='2170'
	 hash='-110077252'
	 context='742746733'
	 message='Lock &quot;&lt;this&gt;:BufLock&quot; held when accessing this.numElts'
	 message-id='(203,&lt;this&gt;:BufLock,this.numElts,null)'
	 category='protected field access(es)'
	 proved-consistent='true'
	 consistent='true'
	 result-type='203'/>

<result-drop type='ResultDrop'
	 line='109'
	 file='/BoundedFIFOJSure/src/com/surelogic/jsure/BoundedFIFO.java'
	 offset='2621'
	 hash='-110077252'
	 context='-334227245'
	 message='Lock &quot;&lt;this&gt;:BufLock&quot; held when accessing this.numElts'
	 message-id='(203,&lt;this&gt;:BufLock,this.numElts,null)'
	 category='protected field access(es)'
	 proved-consistent='true'
	 consistent='true'
	 result-type='203'/>

<result-drop type='ResultDrop'
	 line='43'
	 file='/BoundedFIFOJSure/src/com/surelogic/jsure/BoundedFIFO.java'
	 offset='1084'
	 hash='109801339'
	 context='-1313831777'
	 message='Unique return value of call super'
	 message-id='(301,super)'
	 proved-consistent='true'
	 consistent='true'
	 result-type='uniqueReturnDrop'/>

<result-drop type='ResultDrop'
	 line='57'
	 file='/BoundedFIFOJSure/src/com/surelogic/jsure/BoundedFIFO.java'
	 offset='1419'
	 hash='-1730436191'
	 context='1225240429'
	 message='Lock &quot;&lt;this&gt;:BufLock&quot; held when accessing (this.first)'
	 message-id='(203,&lt;this&gt;:BufLock,(this.first),null)'
	 category='protected field access(es)'
	 proved-consistent='true'
	 consistent='true'
	 result-type='203'/>

<result-drop type='ResultDrop'
	 line='19'
	 file='/BoundedFIFOJSure/src/com/surelogic/jsure/BlockingFIFO.java'
	 offset='345'
	 hash='-867967697'
	 context='1902123371'
	 message='Lock &quot;&lt;this.fifo&gt;:BufLock&quot; not held when invoking this.fifo.put(e); precondition unsatisfied'
	 message-id='(209,&lt;this.fifo&gt;:BufLock,this.fifo.put(e),null)'
	 category='lock precondition(s) not satisfied; possible race conditions enabled'
	 result-type='209'/>

<ir-drop type='ProposedPromiseDrop'
	 line='10'
	 file='/BoundedFIFOJSure/src/com/surelogic/jsure/BlockingFIFO.java'
	 offset='163'
	 hash='803008296'
	 context='-1009164568'
	 message='ProposedPromiseDrop (EMPTY)'/>

<promise-drop type='PromisePromiseDrop'
	 line='25'
	 file='/BoundedFIFOJSure/src/com/surelogic/jsure/BoundedFIFO.java'
	 offset='724'
	 hash='1990119280'
	 context='-1685491800'
	 message='Promise @RequiresLock(BufLock) for *(**)'
	 category='Scoped promises'
	 checked-by-analysis='true'
	 from-src='true'/>

<ir-drop type='ProposedPromiseDrop'
	 line='10'
	 file='/BoundedFIFOJSure/src/com/surelogic/jsure/BlockingFIFO.java'
	 offset='163'
	 hash='803008296'
	 context='-1009164568'
	 message='ProposedPromiseDrop (EMPTY)'/>

<result-drop type='ResultDrop'
	 line='43'
	 file='/BoundedFIFOJSure/src/com/surelogic/jsure/BoundedFIFO.java'
	 offset='1084'
	 hash='109801339'
	 context='-1313831777'
	 message='Effects of call super'
	 message-id='(304,super)'
	 proved-consistent='true'
	 consistent='true'
	 result-type='effectOfCallDrop'/>

<result-drop type='ResultDrop'
	 line='14'
	 file='/BoundedFIFOJSure/src/com/surelogic/jsure/BlockingFIFO.java'
	 offset='263'
	 hash='-1341494777'
	 context='-442105391'
	 message='Lock &quot;&lt;this.fifo&gt;:MUTEX&quot; not held when invoking this.fifo.wait; precondition unsatisfied'
	 message-id='(209,&lt;this.fifo&gt;:MUTEX,this.fifo.wait,null)'
	 category='lock precondition(s) not satisfied; possible race conditions enabled'
	 result-type='209'/>

<ir-drop type='ProposedPromiseDrop'
	 line='10'
	 file='/BoundedFIFOJSure/src/com/surelogic/jsure/BlockingFIFO.java'
	 offset='163'
	 hash='803008296'
	 context='-1009164568'
	 message='ProposedPromiseDrop (EMPTY)'/>

<promise-drop type='RequiresLockPromiseDrop'
	 line='91'
	 file='/BoundedFIFOJSure/src/com/surelogic/jsure/BoundedFIFO.java'
	 offset='2139'
	 hash='-619934927'
	 context='-1903378963'
	 message='RequiresLock BufLock on com.surelogic.jsure.BoundedFIFO.length()'
	 message-id='(102,RequiresLock BufLock,com.surelogic.jsure.BoundedFIFO.length())'
	 category='lock precondition(s)'
	 proved-consistent='true'
	 checked-by-analysis='true'
	 from-src='true'
	 virtual='true'/>

<result-drop type='ResultDrop'
	 line='117'
	 file='/BoundedFIFOJSure/src/com/surelogic/jsure/BoundedFIFO.java'
	 offset='2836'
	 hash='-110077252'
	 context='-1783038560'
	 message='Lock &quot;&lt;this&gt;:BufLock&quot; held when accessing this.numElts'
	 message-id='(203,&lt;this&gt;:BufLock,this.numElts,null)'
	 category='protected field access(es)'
	 consistent='true'
	 result-type='203'/>

<ir-drop type='ProposedPromiseDrop'
	 line='10'
	 file='/BoundedFIFOJSure/src/com/surelogic/jsure/BlockingFIFO.java'
	 offset='163'
	 hash='803008296'
	 context='-1009164568'
	 message='ProposedPromiseDrop (EMPTY)'/>

<promise-drop type='RequiresLockPromiseDrop'
	 line='108'
	 file='/BoundedFIFOJSure/src/com/surelogic/jsure/BoundedFIFO.java'
	 offset='2585'
	 hash='981319203'
	 context='-759745197'
	 message='RequiresLock BufLock on com.surelogic.jsure.BoundedFIFO.wasFull()'
	 message-id='(102,RequiresLock BufLock,com.surelogic.jsure.BoundedFIFO.wasFull())'
	 category='lock precondition(s)'
	 proved-consistent='true'
	 checked-by-analysis='true'
	 from-src='true'
	 virtual='true'/>

<ir-drop type='ProposedPromiseDrop'
	 line='10'
	 file='/BoundedFIFOJSure/src/com/surelogic/jsure/BlockingFIFO.java'
	 offset='163'
	 hash='803008296'
	 context='-1009164568'
	 message='ProposedPromiseDrop (EMPTY)'/>

<promise-drop type='LockModel'
	 line='25'
	 file='/BoundedFIFOJSure/src/com/surelogic/jsure/BoundedFIFO.java'
	 offset='678'
	 hash='1990119280'
	 context='-1685491800'
	 message='RegionLock com.surelogic.jsure.BoundedFIFO.BufLock is this protects Instance on BoundedFIFO'
	 message-id='(100,com.surelogic.jsure.BoundedFIFO.BufLock,this,Instance,BoundedFIFO)'
	 category='Concurrency'
	 checked-by-analysis='true'
	 from-src='true'/>

<result-drop type='ResultDrop'
	 line='40'
	 file='/BoundedFIFOJSure/src/com/surelogic/jsure/BlockingFIFO.java'
	 offset='694'
	 hash='-930704549'
	 context='-1610301880'
	 message='Lock &quot;&lt;this.fifo&gt;:MUTEX&quot; held when invoking this.fifo.notify; precondition satisfied'
	 message-id='(207,&lt;this.fifo&gt;:MUTEX,this.fifo.notify,null)'
	 category='lock precondition(s) satisfied'
	 proved-consistent='true'
	 consistent='true'
	 result-type='207'/>

<promise-drop type='RequiresLockPromiseDrop'
	 line='71'
	 file='/BoundedFIFOJSure/src/com/surelogic/jsure/BoundedFIFO.java'
	 offset='1762'
	 hash='1420648169'
	 context='-398113170'
	 message='RequiresLock BufLock on com.surelogic.jsure.BoundedFIFO.put(com.surelogic.jsure.LoggingEvent)'
	 message-id='(102,RequiresLock BufLock,com.surelogic.jsure.BoundedFIFO.put(com.surelogic.jsure.LoggingEvent))'
	 category='lock precondition(s)'
	 checked-by-analysis='true'
	 from-src='true'
	 virtual='true'/>

<result-drop type='ResultDrop'
	 line='44'
	 file='/BoundedFIFOJSure/src/com/surelogic/jsure/BoundedFIFO.java'
	 offset='1107'
	 hash='1689055504'
	 context='-1313831777'
	 message='Effects of call new java.lang.IllegalArgumentException'
	 message-id='(304,new java.lang.IllegalArgumentException)'
	 proved-consistent='true'
	 consistent='true'
	 result-type='effectOfCallDrop'/>

<ir-drop type='ProposedPromiseDrop'
	 line='28'
	 file='/BoundedFIFOJSure/src/com/surelogic/jsure/BoundedFIFO.java'
	 offset='788'
	 hash='97907'
	 context='-728775891'
	 message='ProposedPromiseDrop (EMPTY)'/>

<result-drop type='ResultDrop'
	 line='32'
	 file='/BoundedFIFOJSure/src/com/surelogic/jsure/BoundedFIFO.java'
	 offset='855'
	 hash='1422806624'
	 context='-1116873351'
	 message='Acting as if lock &quot;&lt;this&gt;:BufLock&quot; were held when accessing next = 0 (occurs within a thread-confined constructor)'
	 message-id='(246,&lt;this&gt;:BufLock,next = 0,null)'
	 category='protected field access(es)'
	 proved-consistent='true'
	 consistent='true'
	 result-type='246'/>

<result-drop type='ResultDrop'
	 line='41'
	 file='/BoundedFIFOJSure/src/com/surelogic/jsure/BoundedFIFO.java'
	 offset='1032'
	 hash='88407834'
	 context='-1313831777'
	 message='Control flow of constructor com.surelogic.jsure.BoundedFIFO.BoundedFIFO(int)'
	 message-id='(300,constructor,com.surelogic.jsure.BoundedFIFO.BoundedFIFO(int))'
	 proved-consistent='true'
	 consistent='true'
	 result-type='methodControlFlow'/>

<promise-drop type='RequiresLockPromiseDrop'
	 line='100'
	 file='/BoundedFIFOJSure/src/com/surelogic/jsure/BoundedFIFO.java'
	 offset='2368'
	 hash='-1390514151'
	 context='1105176043'
	 message='RequiresLock BufLock on com.surelogic.jsure.BoundedFIFO.wasEmpty()'
	 message-id='(102,RequiresLock BufLock,com.surelogic.jsure.BoundedFIFO.wasEmpty())'
	 category='lock precondition(s)'
	 checked-by-analysis='true'
	 from-src='true'
	 virtual='true'/>

<promise-drop type='RegionModel'
	 line='0'
	 file='java.lang.[]'
	 offset='-1'
	 hash='-1305411288'
	 context='156839830'
	 message='Region public []'
	 message-id='(117,public,,[])'
	 category='Regions'
	 proved-consistent='true'
	 checked-by-analysis='true'
	 from-src='true'/>

<result-drop type='ResultDrop'
	 line='75'
	 file='/BoundedFIFOJSure/src/com/surelogic/jsure/BoundedFIFO.java'
	 offset='1866'
	 hash='-605820861'
	 context='178982695'
	 message='Lock &quot;&lt;this&gt;:BufLock&quot; held when accessing this.next'
	 message-id='(203,&lt;this&gt;:BufLock,this.next,null)'
	 category='protected field access(es)'
	 consistent='true'
	 result-type='203'/>

<ir-drop type='ProposedPromiseDrop'
	 line='10'
	 file='/BoundedFIFOJSure/src/com/surelogic/jsure/BlockingFIFO.java'
	 offset='163'
	 hash='803008296'
	 context='-1009164568'
	 message='ProposedPromiseDrop (EMPTY)'/>

<result-drop type='ResultDrop'
	 line='30'
	 file='/BoundedFIFOJSure/src/com/surelogic/jsure/BoundedFIFO.java'
	 offset='824'
	 hash='-568260359'
	 context='784257478'
	 message='Acting as if lock &quot;&lt;this&gt;:BufLock&quot; were held when accessing numElts = 0 (occurs within a thread-confined constructor)'
	 message-id='(246,&lt;this&gt;:BufLock,numElts = 0,null)'
	 category='protected field access(es)'
	 proved-consistent='true'
	 consistent='true'
	 result-type='246'/>

<result-drop type='ResultDrop'
	 line='72'
	 file='/BoundedFIFOJSure/src/com/surelogic/jsure/BoundedFIFO.java'
	 offset='1813'
	 hash='-605668015'
	 context='1653407321'
	 message='Lock &quot;&lt;this&gt;:BufLock&quot; held when accessing this.size'
	 message-id='(203,&lt;this&gt;:BufLock,this.size,null)'
	 category='protected field access(es)'
	 consistent='true'
	 result-type='203'/>

<result-drop type='ResultDrop'
	 line='31'
	 file='/BoundedFIFOJSure/src/com/surelogic/jsure/BlockingFIFO.java'
	 offset='530'
	 hash='-997378312'
	 context='-676937499'
	 message='Lock &quot;&lt;this.fifo&gt;:BufLock&quot; held when invoking this.fifo.length; precondition satisfied'
	 message-id='(207,&lt;this.fifo&gt;:BufLock,this.fifo.length,null)'
	 category='lock precondition(s) satisfied'
	 proved-consistent='true'
	 consistent='true'
	 result-type='207'/>

<result-drop type='ResultDrop'
	 line='72'
	 file='/BoundedFIFOJSure/src/com/surelogic/jsure/BoundedFIFO.java'
	 offset='1802'
	 hash='-110077252'
	 context='523364846'
	 message='Lock &quot;&lt;this&gt;:BufLock&quot; held when accessing this.numElts'
	 message-id='(203,&lt;this&gt;:BufLock,this.numElts,null)'
	 category='protected field access(es)'
	 consistent='true'
	 result-type='203'/>

<result-drop type='ResultDrop'
	 line='31'
	 file='/BoundedFIFOJSure/src/com/surelogic/jsure/BoundedFIFO.java'
	 offset='840'
	 hash='131428253'
	 context='-270610198'
	 message='Acting as if lock &quot;&lt;this&gt;:BufLock&quot; were held when accessing first = 0 (occurs within a thread-confined constructor)'
	 message-id='(246,&lt;this&gt;:BufLock,first = 0,null)'
	 category='protected field access(es)'
	 proved-consistent='true'
	 consistent='true'
	 result-type='246'/>

<result-drop type='ResultDrop'
	 line='54'
	 file='/BoundedFIFOJSure/src/com/surelogic/jsure/BoundedFIFO.java'
	 offset='1351'
	 hash='-110077252'
	 context='-968509295'
	 message='Lock &quot;&lt;this&gt;:BufLock&quot; held when accessing this.numElts'
	 message-id='(203,&lt;this&gt;:BufLock,this.numElts,null)'
	 category='protected field access(es)'
	 proved-consistent='true'
	 consistent='true'
	 result-type='203'/>

<result-drop type='ResultDrop'
	 line='57'
	 file='/BoundedFIFOJSure/src/com/surelogic/jsure/BoundedFIFO.java'
	 offset='1428'
	 hash='-605668015'
	 context='242563324'
	 message='Lock &quot;&lt;this&gt;:BufLock&quot; held when accessing this.size'
	 message-id='(203,&lt;this&gt;:BufLock,this.size,null)'
	 category='protected field access(es)'
	 proved-consistent='true'
	 consistent='true'
	 result-type='203'/>

<result-drop type='ResultDrop'
	 line='76'
	 file='/BoundedFIFOJSure/src/com/surelogic/jsure/BoundedFIFO.java'
	 offset='1879'
	 hash='2135064005'
	 context='523364846'
	 message='Lock &quot;&lt;this&gt;:BufLock&quot; held when accessing (this.numElts)'
	 message-id='(203,&lt;this&gt;:BufLock,(this.numElts),null)'
	 category='protected field access(es)'
	 consistent='true'
	 result-type='203'/>

<promise-drop type='UniquePromiseDrop'
	 line='41'
	 file='/BoundedFIFOJSure/src/com/surelogic/jsure/BoundedFIFO.java'
	 offset='1040'
	 hash='-176181199'
	 context='-1313831777'
	 message='Unique(return) on com.surelogic.jsure.BoundedFIFO.BoundedFIFO(int)'
	 message-id='(116,return,com.surelogic.jsure.BoundedFIFO.BoundedFIFO(int))'
	 category='Uniqueness'
	 proved-consistent='true'
	 checked-by-analysis='true'
	 from-src='true'/>

<promise-drop type='RequiresLockPromiseDrop'
	 line='116'
	 file='/BoundedFIFOJSure/src/com/surelogic/jsure/BoundedFIFO.java'
	 offset='2801'
	 hash='1874440324'
	 context='-134196960'
	 message='RequiresLock BufLock on com.surelogic.jsure.BoundedFIFO.isFull()'
	 message-id='(102,RequiresLock BufLock,com.surelogic.jsure.BoundedFIFO.isFull())'
	 category='lock precondition(s)'
	 checked-by-analysis='true'
	 from-src='true'
	 virtual='true'/>

<result-drop type='ResultDrop'
	 line='21'
	 file='/BoundedFIFOJSure/src/com/surelogic/jsure/BlockingFIFO.java'
	 offset='388'
	 hash='-930704549'
	 context='1758745509'
	 message='Lock &quot;&lt;this.fifo&gt;:MUTEX&quot; not held when invoking this.fifo.notify; precondition unsatisfied'
	 message-id='(209,&lt;this.fifo&gt;:MUTEX,this.fifo.notify,null)'
	 category='lock precondition(s) not satisfied; possible race conditions enabled'
	 result-type='209'/>

<result-drop type='ResultDrop'
	 line='44'
	 file='/BoundedFIFOJSure/src/com/surelogic/jsure/BoundedFIFO.java'
	 offset='1107'
	 hash='1689055504'
	 context='-1313831777'
	 message='Borrowed parameters of call new java.lang.IllegalArgumentException'
	 message-id='(302,new java.lang.IllegalArgumentException)'
	 proved-consistent='true'
	 consistent='true'
	 result-type='borrowedParametersDrop'/>

<ir-drop type='ProposedPromiseDrop'
	 line='28'
	 file='/BoundedFIFOJSure/src/com/surelogic/jsure/BoundedFIFO.java'
	 offset='788'
	 hash='97907'
	 context='-728775891'
	 message='ProposedPromiseDrop (EMPTY)'/>

<promise-drop type='LockModel'
	 line='0'
	 file='java.lang.Object'
	 offset='2147483647'
	 hash='1709211273'
	 context='1063877011'
	 message='RegionLock java.lang.Object.MUTEX is this protects WaitQueue on Object'
	 message-id='(100,java.lang.Object.MUTEX,this,WaitQueue,Object)'
	 category='Concurrency'
	 checked-by-analysis='true'
	 from-src='true'/>

<result-drop type='ResultDrop'
	 line='45'
	 file='/BoundedFIFOJSure/src/com/surelogic/jsure/BoundedFIFO.java'
	 offset='1141'
	 hash='-605668015'
	 context='1385517012'
	 message='Acting as if lock &quot;&lt;this&gt;:BufLock&quot; were held when accessing this.size (occurs within a thread-confined constructor)'
	 message-id='(246,&lt;this&gt;:BufLock,this.size,null)'
	 category='protected field access(es)'
	 proved-consistent='true'
	 consistent='true'
	 result-type='246'/>

<result-drop type='ResultDrop'
	 line='59'
	 file='/BoundedFIFOJSure/src/com/surelogic/jsure/BoundedFIFO.java'
	 offset='1450'
	 hash='2135064005'
	 context='-968509295'
	 message='Lock &quot;&lt;this&gt;:BufLock&quot; held when accessing (this.numElts)'
	 message-id='(203,&lt;this&gt;:BufLock,(this.numElts),null)'
	 category='protected field access(es)'
	 proved-consistent='true'
	 consistent='true'
	 result-type='203'/>

<ir-drop type='ProposedPromiseDrop'
	 line='28'
	 file='/BoundedFIFOJSure/src/com/surelogic/jsure/BoundedFIFO.java'
	 offset='788'
	 hash='97907'
	 context='-728775891'
	 message='ProposedPromiseDrop (EMPTY)'/>

<result-drop type='ResultDrop'
	 line='12'
	 file='/BoundedFIFOJSure/src/com/surelogic/jsure/BlockingFIFO.java'
	 offset='231'
	 hash='-1071514901'
	 context='-32330955'
	 message='Lock &quot;&lt;this.fifo&gt;:BufLock&quot; not held when invoking this.fifo.isFull; precondition unsatisfied'
	 message-id='(209,&lt;this.fifo&gt;:BufLock,this.fifo.isFull,null)'
	 category='lock precondition(s) not satisfied; possible race conditions enabled'
	 result-type='209'/>

<result-drop type='ResultDrop'
	 line='73'
	 file='/BoundedFIFOJSure/src/com/surelogic/jsure/BoundedFIFO.java'
	 offset='1828'
	 hash='-605820861'
	 context='178982695'
	 message='Lock &quot;&lt;this&gt;:BufLock&quot; held when accessing this.next'
	 message-id='(203,&lt;this&gt;:BufLock,this.next,null)'
	 category='protected field access(es)'
	 consistent='true'
	 result-type='203'/>

<result-drop type='ResultDrop'
	 line='38'
	 file='/BoundedFIFOJSure/src/com/surelogic/jsure/BlockingFIFO.java'
	 offset='653'
	 hash='1896373380'
	 context='-20388523'
	 message='Lock &quot;&lt;this.fifo&gt;:BufLock&quot; held when invoking this.fifo.get; precondition satisfied'
	 message-id='(207,&lt;this.fifo&gt;:BufLock,this.fifo.get,null)'
	 category='lock precondition(s) satisfied'
	 proved-consistent='true'
	 consistent='true'
	 result-type='207'/>

<ir-drop type='ProposedPromiseDrop'
	 line='10'
	 file='/BoundedFIFOJSure/src/com/surelogic/jsure/BlockingFIFO.java'
	 offset='163'
	 hash='803008296'
	 context='-1009164568'
	 message='ProposedPromiseDrop (EMPTY)'/>

<result-drop type='ResultDrop'
	 line='84'
	 file='/BoundedFIFOJSure/src/com/surelogic/jsure/BoundedFIFO.java'
	 offset='1984'
	 hash='-605668015'
	 context='-1105696053'
	 message='Lock &quot;&lt;this&gt;:BufLock&quot; held when accessing this.size'
	 message-id='(203,&lt;this&gt;:BufLock,this.size,null)'
	 category='protected field access(es)'
	 proved-consistent='true'
	 consistent='true'
	 result-type='203'/>

<result-drop type='ResultDrop'
	 line='39'
	 file='/BoundedFIFOJSure/src/com/surelogic/jsure/BlockingFIFO.java'
	 offset='672'
	 hash='207768390'
	 context='-66014953'
	 message='Lock &quot;&lt;this.fifo&gt;:BufLock&quot; held when invoking this.fifo.wasFull; precondition satisfied'
	 message-id='(207,&lt;this.fifo&gt;:BufLock,this.fifo.wasFull,null)'
	 category='lock precondition(s) satisfied'
	 proved-consistent='true'
	 consistent='true'
	 result-type='207'/>

<ir-drop type='ProposedPromiseDrop'
	 line='28'
	 file='/BoundedFIFOJSure/src/com/surelogic/jsure/BoundedFIFO.java'
	 offset='788'
	 hash='97907'
	 context='-728775891'
	 message='ProposedPromiseDrop (EMPTY)'/>

<ir-drop type='ProposedPromiseDrop'
	 line='10'
	 file='/BoundedFIFOJSure/src/com/surelogic/jsure/BlockingFIFO.java'
	 offset='163'
	 hash='803008296'
	 context='-1009164568'
	 message='ProposedPromiseDrop (EMPTY)'/>

<ir-drop type='WarningDrop'
	 line='11'
	 file='/BoundedFIFOJSure/src/com/surelogic/jsure/BlockingFIFO.java'
	 offset='213'
	 hash='3559070'
	 context='-1009164568'
	 message='Lock expression &quot;this&quot; does not name a programmer-declared lock; consider declaring what state is protected by the referenced lock'
	 message-id='(220,this)'
	 category='unidentifiable lock(s); what is the name of the lock? what state is being protected?'
	 result-type='220'/>

<promise-drop type='RequiresLockPromiseDrop'
	 line='83'
	 file='/BoundedFIFOJSure/src/com/surelogic/jsure/BoundedFIFO.java'
	 offset='1949'
	 hash='800772265'
	 context='1191951638'
	 message='RequiresLock BufLock on com.surelogic.jsure.BoundedFIFO.getMaxSize()'
	 message-id='(102,RequiresLock BufLock,com.surelogic.jsure.BoundedFIFO.getMaxSize())'
	 category='lock precondition(s)'
	 proved-consistent='true'
	 checked-by-analysis='true'
	 from-src='true'
	 virtual='true'/>

<result-drop type='ResultDrop'
	 line='56'
	 file='/BoundedFIFOJSure/src/com/surelogic/jsure/BoundedFIFO.java'
	 offset='1404'
	 hash='-605820861'
	 context='-679977755'
	 message='Lock &quot;&lt;this&gt;:BufLock&quot; held when accessing this.next'
	 message-id='(203,&lt;this&gt;:BufLock,this.next,null)'
	 category='protected field access(es)'
	 proved-consistent='true'
	 consistent='true'
	 result-type='203'/>

<result-drop type='ResultDrop'
	 line='117'
	 file='/BoundedFIFOJSure/src/com/surelogic/jsure/BoundedFIFO.java'
	 offset='2847'
	 hash='-605668015'
	 context='-443932331'
	 message='Lock &quot;&lt;this&gt;:BufLock&quot; held when accessing this.size'
	 message-id='(203,&lt;this&gt;:BufLock,this.size,null)'
	 category='protected field access(es)'
	 consistent='true'
	 result-type='203'/>

<result-drop type='ResultDrop'
	 line='74'
	 file='/BoundedFIFOJSure/src/com/surelogic/jsure/BoundedFIFO.java'
	 offset='1848'
	 hash='-464187794'
	 context='178982695'
	 message='Lock &quot;&lt;this&gt;:BufLock&quot; held when accessing (this.next)'
	 message-id='(203,&lt;this&gt;:BufLock,(this.next),null)'
	 category='protected field access(es)'
	 consistent='true'
	 result-type='203'/>

<result-drop type='ResultDrop'
	 line='46'
	 file='/BoundedFIFOJSure/src/com/surelogic/jsure/BoundedFIFO.java'
	 offset='1161'
	 hash='1227372323'
	 context='435203526'
	 message='Acting as if lock &quot;&lt;this&gt;:BufLock&quot; were held when accessing this.buf (occurs within a thread-confined constructor)'
	 message-id='(246,&lt;this&gt;:BufLock,this.buf,null)'
	 category='protected field access(es)'
	 proved-consistent='true'
	 consistent='true'
	 result-type='246'/>

<result-drop type='ResultDrop'
	 line='20'
	 file='/BoundedFIFOJSure/src/com/surelogic/jsure/BlockingFIFO.java'
	 offset='365'
	 hash='2144695158'
	 context='-1276457664'
	 message='Lock &quot;&lt;this.fifo&gt;:BufLock&quot; not held when invoking this.fifo.wasEmpty; precondition unsatisfied'
	 message-id='(209,&lt;this.fifo&gt;:BufLock,this.fifo.wasEmpty,null)'
	 category='lock precondition(s) not satisfied; possible race conditions enabled'
	 result-type='209'/>

<result-drop type='ResultDrop'
	 line='58'
	 file='/BoundedFIFOJSure/src/com/surelogic/jsure/BoundedFIFO.java'
	 offset='1437'
	 hash='-1607852192'
	 context='1225240429'
	 message='Lock &quot;&lt;this&gt;:BufLock&quot; held when accessing this.first'
	 message-id='(203,&lt;this&gt;:BufLock,this.first,null)'
	 category='protected field access(es)'
	 proved-consistent='true'
	 consistent='true'
	 result-type='203'/>

<result-drop type='ResultDrop'
	 line='101'
	 file='/BoundedFIFOJSure/src/com/surelogic/jsure/BoundedFIFO.java'
	 offset='2405'
	 hash='-110077252'
	 context='1411330667'
	 message='Lock &quot;&lt;this&gt;:BufLock&quot; held when accessing this.numElts'
	 message-id='(203,&lt;this&gt;:BufLock,this.numElts,null)'
	 category='protected field access(es)'
	 consistent='true'
	 result-type='203'/>

<ir-drop type='WarningDrop'
	 line='73'
	 file='/BoundedFIFOJSure/src/com/surelogic/jsure/BoundedFIFO.java'
	 offset='1824'
	 hash='-49834690'
	 context='-398113170'
	 message='Field reference &quot;this.buf [ this.next ]&quot; may be to a shared unprotected object'
	 message-id='(201,this.buf [ this.next ])'
	 category='protected reference(s) to a possibly shared unprotected object; possible race condition detected'
	 result-type='201'/>

<result-drop type='ResultDrop'
	 line='33'
	 file='/BoundedFIFOJSure/src/com/surelogic/jsure/BlockingFIFO.java'
	 offset='567'
	 hash='-1341494777'
	 context='1488591988'
	 message='Lock &quot;&lt;this.fifo&gt;:MUTEX&quot; held when invoking this.fifo.wait; precondition satisfied'
	 message-id='(207,&lt;this.fifo&gt;:MUTEX,this.fifo.wait,null)'
	 category='lock precondition(s) satisfied'
	 proved-consistent='true'
	 consistent='true'
	 result-type='207'/>

<ir-drop type='ProposedPromiseDrop'
	 line='10'
	 file='/BoundedFIFOJSure/src/com/surelogic/jsure/BlockingFIFO.java'
	 offset='163'
	 hash='803008296'
	 context='-1009164568'
	 message='ProposedPromiseDrop (EMPTY)'/>

<result-drop type='ResultDrop'
	 line='56'
	 file='/BoundedFIFOJSure/src/com/surelogic/jsure/BoundedFIFO.java'
	 offset='1400'
	 hash='1227372323'
	 context='-1096173211'
	 message='Lock &quot;&lt;this&gt;:BufLock&quot; held when accessing this.buf'
	 message-id='(203,&lt;this&gt;:BufLock,this.buf,null)'
	 category='protected field access(es)'
	 proved-consistent='true'
	 consistent='true'
	 result-type='203'/>

<ir-drop type='ProposedPromiseDrop'
	 line='10'
	 file='/BoundedFIFOJSure/src/com/surelogic/jsure/BlockingFIFO.java'
	 offset='163'
	 hash='803008296'
	 context='-1009164568'
	 message='ProposedPromiseDrop (EMPTY)'/>

</sea-summary>

