<?xml version='1.0' encoding='UTF-8' standalone='yes'?>
<sea-summary time='Sep 8, 2010 11:31:33 AM'
	 project='workspace'>

<count ResultDrop='31'/>
<count RegionModel='2'/>
<count LockModel='2'/>
<count WarningDrop='4'/>
<count ProposedPromiseDrop='31'/>
<ir-drop type='ProposedPromiseDrop'
	 line='51'
	 file='/BoundedFIFOJSure/src/com/surelogic/jsure/BoundedFIFO.java'
	 offset='1253'
	 hash='-1878828405'
	 context='-269806319'
	 message='ProposedPromiseDrop (EMPTY)'/>

<promise-drop type='RegionModel'
	 line='0'
	 file='java.lang.[]'
	 offset='-1'
	 hash='-1305411288'
	 context='156839830'
	 message='Region public length'
	 message-id='(117,public,,length)'
	 category='Regions'
	 proved-consistent='true'
	 checked-by-analysis='true'
	 from-src='true'/>

<ir-drop type='ProposedPromiseDrop'
	 line='114'
	 file='/BoundedFIFOJSure/src/com/surelogic/jsure/BoundedFIFO.java'
	 offset='2737'
	 hash='1874440324'
	 context='-134196960'
	 message='ProposedPromiseDrop (EMPTY)'/>

<ir-drop type='ProposedPromiseDrop'
	 line='51'
	 file='/BoundedFIFOJSure/src/com/surelogic/jsure/BoundedFIFO.java'
	 offset='1253'
	 hash='-1878828405'
	 context='-269806319'
	 message='ProposedPromiseDrop (EMPTY)'/>

<result-drop type='ResultDrop'
	 line='71'
	 file='/BoundedFIFOJSure/src/com/surelogic/jsure/BoundedFIFO.java'
	 offset='1764'
	 hash='-605820861'
	 context='178982695'
	 message='Lock &quot;&lt;this&gt;:BufLock&quot; not held when accessing this.next'
	 message-id='(205,&lt;this&gt;:BufLock,this.next,null)'
	 category='unprotected field access(es); possible race condition detected'
	 result-type='205'/>

<result-drop type='ResultDrop'
	 line='74'
	 file='/BoundedFIFOJSure/src/com/surelogic/jsure/BoundedFIFO.java'
	 offset='1815'
	 hash='2135064005'
	 context='523364846'
	 message='Lock &quot;&lt;this&gt;:BufLock&quot; not held when accessing (this.numElts)'
	 message-id='(205,&lt;this&gt;:BufLock,(this.numElts),null)'
	 category='unprotected field access(es); possible race condition detected'
	 result-type='205'/>

<ir-drop type='ProposedPromiseDrop'
	 line='51'
	 file='/BoundedFIFOJSure/src/com/surelogic/jsure/BoundedFIFO.java'
	 offset='1253'
	 hash='-1878828405'
	 context='-269806319'
	 message='ProposedPromiseDrop (EMPTY)'/>

<ir-drop type='ProposedPromiseDrop'
	 line='81'
	 file='/BoundedFIFOJSure/src/com/surelogic/jsure/BoundedFIFO.java'
	 offset='1885'
	 hash='800772265'
	 context='1191951638'
	 message='ProposedPromiseDrop (EMPTY)'/>

<result-drop type='ResultDrop'
	 line='107'
	 file='/BoundedFIFOJSure/src/com/surelogic/jsure/BoundedFIFO.java'
	 offset='2557'
	 hash='-110077252'
	 context='-334227245'
	 message='Lock &quot;&lt;this&gt;:BufLock&quot; not held when accessing this.numElts'
	 message-id='(205,&lt;this&gt;:BufLock,this.numElts,null)'
	 category='unprotected field access(es); possible race condition detected'
	 result-type='205'/>

<result-drop type='ResultDrop'
	 line='70'
	 file='/BoundedFIFOJSure/src/com/surelogic/jsure/BoundedFIFO.java'
	 offset='1749'
	 hash='-605668015'
	 context='1653407321'
	 message='Lock &quot;&lt;this&gt;:BufLock&quot; not held when accessing this.size'
	 message-id='(205,&lt;this&gt;:BufLock,this.size,null)'
	 category='unprotected field access(es); possible race condition detected'
	 result-type='205'/>

<ir-drop type='ProposedPromiseDrop'
	 line='69'
	 file='/BoundedFIFOJSure/src/com/surelogic/jsure/BoundedFIFO.java'
	 offset='1698'
	 hash='1420648169'
	 context='-398113170'
	 message='ProposedPromiseDrop (EMPTY)'/>

<result-drop type='ResultDrop'
	 line='54'
	 file='/BoundedFIFOJSure/src/com/surelogic/jsure/BoundedFIFO.java'
	 offset='1340'
	 hash='-605820861'
	 context='-679977755'
	 message='Lock &quot;&lt;this&gt;:BufLock&quot; not held when accessing this.next'
	 message-id='(205,&lt;this&gt;:BufLock,this.next,null)'
	 category='unprotected field access(es); possible race condition detected'
	 result-type='205'/>

<ir-drop type='ProposedPromiseDrop'
	 line='69'
	 file='/BoundedFIFOJSure/src/com/surelogic/jsure/BoundedFIFO.java'
	 offset='1698'
	 hash='1420648169'
	 context='-398113170'
	 message='ProposedPromiseDrop (EMPTY)'/>

<ir-drop type='ProposedPromiseDrop'
	 line='40'
	 file='/BoundedFIFOJSure/src/com/surelogic/jsure/BoundedFIFO.java'
	 offset='987'
	 hash='88407834'
	 context='-1313831777'
	 message='ProposedPromiseDrop (EMPTY)'/>

<ir-drop type='ProposedPromiseDrop'
	 line='106'
	 file='/BoundedFIFOJSure/src/com/surelogic/jsure/BoundedFIFO.java'
	 offset='2521'
	 hash='981319203'
	 context='-759745197'
	 message='ProposedPromiseDrop (EMPTY)'/>

<result-drop type='ResultDrop'
	 line='30'
	 file='/BoundedFIFOJSure/src/com/surelogic/jsure/BoundedFIFO.java'
	 offset='795'
	 hash='131428253'
	 context='-270610198'
	 message='Lock &quot;&lt;this&gt;:BufLock&quot; not held when accessing first = 0'
	 message-id='(205,&lt;this&gt;:BufLock,first = 0,null)'
	 category='unprotected field access(es); possible race condition detected'
	 result-type='205'/>

<result-drop type='ResultDrop'
	 line='107'
	 file='/BoundedFIFOJSure/src/com/surelogic/jsure/BoundedFIFO.java'
	 offset='2572'
	 hash='-605668015'
	 context='-1771607106'
	 message='Lock &quot;&lt;this&gt;:BufLock&quot; not held when accessing this.size'
	 message-id='(205,&lt;this&gt;:BufLock,this.size,null)'
	 category='unprotected field access(es); possible race condition detected'
	 result-type='205'/>

<ir-drop type='ProposedPromiseDrop'
	 line='69'
	 file='/BoundedFIFOJSure/src/com/surelogic/jsure/BoundedFIFO.java'
	 offset='1698'
	 hash='1420648169'
	 context='-398113170'
	 message='ProposedPromiseDrop (EMPTY)'/>

<result-drop type='ResultDrop'
	 line='72'
	 file='/BoundedFIFOJSure/src/com/surelogic/jsure/BoundedFIFO.java'
	 offset='1784'
	 hash='-464187794'
	 context='178982695'
	 message='Lock &quot;&lt;this&gt;:BufLock&quot; not held when accessing (this.next)'
	 message-id='(205,&lt;this&gt;:BufLock,(this.next),null)'
	 category='unprotected field access(es); possible race condition detected'
	 result-type='205'/>

<result-drop type='ResultDrop'
	 line='99'
	 file='/BoundedFIFOJSure/src/com/surelogic/jsure/BoundedFIFO.java'
	 offset='2341'
	 hash='-110077252'
	 context='1411330667'
	 message='Lock &quot;&lt;this&gt;:BufLock&quot; not held when accessing this.numElts'
	 message-id='(205,&lt;this&gt;:BufLock,this.numElts,null)'
	 category='unprotected field access(es); possible race condition detected'
	 result-type='205'/>

<ir-drop type='WarningDrop'
	 line='11'
	 file='/BoundedFIFOJSure/src/com/surelogic/jsure/BlockingFIFO.java'
	 offset='213'
	 hash='3559070'
	 context='-1009164568'
	 message='Lock expression &quot;this&quot; does not name a programmer-declared lock; consider declaring what state is protected by the referenced lock'
	 message-id='(220,this)'
	 category='unidentifiable lock(s); what is the name of the lock? what state is being protected?'
	 result-type='220'/>

<ir-drop type='ProposedPromiseDrop'
	 line='114'
	 file='/BoundedFIFOJSure/src/com/surelogic/jsure/BoundedFIFO.java'
	 offset='2737'
	 hash='1874440324'
	 context='-134196960'
	 message='ProposedPromiseDrop (EMPTY)'/>

<result-drop type='ResultDrop'
	 line='54'
	 file='/BoundedFIFOJSure/src/com/surelogic/jsure/BoundedFIFO.java'
	 offset='1336'
	 hash='1227372323'
	 context='-1096173211'
	 message='Lock &quot;&lt;this&gt;:BufLock&quot; not held when accessing this.buf'
	 message-id='(205,&lt;this&gt;:BufLock,this.buf,null)'
	 category='unprotected field access(es); possible race condition detected'
	 result-type='205'/>

<result-drop type='ResultDrop'
	 line='115'
	 file='/BoundedFIFOJSure/src/com/surelogic/jsure/BoundedFIFO.java'
	 offset='2783'
	 hash='-605668015'
	 context='-443932331'
	 message='Lock &quot;&lt;this&gt;:BufLock&quot; not held when accessing this.size'
	 message-id='(205,&lt;this&gt;:BufLock,this.size,null)'
	 category='unprotected field access(es); possible race condition detected'
	 result-type='205'/>

<result-drop type='ResultDrop'
	 line='70'
	 file='/BoundedFIFOJSure/src/com/surelogic/jsure/BoundedFIFO.java'
	 offset='1738'
	 hash='-110077252'
	 context='523364846'
	 message='Lock &quot;&lt;this&gt;:BufLock&quot; not held when accessing this.numElts'
	 message-id='(205,&lt;this&gt;:BufLock,this.numElts,null)'
	 category='unprotected field access(es); possible race condition detected'
	 result-type='205'/>

<ir-drop type='ProposedPromiseDrop'
	 line='40'
	 file='/BoundedFIFOJSure/src/com/surelogic/jsure/BoundedFIFO.java'
	 offset='987'
	 hash='88407834'
	 context='-1313831777'
	 message='ProposedPromiseDrop (EMPTY)'/>

<ir-drop type='ProposedPromiseDrop'
	 line='69'
	 file='/BoundedFIFOJSure/src/com/surelogic/jsure/BoundedFIFO.java'
	 offset='1698'
	 hash='1420648169'
	 context='-398113170'
	 message='ProposedPromiseDrop (EMPTY)'/>

<ir-drop type='ProposedPromiseDrop'
	 line='89'
	 file='/BoundedFIFOJSure/src/com/surelogic/jsure/BoundedFIFO.java'
	 offset='2075'
	 hash='-619934927'
	 context='-1903378963'
	 message='ProposedPromiseDrop (EMPTY)'/>

<result-drop type='ResultDrop'
	 line='82'
	 file='/BoundedFIFOJSure/src/com/surelogic/jsure/BoundedFIFO.java'
	 offset='1920'
	 hash='-605668015'
	 context='-1105696053'
	 message='Lock &quot;&lt;this&gt;:BufLock&quot; not held when accessing this.size'
	 message-id='(205,&lt;this&gt;:BufLock,this.size,null)'
	 category='unprotected field access(es); possible race condition detected'
	 result-type='205'/>

<ir-drop type='ProposedPromiseDrop'
	 line='51'
	 file='/BoundedFIFOJSure/src/com/surelogic/jsure/BoundedFIFO.java'
	 offset='1253'
	 hash='-1878828405'
	 context='-269806319'
	 message='ProposedPromiseDrop (EMPTY)'/>

<promise-drop type='RegionModel'
	 line='0'
	 file='java.lang.[]'
	 offset='-1'
	 hash='-1305411288'
	 context='156839830'
	 message='Region public []'
	 message-id='(117,public,,[])'
	 category='Regions'
	 proved-consistent='true'
	 checked-by-analysis='true'
	 from-src='true'/>

<result-drop type='ResultDrop'
	 line='14'
	 file='/BoundedFIFOJSure/src/com/surelogic/jsure/BlockingFIFO.java'
	 offset='263'
	 hash='-1341494777'
	 context='-442105391'
	 message='Lock &quot;&lt;this.fifo&gt;:MUTEX&quot; not held when invoking this.fifo.wait; precondition unsatisfied'
	 message-id='(209,&lt;this.fifo&gt;:MUTEX,this.fifo.wait,null)'
	 category='lock precondition(s) not satisfied; possible race conditions enabled'
	 result-type='209'/>

<promise-drop type='LockModel'
	 line='25'
	 file='/BoundedFIFOJSure/src/com/surelogic/jsure/BoundedFIFO.java'
	 offset='678'
	 hash='1990119280'
	 context='-1685491800'
	 message='RegionLock com.surelogic.jsure.BoundedFIFO.BufLock is this protects Instance on BoundedFIFO'
	 message-id='(100,com.surelogic.jsure.BoundedFIFO.BufLock,this,Instance,BoundedFIFO)'
	 category='Concurrency'
	 checked-by-analysis='true'
	 from-src='true'/>

<result-drop type='ResultDrop'
	 line='73'
	 file='/BoundedFIFOJSure/src/com/surelogic/jsure/BoundedFIFO.java'
	 offset='1802'
	 hash='-605820861'
	 context='178982695'
	 message='Lock &quot;&lt;this&gt;:BufLock&quot; not held when accessing this.next'
	 message-id='(205,&lt;this&gt;:BufLock,this.next,null)'
	 category='unprotected field access(es); possible race condition detected'
	 result-type='205'/>

<ir-drop type='ProposedPromiseDrop'
	 line='69'
	 file='/BoundedFIFOJSure/src/com/surelogic/jsure/BoundedFIFO.java'
	 offset='1698'
	 hash='1420648169'
	 context='-398113170'
	 message='ProposedPromiseDrop (EMPTY)'/>

<ir-drop type='ProposedPromiseDrop'
	 line='69'
	 file='/BoundedFIFOJSure/src/com/surelogic/jsure/BoundedFIFO.java'
	 offset='1698'
	 hash='1420648169'
	 context='-398113170'
	 message='ProposedPromiseDrop (EMPTY)'/>

<ir-drop type='ProposedPromiseDrop'
	 line='27'
	 file='/BoundedFIFOJSure/src/com/surelogic/jsure/BoundedFIFO.java'
	 offset='743'
	 hash='97907'
	 context='-728775891'
	 message='ProposedPromiseDrop (EMPTY)'/>

<ir-drop type='WarningDrop'
	 line='54'
	 file='/BoundedFIFOJSure/src/com/surelogic/jsure/BoundedFIFO.java'
	 offset='1336'
	 hash='-49834690'
	 context='-554947668'
	 message='Field reference &quot;this.buf [ this.next ]&quot; may be to a shared unprotected object'
	 message-id='(201,this.buf [ this.next ])'
	 category='protected reference(s) to a possibly shared unprotected object; possible race condition detected'
	 result-type='201'/>

<ir-drop type='ProposedPromiseDrop'
	 line='51'
	 file='/BoundedFIFOJSure/src/com/surelogic/jsure/BoundedFIFO.java'
	 offset='1253'
	 hash='-1878828405'
	 context='-269806319'
	 message='ProposedPromiseDrop (EMPTY)'/>

<ir-drop type='WarningDrop'
	 line='47'
	 file='/BoundedFIFOJSure/src/com/surelogic/jsure/BlockingFIFO.java'
	 offset='760'
	 hash='-1873771185'
	 context='1303360307'
	 message='Locks [&lt;this.fifo&gt;:BufLock, &lt;this.fifo&gt;:MUTEX] not needed by body of synchronized block'
	 message-id='(218,[&lt;this.fifo&gt;:BufLock, &lt;this.fifo&gt;:MUTEX])'
	 category='synchronized block(s) not protecting any state; what state is being protected?'
	 result-type='218'/>

<result-drop type='ResultDrop'
	 line='57'
	 file='/BoundedFIFOJSure/src/com/surelogic/jsure/BoundedFIFO.java'
	 offset='1386'
	 hash='2135064005'
	 context='-968509295'
	 message='Lock &quot;&lt;this&gt;:BufLock&quot; not held when accessing (this.numElts)'
	 message-id='(205,&lt;this&gt;:BufLock,(this.numElts),null)'
	 category='unprotected field access(es); possible race condition detected'
	 result-type='205'/>

<result-drop type='ResultDrop'
	 line='40'
	 file='/BoundedFIFOJSure/src/com/surelogic/jsure/BlockingFIFO.java'
	 offset='694'
	 hash='-930704549'
	 context='-1610301880'
	 message='Lock &quot;&lt;this.fifo&gt;:MUTEX&quot; held when invoking this.fifo.notify; precondition satisfied'
	 message-id='(207,&lt;this.fifo&gt;:MUTEX,this.fifo.notify,null)'
	 category='lock precondition(s) satisfied'
	 proved-consistent='true'
	 consistent='true'
	 result-type='207'/>

<result-drop type='ResultDrop'
	 line='90'
	 file='/BoundedFIFOJSure/src/com/surelogic/jsure/BoundedFIFO.java'
	 offset='2106'
	 hash='-110077252'
	 context='742746733'
	 message='Lock &quot;&lt;this&gt;:BufLock&quot; not held when accessing this.numElts'
	 message-id='(205,&lt;this&gt;:BufLock,this.numElts,null)'
	 category='unprotected field access(es); possible race condition detected'
	 result-type='205'/>

<result-drop type='ResultDrop'
	 line='33'
	 file='/BoundedFIFOJSure/src/com/surelogic/jsure/BlockingFIFO.java'
	 offset='567'
	 hash='-1341494777'
	 context='1488591988'
	 message='Lock &quot;&lt;this.fifo&gt;:MUTEX&quot; held when invoking this.fifo.wait; precondition satisfied'
	 message-id='(207,&lt;this.fifo&gt;:MUTEX,this.fifo.wait,null)'
	 category='lock precondition(s) satisfied'
	 proved-consistent='true'
	 consistent='true'
	 result-type='207'/>

<ir-drop type='ProposedPromiseDrop'
	 line='27'
	 file='/BoundedFIFOJSure/src/com/surelogic/jsure/BoundedFIFO.java'
	 offset='743'
	 hash='97907'
	 context='-728775891'
	 message='ProposedPromiseDrop (EMPTY)'/>

<result-drop type='ResultDrop'
	 line='55'
	 file='/BoundedFIFOJSure/src/com/surelogic/jsure/BoundedFIFO.java'
	 offset='1355'
	 hash='-1730436191'
	 context='1225240429'
	 message='Lock &quot;&lt;this&gt;:BufLock&quot; not held when accessing (this.first)'
	 message-id='(205,&lt;this&gt;:BufLock,(this.first),null)'
	 category='unprotected field access(es); possible race condition detected'
	 result-type='205'/>

<result-drop type='ResultDrop'
	 line='44'
	 file='/BoundedFIFOJSure/src/com/surelogic/jsure/BoundedFIFO.java'
	 offset='1097'
	 hash='1227372323'
	 context='435203526'
	 message='Lock &quot;&lt;this&gt;:BufLock&quot; not held when accessing this.buf'
	 message-id='(205,&lt;this&gt;:BufLock,this.buf,null)'
	 category='unprotected field access(es); possible race condition detected'
	 result-type='205'/>

<result-drop type='ResultDrop'
	 line='72'
	 file='/BoundedFIFOJSure/src/com/surelogic/jsure/BoundedFIFO.java'
	 offset='1792'
	 hash='-605668015'
	 context='1653407321'
	 message='Lock &quot;&lt;this&gt;:BufLock&quot; not held when accessing this.size'
	 message-id='(205,&lt;this&gt;:BufLock,this.size,null)'
	 category='unprotected field access(es); possible race condition detected'
	 result-type='205'/>

<ir-drop type='ProposedPromiseDrop'
	 line='27'
	 file='/BoundedFIFOJSure/src/com/surelogic/jsure/BoundedFIFO.java'
	 offset='743'
	 hash='97907'
	 context='-728775891'
	 message='ProposedPromiseDrop (EMPTY)'/>

<ir-drop type='ProposedPromiseDrop'
	 line='98'
	 file='/BoundedFIFOJSure/src/com/surelogic/jsure/BoundedFIFO.java'
	 offset='2304'
	 hash='-1390514151'
	 context='1105176043'
	 message='ProposedPromiseDrop (EMPTY)'/>

<result-drop type='ResultDrop'
	 line='43'
	 file='/BoundedFIFOJSure/src/com/surelogic/jsure/BoundedFIFO.java'
	 offset='1077'
	 hash='-605668015'
	 context='1385517012'
	 message='Lock &quot;&lt;this&gt;:BufLock&quot; not held when accessing this.size'
	 message-id='(205,&lt;this&gt;:BufLock,this.size,null)'
	 category='unprotected field access(es); possible race condition detected'
	 result-type='205'/>

<result-drop type='ResultDrop'
	 line='115'
	 file='/BoundedFIFOJSure/src/com/surelogic/jsure/BoundedFIFO.java'
	 offset='2772'
	 hash='-110077252'
	 context='-1783038560'
	 message='Lock &quot;&lt;this&gt;:BufLock&quot; not held when accessing this.numElts'
	 message-id='(205,&lt;this&gt;:BufLock,this.numElts,null)'
	 category='unprotected field access(es); possible race condition detected'
	 result-type='205'/>

<result-drop type='ResultDrop'
	 line='29'
	 file='/BoundedFIFOJSure/src/com/surelogic/jsure/BoundedFIFO.java'
	 offset='779'
	 hash='-568260359'
	 context='784257478'
	 message='Lock &quot;&lt;this&gt;:BufLock&quot; not held when accessing numElts = 0'
	 message-id='(205,&lt;this&gt;:BufLock,numElts = 0,null)'
	 category='unprotected field access(es); possible race condition detected'
	 result-type='205'/>

<ir-drop type='WarningDrop'
	 line='71'
	 file='/BoundedFIFOJSure/src/com/surelogic/jsure/BoundedFIFO.java'
	 offset='1760'
	 hash='-49834690'
	 context='-398113170'
	 message='Field reference &quot;this.buf [ this.next ]&quot; may be to a shared unprotected object'
	 message-id='(201,this.buf [ this.next ])'
	 category='protected reference(s) to a possibly shared unprotected object; possible race condition detected'
	 result-type='201'/>

<promise-drop type='LockModel'
	 line='0'
	 file='java.lang.Object'
	 offset='2147483647'
	 hash='1709211273'
	 context='1063877011'
	 message='RegionLock java.lang.Object.MUTEX is this protects WaitQueue on Object'
	 message-id='(100,java.lang.Object.MUTEX,this,WaitQueue,Object)'
	 category='Concurrency'
	 checked-by-analysis='true'
	 from-src='true'/>

<ir-drop type='ProposedPromiseDrop'
	 line='40'
	 file='/BoundedFIFOJSure/src/com/surelogic/jsure/BoundedFIFO.java'
	 offset='987'
	 hash='88407834'
	 context='-1313831777'
	 message='ProposedPromiseDrop (EMPTY)'/>

<ir-drop type='ProposedPromiseDrop'
	 line='40'
	 file='/BoundedFIFOJSure/src/com/surelogic/jsure/BoundedFIFO.java'
	 offset='987'
	 hash='88407834'
	 context='-1313831777'
	 message='ProposedPromiseDrop (EMPTY)'/>

<ir-drop type='ProposedPromiseDrop'
	 line='51'
	 file='/BoundedFIFOJSure/src/com/surelogic/jsure/BoundedFIFO.java'
	 offset='1253'
	 hash='-1878828405'
	 context='-269806319'
	 message='ProposedPromiseDrop (EMPTY)'/>

<result-drop type='ResultDrop'
	 line='52'
	 file='/BoundedFIFOJSure/src/com/surelogic/jsure/BoundedFIFO.java'
	 offset='1287'
	 hash='-110077252'
	 context='-968509295'
	 message='Lock &quot;&lt;this&gt;:BufLock&quot; not held when accessing this.numElts'
	 message-id='(205,&lt;this&gt;:BufLock,this.numElts,null)'
	 category='unprotected field access(es); possible race condition detected'
	 result-type='205'/>

<result-drop type='ResultDrop'
	 line='56'
	 file='/BoundedFIFOJSure/src/com/surelogic/jsure/BoundedFIFO.java'
	 offset='1373'
	 hash='-1607852192'
	 context='1225240429'
	 message='Lock &quot;&lt;this&gt;:BufLock&quot; not held when accessing this.first'
	 message-id='(205,&lt;this&gt;:BufLock,this.first,null)'
	 category='unprotected field access(es); possible race condition detected'
	 result-type='205'/>

<ir-drop type='ProposedPromiseDrop'
	 line='27'
	 file='/BoundedFIFOJSure/src/com/surelogic/jsure/BoundedFIFO.java'
	 offset='743'
	 hash='97907'
	 context='-728775891'
	 message='ProposedPromiseDrop (EMPTY)'/>

<result-drop type='ResultDrop'
	 line='55'
	 file='/BoundedFIFOJSure/src/com/surelogic/jsure/BoundedFIFO.java'
	 offset='1364'
	 hash='-605668015'
	 context='242563324'
	 message='Lock &quot;&lt;this&gt;:BufLock&quot; not held when accessing this.size'
	 message-id='(205,&lt;this&gt;:BufLock,this.size,null)'
	 category='unprotected field access(es); possible race condition detected'
	 result-type='205'/>

<ir-drop type='ProposedPromiseDrop'
	 line='40'
	 file='/BoundedFIFOJSure/src/com/surelogic/jsure/BoundedFIFO.java'
	 offset='987'
	 hash='88407834'
	 context='-1313831777'
	 message='ProposedPromiseDrop (EMPTY)'/>

<result-drop type='ResultDrop'
	 line='21'
	 file='/BoundedFIFOJSure/src/com/surelogic/jsure/BlockingFIFO.java'
	 offset='388'
	 hash='-930704549'
	 context='1758745509'
	 message='Lock &quot;&lt;this.fifo&gt;:MUTEX&quot; not held when invoking this.fifo.notify; precondition unsatisfied'
	 message-id='(209,&lt;this.fifo&gt;:MUTEX,this.fifo.notify,null)'
	 category='lock precondition(s) not satisfied; possible race conditions enabled'
	 result-type='209'/>

<ir-drop type='ProposedPromiseDrop'
	 line='69'
	 file='/BoundedFIFOJSure/src/com/surelogic/jsure/BoundedFIFO.java'
	 offset='1698'
	 hash='1420648169'
	 context='-398113170'
	 message='ProposedPromiseDrop (EMPTY)'/>

<result-drop type='ResultDrop'
	 line='71'
	 file='/BoundedFIFOJSure/src/com/surelogic/jsure/BoundedFIFO.java'
	 offset='1760'
	 hash='1227372323'
	 context='289942439'
	 message='Lock &quot;&lt;this&gt;:BufLock&quot; not held when accessing this.buf'
	 message-id='(205,&lt;this&gt;:BufLock,this.buf,null)'
	 category='unprotected field access(es); possible race condition detected'
	 result-type='205'/>

<ir-drop type='ProposedPromiseDrop'
	 line='69'
	 file='/BoundedFIFOJSure/src/com/surelogic/jsure/BoundedFIFO.java'
	 offset='1698'
	 hash='1420648169'
	 context='-398113170'
	 message='ProposedPromiseDrop (EMPTY)'/>

<ir-drop type='ProposedPromiseDrop'
	 line='51'
	 file='/BoundedFIFOJSure/src/com/surelogic/jsure/BoundedFIFO.java'
	 offset='1253'
	 hash='-1878828405'
	 context='-269806319'
	 message='ProposedPromiseDrop (EMPTY)'/>

<result-drop type='ResultDrop'
	 line='31'
	 file='/BoundedFIFOJSure/src/com/surelogic/jsure/BoundedFIFO.java'
	 offset='810'
	 hash='1422806624'
	 context='-1116873351'
	 message='Lock &quot;&lt;this&gt;:BufLock&quot; not held when accessing next = 0'
	 message-id='(205,&lt;this&gt;:BufLock,next = 0,null)'
	 category='unprotected field access(es); possible race condition detected'
	 result-type='205'/>

<ir-drop type='ProposedPromiseDrop'
	 line='106'
	 file='/BoundedFIFOJSure/src/com/surelogic/jsure/BoundedFIFO.java'
	 offset='2521'
	 hash='981319203'
	 context='-759745197'
	 message='ProposedPromiseDrop (EMPTY)'/>

</sea-summary>

