<?xml version='1.0' encoding='UTF-8' standalone='yes'?>
<sea-summary time='Sep 8, 2010 11:32:56 AM'
	 project='workspace'>

<count RequiresLockPromiseDrop='7'/>
<count UniquePromiseDrop='2'/>
<count ResultDrop='52'/>
<count PromisePromiseDrop='1'/>
<count AggregatePromiseDrop='1'/>
<count RegionModel='3'/>
<count LockModel='2'/>
<result-drop type='ResultDrop'
	 line='46'
	 file='/BoundedFIFOJSure/src/com/surelogic/jsure/BoundedFIFO.java'
	 offset='1128'
	 hash='1689055504'
	 context='-1313831777'
	 message='Borrowed parameters of call new java.lang.IllegalArgumentException'
	 message-id='(302,new java.lang.IllegalArgumentException)'
	 proved-consistent='true'
	 consistent='true'
	 result-type='borrowedParametersDrop'/>

<result-drop type='ResultDrop'
	 line='73'
	 file='/BoundedFIFOJSure/src/com/surelogic/jsure/BoundedFIFO.java'
	 offset='1783'
	 hash='1420648169'
	 context='-398113170'
	 message='Control flow of method com.surelogic.jsure.BoundedFIFO.put(com.surelogic.jsure.LoggingEvent)'
	 message-id='(300,method,com.surelogic.jsure.BoundedFIFO.put(com.surelogic.jsure.LoggingEvent))'
	 proved-consistent='true'
	 consistent='true'
	 result-type='methodControlFlow'/>

<promise-drop type='RegionModel'
	 line='0'
	 file='java.lang.[]'
	 offset='-1'
	 hash='-1305411288'
	 context='156839830'
	 message='Region public length'
	 message-id='(117,public,,length)'
	 category='Regions'
	 proved-consistent='true'
	 checked-by-analysis='true'
	 from-src='true'/>

<result-drop type='ResultDrop'
	 line='78'
	 file='/BoundedFIFOJSure/src/com/surelogic/jsure/BoundedFIFO.java'
	 offset='1900'
	 hash='2135064005'
	 context='523364846'
	 message='Lock &quot;&lt;this&gt;:BufLock&quot; held when accessing (this.numElts)'
	 message-id='(203,&lt;this&gt;:BufLock,(this.numElts),null)'
	 category='protected field access(es)'
	 proved-consistent='true'
	 consistent='true'
	 result-type='203'/>

<promise-drop type='RegionModel'
	 line='28'
	 file='/BoundedFIFOJSure/src/com/surelogic/jsure/BoundedFIFO.java'
	 offset='788'
	 hash='97907'
	 context='-728775891'
	 message='Region   com.surelogic.jsure.BoundedFIFO.buf'
	 message-id='(117, ,,com.surelogic.jsure.BoundedFIFO.buf)'
	 category='Regions'
	 proved-consistent='true'
	 checked-by-analysis='true'
	 from-src='true'/>

<result-drop type='ResultDrop'
	 line='32'
	 file='/BoundedFIFOJSure/src/com/surelogic/jsure/BoundedFIFO.java'
	 offset='845'
	 hash='-568260359'
	 context='784257478'
	 message='Acting as if lock &quot;&lt;this&gt;:BufLock&quot; were held when accessing numElts = 0 (occurs within a thread-confined constructor)'
	 message-id='(246,&lt;this&gt;:BufLock,numElts = 0,null)'
	 category='protected field access(es)'
	 proved-consistent='true'
	 consistent='true'
	 result-type='246'/>

<result-drop type='ResultDrop'
	 line='60'
	 file='/BoundedFIFOJSure/src/com/surelogic/jsure/BoundedFIFO.java'
	 offset='1458'
	 hash='-1607852192'
	 context='1225240429'
	 message='Lock &quot;&lt;this&gt;:BufLock&quot; held when accessing this.first'
	 message-id='(203,&lt;this&gt;:BufLock,this.first,null)'
	 category='protected field access(es)'
	 proved-consistent='true'
	 consistent='true'
	 result-type='203'/>

<result-drop type='ResultDrop'
	 line='77'
	 file='/BoundedFIFOJSure/src/com/surelogic/jsure/BoundedFIFO.java'
	 offset='1887'
	 hash='-605820861'
	 context='178982695'
	 message='Lock &quot;&lt;this&gt;:BufLock&quot; held when accessing this.next'
	 message-id='(203,&lt;this&gt;:BufLock,this.next,null)'
	 category='protected field access(es)'
	 proved-consistent='true'
	 consistent='true'
	 result-type='203'/>

<result-drop type='ResultDrop'
	 line='45'
	 file='/BoundedFIFOJSure/src/com/surelogic/jsure/BoundedFIFO.java'
	 offset='1105'
	 hash='109801339'
	 context='-1313831777'
	 message='Unique return value of call super'
	 message-id='(301,super)'
	 proved-consistent='true'
	 consistent='true'
	 result-type='uniqueReturnDrop'/>

<result-drop type='ResultDrop'
	 line='55'
	 file='/BoundedFIFOJSure/src/com/surelogic/jsure/BoundedFIFO.java'
	 offset='1338'
	 hash='-1878828405'
	 context='-269806319'
	 message='Assurance conservatively depends on the unique fields accessed in method com.surelogic.jsure.BoundedFIFO.get()'
	 message-id='(306,com.surelogic.jsure.BoundedFIFO.get())'
	 proved-consistent='true'
	 consistent='true'
	 result-type='aggregatedUniqueFields'/>

<result-drop type='ResultDrop'
	 line='73'
	 file='/BoundedFIFOJSure/src/com/surelogic/jsure/BoundedFIFO.java'
	 offset='1783'
	 hash='1420648169'
	 context='-398113170'
	 message='Assurance conservatively depends on the unique fields accessed in method com.surelogic.jsure.BoundedFIFO.put(com.surelogic.jsure.LoggingEvent)'
	 message-id='(306,com.surelogic.jsure.BoundedFIFO.put(com.surelogic.jsure.LoggingEvent))'
	 proved-consistent='true'
	 consistent='true'
	 result-type='aggregatedUniqueFields'/>

<promise-drop type='RequiresLockPromiseDrop'
	 line='102'
	 file='/BoundedFIFOJSure/src/com/surelogic/jsure/BoundedFIFO.java'
	 offset='2389'
	 hash='-1390514151'
	 context='1105176043'
	 message='RequiresLock BufLock on com.surelogic.jsure.BoundedFIFO.wasEmpty()'
	 message-id='(102,RequiresLock BufLock,com.surelogic.jsure.BoundedFIFO.wasEmpty())'
	 category='lock precondition(s)'
	 proved-consistent='true'
	 checked-by-analysis='true'
	 from-src='true'
	 virtual='true'/>

<result-drop type='ResultDrop'
	 line='19'
	 file='/BoundedFIFOJSure/src/com/surelogic/jsure/BlockingFIFO.java'
	 offset='345'
	 hash='-867967697'
	 context='1902123371'
	 message='Lock &quot;&lt;this.fifo&gt;:BufLock&quot; held when invoking this.fifo.put(e); precondition satisfied'
	 message-id='(207,&lt;this.fifo&gt;:BufLock,this.fifo.put(e),null)'
	 category='lock precondition(s) satisfied'
	 proved-consistent='true'
	 consistent='true'
	 result-type='207'/>

<result-drop type='ResultDrop'
	 line='75'
	 file='/BoundedFIFOJSure/src/com/surelogic/jsure/BoundedFIFO.java'
	 offset='1845'
	 hash='1227372323'
	 context='289942439'
	 message='Lock &quot;&lt;this&gt;:BufLock&quot; held when accessing this.buf'
	 message-id='(203,&lt;this&gt;:BufLock,this.buf,null)'
	 category='protected field access(es)'
	 proved-consistent='true'
	 consistent='true'
	 result-type='203'/>

<result-drop type='ResultDrop'
	 line='59'
	 file='/BoundedFIFOJSure/src/com/surelogic/jsure/BoundedFIFO.java'
	 offset='1449'
	 hash='-605668015'
	 context='242563324'
	 message='Lock &quot;&lt;this&gt;:BufLock&quot; held when accessing this.size'
	 message-id='(203,&lt;this&gt;:BufLock,this.size,null)'
	 category='protected field access(es)'
	 proved-consistent='true'
	 consistent='true'
	 result-type='203'/>

<result-drop type='ResultDrop'
	 line='24'
	 file='/BoundedFIFOJSure/src/com/surelogic/jsure/BlockingFIFO.java'
	 offset='427'
	 hash='-867967697'
	 context='1902123371'
	 message='Lock &quot;&lt;this.fifo&gt;:BufLock&quot; held when invoking this.fifo.put(e); precondition satisfied'
	 message-id='(207,&lt;this.fifo&gt;:BufLock,this.fifo.put(e),null)'
	 category='lock precondition(s) satisfied'
	 proved-consistent='true'
	 consistent='true'
	 result-type='207'/>

<result-drop type='ResultDrop'
	 line='12'
	 file='/BoundedFIFOJSure/src/com/surelogic/jsure/BlockingFIFO.java'
	 offset='231'
	 hash='-1071514901'
	 context='-32330955'
	 message='Lock &quot;&lt;this.fifo&gt;:BufLock&quot; held when invoking this.fifo.isFull; precondition satisfied'
	 message-id='(207,&lt;this.fifo&gt;:BufLock,this.fifo.isFull,null)'
	 category='lock precondition(s) satisfied'
	 proved-consistent='true'
	 consistent='true'
	 result-type='207'/>

<result-drop type='ResultDrop'
	 line='74'
	 file='/BoundedFIFOJSure/src/com/surelogic/jsure/BoundedFIFO.java'
	 offset='1823'
	 hash='-110077252'
	 context='523364846'
	 message='Lock &quot;&lt;this&gt;:BufLock&quot; held when accessing this.numElts'
	 message-id='(203,&lt;this&gt;:BufLock,this.numElts,null)'
	 category='protected field access(es)'
	 proved-consistent='true'
	 consistent='true'
	 result-type='203'/>

<promise-drop type='RequiresLockPromiseDrop'
	 line='85'
	 file='/BoundedFIFOJSure/src/com/surelogic/jsure/BoundedFIFO.java'
	 offset='1970'
	 hash='800772265'
	 context='1191951638'
	 message='RequiresLock BufLock on com.surelogic.jsure.BoundedFIFO.getMaxSize()'
	 message-id='(102,RequiresLock BufLock,com.surelogic.jsure.BoundedFIFO.getMaxSize())'
	 category='lock precondition(s)'
	 proved-consistent='true'
	 checked-by-analysis='true'
	 from-src='true'
	 virtual='true'/>

<result-drop type='ResultDrop'
	 line='119'
	 file='/BoundedFIFOJSure/src/com/surelogic/jsure/BoundedFIFO.java'
	 offset='2868'
	 hash='-605668015'
	 context='-443932331'
	 message='Lock &quot;&lt;this&gt;:BufLock&quot; held when accessing this.size'
	 message-id='(203,&lt;this&gt;:BufLock,this.size,null)'
	 category='protected field access(es)'
	 proved-consistent='true'
	 consistent='true'
	 result-type='203'/>

<result-drop type='ResultDrop'
	 line='21'
	 file='/BoundedFIFOJSure/src/com/surelogic/jsure/BlockingFIFO.java'
	 offset='388'
	 hash='-930704549'
	 context='1758745509'
	 message='Lock &quot;&lt;this.fifo&gt;:MUTEX&quot; held when invoking this.fifo.notify; precondition satisfied'
	 message-id='(207,&lt;this.fifo&gt;:MUTEX,this.fifo.notify,null)'
	 category='lock precondition(s) satisfied'
	 proved-consistent='true'
	 consistent='true'
	 result-type='207'/>

<result-drop type='ResultDrop'
	 line='111'
	 file='/BoundedFIFOJSure/src/com/surelogic/jsure/BoundedFIFO.java'
	 offset='2657'
	 hash='-605668015'
	 context='-1771607106'
	 message='Lock &quot;&lt;this&gt;:BufLock&quot; held when accessing this.size'
	 message-id='(203,&lt;this&gt;:BufLock,this.size,null)'
	 category='protected field access(es)'
	 proved-consistent='true'
	 consistent='true'
	 result-type='203'/>

<result-drop type='ResultDrop'
	 line='20'
	 file='/BoundedFIFOJSure/src/com/surelogic/jsure/BlockingFIFO.java'
	 offset='365'
	 hash='2144695158'
	 context='-1276457664'
	 message='Lock &quot;&lt;this.fifo&gt;:BufLock&quot; held when invoking this.fifo.wasEmpty; precondition satisfied'
	 message-id='(207,&lt;this.fifo&gt;:BufLock,this.fifo.wasEmpty,null)'
	 category='lock precondition(s) satisfied'
	 proved-consistent='true'
	 consistent='true'
	 result-type='207'/>

<result-drop type='ResultDrop'
	 line='45'
	 file='/BoundedFIFOJSure/src/com/surelogic/jsure/BoundedFIFO.java'
	 offset='1105'
	 hash='109801339'
	 context='-1313831777'
	 message='Effects of call super'
	 message-id='(304,super)'
	 proved-consistent='true'
	 consistent='true'
	 result-type='effectOfCallDrop'/>

<result-drop type='ResultDrop'
	 line='14'
	 file='/BoundedFIFOJSure/src/com/surelogic/jsure/BlockingFIFO.java'
	 offset='263'
	 hash='-1341494777'
	 context='-442105391'
	 message='Lock &quot;&lt;this.fifo&gt;:MUTEX&quot; held when invoking this.fifo.wait; precondition satisfied'
	 message-id='(207,&lt;this.fifo&gt;:MUTEX,this.fifo.wait,null)'
	 category='lock precondition(s) satisfied'
	 proved-consistent='true'
	 consistent='true'
	 result-type='207'/>

<result-drop type='ResultDrop'
	 line='119'
	 file='/BoundedFIFOJSure/src/com/surelogic/jsure/BoundedFIFO.java'
	 offset='2857'
	 hash='-110077252'
	 context='-1783038560'
	 message='Lock &quot;&lt;this&gt;:BufLock&quot; held when accessing this.numElts'
	 message-id='(203,&lt;this&gt;:BufLock,this.numElts,null)'
	 category='protected field access(es)'
	 proved-consistent='true'
	 consistent='true'
	 result-type='203'/>

<result-drop type='ResultDrop'
	 line='86'
	 file='/BoundedFIFOJSure/src/com/surelogic/jsure/BoundedFIFO.java'
	 offset='2005'
	 hash='-605668015'
	 context='-1105696053'
	 message='Lock &quot;&lt;this&gt;:BufLock&quot; held when accessing this.size'
	 message-id='(203,&lt;this&gt;:BufLock,this.size,null)'
	 category='protected field access(es)'
	 proved-consistent='true'
	 consistent='true'
	 result-type='203'/>

<promise-drop type='RegionModel'
	 line='0'
	 file='java.lang.[]'
	 offset='-1'
	 hash='-1305411288'
	 context='156839830'
	 message='Region public []'
	 message-id='(117,public,,[])'
	 category='Regions'
	 proved-consistent='true'
	 checked-by-analysis='true'
	 from-src='true'/>

<result-drop type='ResultDrop'
	 line='74'
	 file='/BoundedFIFOJSure/src/com/surelogic/jsure/BoundedFIFO.java'
	 offset='1834'
	 hash='-605668015'
	 context='1653407321'
	 message='Lock &quot;&lt;this&gt;:BufLock&quot; held when accessing this.size'
	 message-id='(203,&lt;this&gt;:BufLock,this.size,null)'
	 category='protected field access(es)'
	 proved-consistent='true'
	 consistent='true'
	 result-type='203'/>

<result-drop type='ResultDrop'
	 line='94'
	 file='/BoundedFIFOJSure/src/com/surelogic/jsure/BoundedFIFO.java'
	 offset='2191'
	 hash='-110077252'
	 context='742746733'
	 message='Lock &quot;&lt;this&gt;:BufLock&quot; held when accessing this.numElts'
	 message-id='(203,&lt;this&gt;:BufLock,this.numElts,null)'
	 category='protected field access(es)'
	 proved-consistent='true'
	 consistent='true'
	 result-type='203'/>

<promise-drop type='RequiresLockPromiseDrop'
	 line='118'
	 file='/BoundedFIFOJSure/src/com/surelogic/jsure/BoundedFIFO.java'
	 offset='2822'
	 hash='1874440324'
	 context='-134196960'
	 message='RequiresLock BufLock on com.surelogic.jsure.BoundedFIFO.isFull()'
	 message-id='(102,RequiresLock BufLock,com.surelogic.jsure.BoundedFIFO.isFull())'
	 category='lock precondition(s)'
	 proved-consistent='true'
	 checked-by-analysis='true'
	 from-src='true'
	 virtual='true'/>

<result-drop type='ResultDrop'
	 line='76'
	 file='/BoundedFIFOJSure/src/com/surelogic/jsure/BoundedFIFO.java'
	 offset='1869'
	 hash='-464187794'
	 context='178982695'
	 message='Lock &quot;&lt;this&gt;:BufLock&quot; held when accessing (this.next)'
	 message-id='(203,&lt;this&gt;:BufLock,(this.next),null)'
	 category='protected field access(es)'
	 proved-consistent='true'
	 consistent='true'
	 result-type='203'/>

<result-drop type='ResultDrop'
	 line='58'
	 file='/BoundedFIFOJSure/src/com/surelogic/jsure/BoundedFIFO.java'
	 offset='1421'
	 hash='-49834690'
	 context='-554947668'
	 message='Lock &quot;&lt;this&gt;:BufLock&quot; held when accessing this.buf [ this.next ]'
	 message-id='(203,&lt;this&gt;:BufLock,this.buf [ this.next ],null)'
	 category='protected field access(es)'
	 proved-consistent='true'
	 consistent='true'
	 result-type='203'/>

<result-drop type='ResultDrop'
	 line='58'
	 file='/BoundedFIFOJSure/src/com/surelogic/jsure/BoundedFIFO.java'
	 offset='1425'
	 hash='-605820861'
	 context='-679977755'
	 message='Lock &quot;&lt;this&gt;:BufLock&quot; held when accessing this.next'
	 message-id='(203,&lt;this&gt;:BufLock,this.next,null)'
	 category='protected field access(es)'
	 proved-consistent='true'
	 consistent='true'
	 result-type='203'/>

<result-drop type='ResultDrop'
	 line='40'
	 file='/BoundedFIFOJSure/src/com/surelogic/jsure/BlockingFIFO.java'
	 offset='694'
	 hash='-930704549'
	 context='-1610301880'
	 message='Lock &quot;&lt;this.fifo&gt;:MUTEX&quot; held when invoking this.fifo.notify; precondition satisfied'
	 message-id='(207,&lt;this.fifo&gt;:MUTEX,this.fifo.notify,null)'
	 category='lock precondition(s) satisfied'
	 proved-consistent='true'
	 consistent='true'
	 result-type='207'/>

<result-drop type='ResultDrop'
	 line='58'
	 file='/BoundedFIFOJSure/src/com/surelogic/jsure/BoundedFIFO.java'
	 offset='1421'
	 hash='1227372323'
	 context='-1096173211'
	 message='Lock &quot;&lt;this&gt;:BufLock&quot; held when accessing this.buf'
	 message-id='(203,&lt;this&gt;:BufLock,this.buf,null)'
	 category='protected field access(es)'
	 proved-consistent='true'
	 consistent='true'
	 result-type='203'/>

<result-drop type='ResultDrop'
	 line='33'
	 file='/BoundedFIFOJSure/src/com/surelogic/jsure/BoundedFIFO.java'
	 offset='861'
	 hash='131428253'
	 context='-270610198'
	 message='Acting as if lock &quot;&lt;this&gt;:BufLock&quot; were held when accessing first = 0 (occurs within a thread-confined constructor)'
	 message-id='(246,&lt;this&gt;:BufLock,first = 0,null)'
	 category='protected field access(es)'
	 proved-consistent='true'
	 consistent='true'
	 result-type='246'/>

<result-drop type='ResultDrop'
	 line='75'
	 file='/BoundedFIFOJSure/src/com/surelogic/jsure/BoundedFIFO.java'
	 offset='1849'
	 hash='-605820861'
	 context='178982695'
	 message='Lock &quot;&lt;this&gt;:BufLock&quot; held when accessing this.next'
	 message-id='(203,&lt;this&gt;:BufLock,this.next,null)'
	 category='protected field access(es)'
	 proved-consistent='true'
	 consistent='true'
	 result-type='203'/>

<promise-drop type='UniquePromiseDrop'
	 line='28'
	 file='/BoundedFIFOJSure/src/com/surelogic/jsure/BoundedFIFO.java'
	 offset='788'
	 hash='97907'
	 context='-728775891'
	 message='Unique on buf'
	 message-id='(115,buf)'
	 category='Uniqueness'
	 proved-consistent='true'
	 checked-by-analysis='true'
	 from-src='true'/>

<result-drop type='ResultDrop'
	 line='48'
	 file='/BoundedFIFOJSure/src/com/surelogic/jsure/BoundedFIFO.java'
	 offset='1182'
	 hash='1227372323'
	 context='435203526'
	 message='Acting as if lock &quot;&lt;this&gt;:BufLock&quot; were held when accessing this.buf (occurs within a thread-confined constructor)'
	 message-id='(246,&lt;this&gt;:BufLock,this.buf,null)'
	 category='protected field access(es)'
	 proved-consistent='true'
	 consistent='true'
	 result-type='246'/>

<result-drop type='ResultDrop'
	 line='111'
	 file='/BoundedFIFOJSure/src/com/surelogic/jsure/BoundedFIFO.java'
	 offset='2642'
	 hash='-110077252'
	 context='-334227245'
	 message='Lock &quot;&lt;this&gt;:BufLock&quot; held when accessing this.numElts'
	 message-id='(203,&lt;this&gt;:BufLock,this.numElts,null)'
	 category='protected field access(es)'
	 proved-consistent='true'
	 consistent='true'
	 result-type='203'/>

<result-drop type='ResultDrop'
	 line='59'
	 file='/BoundedFIFOJSure/src/com/surelogic/jsure/BoundedFIFO.java'
	 offset='1440'
	 hash='-1730436191'
	 context='1225240429'
	 message='Lock &quot;&lt;this&gt;:BufLock&quot; held when accessing (this.first)'
	 message-id='(203,&lt;this&gt;:BufLock,(this.first),null)'
	 category='protected field access(es)'
	 proved-consistent='true'
	 consistent='true'
	 result-type='203'/>

<result-drop type='ResultDrop'
	 line='103'
	 file='/BoundedFIFOJSure/src/com/surelogic/jsure/BoundedFIFO.java'
	 offset='2426'
	 hash='-110077252'
	 context='1411330667'
	 message='Lock &quot;&lt;this&gt;:BufLock&quot; held when accessing this.numElts'
	 message-id='(203,&lt;this&gt;:BufLock,this.numElts,null)'
	 category='protected field access(es)'
	 proved-consistent='true'
	 consistent='true'
	 result-type='203'/>

<promise-drop type='RequiresLockPromiseDrop'
	 line='93'
	 file='/BoundedFIFOJSure/src/com/surelogic/jsure/BoundedFIFO.java'
	 offset='2160'
	 hash='-619934927'
	 context='-1903378963'
	 message='RequiresLock BufLock on com.surelogic.jsure.BoundedFIFO.length()'
	 message-id='(102,RequiresLock BufLock,com.surelogic.jsure.BoundedFIFO.length())'
	 category='lock precondition(s)'
	 proved-consistent='true'
	 checked-by-analysis='true'
	 from-src='true'
	 virtual='true'/>

<result-drop type='ResultDrop'
	 line='46'
	 file='/BoundedFIFOJSure/src/com/surelogic/jsure/BoundedFIFO.java'
	 offset='1128'
	 hash='1689055504'
	 context='-1313831777'
	 message='Effects of call new java.lang.IllegalArgumentException'
	 message-id='(304,new java.lang.IllegalArgumentException)'
	 proved-consistent='true'
	 consistent='true'
	 result-type='effectOfCallDrop'/>

<promise-drop type='PromisePromiseDrop'
	 line='25'
	 file='/BoundedFIFOJSure/src/com/surelogic/jsure/BoundedFIFO.java'
	 offset='724'
	 hash='1990119280'
	 context='-1685491800'
	 message='Promise @RequiresLock(BufLock) for *(**)'
	 category='Scoped promises'
	 proved-consistent='true'
	 checked-by-analysis='true'
	 from-src='true'/>

<promise-drop type='LockModel'
	 line='0'
	 file='java.lang.Object'
	 offset='2147483647'
	 hash='1709211273'
	 context='1063877011'
	 message='RegionLock java.lang.Object.MUTEX is this protects WaitQueue on Object'
	 message-id='(100,java.lang.Object.MUTEX,this,WaitQueue,Object)'
	 category='Concurrency'
	 proved-consistent='true'
	 checked-by-analysis='true'
	 from-src='true'/>

<promise-drop type='RequiresLockPromiseDrop'
	 line='110'
	 file='/BoundedFIFOJSure/src/com/surelogic/jsure/BoundedFIFO.java'
	 offset='2606'
	 hash='981319203'
	 context='-759745197'
	 message='RequiresLock BufLock on com.surelogic.jsure.BoundedFIFO.wasFull()'
	 message-id='(102,RequiresLock BufLock,com.surelogic.jsure.BoundedFIFO.wasFull())'
	 category='lock precondition(s)'
	 proved-consistent='true'
	 checked-by-analysis='true'
	 from-src='true'
	 virtual='true'/>

<result-drop type='ResultDrop'
	 line='23'
	 file='/BoundedFIFOJSure/src/com/surelogic/jsure/BlockingFIFO.java'
	 offset='411'
	 hash='-867967697'
	 context='1902123371'
	 message='Lock &quot;&lt;this.fifo&gt;:BufLock&quot; held when invoking this.fifo.put(e); precondition satisfied'
	 message-id='(207,&lt;this.fifo&gt;:BufLock,this.fifo.put(e),null)'
	 category='lock precondition(s) satisfied'
	 proved-consistent='true'
	 consistent='true'
	 result-type='207'/>

<result-drop type='ResultDrop'
	 line='39'
	 file='/BoundedFIFOJSure/src/com/surelogic/jsure/BlockingFIFO.java'
	 offset='672'
	 hash='207768390'
	 context='-66014953'
	 message='Lock &quot;&lt;this.fifo&gt;:BufLock&quot; held when invoking this.fifo.wasFull; precondition satisfied'
	 message-id='(207,&lt;this.fifo&gt;:BufLock,this.fifo.wasFull,null)'
	 category='lock precondition(s) satisfied'
	 proved-consistent='true'
	 consistent='true'
	 result-type='207'/>

<result-drop type='ResultDrop'
	 line='48'
	 file='/BoundedFIFOJSure/src/com/surelogic/jsure/BlockingFIFO.java'
	 offset='792'
	 hash='-997378312'
	 context='-1760718439'
	 message='Lock &quot;&lt;this.fifo&gt;:BufLock&quot; held when invoking this.fifo.length; precondition satisfied'
	 message-id='(207,&lt;this.fifo&gt;:BufLock,this.fifo.length,null)'
	 category='lock precondition(s) satisfied'
	 proved-consistent='true'
	 consistent='true'
	 result-type='207'/>

<result-drop type='ResultDrop'
	 line='55'
	 file='/BoundedFIFOJSure/src/com/surelogic/jsure/BoundedFIFO.java'
	 offset='1338'
	 hash='-1878828405'
	 context='-269806319'
	 message='Control flow of method com.surelogic.jsure.BoundedFIFO.get()'
	 message-id='(300,method,com.surelogic.jsure.BoundedFIFO.get())'
	 proved-consistent='true'
	 consistent='true'
	 result-type='methodControlFlow'/>

<result-drop type='ResultDrop'
	 line='33'
	 file='/BoundedFIFOJSure/src/com/surelogic/jsure/BlockingFIFO.java'
	 offset='567'
	 hash='-1341494777'
	 context='1488591988'
	 message='Lock &quot;&lt;this.fifo&gt;:MUTEX&quot; held when invoking this.fifo.wait; precondition satisfied'
	 message-id='(207,&lt;this.fifo&gt;:MUTEX,this.fifo.wait,null)'
	 category='lock precondition(s) satisfied'
	 proved-consistent='true'
	 consistent='true'
	 result-type='207'/>

<result-drop type='ResultDrop'
	 line='47'
	 file='/BoundedFIFOJSure/src/com/surelogic/jsure/BoundedFIFO.java'
	 offset='1162'
	 hash='-605668015'
	 context='1385517012'
	 message='Acting as if lock &quot;&lt;this&gt;:BufLock&quot; were held when accessing this.size (occurs within a thread-confined constructor)'
	 message-id='(246,&lt;this&gt;:BufLock,this.size,null)'
	 category='protected field access(es)'
	 proved-consistent='true'
	 consistent='true'
	 result-type='246'/>

<result-drop type='ResultDrop'
	 line='43'
	 file='/BoundedFIFOJSure/src/com/surelogic/jsure/BoundedFIFO.java'
	 offset='1053'
	 hash='88407834'
	 context='-1313831777'
	 message='Control flow of constructor com.surelogic.jsure.BoundedFIFO.BoundedFIFO(int)'
	 message-id='(300,constructor,com.surelogic.jsure.BoundedFIFO.BoundedFIFO(int))'
	 proved-consistent='true'
	 consistent='true'
	 result-type='methodControlFlow'/>

<result-drop type='ResultDrop'
	 line='31'
	 file='/BoundedFIFOJSure/src/com/surelogic/jsure/BlockingFIFO.java'
	 offset='530'
	 hash='-997378312'
	 context='-676937499'
	 message='Lock &quot;&lt;this.fifo&gt;:BufLock&quot; held when invoking this.fifo.length; precondition satisfied'
	 message-id='(207,&lt;this.fifo&gt;:BufLock,this.fifo.length,null)'
	 category='lock precondition(s) satisfied'
	 proved-consistent='true'
	 consistent='true'
	 result-type='207'/>

<result-drop type='ResultDrop'
	 line='56'
	 file='/BoundedFIFOJSure/src/com/surelogic/jsure/BoundedFIFO.java'
	 offset='1372'
	 hash='-110077252'
	 context='-968509295'
	 message='Lock &quot;&lt;this&gt;:BufLock&quot; held when accessing this.numElts'
	 message-id='(203,&lt;this&gt;:BufLock,this.numElts,null)'
	 category='protected field access(es)'
	 proved-consistent='true'
	 consistent='true'
	 result-type='203'/>

<promise-drop type='UniquePromiseDrop'
	 line='43'
	 file='/BoundedFIFOJSure/src/com/surelogic/jsure/BoundedFIFO.java'
	 offset='1061'
	 hash='-176181199'
	 context='-1313831777'
	 message='Unique(return) on com.surelogic.jsure.BoundedFIFO.BoundedFIFO(int)'
	 message-id='(116,return,com.surelogic.jsure.BoundedFIFO.BoundedFIFO(int))'
	 category='Uniqueness'
	 proved-consistent='true'
	 checked-by-analysis='true'
	 from-src='true'/>

<result-drop type='ResultDrop'
	 line='61'
	 file='/BoundedFIFOJSure/src/com/surelogic/jsure/BoundedFIFO.java'
	 offset='1471'
	 hash='2135064005'
	 context='-968509295'
	 message='Lock &quot;&lt;this&gt;:BufLock&quot; held when accessing (this.numElts)'
	 message-id='(203,&lt;this&gt;:BufLock,(this.numElts),null)'
	 category='protected field access(es)'
	 proved-consistent='true'
	 consistent='true'
	 result-type='203'/>

<result-drop type='ResultDrop'
	 line='76'
	 file='/BoundedFIFOJSure/src/com/surelogic/jsure/BoundedFIFO.java'
	 offset='1877'
	 hash='-605668015'
	 context='1653407321'
	 message='Lock &quot;&lt;this&gt;:BufLock&quot; held when accessing this.size'
	 message-id='(203,&lt;this&gt;:BufLock,this.size,null)'
	 category='protected field access(es)'
	 proved-consistent='true'
	 consistent='true'
	 result-type='203'/>

<promise-drop type='RequiresLockPromiseDrop'
	 line='73'
	 file='/BoundedFIFOJSure/src/com/surelogic/jsure/BoundedFIFO.java'
	 offset='1783'
	 hash='1420648169'
	 context='-398113170'
	 message='RequiresLock BufLock on com.surelogic.jsure.BoundedFIFO.put(com.surelogic.jsure.LoggingEvent)'
	 message-id='(102,RequiresLock BufLock,com.surelogic.jsure.BoundedFIFO.put(com.surelogic.jsure.LoggingEvent))'
	 category='lock precondition(s)'
	 proved-consistent='true'
	 checked-by-analysis='true'
	 from-src='true'
	 virtual='true'/>

<promise-drop type='LockModel'
	 line='25'
	 file='/BoundedFIFOJSure/src/com/surelogic/jsure/BoundedFIFO.java'
	 offset='678'
	 hash='1990119280'
	 context='-1685491800'
	 message='RegionLock com.surelogic.jsure.BoundedFIFO.BufLock is this protects Instance on BoundedFIFO'
	 message-id='(100,com.surelogic.jsure.BoundedFIFO.BufLock,this,Instance,BoundedFIFO)'
	 category='Concurrency'
	 proved-consistent='true'
	 checked-by-analysis='true'
	 from-src='true'/>

<result-drop type='ResultDrop'
	 line='75'
	 file='/BoundedFIFOJSure/src/com/surelogic/jsure/BoundedFIFO.java'
	 offset='1845'
	 hash='-49834690'
	 context='-398113170'
	 message='Lock &quot;&lt;this&gt;:BufLock&quot; held when accessing this.buf [ this.next ]'
	 message-id='(203,&lt;this&gt;:BufLock,this.buf [ this.next ],null)'
	 category='protected field access(es)'
	 proved-consistent='true'
	 consistent='true'
	 result-type='203'/>

<promise-drop type='RequiresLockPromiseDrop'
	 line='55'
	 file='/BoundedFIFOJSure/src/com/surelogic/jsure/BoundedFIFO.java'
	 offset='1338'
	 hash='-1878828405'
	 context='-269806319'
	 message='RequiresLock BufLock on com.surelogic.jsure.BoundedFIFO.get()'
	 message-id='(102,RequiresLock BufLock,com.surelogic.jsure.BoundedFIFO.get())'
	 category='lock precondition(s)'
	 proved-consistent='true'
	 checked-by-analysis='true'
	 from-src='true'
	 virtual='true'/>

<result-drop type='ResultDrop'
	 line='34'
	 file='/BoundedFIFOJSure/src/com/surelogic/jsure/BoundedFIFO.java'
	 offset='876'
	 hash='1422806624'
	 context='-1116873351'
	 message='Acting as if lock &quot;&lt;this&gt;:BufLock&quot; were held when accessing next = 0 (occurs within a thread-confined constructor)'
	 message-id='(246,&lt;this&gt;:BufLock,next = 0,null)'
	 category='protected field access(es)'
	 proved-consistent='true'
	 consistent='true'
	 result-type='246'/>

<result-drop type='ResultDrop'
	 line='43'
	 file='/BoundedFIFOJSure/src/com/surelogic/jsure/BoundedFIFO.java'
	 offset='1053'
	 hash='88407834'
	 context='-1313831777'
	 message='Assurance conservatively depends on the unique fields accessed in method com.surelogic.jsure.BoundedFIFO.BoundedFIFO(int)'
	 message-id='(306,com.surelogic.jsure.BoundedFIFO.BoundedFIFO(int))'
	 proved-consistent='true'
	 consistent='true'
	 result-type='aggregatedUniqueFields'/>

<promise-drop type='AggregatePromiseDrop'
	 line='28'
	 file='/BoundedFIFOJSure/src/com/surelogic/jsure/BoundedFIFO.java'
	 offset='797'
	 hash='97907'
	 context='-728775891'
	 message='Aggregate Instance into Instance'
	 proved-consistent='true'
	 checked-by-analysis='true'
	 from-src='true'/>

<result-drop type='ResultDrop'
	 line='38'
	 file='/BoundedFIFOJSure/src/com/surelogic/jsure/BlockingFIFO.java'
	 offset='653'
	 hash='1896373380'
	 context='-20388523'
	 message='Lock &quot;&lt;this.fifo&gt;:BufLock&quot; held when invoking this.fifo.get; precondition satisfied'
	 message-id='(207,&lt;this.fifo&gt;:BufLock,this.fifo.get,null)'
	 category='lock precondition(s) satisfied'
	 proved-consistent='true'
	 consistent='true'
	 result-type='207'/>

</sea-summary>

