<root msg="Assurance Results">
  <result msg="Concurrency (5 issues)" baseImage="folder.gif" flags="12" reddots="1">
    <result msg="RegionLock java.lang.Object.MUTEX is this protects WaitQueue  on  Object  at  java.lang.Object" baseImage="annotation.gif" flags="2">
      <result msg="5 lock precondition(s)" baseImage="folder.gif" flags="2">
        <result msg="RequiresLock MUTEX  on  java.lang.Object.notify()  at  java.lang.Object" baseImage="annotation.gif" flags="2" />
        <result msg="RequiresLock MUTEX  on  java.lang.Object.notifyAll()  at  java.lang.Object" baseImage="annotation.gif" flags="2" />
        <result msg="RequiresLock MUTEX  on  java.lang.Object.wait()  at  java.lang.Object" baseImage="annotation.gif" flags="2" />
        <result msg="RequiresLock MUTEX  on  java.lang.Object.wait(long)  at  java.lang.Object" baseImage="annotation.gif" flags="2" />
        <result msg="RequiresLock MUTEX  on  java.lang.Object.wait(long,int)  at  java.lang.Object" baseImage="annotation.gif" flags="2" />
      </result>
      <result msg="java.lang.Object.MUTEX is consistent with the code in java.lang.Object" baseImage="plus.gif" flags="0" />
      <result msg="Region public java.lang.Object.WaitQueue  at  java.lang.Object" baseImage="annotation.gif" flags="0">
        <result msg="Region public java.lang.Object.Instance  at  java.lang.Object" baseImage="annotation.gif" flags="0">
          <result msg="Region public static java.lang.Object.All  at  java.lang.Object" baseImage="annotation.gif" flags="0" />
        </result>
      </result>
    </result>
    <result msg="RegionLock test.A.ALock is this protects A_R2  on  A  at  A.java line 15" source="/DeepAggregationTest/src/test/A.java.html" line="15" baseImage="annotation.gif" flags="12" reddots="1">
      <result msg="1 unprotected field access(es); possible race condition detected" baseImage="folder.gif" flags="4">
        <result msg="test (1 issue)" baseImage="package.gif" flags="4">
          <result msg="test.A (1 issue)" baseImage="class.gif" flags="4">
            <result msg="Lock &quot;&lt;this&gt;:ALock&quot; not held when accessing #.b.c.d.e.f2  at  A.java line 61" source="/DeepAggregationTest/src/test/A.java.html" line="61" baseImage="red_x.gif" flags="0" />
          </result>
        </result>
      </result>
      <result msg="4 unprotected indirect field access(es); possible race condition detected" baseImage="folder.gif" flags="4">
        <result msg="test (4 issues)" baseImage="package.gif" flags="4">
          <result msg="test.A (4 issues)" baseImage="class.gif" flags="4">
            <result msg="Lock &quot;&lt;this&gt;:ALock&quot; not held when invoking #.b.c.d.e.doStuff(v1, v2)  at  A.java line 53" source="/DeepAggregationTest/src/test/A.java.html" line="53" baseImage="red_x.gif" flags="0" />
            <result msg="Lock &quot;&lt;this&gt;:ALock&quot; not held when invoking this.b.c.d.doStuff(v1, v2)  at  A.java line 46" source="/DeepAggregationTest/src/test/A.java.html" line="46" baseImage="red_x.gif" flags="0" />
            <result msg="Lock &quot;&lt;this&gt;:ALock&quot; not held when invoking this.b.c.doStuff(v1, v2)  at  A.java line 38" source="/DeepAggregationTest/src/test/A.java.html" line="38" baseImage="red_x.gif" flags="0" />
            <result msg="Lock &quot;&lt;this&gt;:ALock&quot; not held when invoking this.b.doStuff(v1, v2)  at  A.java line 31" source="/DeepAggregationTest/src/test/A.java.html" line="31" baseImage="red_x.gif" flags="0" />
          </result>
        </result>
      </result>
      <result msg="Constructor &quot;test.A.A()&quot; is single-threaded  at  A.java line 21" source="/DeepAggregationTest/src/test/A.java.html" line="21" baseImage="plus.gif" flags="10" reddots="1">
        <result msg="1 choice(s) of prerequisite assertions:" baseImage="choice.gif" flags="10" reddots="1">
          <result msg="by borrowed receiver:" baseImage="choice_item.gif" flags="10" reddots="1">
            <result msg="Borrowed(this)  on  test.A.A()  at  A.java line 21" source="/DeepAggregationTest/src/test/A.java.html" line="21" baseImage="annotation.gif" flags="26" reddots="1" />
          </result>
        </result>
      </result>
      <result msg="Region protected test.A.A_R2  at  A.java line 13" source="/DeepAggregationTest/src/test/A.java.html" line="13" baseImage="annotation.gif" flags="0">
        <result msg="Region public java.lang.Object.Instance  at  java.lang.Object" baseImage="annotation.gif" flags="0">
          <result msg="Region public static java.lang.Object.All  at  java.lang.Object" baseImage="annotation.gif" flags="0" />
        </result>
      </result>
    </result>
    <result msg="RegionLock test.B.BLock is this protects B_R2  on  B  at  B.java line 15" source="/DeepAggregationTest/src/test/B.java.html" line="15" baseImage="annotation.gif" flags="12" reddots="1">
      <result msg="1 unprotected field access(es); possible race condition detected" baseImage="folder.gif" flags="4">
        <result msg="test (1 issue)" baseImage="package.gif" flags="4">
          <result msg="test.B (1 issue)" baseImage="class.gif" flags="4">
            <result msg="Lock &quot;&lt;this&gt;:BLock&quot; not held when accessing this.c.d.e.f2  at  B.java line 53" source="/DeepAggregationTest/src/test/B.java.html" line="53" baseImage="red_x.gif" flags="0" />
          </result>
        </result>
      </result>
      <result msg="3 unprotected indirect field access(es); possible race condition detected" baseImage="folder.gif" flags="4">
        <result msg="test (3 issues)" baseImage="package.gif" flags="4">
          <result msg="test.B (3 issues)" baseImage="class.gif" flags="4">
            <result msg="Lock &quot;&lt;this&gt;:BLock&quot; not held when invoking this.c.d.doStuff(v1, v2)  at  B.java line 38" source="/DeepAggregationTest/src/test/B.java.html" line="38" baseImage="red_x.gif" flags="0" />
            <result msg="Lock &quot;&lt;this&gt;:BLock&quot; not held when invoking this.c.d.e.doStuff(v1, v2)  at  B.java line 45" source="/DeepAggregationTest/src/test/B.java.html" line="45" baseImage="red_x.gif" flags="0" />
            <result msg="Lock &quot;&lt;this&gt;:BLock&quot; not held when invoking this.c.doStuff(v1, v2)  at  B.java line 31" source="/DeepAggregationTest/src/test/B.java.html" line="31" baseImage="red_x.gif" flags="0" />
          </result>
        </result>
      </result>
      <result msg="Constructor &quot;test.B.B()&quot; is single-threaded  at  B.java line 21" source="/DeepAggregationTest/src/test/B.java.html" line="21" baseImage="plus.gif" flags="10" reddots="1">
        <result msg="1 choice(s) of prerequisite assertions:" baseImage="choice.gif" flags="10" reddots="1">
          <result msg="by borrowed receiver:" baseImage="choice_item.gif" flags="10" reddots="1">
            <result msg="Borrowed(this)  on  test.B.B()  at  B.java line 21" source="/DeepAggregationTest/src/test/B.java.html" line="21" baseImage="annotation.gif" flags="26" reddots="1" />
          </result>
        </result>
      </result>
      <result msg="Region protected test.B.B_R2  at  B.java line 13" source="/DeepAggregationTest/src/test/B.java.html" line="13" baseImage="annotation.gif" flags="0">
        <result msg="Region public java.lang.Object.Instance  at  java.lang.Object" baseImage="annotation.gif" flags="0">
          <result msg="Region public static java.lang.Object.All  at  java.lang.Object" baseImage="annotation.gif" flags="0" />
        </result>
      </result>
    </result>
    <result msg="RegionLock test.C.CLock is this protects C_R2  on  C  at  C.java line 15" source="/DeepAggregationTest/src/test/C.java.html" line="15" baseImage="annotation.gif" flags="12" reddots="1">
      <result msg="1 unprotected field access(es); possible race condition detected" baseImage="folder.gif" flags="4">
        <result msg="test (1 issue)" baseImage="package.gif" flags="4">
          <result msg="test.C (1 issue)" baseImage="class.gif" flags="4">
            <result msg="Lock &quot;&lt;this&gt;:CLock&quot; not held when accessing this.d.e.f2  at  C.java line 46" source="/DeepAggregationTest/src/test/C.java.html" line="46" baseImage="red_x.gif" flags="0" />
          </result>
        </result>
      </result>
      <result msg="2 unprotected indirect field access(es); possible race condition detected" baseImage="folder.gif" flags="4">
        <result msg="test (2 issues)" baseImage="package.gif" flags="4">
          <result msg="test.C (2 issues)" baseImage="class.gif" flags="4">
            <result msg="Lock &quot;&lt;this&gt;:CLock&quot; not held when invoking this.d.doStuff(v1, v2)  at  C.java line 31" source="/DeepAggregationTest/src/test/C.java.html" line="31" baseImage="red_x.gif" flags="0" />
            <result msg="Lock &quot;&lt;this&gt;:CLock&quot; not held when invoking this.d.e.doStuff(v1, v2)  at  C.java line 38" source="/DeepAggregationTest/src/test/C.java.html" line="38" baseImage="red_x.gif" flags="0" />
          </result>
        </result>
      </result>
      <result msg="Constructor &quot;test.C.C()&quot; is single-threaded  at  C.java line 21" source="/DeepAggregationTest/src/test/C.java.html" line="21" baseImage="plus.gif" flags="10" reddots="1">
        <result msg="1 choice(s) of prerequisite assertions:" baseImage="choice.gif" flags="10" reddots="1">
          <result msg="by borrowed receiver:" baseImage="choice_item.gif" flags="10" reddots="1">
            <result msg="Borrowed(this)  on  test.C.C()  at  C.java line 21" source="/DeepAggregationTest/src/test/C.java.html" line="21" baseImage="annotation.gif" flags="26" reddots="1" />
          </result>
        </result>
      </result>
      <result msg="Region protected test.C.C_R2  at  C.java line 13" source="/DeepAggregationTest/src/test/C.java.html" line="13" baseImage="annotation.gif" flags="0">
        <result msg="Region public java.lang.Object.Instance  at  java.lang.Object" baseImage="annotation.gif" flags="0">
          <result msg="Region public static java.lang.Object.All  at  java.lang.Object" baseImage="annotation.gif" flags="0" />
        </result>
      </result>
    </result>
    <result msg="RegionLock test.D.DLock is this protects D_R2  on  D  at  D.java line 15" source="/DeepAggregationTest/src/test/D.java.html" line="15" baseImage="annotation.gif" flags="12" reddots="1">
      <result msg="1 unprotected field access(es); possible race condition detected" baseImage="folder.gif" flags="4">
        <result msg="test (1 issue)" baseImage="package.gif" flags="4">
          <result msg="test.D (1 issue)" baseImage="class.gif" flags="4">
            <result msg="Lock &quot;&lt;this&gt;:DLock&quot; not held when accessing this.e.f2  at  D.java line 39" source="/DeepAggregationTest/src/test/D.java.html" line="39" baseImage="red_x.gif" flags="0" />
          </result>
        </result>
      </result>
      <result msg="1 unprotected indirect field access(es); possible race condition detected" baseImage="folder.gif" flags="4">
        <result msg="test (1 issue)" baseImage="package.gif" flags="4">
          <result msg="test.D (1 issue)" baseImage="class.gif" flags="4">
            <result msg="Lock &quot;&lt;this&gt;:DLock&quot; not held when invoking this.e.doStuff(v1, v2)  at  D.java line 31" source="/DeepAggregationTest/src/test/D.java.html" line="31" baseImage="red_x.gif" flags="0" />
          </result>
        </result>
      </result>
      <result msg="Constructor &quot;test.D.D()&quot; is single-threaded  at  D.java line 21" source="/DeepAggregationTest/src/test/D.java.html" line="21" baseImage="plus.gif" flags="10" reddots="1">
        <result msg="1 choice(s) of prerequisite assertions:" baseImage="choice.gif" flags="10" reddots="1">
          <result msg="by borrowed receiver:" baseImage="choice_item.gif" flags="10" reddots="1">
            <result msg="Borrowed(this)  on  test.D.D()  at  D.java line 21" source="/DeepAggregationTest/src/test/D.java.html" line="21" baseImage="annotation.gif" flags="26" reddots="1" />
          </result>
        </result>
      </result>
      <result msg="Region protected test.D.D_R2  at  D.java line 13" source="/DeepAggregationTest/src/test/D.java.html" line="13" baseImage="annotation.gif" flags="0">
        <result msg="Region public java.lang.Object.Instance  at  java.lang.Object" baseImage="annotation.gif" flags="0">
          <result msg="Region public static java.lang.Object.All  at  java.lang.Object" baseImage="annotation.gif" flags="0" />
        </result>
      </result>
    </result>
  </result>
  <result msg="Effects (20 issues)" baseImage="folder.gif" flags="10" reddots="1">
    <result msg="No effects on test.A.A()  at  A.java line 22" source="/DeepAggregationTest/src/test/A.java.html" line="22" baseImage="annotation.gif" flags="26" reddots="1" />
    <result msg="No effects on test.B.B()  at  B.java line 22" source="/DeepAggregationTest/src/test/B.java.html" line="22" baseImage="annotation.gif" flags="26" reddots="1" />
    <result msg="No effects on test.C.C()  at  C.java line 22" source="/DeepAggregationTest/src/test/C.java.html" line="22" baseImage="annotation.gif" flags="26" reddots="1" />
    <result msg="No effects on test.D.D()  at  D.java line 22" source="/DeepAggregationTest/src/test/D.java.html" line="22" baseImage="annotation.gif" flags="26" reddots="1" />
    <result msg="No effects on test.E.E()  at  E.java line 11" source="/DeepAggregationTest/src/test/E.java.html" line="11" baseImage="annotation.gif" flags="26" reddots="1" />
    <result msg="Writes this:A_R1, this:A_R2  on  test.A.doStuff(int,int)  at  A.java line 28" source="/DeepAggregationTest/src/test/A.java.html" line="28" baseImage="annotation.gif" flags="26" reddots="1" />
    <result msg="Writes this:A_R1, this:A_R2  on  test.A.doStuff2(int,int)  at  A.java line 35" source="/DeepAggregationTest/src/test/A.java.html" line="35" baseImage="annotation.gif" flags="26" reddots="1" />
    <result msg="Writes this:A_R1, this:A_R2  on  test.A.doStuff3(int,int)  at  A.java line 42" source="/DeepAggregationTest/src/test/A.java.html" line="42" baseImage="annotation.gif" flags="26" reddots="1" />
    <result msg="Writes this:A_R1, this:A_R2  on  test.A.doStuff4(int,int)  at  A.java line 50" source="/DeepAggregationTest/src/test/A.java.html" line="50" baseImage="annotation.gif" flags="26" reddots="1" />
    <result msg="Writes this:A_R1, this:A_R2  on  test.A.doStuff5(int,int)  at  A.java line 57" source="/DeepAggregationTest/src/test/A.java.html" line="57" baseImage="annotation.gif" flags="26" reddots="1" />
    <result msg="Writes this:B_R1, this:B_R2  on  test.B.doStuff(int,int)  at  B.java line 28" source="/DeepAggregationTest/src/test/B.java.html" line="28" baseImage="annotation.gif" flags="26" reddots="1" />
    <result msg="Writes this:B_R1, this:B_R2  on  test.B.doStuff2(int,int)  at  B.java line 35" source="/DeepAggregationTest/src/test/B.java.html" line="35" baseImage="annotation.gif" flags="26" reddots="1" />
    <result msg="Writes this:B_R1, this:B_R2  on  test.B.doStuff3(int,int)  at  B.java line 42" source="/DeepAggregationTest/src/test/B.java.html" line="42" baseImage="annotation.gif" flags="26" reddots="1" />
    <result msg="Writes this:B_R1, this:B_R2  on  test.B.doStuff4(int,int)  at  B.java line 49" source="/DeepAggregationTest/src/test/B.java.html" line="49" baseImage="annotation.gif" flags="26" reddots="1" />
    <result msg="Writes this:C_R1, this:C_R2  on  test.C.doStuff(int,int)  at  C.java line 28" source="/DeepAggregationTest/src/test/C.java.html" line="28" baseImage="annotation.gif" flags="26" reddots="1" />
    <result msg="Writes this:C_R1, this:C_R2  on  test.C.doStuff2(int,int)  at  C.java line 35" source="/DeepAggregationTest/src/test/C.java.html" line="35" baseImage="annotation.gif" flags="26" reddots="1" />
    <result msg="Writes this:C_R1, this:C_R2  on  test.C.doStuff3(int,int)  at  C.java line 42" source="/DeepAggregationTest/src/test/C.java.html" line="42" baseImage="annotation.gif" flags="26" reddots="1" />
    <result msg="Writes this:D_R1, this:D_R2  on  test.D.doStuff(int,int)  at  D.java line 28" source="/DeepAggregationTest/src/test/D.java.html" line="28" baseImage="annotation.gif" flags="26" reddots="1" />
    <result msg="Writes this:D_R1, this:D_R2  on  test.D.doStuff2(int,int)  at  D.java line 35" source="/DeepAggregationTest/src/test/D.java.html" line="35" baseImage="annotation.gif" flags="26" reddots="1" />
    <result msg="Writes this:f1, this:f2  on  test.E.doStuff(int,int)  at  E.java line 17" source="/DeepAggregationTest/src/test/E.java.html" line="17" baseImage="annotation.gif" flags="26" reddots="1" />
  </result>
  <result msg="Regions (12 issues)" baseImage="folder.gif" flags="10" reddots="1">
    <result msg="Region protected test.A.A_R1  at  A.java line 12" source="/DeepAggregationTest/src/test/A.java.html" line="12" baseImage="annotation.gif" flags="0">
      <result msg="Region public java.lang.Object.Instance  at  java.lang.Object" baseImage="annotation.gif" flags="0">
        <result msg="Region public static java.lang.Object.All  at  java.lang.Object" baseImage="annotation.gif" flags="0" />
      </result>
    </result>
    <result msg="Region protected test.A.b  at  A.java line 19" source="/DeepAggregationTest/src/test/A.java.html" line="19" baseImage="annotation.gif" flags="0">
      <result msg="Aggregate B_R1 into A_R1, B_R2 into A_R2, Instance into Instance  at  A.java line 18" source="/DeepAggregationTest/src/test/A.java.html" line="18" baseImage="annotation.gif" flags="26" reddots="1">
        <result msg="Unique  on  b  at  A.java line 17" source="/DeepAggregationTest/src/test/A.java.html" line="17" baseImage="annotation.gif" flags="2" />
      </result>
    </result>
    <result msg="Region protected test.B.B_R1  at  B.java line 12" source="/DeepAggregationTest/src/test/B.java.html" line="12" baseImage="annotation.gif" flags="0">
      <result msg="Region public java.lang.Object.Instance  at  java.lang.Object" baseImage="annotation.gif" flags="0">
        <result msg="Region public static java.lang.Object.All  at  java.lang.Object" baseImage="annotation.gif" flags="0" />
      </result>
    </result>
    <result msg="Region protected test.B.c  at  B.java line 19" source="/DeepAggregationTest/src/test/B.java.html" line="19" baseImage="annotation.gif" flags="0">
      <result msg="Aggregate C_R1 into B_R1, C_R2 into B_R2, Instance into Instance  at  B.java line 18" source="/DeepAggregationTest/src/test/B.java.html" line="18" baseImage="annotation.gif" flags="26" reddots="1">
        <result msg="Unique  on  c  at  B.java line 17" source="/DeepAggregationTest/src/test/B.java.html" line="17" baseImage="annotation.gif" flags="2" />
      </result>
    </result>
    <result msg="Region protected test.C.C_R1  at  C.java line 12" source="/DeepAggregationTest/src/test/C.java.html" line="12" baseImage="annotation.gif" flags="0">
      <result msg="Region public java.lang.Object.Instance  at  java.lang.Object" baseImage="annotation.gif" flags="0">
        <result msg="Region public static java.lang.Object.All  at  java.lang.Object" baseImage="annotation.gif" flags="0" />
      </result>
    </result>
    <result msg="Region protected test.C.d  at  C.java line 19" source="/DeepAggregationTest/src/test/C.java.html" line="19" baseImage="annotation.gif" flags="0">
      <result msg="Aggregate D_R1 into C_R1, D_R2 into C_R2, Instance into Instance  at  C.java line 18" source="/DeepAggregationTest/src/test/C.java.html" line="18" baseImage="annotation.gif" flags="26" reddots="1">
        <result msg="Unique  on  d  at  C.java line 17" source="/DeepAggregationTest/src/test/C.java.html" line="17" baseImage="annotation.gif" flags="2" />
      </result>
    </result>
    <result msg="Region protected test.D.D_R1  at  D.java line 12" source="/DeepAggregationTest/src/test/D.java.html" line="12" baseImage="annotation.gif" flags="0">
      <result msg="Region public java.lang.Object.Instance  at  java.lang.Object" baseImage="annotation.gif" flags="0">
        <result msg="Region public static java.lang.Object.All  at  java.lang.Object" baseImage="annotation.gif" flags="0" />
      </result>
    </result>
    <result msg="Region protected test.D.e  at  D.java line 19" source="/DeepAggregationTest/src/test/D.java.html" line="19" baseImage="annotation.gif" flags="0">
      <result msg="Aggregate f1 into D_R1, f2 into D_R2, Instance into Instance  at  D.java line 18" source="/DeepAggregationTest/src/test/D.java.html" line="18" baseImage="annotation.gif" flags="26" reddots="1">
        <result msg="Unique  on  e  at  D.java line 17" source="/DeepAggregationTest/src/test/D.java.html" line="17" baseImage="annotation.gif" flags="2" />
      </result>
    </result>
    <result msg="Region protected test.E.f1  at  E.java line 7" source="/DeepAggregationTest/src/test/E.java.html" line="7" baseImage="annotation.gif" flags="0" />
    <result msg="Region protected test.E.f2  at  E.java line 8" source="/DeepAggregationTest/src/test/E.java.html" line="8" baseImage="annotation.gif" flags="0" />
    <result msg="Region public []  at  java.lang.[]" baseImage="annotation.gif" flags="0" />
    <result msg="Region public length  at  java.lang.[]" baseImage="annotation.gif" flags="0" />
  </result>
  <result msg="Uniqueness (24 issues)" baseImage="folder.gif" flags="10" reddots="1">
    <result msg="Borrowed(this)  on  test.A.A()  at  A.java line 21" source="/DeepAggregationTest/src/test/A.java.html" line="21" baseImage="annotation.gif" flags="26" reddots="1" />
    <result msg="Borrowed(this)  on  test.A.doStuff(int,int)  at  A.java line 27" source="/DeepAggregationTest/src/test/A.java.html" line="27" baseImage="annotation.gif" flags="26" reddots="1" />
    <result msg="Borrowed(this)  on  test.A.doStuff2(int,int)  at  A.java line 34" source="/DeepAggregationTest/src/test/A.java.html" line="34" baseImage="annotation.gif" flags="26" reddots="1" />
    <result msg="Borrowed(this)  on  test.A.doStuff3(int,int)  at  A.java line 41" source="/DeepAggregationTest/src/test/A.java.html" line="41" baseImage="annotation.gif" flags="26" reddots="1" />
    <result msg="Borrowed(this)  on  test.A.doStuff4(int,int)  at  A.java line 49" source="/DeepAggregationTest/src/test/A.java.html" line="49" baseImage="annotation.gif" flags="26" reddots="1" />
    <result msg="Borrowed(this)  on  test.A.doStuff5(int,int)  at  A.java line 56" source="/DeepAggregationTest/src/test/A.java.html" line="56" baseImage="annotation.gif" flags="26" reddots="1" />
    <result msg="Borrowed(this)  on  test.B.B()  at  B.java line 21" source="/DeepAggregationTest/src/test/B.java.html" line="21" baseImage="annotation.gif" flags="26" reddots="1" />
    <result msg="Borrowed(this)  on  test.B.doStuff(int,int)  at  B.java line 27" source="/DeepAggregationTest/src/test/B.java.html" line="27" baseImage="annotation.gif" flags="26" reddots="1" />
    <result msg="Borrowed(this)  on  test.B.doStuff2(int,int)  at  B.java line 34" source="/DeepAggregationTest/src/test/B.java.html" line="34" baseImage="annotation.gif" flags="26" reddots="1" />
    <result msg="Borrowed(this)  on  test.B.doStuff3(int,int)  at  B.java line 41" source="/DeepAggregationTest/src/test/B.java.html" line="41" baseImage="annotation.gif" flags="26" reddots="1" />
    <result msg="Borrowed(this)  on  test.B.doStuff4(int,int)  at  B.java line 48" source="/DeepAggregationTest/src/test/B.java.html" line="48" baseImage="annotation.gif" flags="26" reddots="1" />
    <result msg="Borrowed(this)  on  test.C.C()  at  C.java line 21" source="/DeepAggregationTest/src/test/C.java.html" line="21" baseImage="annotation.gif" flags="26" reddots="1" />
    <result msg="Borrowed(this)  on  test.C.doStuff(int,int)  at  C.java line 27" source="/DeepAggregationTest/src/test/C.java.html" line="27" baseImage="annotation.gif" flags="26" reddots="1" />
    <result msg="Borrowed(this)  on  test.C.doStuff2(int,int)  at  C.java line 34" source="/DeepAggregationTest/src/test/C.java.html" line="34" baseImage="annotation.gif" flags="26" reddots="1" />
    <result msg="Borrowed(this)  on  test.C.doStuff3(int,int)  at  C.java line 41" source="/DeepAggregationTest/src/test/C.java.html" line="41" baseImage="annotation.gif" flags="26" reddots="1" />
    <result msg="Borrowed(this)  on  test.D.D()  at  D.java line 21" source="/DeepAggregationTest/src/test/D.java.html" line="21" baseImage="annotation.gif" flags="26" reddots="1" />
    <result msg="Borrowed(this)  on  test.D.doStuff(int,int)  at  D.java line 27" source="/DeepAggregationTest/src/test/D.java.html" line="27" baseImage="annotation.gif" flags="26" reddots="1" />
    <result msg="Borrowed(this)  on  test.D.doStuff2(int,int)  at  D.java line 34" source="/DeepAggregationTest/src/test/D.java.html" line="34" baseImage="annotation.gif" flags="26" reddots="1" />
    <result msg="Borrowed(this)  on  test.E.E()  at  E.java line 10" source="/DeepAggregationTest/src/test/E.java.html" line="10" baseImage="annotation.gif" flags="26" reddots="1" />
    <result msg="Borrowed(this)  on  test.E.doStuff(int,int)  at  E.java line 16" source="/DeepAggregationTest/src/test/E.java.html" line="16" baseImage="annotation.gif" flags="26" reddots="1" />
    <result msg="Unique  on  b  at  A.java line 17" source="/DeepAggregationTest/src/test/A.java.html" line="17" baseImage="annotation.gif" flags="2" />
    <result msg="Unique  on  c  at  B.java line 17" source="/DeepAggregationTest/src/test/B.java.html" line="17" baseImage="annotation.gif" flags="2" />
    <result msg="Unique  on  d  at  C.java line 17" source="/DeepAggregationTest/src/test/C.java.html" line="17" baseImage="annotation.gif" flags="2" />
    <result msg="Unique  on  e  at  D.java line 17" source="/DeepAggregationTest/src/test/D.java.html" line="17" baseImage="annotation.gif" flags="2" />
  </result>
</root>